[2026-07-30T09:29:30.171+0000] {manager.py:483} INFO - Processing files using up to 2 processes at a time 
[2026-07-30T09:29:30.172+0000] {manager.py:484} INFO - Process each file at most once every 30 seconds
[2026-07-30T09:29:30.172+0000] {manager.py:485} INFO - Checking for new files in /opt/airflow/dags every 300 seconds
[2026-07-30T09:29:30.172+0000] {manager.py:821} INFO - Searching for files in /opt/airflow/dags
[2026-07-30T09:29:30.174+0000] {manager.py:824} INFO - There are 1 files in /opt/airflow/dags
[2026-07-30T09:29:30.228+0000] {manager.py:997} INFO - 
================================================================================
DAG File Processing Stats

File Path                               PID  Runtime      # DAGs    # Errors  Last Runtime    Last Run      Last # of DB Queries
------------------------------------  -----  ---------  --------  ----------  --------------  ----------  ----------------------
/opt/airflow/dags/retail_pipeline.py     25  0.02s             0           0                                                   0
================================================================================
[2026-07-30T09:30:00.556+0000] {manager.py:997} INFO - 
================================================================================
DAG File Processing Stats

File Path                               PID  Runtime      # DAGs    # Errors  Last Runtime    Last Run               Last # of DB Queries
------------------------------------  -----  ---------  --------  ----------  --------------  -------------------  ----------------------
/opt/airflow/dags/retail_pipeline.py     26  0.03s             1           0  0.14s           2026-07-30T09:29:30                      12
================================================================================
[2026-07-30T09:30:30.966+0000] {manager.py:997} INFO - 
================================================================================
DAG File Processing Stats

File Path                               PID  Runtime      # DAGs    # Errors  Last Runtime    Last Run               Last # of DB Queries
------------------------------------  -----  ---------  --------  ----------  --------------  -------------------  ----------------------
/opt/airflow/dags/retail_pipeline.py     27  0.01s             1           0  0.13s           2026-07-30T09:30:00                      12
================================================================================
[2026-07-30T09:31:01.375+0000] {manager.py:997} INFO - 
================================================================================
DAG File Processing Stats

File Path                               PID  Runtime      # DAGs    # Errors  Last Runtime    Last Run               Last # of DB Queries
------------------------------------  -----  ---------  --------  ----------  --------------  -------------------  ----------------------
/opt/airflow/dags/retail_pipeline.py     28  0.03s             1           0  0.11s           2026-07-30T09:30:31                      12
================================================================================
[2026-07-30T09:31:31.771+0000] {manager.py:997} INFO - 
================================================================================
DAG File Processing Stats

File Path                               PID  Runtime      # DAGs    # Errors  Last Runtime    Last Run               Last # of DB Queries
------------------------------------  -----  ---------  --------  ----------  --------------  -------------------  ----------------------
/opt/airflow/dags/retail_pipeline.py     69  0.02s             1           0  0.13s           2026-07-30T09:31:01                      12
================================================================================
[2026-07-30T09:32:02.164+0000] {manager.py:997} INFO - 
================================================================================
DAG File Processing Stats

File Path                               PID  Runtime      # DAGs    # Errors  Last Runtime    Last Run               Last # of DB Queries
------------------------------------  -----  ---------  --------  ----------  --------------  -------------------  ----------------------
/opt/airflow/dags/retail_pipeline.py     70  0.02s             1           0  0.11s           2026-07-30T09:31:31                      12
================================================================================
[2026-07-30T09:32:32.553+0000] {manager.py:997} INFO - 
================================================================================
DAG File Processing Stats

File Path                               PID  Runtime      # DAGs    # Errors  Last Runtime    Last Run               Last # of DB Queries
------------------------------------  -----  ---------  --------  ----------  --------------  -------------------  ----------------------
/opt/airflow/dags/retail_pipeline.py     71  0.01s             1           0  0.16s           2026-07-30T09:32:02                      12
================================================================================
[2026-07-30T09:33:02.878+0000] {manager.py:997} INFO - 
================================================================================
DAG File Processing Stats

File Path                               PID  Runtime      # DAGs    # Errors  Last Runtime    Last Run               Last # of DB Queries
------------------------------------  -----  ---------  --------  ----------  --------------  -------------------  ----------------------
/opt/airflow/dags/retail_pipeline.py     72  0.02s             1           0  0.12s           2026-07-30T09:32:32                      12
================================================================================
[2026-07-30T09:33:33.235+0000] {manager.py:997} INFO - 
================================================================================
DAG File Processing Stats

File Path                               PID  Runtime      # DAGs    # Errors  Last Runtime    Last Run               Last # of DB Queries
------------------------------------  -----  ---------  --------  ----------  --------------  -------------------  ----------------------
/opt/airflow/dags/retail_pipeline.py     73  0.01s             1           0  0.14s           2026-07-30T09:33:02                      12
================================================================================
[2026-07-30T09:34:03.572+0000] {manager.py:997} INFO - 
================================================================================
DAG File Processing Stats

File Path                               PID  Runtime      # DAGs    # Errors  Last Runtime    Last Run               Last # of DB Queries
------------------------------------  -----  ---------  --------  ----------  --------------  -------------------  ----------------------
/opt/airflow/dags/retail_pipeline.py     74  0.02s             1           0  0.11s           2026-07-30T09:33:33                      12
================================================================================
[2026-07-30T09:34:30.849+0000] {manager.py:821} INFO - Searching for files in /opt/airflow/dags
[2026-07-30T09:34:30.868+0000] {manager.py:824} INFO - There are 1 files in /opt/airflow/dags
[2026-07-30T09:34:33.957+0000] {manager.py:997} INFO - 
================================================================================
DAG File Processing Stats

File Path                               PID  Runtime      # DAGs    # Errors  Last Runtime    Last Run               Last # of DB Queries
------------------------------------  -----  ---------  --------  ----------  --------------  -------------------  ----------------------
/opt/airflow/dags/retail_pipeline.py     75  0.01s             1           0  0.11s           2026-07-30T09:34:03                      12
================================================================================
[2026-07-30T09:35:04.336+0000] {manager.py:997} INFO - 
================================================================================
DAG File Processing Stats

File Path                               PID  Runtime      # DAGs    # Errors  Last Runtime    Last Run               Last # of DB Queries
------------------------------------  -----  ---------  --------  ----------  --------------  -------------------  ----------------------
/opt/airflow/dags/retail_pipeline.py     76  0.01s             1           0  0.14s           2026-07-30T09:34:34                      12
================================================================================
[2026-07-30T09:35:34.809+0000] {manager.py:997} INFO - 
================================================================================
DAG File Processing Stats

File Path                               PID  Runtime      # DAGs    # Errors  Last Runtime    Last Run               Last # of DB Queries
------------------------------------  -----  ---------  --------  ----------  --------------  -------------------  ----------------------
/opt/airflow/dags/retail_pipeline.py     77  0.02s             1           0  0.12s           2026-07-30T09:35:04                      12
================================================================================
[2026-07-30T09:36:05.231+0000] {manager.py:997} INFO - 
================================================================================
DAG File Processing Stats

File Path                               PID  Runtime      # DAGs    # Errors  Last Runtime    Last Run               Last # of DB Queries
------------------------------------  -----  ---------  --------  ----------  --------------  -------------------  ----------------------
/opt/airflow/dags/retail_pipeline.py     78  0.03s             1           0  0.14s           2026-07-30T09:35:34                      12
================================================================================
[2026-07-30T09:36:35.662+0000] {manager.py:997} INFO - 
================================================================================
DAG File Processing Stats

File Path                               PID  Runtime      # DAGs    # Errors  Last Runtime    Last Run               Last # of DB Queries
------------------------------------  -----  ---------  --------  ----------  --------------  -------------------  ----------------------
/opt/airflow/dags/retail_pipeline.py     79  0.02s             1           0  0.14s           2026-07-30T09:36:05                      12
================================================================================
[2026-07-30T09:37:06.028+0000] {manager.py:997} INFO - 
================================================================================
DAG File Processing Stats

File Path                               PID  Runtime      # DAGs    # Errors  Last Runtime    Last Run               Last # of DB Queries
------------------------------------  -----  ---------  --------  ----------  --------------  -------------------  ----------------------
/opt/airflow/dags/retail_pipeline.py     80  0.02s             1           0  0.12s           2026-07-30T09:36:35                      12
================================================================================
[2026-07-30T09:37:36.479+0000] {manager.py:997} INFO - 
================================================================================
DAG File Processing Stats

File Path                               PID  Runtime      # DAGs    # Errors  Last Runtime    Last Run               Last # of DB Queries
------------------------------------  -----  ---------  --------  ----------  --------------  -------------------  ----------------------
/opt/airflow/dags/retail_pipeline.py     81  0.03s             1           0  0.14s           2026-07-30T09:37:06                      12
================================================================================
[2026-07-30T09:38:06.850+0000] {manager.py:997} INFO - 
================================================================================
DAG File Processing Stats

File Path                               PID  Runtime      # DAGs    # Errors  Last Runtime    Last Run               Last # of DB Queries
------------------------------------  -----  ---------  --------  ----------  --------------  -------------------  ----------------------
/opt/airflow/dags/retail_pipeline.py     82  0.01s             1           0  0.17s           2026-07-30T09:37:36                      12
================================================================================
[2026-07-30T09:38:37.177+0000] {manager.py:997} INFO - 
================================================================================
DAG File Processing Stats

File Path                               PID  Runtime      # DAGs    # Errors  Last Runtime    Last Run               Last # of DB Queries
------------------------------------  -----  ---------  --------  ----------  --------------  -------------------  ----------------------
/opt/airflow/dags/retail_pipeline.py     83  0.02s             1           0  0.11s           2026-07-30T09:38:06                      12
================================================================================
[2026-07-30T09:39:07.611+0000] {manager.py:997} INFO - 
================================================================================
DAG File Processing Stats

File Path                               PID  Runtime      # DAGs    # Errors  Last Runtime    Last Run               Last # of DB Queries
------------------------------------  -----  ---------  --------  ----------  --------------  -------------------  ----------------------
/opt/airflow/dags/retail_pipeline.py     84  0.02s             1           0  0.13s           2026-07-30T09:38:37                      12
================================================================================
[2026-07-30T09:39:30.953+0000] {manager.py:821} INFO - Searching for files in /opt/airflow/dags
[2026-07-30T09:39:30.961+0000] {manager.py:824} INFO - There are 1 files in /opt/airflow/dags
[2026-07-30T09:39:38.077+0000] {manager.py:997} INFO - 
================================================================================
DAG File Processing Stats

File Path                               PID  Runtime      # DAGs    # Errors  Last Runtime    Last Run               Last # of DB Queries
------------------------------------  -----  ---------  --------  ----------  --------------  -------------------  ----------------------
/opt/airflow/dags/retail_pipeline.py     85  0.02s             1           0  0.14s           2026-07-30T09:39:07                      12
================================================================================
[2026-07-30T09:40:08.506+0000] {manager.py:997} INFO - 
================================================================================
DAG File Processing Stats

File Path                               PID  Runtime      # DAGs    # Errors  Last Runtime    Last Run               Last # of DB Queries
------------------------------------  -----  ---------  --------  ----------  --------------  -------------------  ----------------------
/opt/airflow/dags/retail_pipeline.py     86  0.02s             1           0  0.13s           2026-07-30T09:39:38                      12
================================================================================
[2026-07-30T09:40:38.967+0000] {manager.py:997} INFO - 
================================================================================
DAG File Processing Stats

File Path                               PID  Runtime      # DAGs    # Errors  Last Runtime    Last Run               Last # of DB Queries
------------------------------------  -----  ---------  --------  ----------  --------------  -------------------  ----------------------
/opt/airflow/dags/retail_pipeline.py     87  0.02s             1           0  0.15s           2026-07-30T09:40:08                      12
================================================================================
[2026-07-30T09:40:50.163+0000] {manager.py:465} INFO - Exiting gracefully upon receiving signal 15
[2026-07-30T09:41:46.877+0000] {manager.py:483} INFO - Processing files using up to 2 processes at a time 
[2026-07-30T09:41:46.877+0000] {manager.py:484} INFO - Process each file at most once every 30 seconds
[2026-07-30T09:41:46.878+0000] {manager.py:485} INFO - Checking for new files in /opt/airflow/dags every 300 seconds
[2026-07-30T09:41:46.878+0000] {manager.py:821} INFO - Searching for files in /opt/airflow/dags
[2026-07-30T09:41:46.882+0000] {manager.py:824} INFO - There are 1 files in /opt/airflow/dags
[2026-07-30T09:41:47.104+0000] {manager.py:997} INFO - 
================================================================================
DAG File Processing Stats

File Path                               PID  Runtime      # DAGs    # Errors  Last Runtime    Last Run      Last # of DB Queries
------------------------------------  -----  ---------  --------  ----------  --------------  ----------  ----------------------
/opt/airflow/dags/retail_pipeline.py     25  0.08s             0           0                                                   0
================================================================================
[2026-07-30T09:42:17.452+0000] {manager.py:997} INFO - 
================================================================================
DAG File Processing Stats

File Path                               PID  Runtime      # DAGs    # Errors  Last Runtime    Last Run               Last # of DB Queries
------------------------------------  -----  ---------  --------  ----------  --------------  -------------------  ----------------------
/opt/airflow/dags/retail_pipeline.py     26  0.03s             1           0  0.28s           2026-07-30T09:41:47                      12
================================================================================
[2026-07-30T09:42:47.919+0000] {manager.py:997} INFO - 
================================================================================
DAG File Processing Stats

File Path                               PID  Runtime      # DAGs    # Errors  Last Runtime    Last Run               Last # of DB Queries
------------------------------------  -----  ---------  --------  ----------  --------------  -------------------  ----------------------
/opt/airflow/dags/retail_pipeline.py     27  0.01s             1           0  0.15s           2026-07-30T09:42:17                      12
================================================================================
[2026-07-30T09:43:18.328+0000] {manager.py:997} INFO - 
================================================================================
DAG File Processing Stats

File Path                               PID  Runtime      # DAGs    # Errors  Last Runtime    Last Run               Last # of DB Queries
------------------------------------  -----  ---------  --------  ----------  --------------  -------------------  ----------------------
/opt/airflow/dags/retail_pipeline.py     28  0.02s             1           0  0.11s           2026-07-30T09:42:48                      12
================================================================================
[2026-07-30T09:43:48.781+0000] {manager.py:997} INFO - 
================================================================================
DAG File Processing Stats

File Path                               PID  Runtime      # DAGs    # Errors  Last Runtime    Last Run               Last # of DB Queries
------------------------------------  -----  ---------  --------  ----------  --------------  -------------------  ----------------------
/opt/airflow/dags/retail_pipeline.py     29  0.03s             1           0  0.12s           2026-07-30T09:43:18                      12
================================================================================
[2026-07-30T09:44:19.183+0000] {manager.py:997} INFO - 
================================================================================
DAG File Processing Stats

File Path                               PID  Runtime      # DAGs    # Errors  Last Runtime    Last Run               Last # of DB Queries
------------------------------------  -----  ---------  --------  ----------  --------------  -------------------  ----------------------
/opt/airflow/dags/retail_pipeline.py     30  0.03s             1           0  0.16s           2026-07-30T09:43:48                      12
================================================================================
[2026-07-30T09:44:49.573+0000] {manager.py:997} INFO - 
================================================================================
DAG File Processing Stats

File Path                               PID  Runtime      # DAGs    # Errors  Last Runtime    Last Run               Last # of DB Queries
------------------------------------  -----  ---------  --------  ----------  --------------  -------------------  ----------------------
/opt/airflow/dags/retail_pipeline.py     31  0.04s             1           0  0.15s           2026-07-30T09:44:19                      12
================================================================================
[2026-07-30T09:45:19.961+0000] {manager.py:997} INFO - 
================================================================================
DAG File Processing Stats

File Path                               PID  Runtime      # DAGs    # Errors  Last Runtime    Last Run               Last # of DB Queries
------------------------------------  -----  ---------  --------  ----------  --------------  -------------------  ----------------------
/opt/airflow/dags/retail_pipeline.py     32  0.03s             1           0  0.16s           2026-07-30T09:44:49                      12
================================================================================
[2026-07-30T09:45:50.350+0000] {manager.py:997} INFO - 
================================================================================
DAG File Processing Stats

File Path                               PID  Runtime      # DAGs    # Errors  Last Runtime    Last Run               Last # of DB Queries
------------------------------------  -----  ---------  --------  ----------  --------------  -------------------  ----------------------
/opt/airflow/dags/retail_pipeline.py     33  0.03s             1           0  0.16s           2026-07-30T09:45:20                      12
================================================================================
[2026-07-30T09:46:20.803+0000] {manager.py:997} INFO - 
================================================================================
DAG File Processing Stats

File Path                               PID  Runtime      # DAGs    # Errors  Last Runtime    Last Run               Last # of DB Queries
------------------------------------  -----  ---------  --------  ----------  --------------  -------------------  ----------------------
/opt/airflow/dags/retail_pipeline.py     34  0.01s             1           0  0.13s           2026-07-30T09:45:50                      12
================================================================================
[2026-07-30T09:46:47.091+0000] {manager.py:821} INFO - Searching for files in /opt/airflow/dags
[2026-07-30T09:46:47.102+0000] {manager.py:824} INFO - There are 1 files in /opt/airflow/dags
[2026-07-30T09:46:51.159+0000] {manager.py:997} INFO - 
================================================================================
DAG File Processing Stats

File Path                               PID  Runtime      # DAGs    # Errors  Last Runtime    Last Run               Last # of DB Queries
------------------------------------  -----  ---------  --------  ----------  --------------  -------------------  ----------------------
/opt/airflow/dags/retail_pipeline.py     35  0.01s             1           0  0.17s           2026-07-30T09:46:20                      12
================================================================================
[2026-07-30T09:47:21.630+0000] {manager.py:997} INFO - 
================================================================================
DAG File Processing Stats

File Path                               PID  Runtime      # DAGs    # Errors  Last Runtime    Last Run               Last # of DB Queries
------------------------------------  -----  ---------  --------  ----------  --------------  -------------------  ----------------------
/opt/airflow/dags/retail_pipeline.py     36  0.02s             1           0  0.11s           2026-07-30T09:46:51                      12
================================================================================
[2026-07-30T09:47:51.980+0000] {manager.py:997} INFO - 
================================================================================
DAG File Processing Stats

File Path                               PID  Runtime      # DAGs    # Errors  Last Runtime    Last Run               Last # of DB Queries
------------------------------------  -----  ---------  --------  ----------  --------------  -------------------  ----------------------
/opt/airflow/dags/retail_pipeline.py     37  0.01s             1           0  0.15s           2026-07-30T09:47:21                      12
================================================================================
[2026-07-30T09:48:22.354+0000] {manager.py:997} INFO - 
================================================================================
DAG File Processing Stats

File Path                               PID  Runtime      # DAGs    # Errors  Last Runtime    Last Run               Last # of DB Queries
------------------------------------  -----  ---------  --------  ----------  --------------  -------------------  ----------------------
/opt/airflow/dags/retail_pipeline.py     38  0.01s             1           0  0.17s           2026-07-30T09:47:52                      12
================================================================================
[2026-07-30T09:48:52.835+0000] {manager.py:997} INFO - 
================================================================================
DAG File Processing Stats

File Path                               PID  Runtime      # DAGs    # Errors  Last Runtime    Last Run               Last # of DB Queries
------------------------------------  -----  ---------  --------  ----------  --------------  -------------------  ----------------------
/opt/airflow/dags/retail_pipeline.py     39  0.02s             1           0  0.14s           2026-07-30T09:48:22                      12
================================================================================
[2026-07-30T09:49:23.250+0000] {manager.py:997} INFO - 
================================================================================
DAG File Processing Stats

File Path                               PID  Runtime      # DAGs    # Errors  Last Runtime    Last Run               Last # of DB Queries
------------------------------------  -----  ---------  --------  ----------  --------------  -------------------  ----------------------
/opt/airflow/dags/retail_pipeline.py     40  0.03s             1           0  0.11s           2026-07-30T09:48:52                      12
================================================================================
[2026-07-30T09:49:53.700+0000] {manager.py:997} INFO - 
================================================================================
DAG File Processing Stats

File Path                               PID  Runtime      # DAGs    # Errors  Last Runtime    Last Run               Last # of DB Queries
------------------------------------  -----  ---------  --------  ----------  --------------  -------------------  ----------------------
/opt/airflow/dags/retail_pipeline.py     41  0.01s             1           0  0.14s           2026-07-30T09:49:23                      12
================================================================================
[2026-07-30T09:50:24.081+0000] {manager.py:997} INFO - 
================================================================================
DAG File Processing Stats

File Path                               PID  Runtime      # DAGs    # Errors  Last Runtime    Last Run               Last # of DB Queries
------------------------------------  -----  ---------  --------  ----------  --------------  -------------------  ----------------------
/opt/airflow/dags/retail_pipeline.py     42  0.01s             1           0  0.10s           2026-07-30T09:49:53                      12
================================================================================
[2026-07-30T09:50:54.490+0000] {manager.py:997} INFO - 
================================================================================
DAG File Processing Stats

File Path                               PID  Runtime      # DAGs    # Errors  Last Runtime    Last Run               Last # of DB Queries
------------------------------------  -----  ---------  --------  ----------  --------------  -------------------  ----------------------
/opt/airflow/dags/retail_pipeline.py     43  0.01s             1           0  0.12s           2026-07-30T09:50:24                      12
================================================================================
[2026-07-30T09:51:24.808+0000] {manager.py:997} INFO - 
================================================================================
DAG File Processing Stats

File Path                               PID  Runtime      # DAGs    # Errors  Last Runtime    Last Run               Last # of DB Queries
------------------------------------  -----  ---------  --------  ----------  --------------  -------------------  ----------------------
/opt/airflow/dags/retail_pipeline.py     44  0.01s             1           0  0.12s           2026-07-30T09:50:54                      12
================================================================================
[2026-07-30T09:51:48.072+0000] {manager.py:821} INFO - Searching for files in /opt/airflow/dags
[2026-07-30T09:51:48.077+0000] {manager.py:824} INFO - There are 1 files in /opt/airflow/dags
[2026-07-30T09:51:55.180+0000] {manager.py:997} INFO - 
================================================================================
DAG File Processing Stats

File Path                               PID  Runtime      # DAGs    # Errors  Last Runtime    Last Run               Last # of DB Queries
------------------------------------  -----  ---------  --------  ----------  --------------  -------------------  ----------------------
/opt/airflow/dags/retail_pipeline.py     45  0.02s             1           0  0.10s           2026-07-30T09:51:24                      12
================================================================================
[2026-07-30T09:52:25.601+0000] {manager.py:997} INFO - 
================================================================================
DAG File Processing Stats

File Path                               PID  Runtime      # DAGs    # Errors  Last Runtime    Last Run               Last # of DB Queries
------------------------------------  -----  ---------  --------  ----------  --------------  -------------------  ----------------------
/opt/airflow/dags/retail_pipeline.py     46  0.02s             1           0  0.12s           2026-07-30T09:51:55                      12
================================================================================
[2026-07-30T09:52:55.996+0000] {manager.py:997} INFO - 
================================================================================
DAG File Processing Stats

File Path                               PID  Runtime      # DAGs    # Errors  Last Runtime    Last Run               Last # of DB Queries
------------------------------------  -----  ---------  --------  ----------  --------------  -------------------  ----------------------
/opt/airflow/dags/retail_pipeline.py     47  0.02s             1           0  0.13s           2026-07-30T09:52:25                      12
================================================================================
[2026-07-30T09:53:26.399+0000] {manager.py:997} INFO - 
================================================================================
DAG File Processing Stats

File Path                               PID  Runtime      # DAGs    # Errors  Last Runtime    Last Run               Last # of DB Queries
------------------------------------  -----  ---------  --------  ----------  --------------  -------------------  ----------------------
/opt/airflow/dags/retail_pipeline.py     48  0.02s             1           0  0.13s           2026-07-30T09:52:56                      12
================================================================================
[2026-07-30T09:53:56.787+0000] {manager.py:997} INFO - 
================================================================================
DAG File Processing Stats

File Path                               PID  Runtime      # DAGs    # Errors  Last Runtime    Last Run               Last # of DB Queries
------------------------------------  -----  ---------  --------  ----------  --------------  -------------------  ----------------------
/opt/airflow/dags/retail_pipeline.py     49  0.02s             1           0  0.21s           2026-07-30T09:53:26                      12
================================================================================
[2026-07-30T09:54:27.266+0000] {manager.py:997} INFO - 
================================================================================
DAG File Processing Stats

File Path                               PID  Runtime      # DAGs    # Errors  Last Runtime    Last Run               Last # of DB Queries
------------------------------------  -----  ---------  --------  ----------  --------------  -------------------  ----------------------
/opt/airflow/dags/retail_pipeline.py     50  0.02s             1           0  0.10s           2026-07-30T09:53:56                      12
================================================================================
[2026-07-30T09:54:57.650+0000] {manager.py:997} INFO - 
================================================================================
DAG File Processing Stats

File Path                               PID  Runtime      # DAGs    # Errors  Last Runtime    Last Run               Last # of DB Queries
------------------------------------  -----  ---------  --------  ----------  --------------  -------------------  ----------------------
/opt/airflow/dags/retail_pipeline.py     51  0.03s             1           0  0.12s           2026-07-30T09:54:27                      12
================================================================================
[2026-07-30T09:55:28.101+0000] {manager.py:997} INFO - 
================================================================================
DAG File Processing Stats

File Path                               PID  Runtime      # DAGs    # Errors  Last Runtime    Last Run               Last # of DB Queries
------------------------------------  -----  ---------  --------  ----------  --------------  -------------------  ----------------------
/opt/airflow/dags/retail_pipeline.py     52  0.02s             1           0  0.12s           2026-07-30T09:54:57                      12
================================================================================
[2026-07-30T09:55:58.550+0000] {manager.py:997} INFO - 
================================================================================
DAG File Processing Stats

File Path                               PID  Runtime      # DAGs    # Errors  Last Runtime    Last Run               Last # of DB Queries
------------------------------------  -----  ---------  --------  ----------  --------------  -------------------  ----------------------
/opt/airflow/dags/retail_pipeline.py     53  0.02s             1           0  0.12s           2026-07-30T09:55:28                      12
================================================================================
[2026-07-30T09:56:29.022+0000] {manager.py:997} INFO - 
================================================================================
DAG File Processing Stats

File Path                               PID  Runtime      # DAGs    # Errors  Last Runtime    Last Run               Last # of DB Queries
------------------------------------  -----  ---------  --------  ----------  --------------  -------------------  ----------------------
/opt/airflow/dags/retail_pipeline.py     54  0.02s             1           0  0.11s           2026-07-30T09:55:58                      12
================================================================================
[2026-07-30T09:56:48.247+0000] {manager.py:821} INFO - Searching for files in /opt/airflow/dags
[2026-07-30T09:56:48.258+0000] {manager.py:824} INFO - There are 1 files in /opt/airflow/dags
[2026-07-30T09:56:59.427+0000] {manager.py:997} INFO - 
================================================================================
DAG File Processing Stats

File Path                               PID  Runtime      # DAGs    # Errors  Last Runtime    Last Run               Last # of DB Queries
------------------------------------  -----  ---------  --------  ----------  --------------  -------------------  ----------------------
/opt/airflow/dags/retail_pipeline.py     55  0.01s             1           0  0.12s           2026-07-30T09:56:29                      12
================================================================================
[2026-07-30T09:57:29.861+0000] {manager.py:997} INFO - 
================================================================================
DAG File Processing Stats

File Path                               PID  Runtime      # DAGs    # Errors  Last Runtime    Last Run               Last # of DB Queries
------------------------------------  -----  ---------  --------  ----------  --------------  -------------------  ----------------------
/opt/airflow/dags/retail_pipeline.py     56  0.02s             1           0  0.12s           2026-07-30T09:56:59                      12
================================================================================
[2026-07-30T09:58:00.229+0000] {manager.py:997} INFO - 
================================================================================
DAG File Processing Stats

File Path                               PID  Runtime      # DAGs    # Errors  Last Runtime    Last Run               Last # of DB Queries
------------------------------------  -----  ---------  --------  ----------  --------------  -------------------  ----------------------
/opt/airflow/dags/retail_pipeline.py     57  0.01s             1           0  0.11s           2026-07-30T09:57:29                      12
================================================================================
[2026-07-30T09:58:30.684+0000] {manager.py:997} INFO - 
================================================================================
DAG File Processing Stats

File Path                               PID  Runtime      # DAGs    # Errors  Last Runtime    Last Run               Last # of DB Queries
------------------------------------  -----  ---------  --------  ----------  --------------  -------------------  ----------------------
/opt/airflow/dags/retail_pipeline.py     58  0.03s             1           0  0.07s           2026-07-30T09:58:00                      12
================================================================================
[2026-07-30T09:59:01.065+0000] {manager.py:997} INFO - 
================================================================================
DAG File Processing Stats

File Path                               PID  Runtime      # DAGs    # Errors  Last Runtime    Last Run               Last # of DB Queries
------------------------------------  -----  ---------  --------  ----------  --------------  -------------------  ----------------------
/opt/airflow/dags/retail_pipeline.py     59  0.01s             1           0  0.14s           2026-07-30T09:58:30                      12
================================================================================
[2026-07-30T09:59:31.481+0000] {manager.py:997} INFO - 
================================================================================
DAG File Processing Stats

File Path                               PID  Runtime      # DAGs    # Errors  Last Runtime    Last Run               Last # of DB Queries
------------------------------------  -----  ---------  --------  ----------  --------------  -------------------  ----------------------
/opt/airflow/dags/retail_pipeline.py     60  0.03s             1           0  0.12s           2026-07-30T09:59:01                      12
================================================================================
[2026-07-30T10:00:01.850+0000] {manager.py:997} INFO - 
================================================================================
DAG File Processing Stats

File Path                               PID  Runtime      # DAGs    # Errors  Last Runtime    Last Run               Last # of DB Queries
------------------------------------  -----  ---------  --------  ----------  --------------  -------------------  ----------------------
/opt/airflow/dags/retail_pipeline.py     61  0.02s             1           0  0.12s           2026-07-30T09:59:31                      12
================================================================================
[2026-07-30T10:00:32.220+0000] {manager.py:997} INFO - 
================================================================================
DAG File Processing Stats

File Path                               PID  Runtime      # DAGs    # Errors  Last Runtime    Last Run               Last # of DB Queries
------------------------------------  -----  ---------  --------  ----------  --------------  -------------------  ----------------------
/opt/airflow/dags/retail_pipeline.py     62  0.02s             1           0  0.12s           2026-07-30T10:00:01                      12
================================================================================
[2026-07-30T10:01:02.679+0000] {manager.py:997} INFO - 
================================================================================
DAG File Processing Stats

File Path                               PID  Runtime      # DAGs    # Errors  Last Runtime    Last Run               Last # of DB Queries
------------------------------------  -----  ---------  --------  ----------  --------------  -------------------  ----------------------
/opt/airflow/dags/retail_pipeline.py     63  0.03s             1           0  0.12s           2026-07-30T10:00:32                      12
================================================================================
[2026-07-30T10:01:33.114+0000] {manager.py:997} INFO - 
================================================================================
DAG File Processing Stats

File Path                               PID  Runtime      # DAGs    # Errors  Last Runtime    Last Run               Last # of DB Queries
------------------------------------  -----  ---------  --------  ----------  --------------  -------------------  ----------------------
/opt/airflow/dags/retail_pipeline.py     64  0.02s             1           0  0.13s           2026-07-30T10:01:02                      12
================================================================================
[2026-07-30T10:01:48.273+0000] {manager.py:821} INFO - Searching for files in /opt/airflow/dags
[2026-07-30T10:01:48.298+0000] {manager.py:824} INFO - There are 1 files in /opt/airflow/dags
[2026-07-30T10:02:03.547+0000] {manager.py:997} INFO - 
================================================================================
DAG File Processing Stats

File Path                               PID  Runtime      # DAGs    # Errors  Last Runtime    Last Run               Last # of DB Queries
------------------------------------  -----  ---------  --------  ----------  --------------  -------------------  ----------------------
/opt/airflow/dags/retail_pipeline.py     65  0.03s             1           0  0.12s           2026-07-30T10:01:33                      12
================================================================================
[2026-07-30T10:02:33.922+0000] {manager.py:997} INFO - 
================================================================================
DAG File Processing Stats

File Path                               PID  Runtime      # DAGs    # Errors  Last Runtime    Last Run               Last # of DB Queries
------------------------------------  -----  ---------  --------  ----------  --------------  -------------------  ----------------------
/opt/airflow/dags/retail_pipeline.py     66  0.01s             1           0  0.14s           2026-07-30T10:02:03                      12
================================================================================
[2026-07-30T10:03:04.293+0000] {manager.py:997} INFO - 
================================================================================
DAG File Processing Stats

File Path                               PID  Runtime      # DAGs    # Errors  Last Runtime    Last Run               Last # of DB Queries
------------------------------------  -----  ---------  --------  ----------  --------------  -------------------  ----------------------
/opt/airflow/dags/retail_pipeline.py     67  0.02s             1           0  0.12s           2026-07-30T10:02:34                      12
================================================================================
[2026-07-30T10:03:34.711+0000] {manager.py:997} INFO - 
================================================================================
DAG File Processing Stats

File Path                               PID  Runtime      # DAGs    # Errors  Last Runtime    Last Run               Last # of DB Queries
------------------------------------  -----  ---------  --------  ----------  --------------  -------------------  ----------------------
/opt/airflow/dags/retail_pipeline.py     68  0.02s             1           0  0.13s           2026-07-30T10:03:04                      12
================================================================================
[2026-07-30T10:04:05.156+0000] {manager.py:997} INFO - 
================================================================================
DAG File Processing Stats

File Path                               PID  Runtime      # DAGs    # Errors  Last Runtime    Last Run               Last # of DB Queries
------------------------------------  -----  ---------  --------  ----------  --------------  -------------------  ----------------------
/opt/airflow/dags/retail_pipeline.py     69  0.02s             1           0  0.12s           2026-07-30T10:03:34                      12
================================================================================
[2026-07-30T10:04:35.511+0000] {manager.py:997} INFO - 
================================================================================
DAG File Processing Stats

File Path                               PID  Runtime      # DAGs    # Errors  Last Runtime    Last Run               Last # of DB Queries
------------------------------------  -----  ---------  --------  ----------  --------------  -------------------  ----------------------
/opt/airflow/dags/retail_pipeline.py     70  0.02s             1           0  0.12s           2026-07-30T10:04:05                      12
================================================================================
[2026-07-30T10:05:05.953+0000] {manager.py:997} INFO - 
================================================================================
DAG File Processing Stats

File Path                               PID  Runtime      # DAGs    # Errors  Last Runtime    Last Run               Last # of DB Queries
------------------------------------  -----  ---------  --------  ----------  --------------  -------------------  ----------------------
/opt/airflow/dags/retail_pipeline.py     71  0.02s             1           0  0.12s           2026-07-30T10:04:35                      12
================================================================================
[2026-07-30T10:05:36.349+0000] {manager.py:997} INFO - 
================================================================================
DAG File Processing Stats

File Path                               PID  Runtime      # DAGs    # Errors  Last Runtime    Last Run               Last # of DB Queries
------------------------------------  -----  ---------  --------  ----------  --------------  -------------------  ----------------------
/opt/airflow/dags/retail_pipeline.py     72  0.02s             1           0  0.12s           2026-07-30T10:05:06                      12
================================================================================
[2026-07-30T10:06:06.788+0000] {manager.py:997} INFO - 
================================================================================
DAG File Processing Stats

File Path                               PID  Runtime      # DAGs    # Errors  Last Runtime    Last Run               Last # of DB Queries
------------------------------------  -----  ---------  --------  ----------  --------------  -------------------  ----------------------
/opt/airflow/dags/retail_pipeline.py     73  0.04s             1           0  0.12s           2026-07-30T10:05:36                      12
================================================================================
[2026-07-30T10:06:37.260+0000] {manager.py:997} INFO - 
================================================================================
DAG File Processing Stats

File Path                               PID  Runtime      # DAGs    # Errors  Last Runtime    Last Run               Last # of DB Queries
------------------------------------  -----  ---------  --------  ----------  --------------  -------------------  ----------------------
/opt/airflow/dags/retail_pipeline.py     74  0.03s             1           0  0.15s           2026-07-30T10:06:06                      12
================================================================================
[2026-07-30T10:06:48.420+0000] {manager.py:821} INFO - Searching for files in /opt/airflow/dags
[2026-07-30T10:06:48.429+0000] {manager.py:824} INFO - There are 1 files in /opt/airflow/dags
[2026-07-30T10:07:07.765+0000] {manager.py:997} INFO - 
================================================================================
DAG File Processing Stats

File Path                               PID  Runtime      # DAGs    # Errors  Last Runtime    Last Run               Last # of DB Queries
------------------------------------  -----  ---------  --------  ----------  --------------  -------------------  ----------------------
/opt/airflow/dags/retail_pipeline.py     75  0.03s             1           0  0.13s           2026-07-30T10:06:37                      12
================================================================================
[2026-07-30T10:07:38.114+0000] {manager.py:997} INFO - 
================================================================================
DAG File Processing Stats

File Path                               PID  Runtime      # DAGs    # Errors  Last Runtime    Last Run               Last # of DB Queries
------------------------------------  -----  ---------  --------  ----------  --------------  -------------------  ----------------------
/opt/airflow/dags/retail_pipeline.py     76  0.01s             1           0  0.14s           2026-07-30T10:07:07                      12
================================================================================
[2026-07-30T10:08:08.553+0000] {manager.py:997} INFO - 
================================================================================
DAG File Processing Stats

File Path                               PID  Runtime      # DAGs    # Errors  Last Runtime    Last Run               Last # of DB Queries
------------------------------------  -----  ---------  --------  ----------  --------------  -------------------  ----------------------
/opt/airflow/dags/retail_pipeline.py     77  0.02s             1           0  0.10s           2026-07-30T10:07:38                      12
================================================================================
[2026-07-30T10:08:38.903+0000] {manager.py:997} INFO - 
================================================================================
DAG File Processing Stats

File Path                               PID  Runtime      # DAGs    # Errors  Last Runtime    Last Run               Last # of DB Queries
------------------------------------  -----  ---------  --------  ----------  --------------  -------------------  ----------------------
/opt/airflow/dags/retail_pipeline.py     78  0.02s             1           0  0.13s           2026-07-30T10:08:08                      12
================================================================================
[2026-07-30T10:09:09.276+0000] {manager.py:997} INFO - 
================================================================================
DAG File Processing Stats

File Path                               PID  Runtime      # DAGs    # Errors  Last Runtime    Last Run               Last # of DB Queries
------------------------------------  -----  ---------  --------  ----------  --------------  -------------------  ----------------------
/opt/airflow/dags/retail_pipeline.py     79  0.02s             1           0  0.14s           2026-07-30T10:08:39                      12
================================================================================
[2026-07-30T10:09:39.658+0000] {manager.py:997} INFO - 
================================================================================
DAG File Processing Stats

File Path                               PID  Runtime      # DAGs    # Errors  Last Runtime    Last Run               Last # of DB Queries
------------------------------------  -----  ---------  --------  ----------  --------------  -------------------  ----------------------
/opt/airflow/dags/retail_pipeline.py     80  0.02s             1           0  0.12s           2026-07-30T10:09:09                      12
================================================================================
[2026-07-30T10:10:10.095+0000] {manager.py:997} INFO - 
================================================================================
DAG File Processing Stats

File Path                               PID  Runtime      # DAGs    # Errors  Last Runtime    Last Run               Last # of DB Queries
------------------------------------  -----  ---------  --------  ----------  --------------  -------------------  ----------------------
/opt/airflow/dags/retail_pipeline.py     81  0.02s             1           0  0.13s           2026-07-30T10:09:39                      12
================================================================================
[2026-07-30T10:10:40.447+0000] {manager.py:997} INFO - 
================================================================================
DAG File Processing Stats

File Path                               PID  Runtime      # DAGs    # Errors  Last Runtime    Last Run               Last # of DB Queries
------------------------------------  -----  ---------  --------  ----------  --------------  -------------------  ----------------------
/opt/airflow/dags/retail_pipeline.py     82  0.02s             1           0  0.15s           2026-07-30T10:10:10                      12
================================================================================
[2026-07-30T10:11:11.010+0000] {manager.py:997} INFO - 
================================================================================
DAG File Processing Stats

File Path                               PID  Runtime      # DAGs    # Errors  Last Runtime    Last Run               Last # of DB Queries
------------------------------------  -----  ---------  --------  ----------  --------------  -------------------  ----------------------
/opt/airflow/dags/retail_pipeline.py     83  0.03s             1           0  0.14s           2026-07-30T10:10:40                      12
================================================================================
[2026-07-30T10:11:21.704+0000] {manager.py:465} INFO - Exiting gracefully upon receiving signal 15
[2026-07-30T10:12:23.398+0000] {manager.py:483} INFO - Processing files using up to 2 processes at a time 
[2026-07-30T10:12:23.399+0000] {manager.py:484} INFO - Process each file at most once every 30 seconds
[2026-07-30T10:12:23.399+0000] {manager.py:485} INFO - Checking for new files in /opt/airflow/dags every 300 seconds
[2026-07-30T10:12:23.399+0000] {manager.py:821} INFO - Searching for files in /opt/airflow/dags
[2026-07-30T10:12:23.403+0000] {manager.py:824} INFO - There are 1 files in /opt/airflow/dags
[2026-07-30T10:12:23.453+0000] {manager.py:997} INFO - 
================================================================================
DAG File Processing Stats

File Path                               PID  Runtime      # DAGs    # Errors  Last Runtime    Last Run      Last # of DB Queries
------------------------------------  -----  ---------  --------  ----------  --------------  ----------  ----------------------
/opt/airflow/dags/retail_pipeline.py     25  0.02s             0           0                                                   0
================================================================================
[2026-07-30T10:12:53.836+0000] {manager.py:997} INFO - 
================================================================================
DAG File Processing Stats

File Path                               PID  Runtime      # DAGs    # Errors  Last Runtime    Last Run               Last # of DB Queries
------------------------------------  -----  ---------  --------  ----------  --------------  -------------------  ----------------------
/opt/airflow/dags/retail_pipeline.py     26  0.04s             1           0  0.10s           2026-07-30T10:12:23                      12
================================================================================
[2026-07-30T10:13:24.201+0000] {manager.py:997} INFO - 
================================================================================
DAG File Processing Stats

File Path                               PID  Runtime      # DAGs    # Errors  Last Runtime    Last Run               Last # of DB Queries
------------------------------------  -----  ---------  --------  ----------  --------------  -------------------  ----------------------
/opt/airflow/dags/retail_pipeline.py     27  0.02s             1           0  0.14s           2026-07-30T10:12:53                      12
================================================================================
[2026-07-30T10:13:54.734+0000] {manager.py:997} INFO - 
================================================================================
DAG File Processing Stats

File Path                               PID  Runtime      # DAGs    # Errors  Last Runtime    Last Run               Last # of DB Queries
------------------------------------  -----  ---------  --------  ----------  --------------  -------------------  ----------------------
/opt/airflow/dags/retail_pipeline.py     28  0.03s             1           0  0.12s           2026-07-30T10:13:24                      12
================================================================================
[2026-07-30T10:14:25.212+0000] {manager.py:997} INFO - 
================================================================================
DAG File Processing Stats

File Path                               PID  Runtime      # DAGs    # Errors  Last Runtime    Last Run               Last # of DB Queries
------------------------------------  -----  ---------  --------  ----------  --------------  -------------------  ----------------------
/opt/airflow/dags/retail_pipeline.py     29  0.03s             1           0  0.13s           2026-07-30T10:13:54                      12
================================================================================
[2026-07-30T10:14:55.618+0000] {manager.py:997} INFO - 
================================================================================
DAG File Processing Stats

File Path                               PID  Runtime      # DAGs    # Errors  Last Runtime    Last Run               Last # of DB Queries
------------------------------------  -----  ---------  --------  ----------  --------------  -------------------  ----------------------
/opt/airflow/dags/retail_pipeline.py     30  0.05s             1           0  0.14s           2026-07-30T10:14:25                      12
================================================================================
[2026-07-30T10:15:25.980+0000] {manager.py:997} INFO - 
================================================================================
DAG File Processing Stats

File Path                               PID  Runtime      # DAGs    # Errors  Last Runtime    Last Run               Last # of DB Queries
------------------------------------  -----  ---------  --------  ----------  --------------  -------------------  ----------------------
/opt/airflow/dags/retail_pipeline.py     31  0.02s             1           0  0.16s           2026-07-30T10:14:55                      12
================================================================================
[2026-07-30T10:15:56.329+0000] {manager.py:997} INFO - 
================================================================================
DAG File Processing Stats

File Path                               PID  Runtime      # DAGs    # Errors  Last Runtime    Last Run               Last # of DB Queries
------------------------------------  -----  ---------  --------  ----------  --------------  -------------------  ----------------------
/opt/airflow/dags/retail_pipeline.py     32  0.03s             1           0  0.13s           2026-07-30T10:15:26                      12
================================================================================
[2026-07-30T10:16:26.770+0000] {manager.py:997} INFO - 
================================================================================
DAG File Processing Stats

File Path                               PID  Runtime      # DAGs    # Errors  Last Runtime    Last Run               Last # of DB Queries
------------------------------------  -----  ---------  --------  ----------  --------------  -------------------  ----------------------
/opt/airflow/dags/retail_pipeline.py     33  0.04s             1           0  0.14s           2026-07-30T10:15:56                      12
================================================================================
[2026-07-30T10:16:57.290+0000] {manager.py:997} INFO - 
================================================================================
DAG File Processing Stats

File Path                               PID  Runtime      # DAGs    # Errors  Last Runtime    Last Run               Last # of DB Queries
------------------------------------  -----  ---------  --------  ----------  --------------  -------------------  ----------------------
/opt/airflow/dags/retail_pipeline.py     34  0.03s             1           0  0.14s           2026-07-30T10:16:26                      12
================================================================================
[2026-07-30T10:17:23.600+0000] {manager.py:821} INFO - Searching for files in /opt/airflow/dags
[2026-07-30T10:17:23.613+0000] {manager.py:824} INFO - There are 1 files in /opt/airflow/dags
[2026-07-30T10:17:27.661+0000] {manager.py:997} INFO - 
================================================================================
DAG File Processing Stats

File Path                               PID  Runtime      # DAGs    # Errors  Last Runtime    Last Run               Last # of DB Queries
------------------------------------  -----  ---------  --------  ----------  --------------  -------------------  ----------------------
/opt/airflow/dags/retail_pipeline.py     35  0.01s             1           0  0.14s           2026-07-30T10:16:57                      12
================================================================================
[2026-07-30T10:17:58.009+0000] {manager.py:997} INFO - 
================================================================================
DAG File Processing Stats

File Path                               PID  Runtime      # DAGs    # Errors  Last Runtime    Last Run               Last # of DB Queries
------------------------------------  -----  ---------  --------  ----------  --------------  -------------------  ----------------------
/opt/airflow/dags/retail_pipeline.py     36  0.01s             1           0  0.09s           2026-07-30T10:17:27                      12
================================================================================
[2026-07-30T10:18:28.356+0000] {manager.py:997} INFO - 
================================================================================
DAG File Processing Stats

File Path                               PID  Runtime      # DAGs    # Errors  Last Runtime    Last Run               Last # of DB Queries
------------------------------------  -----  ---------  --------  ----------  --------------  -------------------  ----------------------
/opt/airflow/dags/retail_pipeline.py     37  0.02s             1           0  0.11s           2026-07-30T10:17:58                      12
================================================================================
[2026-07-30T10:18:58.730+0000] {manager.py:997} INFO - 
================================================================================
DAG File Processing Stats

File Path                               PID  Runtime      # DAGs    # Errors  Last Runtime    Last Run               Last # of DB Queries
------------------------------------  -----  ---------  --------  ----------  --------------  -------------------  ----------------------
/opt/airflow/dags/retail_pipeline.py     38  0.02s             1           0  0.11s           2026-07-30T10:18:28                      12
================================================================================
[2026-07-30T10:19:29.148+0000] {manager.py:997} INFO - 
================================================================================
DAG File Processing Stats

File Path                               PID  Runtime      # DAGs    # Errors  Last Runtime    Last Run               Last # of DB Queries
------------------------------------  -----  ---------  --------  ----------  --------------  -------------------  ----------------------
/opt/airflow/dags/retail_pipeline.py     39  0.03s             1           0  0.11s           2026-07-30T10:18:58                      12
================================================================================
[2026-07-30T10:19:59.626+0000] {manager.py:997} INFO - 
================================================================================
DAG File Processing Stats

File Path                               PID  Runtime      # DAGs    # Errors  Last Runtime    Last Run               Last # of DB Queries
------------------------------------  -----  ---------  --------  ----------  --------------  -------------------  ----------------------
/opt/airflow/dags/retail_pipeline.py     40  0.03s             1           0  0.12s           2026-07-30T10:19:29                      12
================================================================================
[2026-07-30T10:20:30.031+0000] {manager.py:997} INFO - 
================================================================================
DAG File Processing Stats

File Path                               PID  Runtime      # DAGs    # Errors  Last Runtime    Last Run               Last # of DB Queries
------------------------------------  -----  ---------  --------  ----------  --------------  -------------------  ----------------------
/opt/airflow/dags/retail_pipeline.py     41  0.02s             1           0  0.13s           2026-07-30T10:19:59                      12
================================================================================
[2026-07-30T10:21:00.489+0000] {manager.py:997} INFO - 
================================================================================
DAG File Processing Stats

File Path                               PID  Runtime      # DAGs    # Errors  Last Runtime    Last Run               Last # of DB Queries
------------------------------------  -----  ---------  --------  ----------  --------------  -------------------  ----------------------
/opt/airflow/dags/retail_pipeline.py     42  0.03s             1           0  0.12s           2026-07-30T10:20:30                      12
================================================================================
[2026-07-30T10:21:30.868+0000] {manager.py:997} INFO - 
================================================================================
DAG File Processing Stats

File Path                               PID  Runtime      # DAGs    # Errors  Last Runtime    Last Run               Last # of DB Queries
------------------------------------  -----  ---------  --------  ----------  --------------  -------------------  ----------------------
/opt/airflow/dags/retail_pipeline.py     43  0.02s             1           0  0.12s           2026-07-30T10:21:00                      12
================================================================================
[2026-07-30T10:22:01.253+0000] {manager.py:997} INFO - 
================================================================================
DAG File Processing Stats

File Path                               PID  Runtime      # DAGs    # Errors  Last Runtime    Last Run               Last # of DB Queries
------------------------------------  -----  ---------  --------  ----------  --------------  -------------------  ----------------------
/opt/airflow/dags/retail_pipeline.py     44  0.04s             1           0  0.11s           2026-07-30T10:21:30                      12
================================================================================
[2026-07-30T10:22:24.496+0000] {manager.py:821} INFO - Searching for files in /opt/airflow/dags
[2026-07-30T10:22:24.513+0000] {manager.py:824} INFO - There are 1 files in /opt/airflow/dags
[2026-07-30T10:22:31.636+0000] {manager.py:997} INFO - 
================================================================================
DAG File Processing Stats

File Path                               PID  Runtime      # DAGs    # Errors  Last Runtime    Last Run               Last # of DB Queries
------------------------------------  -----  ---------  --------  ----------  --------------  -------------------  ----------------------
/opt/airflow/dags/retail_pipeline.py     45  0.02s             1           0  0.13s           2026-07-30T10:22:01                      12
================================================================================
[2026-07-30T10:23:02.004+0000] {manager.py:997} INFO - 
================================================================================
DAG File Processing Stats

File Path                               PID  Runtime      # DAGs    # Errors  Last Runtime    Last Run               Last # of DB Queries
------------------------------------  -----  ---------  --------  ----------  --------------  -------------------  ----------------------
/opt/airflow/dags/retail_pipeline.py     46  0.02s             1           0  0.11s           2026-07-30T10:22:31                      12
================================================================================
[2026-07-30T10:23:32.420+0000] {manager.py:997} INFO - 
================================================================================
DAG File Processing Stats

File Path                               PID  Runtime      # DAGs    # Errors  Last Runtime    Last Run               Last # of DB Queries
------------------------------------  -----  ---------  --------  ----------  --------------  -------------------  ----------------------
/opt/airflow/dags/retail_pipeline.py     47  0.02s             1           0  0.14s           2026-07-30T10:23:02                      12
================================================================================
[2026-07-30T10:24:02.839+0000] {manager.py:997} INFO - 
================================================================================
DAG File Processing Stats

File Path                               PID  Runtime      # DAGs    # Errors  Last Runtime    Last Run               Last # of DB Queries
------------------------------------  -----  ---------  --------  ----------  --------------  -------------------  ----------------------
/opt/airflow/dags/retail_pipeline.py     48  0.02s             1           0  0.12s           2026-07-30T10:23:32                      12
================================================================================
[2026-07-30T10:24:33.278+0000] {manager.py:997} INFO - 
================================================================================
DAG File Processing Stats

File Path                               PID  Runtime      # DAGs    # Errors  Last Runtime    Last Run               Last # of DB Queries
------------------------------------  -----  ---------  --------  ----------  --------------  -------------------  ----------------------
/opt/airflow/dags/retail_pipeline.py     49  0.02s             1           0  0.12s           2026-07-30T10:24:02                      12
================================================================================
[2026-07-30T10:25:03.704+0000] {manager.py:997} INFO - 
================================================================================
DAG File Processing Stats

File Path                               PID  Runtime      # DAGs    # Errors  Last Runtime    Last Run               Last # of DB Queries
------------------------------------  -----  ---------  --------  ----------  --------------  -------------------  ----------------------
/opt/airflow/dags/retail_pipeline.py     50  0.02s             1           0  0.13s           2026-07-30T10:24:33                      12
================================================================================
[2026-07-30T10:25:34.069+0000] {manager.py:997} INFO - 
================================================================================
DAG File Processing Stats

File Path                               PID  Runtime      # DAGs    # Errors  Last Runtime    Last Run               Last # of DB Queries
------------------------------------  -----  ---------  --------  ----------  --------------  -------------------  ----------------------
/opt/airflow/dags/retail_pipeline.py     51  0.02s             1           0  0.13s           2026-07-30T10:25:03                      12
================================================================================
[2026-07-30T10:26:04.519+0000] {manager.py:997} INFO - 
================================================================================
DAG File Processing Stats

File Path                               PID  Runtime      # DAGs    # Errors  Last Runtime    Last Run               Last # of DB Queries
------------------------------------  -----  ---------  --------  ----------  --------------  -------------------  ----------------------
/opt/airflow/dags/retail_pipeline.py     52  0.04s             1           0  0.12s           2026-07-30T10:25:34                      12
================================================================================
[2026-07-30T10:26:34.929+0000] {manager.py:997} INFO - 
================================================================================
DAG File Processing Stats

File Path                               PID  Runtime      # DAGs    # Errors  Last Runtime    Last Run               Last # of DB Queries
------------------------------------  -----  ---------  --------  ----------  --------------  -------------------  ----------------------
/opt/airflow/dags/retail_pipeline.py     53  0.02s             1           0  0.13s           2026-07-30T10:26:04                      12
================================================================================
[2026-07-30T10:27:05.414+0000] {manager.py:997} INFO - 
================================================================================
DAG File Processing Stats

File Path                               PID  Runtime      # DAGs    # Errors  Last Runtime    Last Run               Last # of DB Queries
------------------------------------  -----  ---------  --------  ----------  --------------  -------------------  ----------------------
/opt/airflow/dags/retail_pipeline.py     54  0.02s             1           0  0.12s           2026-07-30T10:26:35                      12
================================================================================
[2026-07-30T10:27:24.674+0000] {manager.py:821} INFO - Searching for files in /opt/airflow/dags
[2026-07-30T10:27:24.681+0000] {manager.py:824} INFO - There are 1 files in /opt/airflow/dags
[2026-07-30T10:27:35.838+0000] {manager.py:997} INFO - 
================================================================================
DAG File Processing Stats

File Path                               PID  Runtime      # DAGs    # Errors  Last Runtime    Last Run               Last # of DB Queries
------------------------------------  -----  ---------  --------  ----------  --------------  -------------------  ----------------------
/opt/airflow/dags/retail_pipeline.py     55  0.02s             1           0  0.13s           2026-07-30T10:27:05                      12
================================================================================
[2026-07-30T10:28:06.210+0000] {manager.py:997} INFO - 
================================================================================
DAG File Processing Stats

File Path                               PID  Runtime      # DAGs    # Errors  Last Runtime    Last Run               Last # of DB Queries
------------------------------------  -----  ---------  --------  ----------  --------------  -------------------  ----------------------
/opt/airflow/dags/retail_pipeline.py     56  0.03s             1           0  0.10s           2026-07-30T10:27:35                      12
================================================================================
[2026-07-30T10:28:36.673+0000] {manager.py:997} INFO - 
================================================================================
DAG File Processing Stats

File Path                               PID  Runtime      # DAGs    # Errors  Last Runtime    Last Run               Last # of DB Queries
------------------------------------  -----  ---------  --------  ----------  --------------  -------------------  ----------------------
/opt/airflow/dags/retail_pipeline.py     57  0.04s             1           0  0.14s           2026-07-30T10:28:06                      12
================================================================================
[2026-07-30T10:29:07.137+0000] {manager.py:997} INFO - 
================================================================================
DAG File Processing Stats

File Path                               PID  Runtime      # DAGs    # Errors  Last Runtime    Last Run               Last # of DB Queries
------------------------------------  -----  ---------  --------  ----------  --------------  -------------------  ----------------------
/opt/airflow/dags/retail_pipeline.py     58  0.02s             1           0  0.14s           2026-07-30T10:28:36                      12
================================================================================
[2026-07-30T10:29:37.489+0000] {manager.py:997} INFO - 
================================================================================
DAG File Processing Stats

File Path                               PID  Runtime      # DAGs    # Errors  Last Runtime    Last Run               Last # of DB Queries
------------------------------------  -----  ---------  --------  ----------  --------------  -------------------  ----------------------
/opt/airflow/dags/retail_pipeline.py     59  0.02s             1           0  0.14s           2026-07-30T10:29:07                      12
================================================================================
[2026-07-30T10:30:07.900+0000] {manager.py:997} INFO - 
================================================================================
DAG File Processing Stats

File Path                               PID  Runtime      # DAGs    # Errors  Last Runtime    Last Run               Last # of DB Queries
------------------------------------  -----  ---------  --------  ----------  --------------  -------------------  ----------------------
/opt/airflow/dags/retail_pipeline.py     60  0.04s             1           0  0.13s           2026-07-30T10:29:37                      12
================================================================================
[2026-07-30T10:30:38.436+0000] {manager.py:997} INFO - 
================================================================================
DAG File Processing Stats

File Path                               PID  Runtime      # DAGs    # Errors  Last Runtime    Last Run               Last # of DB Queries
------------------------------------  -----  ---------  --------  ----------  --------------  -------------------  ----------------------
/opt/airflow/dags/retail_pipeline.py     61  0.04s             1           0  0.12s           2026-07-30T10:30:07                      12
================================================================================
[2026-07-30T10:31:08.819+0000] {manager.py:997} INFO - 
================================================================================
DAG File Processing Stats

File Path                               PID  Runtime      # DAGs    # Errors  Last Runtime    Last Run               Last # of DB Queries
------------------------------------  -----  ---------  --------  ----------  --------------  -------------------  ----------------------
/opt/airflow/dags/retail_pipeline.py     62  0.02s             1           0  0.15s           2026-07-30T10:30:38                      12
================================================================================
[2026-07-30T10:31:39.148+0000] {manager.py:997} INFO - 
================================================================================
DAG File Processing Stats

File Path                               PID  Runtime      # DAGs    # Errors  Last Runtime    Last Run               Last # of DB Queries
------------------------------------  -----  ---------  --------  ----------  --------------  -------------------  ----------------------
/opt/airflow/dags/retail_pipeline.py     63  0.02s             1           0  0.12s           2026-07-30T10:31:08                      12
================================================================================
[2026-07-30T10:32:09.583+0000] {manager.py:997} INFO - 
================================================================================
DAG File Processing Stats

File Path                               PID  Runtime      # DAGs    # Errors  Last Runtime    Last Run               Last # of DB Queries
------------------------------------  -----  ---------  --------  ----------  --------------  -------------------  ----------------------
/opt/airflow/dags/retail_pipeline.py     64  0.05s             1           0  0.14s           2026-07-30T10:31:39                      12
================================================================================
[2026-07-30T10:32:24.771+0000] {manager.py:821} INFO - Searching for files in /opt/airflow/dags
[2026-07-30T10:32:24.779+0000] {manager.py:824} INFO - There are 1 files in /opt/airflow/dags
[2026-07-30T10:32:39.965+0000] {manager.py:997} INFO - 
================================================================================
DAG File Processing Stats

File Path                               PID  Runtime      # DAGs    # Errors  Last Runtime    Last Run               Last # of DB Queries
------------------------------------  -----  ---------  --------  ----------  --------------  -------------------  ----------------------
/opt/airflow/dags/retail_pipeline.py     65  0.02s             1           0  0.14s           2026-07-30T10:32:09                      12
================================================================================
[2026-07-30T10:33:10.361+0000] {manager.py:997} INFO - 
================================================================================
DAG File Processing Stats

File Path                               PID  Runtime      # DAGs    # Errors  Last Runtime    Last Run               Last # of DB Queries
------------------------------------  -----  ---------  --------  ----------  --------------  -------------------  ----------------------
/opt/airflow/dags/retail_pipeline.py     66  0.01s             1           0  0.12s           2026-07-30T10:32:40                      12
================================================================================
[2026-07-30T10:33:40.758+0000] {manager.py:997} INFO - 
================================================================================
DAG File Processing Stats

File Path                               PID  Runtime      # DAGs    # Errors  Last Runtime    Last Run               Last # of DB Queries
------------------------------------  -----  ---------  --------  ----------  --------------  -------------------  ----------------------
/opt/airflow/dags/retail_pipeline.py     67  0.03s             1           0  0.10s           2026-07-30T10:33:10                      12
================================================================================
[2026-07-30T10:34:11.190+0000] {manager.py:997} INFO - 
================================================================================
DAG File Processing Stats

File Path                               PID  Runtime      # DAGs    # Errors  Last Runtime    Last Run               Last # of DB Queries
------------------------------------  -----  ---------  --------  ----------  --------------  -------------------  ----------------------
/opt/airflow/dags/retail_pipeline.py     68  0.02s             1           0  0.14s           2026-07-30T10:33:40                      12
================================================================================
[2026-07-30T10:34:41.625+0000] {manager.py:997} INFO - 
================================================================================
DAG File Processing Stats

File Path                               PID  Runtime      # DAGs    # Errors  Last Runtime    Last Run               Last # of DB Queries
------------------------------------  -----  ---------  --------  ----------  --------------  -------------------  ----------------------
/opt/airflow/dags/retail_pipeline.py     69  0.02s             1           0  0.14s           2026-07-30T10:34:11                      12
================================================================================
[2026-07-30T10:35:11.979+0000] {manager.py:997} INFO - 
================================================================================
DAG File Processing Stats

File Path                               PID  Runtime      # DAGs    # Errors  Last Runtime    Last Run               Last # of DB Queries
------------------------------------  -----  ---------  --------  ----------  --------------  -------------------  ----------------------
/opt/airflow/dags/retail_pipeline.py     70  0.02s             1           0  0.16s           2026-07-30T10:34:41                      12
================================================================================
[2026-07-30T10:35:42.441+0000] {manager.py:997} INFO - 
================================================================================
DAG File Processing Stats

File Path                               PID  Runtime      # DAGs    # Errors  Last Runtime    Last Run               Last # of DB Queries
------------------------------------  -----  ---------  --------  ----------  --------------  -------------------  ----------------------
/opt/airflow/dags/retail_pipeline.py     71  0.02s             1           0  0.14s           2026-07-30T10:35:12                      12
================================================================================
[2026-07-30T10:36:12.769+0000] {manager.py:997} INFO - 
================================================================================
DAG File Processing Stats

File Path                               PID  Runtime      # DAGs    # Errors  Last Runtime    Last Run               Last # of DB Queries
------------------------------------  -----  ---------  --------  ----------  --------------  -------------------  ----------------------
/opt/airflow/dags/retail_pipeline.py     72  0.01s             1           0  0.14s           2026-07-30T10:35:42                      12
================================================================================
[2026-07-30T10:36:43.199+0000] {manager.py:997} INFO - 
================================================================================
DAG File Processing Stats

File Path                               PID  Runtime      # DAGs    # Errors  Last Runtime    Last Run               Last # of DB Queries
------------------------------------  -----  ---------  --------  ----------  --------------  -------------------  ----------------------
/opt/airflow/dags/retail_pipeline.py     73  0.01s             1           0  0.10s           2026-07-30T10:36:12                      12
================================================================================
[2026-07-30T10:37:13.629+0000] {manager.py:997} INFO - 
================================================================================
DAG File Processing Stats

File Path                               PID  Runtime      # DAGs    # Errors  Last Runtime    Last Run               Last # of DB Queries
------------------------------------  -----  ---------  --------  ----------  --------------  -------------------  ----------------------
/opt/airflow/dags/retail_pipeline.py     74  0.01s             1           0  0.13s           2026-07-30T10:36:43                      12
================================================================================
[2026-07-30T10:37:24.844+0000] {manager.py:821} INFO - Searching for files in /opt/airflow/dags
[2026-07-30T10:37:24.852+0000] {manager.py:824} INFO - There are 1 files in /opt/airflow/dags
[2026-07-30T10:37:44.013+0000] {manager.py:997} INFO - 
================================================================================
DAG File Processing Stats

File Path                               PID  Runtime      # DAGs    # Errors  Last Runtime    Last Run               Last # of DB Queries
------------------------------------  -----  ---------  --------  ----------  --------------  -------------------  ----------------------
/opt/airflow/dags/retail_pipeline.py     75  0.01s             1           0  0.15s           2026-07-30T10:37:13                      12
================================================================================
[2026-07-30T10:38:14.470+0000] {manager.py:997} INFO - 
================================================================================
DAG File Processing Stats

File Path                               PID  Runtime      # DAGs    # Errors  Last Runtime    Last Run               Last # of DB Queries
------------------------------------  -----  ---------  --------  ----------  --------------  -------------------  ----------------------
/opt/airflow/dags/retail_pipeline.py     76  0.04s             1           0  0.12s           2026-07-30T10:37:44                      12
================================================================================
[2026-07-30T10:38:44.895+0000] {manager.py:997} INFO - 
================================================================================
DAG File Processing Stats

File Path                               PID  Runtime      # DAGs    # Errors  Last Runtime    Last Run               Last # of DB Queries
------------------------------------  -----  ---------  --------  ----------  --------------  -------------------  ----------------------
/opt/airflow/dags/retail_pipeline.py     77  0.01s             1           0  0.18s           2026-07-30T10:38:14                      12
================================================================================
[2026-07-30T10:39:15.270+0000] {manager.py:997} INFO - 
================================================================================
DAG File Processing Stats

File Path                               PID  Runtime      # DAGs    # Errors  Last Runtime    Last Run               Last # of DB Queries
------------------------------------  -----  ---------  --------  ----------  --------------  -------------------  ----------------------
/opt/airflow/dags/retail_pipeline.py     78  0.02s             1           0  0.11s           2026-07-30T10:38:44                      12
================================================================================
[2026-07-30T10:39:45.674+0000] {manager.py:997} INFO - 
================================================================================
DAG File Processing Stats

File Path                               PID  Runtime      # DAGs    # Errors  Last Runtime    Last Run               Last # of DB Queries
------------------------------------  -----  ---------  --------  ----------  --------------  -------------------  ----------------------
/opt/airflow/dags/retail_pipeline.py     79  0.02s             1           0  0.14s           2026-07-30T10:39:15                      12
================================================================================
[2026-07-30T10:40:16.076+0000] {manager.py:997} INFO - 
================================================================================
DAG File Processing Stats

File Path                               PID  Runtime      # DAGs    # Errors  Last Runtime    Last Run               Last # of DB Queries
------------------------------------  -----  ---------  --------  ----------  --------------  -------------------  ----------------------
/opt/airflow/dags/retail_pipeline.py     80  0.03s             1           0  0.10s           2026-07-30T10:39:45                      12
================================================================================
[2026-07-30T10:40:46.507+0000] {manager.py:997} INFO - 
================================================================================
DAG File Processing Stats

File Path                               PID  Runtime      # DAGs    # Errors  Last Runtime    Last Run               Last # of DB Queries
------------------------------------  -----  ---------  --------  ----------  --------------  -------------------  ----------------------
/opt/airflow/dags/retail_pipeline.py     81  0.03s             1           0  0.13s           2026-07-30T10:40:16                      12
================================================================================
[2026-07-30T10:41:16.956+0000] {manager.py:997} INFO - 
================================================================================
DAG File Processing Stats

File Path                               PID  Runtime      # DAGs    # Errors  Last Runtime    Last Run               Last # of DB Queries
------------------------------------  -----  ---------  --------  ----------  --------------  -------------------  ----------------------
/opt/airflow/dags/retail_pipeline.py     82  0.02s             1           0  0.16s           2026-07-30T10:40:46                      12
================================================================================
[2026-07-30T10:41:47.472+0000] {manager.py:997} INFO - 
================================================================================
DAG File Processing Stats

File Path                               PID  Runtime      # DAGs    # Errors  Last Runtime    Last Run               Last # of DB Queries
------------------------------------  -----  ---------  --------  ----------  --------------  -------------------  ----------------------
/opt/airflow/dags/retail_pipeline.py     83  0.06s             1           0  0.13s           2026-07-30T10:41:17                      12
================================================================================
[2026-07-30T10:42:17.932+0000] {manager.py:997} INFO - 
================================================================================
DAG File Processing Stats

File Path                               PID  Runtime      # DAGs    # Errors  Last Runtime    Last Run               Last # of DB Queries
------------------------------------  -----  ---------  --------  ----------  --------------  -------------------  ----------------------
/opt/airflow/dags/retail_pipeline.py     84  0.02s             1           0  0.32s           2026-07-30T10:41:47                      12
================================================================================
[2026-07-30T10:42:25.134+0000] {manager.py:821} INFO - Searching for files in /opt/airflow/dags
[2026-07-30T10:42:25.148+0000] {manager.py:824} INFO - There are 1 files in /opt/airflow/dags
[2026-07-30T10:42:48.489+0000] {manager.py:997} INFO - 
================================================================================
DAG File Processing Stats

File Path                               PID  Runtime      # DAGs    # Errors  Last Runtime    Last Run               Last # of DB Queries
------------------------------------  -----  ---------  --------  ----------  --------------  -------------------  ----------------------
/opt/airflow/dags/retail_pipeline.py     85  0.03s             1           0  0.14s           2026-07-30T10:42:18                      12
================================================================================
[2026-07-30T10:43:18.892+0000] {manager.py:997} INFO - 
================================================================================
DAG File Processing Stats

File Path                               PID  Runtime      # DAGs    # Errors  Last Runtime    Last Run               Last # of DB Queries
------------------------------------  -----  ---------  --------  ----------  --------------  -------------------  ----------------------
/opt/airflow/dags/retail_pipeline.py     86  0.02s             1           0  0.14s           2026-07-30T10:42:48                      12
================================================================================
[2026-07-30T10:43:49.377+0000] {manager.py:997} INFO - 
================================================================================
DAG File Processing Stats

File Path                               PID  Runtime      # DAGs    # Errors  Last Runtime    Last Run               Last # of DB Queries
------------------------------------  -----  ---------  --------  ----------  --------------  -------------------  ----------------------
/opt/airflow/dags/retail_pipeline.py     87  0.02s             1           0  0.12s           2026-07-30T10:43:18                      12
================================================================================
[2026-07-30T10:44:19.825+0000] {manager.py:997} INFO - 
================================================================================
DAG File Processing Stats

File Path                               PID  Runtime      # DAGs    # Errors  Last Runtime    Last Run               Last # of DB Queries
------------------------------------  -----  ---------  --------  ----------  --------------  -------------------  ----------------------
/opt/airflow/dags/retail_pipeline.py     88  0.02s             1           0  0.14s           2026-07-30T10:43:49                      12
================================================================================
[2026-07-30T10:44:50.251+0000] {manager.py:997} INFO - 
================================================================================
DAG File Processing Stats

File Path                               PID  Runtime      # DAGs    # Errors  Last Runtime    Last Run               Last # of DB Queries
------------------------------------  -----  ---------  --------  ----------  --------------  -------------------  ----------------------
/opt/airflow/dags/retail_pipeline.py     89  0.03s             1           0  0.13s           2026-07-30T10:44:19                      12
================================================================================
[2026-07-30T10:45:20.680+0000] {manager.py:997} INFO - 
================================================================================
DAG File Processing Stats

File Path                               PID  Runtime      # DAGs    # Errors  Last Runtime    Last Run               Last # of DB Queries
------------------------------------  -----  ---------  --------  ----------  --------------  -------------------  ----------------------
/opt/airflow/dags/retail_pipeline.py     90  0.02s             1           0  0.16s           2026-07-30T10:44:50                      12
================================================================================
[2026-07-30T10:45:51.074+0000] {manager.py:997} INFO - 
================================================================================
DAG File Processing Stats

File Path                               PID  Runtime      # DAGs    # Errors  Last Runtime    Last Run               Last # of DB Queries
------------------------------------  -----  ---------  --------  ----------  --------------  -------------------  ----------------------
/opt/airflow/dags/retail_pipeline.py     91  0.02s             1           0  0.15s           2026-07-30T10:45:20                      12
================================================================================
[2026-07-30T10:46:21.487+0000] {manager.py:997} INFO - 
================================================================================
DAG File Processing Stats

File Path                               PID  Runtime      # DAGs    # Errors  Last Runtime    Last Run               Last # of DB Queries
------------------------------------  -----  ---------  --------  ----------  --------------  -------------------  ----------------------
/opt/airflow/dags/retail_pipeline.py     92  0.01s             1           0  0.13s           2026-07-30T10:45:51                      12
================================================================================
[2026-07-30T10:46:51.925+0000] {manager.py:997} INFO - 
================================================================================
DAG File Processing Stats

File Path                               PID  Runtime      # DAGs    # Errors  Last Runtime    Last Run               Last # of DB Queries
------------------------------------  -----  ---------  --------  ----------  --------------  -------------------  ----------------------
/opt/airflow/dags/retail_pipeline.py     93  0.02s             1           0  0.14s           2026-07-30T10:46:21                      12
================================================================================
[2026-07-30T10:47:22.354+0000] {manager.py:997} INFO - 
================================================================================
DAG File Processing Stats

File Path                               PID  Runtime      # DAGs    # Errors  Last Runtime    Last Run               Last # of DB Queries
------------------------------------  -----  ---------  --------  ----------  --------------  -------------------  ----------------------
/opt/airflow/dags/retail_pipeline.py     94  0.04s             1           0  0.14s           2026-07-30T10:46:52                      12
================================================================================
[2026-07-30T10:47:25.403+0000] {manager.py:821} INFO - Searching for files in /opt/airflow/dags
[2026-07-30T10:47:25.409+0000] {manager.py:824} INFO - There are 1 files in /opt/airflow/dags
[2026-07-30T10:47:52.799+0000] {manager.py:997} INFO - 
================================================================================
DAG File Processing Stats

File Path                               PID  Runtime      # DAGs    # Errors  Last Runtime    Last Run               Last # of DB Queries
------------------------------------  -----  ---------  --------  ----------  --------------  -------------------  ----------------------
/opt/airflow/dags/retail_pipeline.py     95  0.02s             1           0  0.18s           2026-07-30T10:47:22                      12
================================================================================
[2026-07-30T10:48:23.185+0000] {manager.py:997} INFO - 
================================================================================
DAG File Processing Stats

File Path                               PID  Runtime      # DAGs    # Errors  Last Runtime    Last Run               Last # of DB Queries
------------------------------------  -----  ---------  --------  ----------  --------------  -------------------  ----------------------
/opt/airflow/dags/retail_pipeline.py     96  0.03s             1           0  0.16s           2026-07-30T10:47:52                      12
================================================================================
[2026-07-30T10:48:53.755+0000] {manager.py:997} INFO - 
================================================================================
DAG File Processing Stats

File Path                               PID  Runtime      # DAGs    # Errors  Last Runtime    Last Run               Last # of DB Queries
------------------------------------  -----  ---------  --------  ----------  --------------  -------------------  ----------------------
/opt/airflow/dags/retail_pipeline.py     97  0.03s             1           0  0.15s           2026-07-30T10:48:23                      12
================================================================================
[2026-07-30T10:48:59.701+0000] {manager.py:465} INFO - Exiting gracefully upon receiving signal 15
[2026-07-30T10:56:09.910+0000] {manager.py:483} INFO - Processing files using up to 2 processes at a time 
[2026-07-30T10:56:09.911+0000] {manager.py:484} INFO - Process each file at most once every 30 seconds
[2026-07-30T10:56:09.911+0000] {manager.py:485} INFO - Checking for new files in /opt/airflow/dags every 300 seconds
[2026-07-30T10:56:09.912+0000] {manager.py:821} INFO - Searching for files in /opt/airflow/dags
[2026-07-30T10:56:09.927+0000] {manager.py:824} INFO - There are 1 files in /opt/airflow/dags
[2026-07-30T10:56:10.106+0000] {manager.py:997} INFO - 
================================================================================
DAG File Processing Stats

File Path                               PID  Runtime      # DAGs    # Errors  Last Runtime    Last Run      Last # of DB Queries
------------------------------------  -----  ---------  --------  ----------  --------------  ----------  ----------------------
/opt/airflow/dags/retail_pipeline.py     25  0.06s             0           0                                                   0
================================================================================
[2026-07-30T10:56:40.502+0000] {manager.py:997} INFO - 
================================================================================
DAG File Processing Stats

File Path                               PID  Runtime      # DAGs    # Errors  Last Runtime    Last Run               Last # of DB Queries
------------------------------------  -----  ---------  --------  ----------  --------------  -------------------  ----------------------
/opt/airflow/dags/retail_pipeline.py     26  0.02s             1           0  0.22s           2026-07-30T10:56:10                      12
================================================================================
[2026-07-30T10:57:10.994+0000] {manager.py:997} INFO - 
================================================================================
DAG File Processing Stats

File Path                               PID  Runtime      # DAGs    # Errors  Last Runtime    Last Run               Last # of DB Queries
------------------------------------  -----  ---------  --------  ----------  --------------  -------------------  ----------------------
/opt/airflow/dags/retail_pipeline.py     27  0.02s             1           0  0.15s           2026-07-30T10:56:40                      12
================================================================================
[2026-07-30T10:57:41.438+0000] {manager.py:997} INFO - 
================================================================================
DAG File Processing Stats

File Path                               PID  Runtime      # DAGs    # Errors  Last Runtime    Last Run               Last # of DB Queries
------------------------------------  -----  ---------  --------  ----------  --------------  -------------------  ----------------------
/opt/airflow/dags/retail_pipeline.py     28  0.02s             1           0  0.14s           2026-07-30T10:57:11                      12
================================================================================
[2026-07-30T10:58:11.812+0000] {manager.py:997} INFO - 
================================================================================
DAG File Processing Stats

File Path                               PID  Runtime      # DAGs    # Errors  Last Runtime    Last Run               Last # of DB Queries
------------------------------------  -----  ---------  --------  ----------  --------------  -------------------  ----------------------
/opt/airflow/dags/retail_pipeline.py     29  0.02s             1           0  0.11s           2026-07-30T10:57:41                      12
================================================================================
[2026-07-30T10:58:42.136+0000] {manager.py:997} INFO - 
================================================================================
DAG File Processing Stats

File Path                               PID  Runtime      # DAGs    # Errors  Last Runtime    Last Run               Last # of DB Queries
------------------------------------  -----  ---------  --------  ----------  --------------  -------------------  ----------------------
/opt/airflow/dags/retail_pipeline.py     30  0.02s             1           0  0.20s           2026-07-30T10:58:11                      12
================================================================================
[2026-07-30T10:59:12.717+0000] {manager.py:997} INFO - 
================================================================================
DAG File Processing Stats

File Path                               PID  Runtime      # DAGs    # Errors  Last Runtime    Last Run               Last # of DB Queries
------------------------------------  -----  ---------  --------  ----------  --------------  -------------------  ----------------------
/opt/airflow/dags/retail_pipeline.py     31  0.03s             1           0  0.13s           2026-07-30T10:58:42                      12
================================================================================
[2026-07-30T10:59:43.120+0000] {manager.py:997} INFO - 
================================================================================
DAG File Processing Stats

File Path                               PID  Runtime      # DAGs    # Errors  Last Runtime    Last Run               Last # of DB Queries
------------------------------------  -----  ---------  --------  ----------  --------------  -------------------  ----------------------
/opt/airflow/dags/retail_pipeline.py     32  0.03s             1           0  0.15s           2026-07-30T10:59:12                      12
================================================================================
[2026-07-30T11:00:13.538+0000] {manager.py:997} INFO - 
================================================================================
DAG File Processing Stats

File Path                               PID  Runtime      # DAGs    # Errors  Last Runtime    Last Run               Last # of DB Queries
------------------------------------  -----  ---------  --------  ----------  --------------  -------------------  ----------------------
/opt/airflow/dags/retail_pipeline.py     33  0.03s             1           0  0.13s           2026-07-30T10:59:43                      12
================================================================================
[2026-07-30T11:00:43.906+0000] {manager.py:997} INFO - 
================================================================================
DAG File Processing Stats

File Path                               PID  Runtime      # DAGs    # Errors  Last Runtime    Last Run               Last # of DB Queries
------------------------------------  -----  ---------  --------  ----------  --------------  -------------------  ----------------------
/opt/airflow/dags/retail_pipeline.py     34  0.01s             1           0  0.13s           2026-07-30T11:00:13                      12
================================================================================
[2026-07-30T11:01:10.170+0000] {manager.py:821} INFO - Searching for files in /opt/airflow/dags
[2026-07-30T11:01:10.183+0000] {manager.py:824} INFO - There are 1 files in /opt/airflow/dags
[2026-07-30T11:01:14.259+0000] {manager.py:997} INFO - 
================================================================================
DAG File Processing Stats

File Path                               PID  Runtime      # DAGs    # Errors  Last Runtime    Last Run               Last # of DB Queries
------------------------------------  -----  ---------  --------  ----------  --------------  -------------------  ----------------------
/opt/airflow/dags/retail_pipeline.py     35  0.01s             1           0  0.20s           2026-07-30T11:00:44                      12
================================================================================
[2026-07-30T11:01:44.734+0000] {manager.py:997} INFO - 
================================================================================
DAG File Processing Stats

File Path                               PID  Runtime      # DAGs    # Errors  Last Runtime    Last Run               Last # of DB Queries
------------------------------------  -----  ---------  --------  ----------  --------------  -------------------  ----------------------
/opt/airflow/dags/retail_pipeline.py     36  0.03s             1           0  0.16s           2026-07-30T11:01:14                      12
================================================================================
[2026-07-30T11:02:15.119+0000] {manager.py:997} INFO - 
================================================================================
DAG File Processing Stats

File Path                               PID  Runtime      # DAGs    # Errors  Last Runtime    Last Run               Last # of DB Queries
------------------------------------  -----  ---------  --------  ----------  --------------  -------------------  ----------------------
/opt/airflow/dags/retail_pipeline.py     37  0.02s             1           0  0.19s           2026-07-30T11:01:44                      12
================================================================================
[2026-07-30T11:02:45.528+0000] {manager.py:997} INFO - 
================================================================================
DAG File Processing Stats

File Path                               PID  Runtime      # DAGs    # Errors  Last Runtime    Last Run               Last # of DB Queries
------------------------------------  -----  ---------  --------  ----------  --------------  -------------------  ----------------------
/opt/airflow/dags/retail_pipeline.py     38  0.01s             1           0  0.28s           2026-07-30T11:02:15                      12
================================================================================
[2026-07-30T11:03:15.903+0000] {manager.py:997} INFO - 
================================================================================
DAG File Processing Stats

File Path                               PID  Runtime      # DAGs    # Errors  Last Runtime    Last Run               Last # of DB Queries
------------------------------------  -----  ---------  --------  ----------  --------------  -------------------  ----------------------
/opt/airflow/dags/retail_pipeline.py     39  0.03s             1           0  0.12s           2026-07-30T11:02:45                      12
================================================================================
[2026-07-30T11:03:46.233+0000] {manager.py:997} INFO - 
================================================================================
DAG File Processing Stats

File Path                               PID  Runtime      # DAGs    # Errors  Last Runtime    Last Run               Last # of DB Queries
------------------------------------  -----  ---------  --------  ----------  --------------  -------------------  ----------------------
/opt/airflow/dags/retail_pipeline.py     40  0.02s             1           0  0.15s           2026-07-30T11:03:16                      12
================================================================================
[2026-07-30T11:04:16.592+0000] {manager.py:997} INFO - 
================================================================================
DAG File Processing Stats

File Path                               PID  Runtime      # DAGs    # Errors  Last Runtime    Last Run               Last # of DB Queries
------------------------------------  -----  ---------  --------  ----------  --------------  -------------------  ----------------------
/opt/airflow/dags/retail_pipeline.py     41  0.03s             1           0  0.12s           2026-07-30T11:03:46                      12
================================================================================
[2026-07-30T11:04:46.981+0000] {manager.py:997} INFO - 
================================================================================
DAG File Processing Stats

File Path                               PID  Runtime      # DAGs    # Errors  Last Runtime    Last Run               Last # of DB Queries
------------------------------------  -----  ---------  --------  ----------  --------------  -------------------  ----------------------
/opt/airflow/dags/retail_pipeline.py     42  0.01s             1           0  0.14s           2026-07-30T11:04:16                      12
================================================================================
[2026-07-30T11:05:17.318+0000] {manager.py:997} INFO - 
================================================================================
DAG File Processing Stats

File Path                               PID  Runtime      # DAGs    # Errors  Last Runtime    Last Run               Last # of DB Queries
------------------------------------  -----  ---------  --------  ----------  --------------  -------------------  ----------------------
/opt/airflow/dags/retail_pipeline.py     43  0.04s             1           0  0.13s           2026-07-30T11:04:47                      12
================================================================================
[2026-07-30T11:05:47.659+0000] {manager.py:997} INFO - 
================================================================================
DAG File Processing Stats

File Path                               PID  Runtime      # DAGs    # Errors  Last Runtime    Last Run               Last # of DB Queries
------------------------------------  -----  ---------  --------  ----------  --------------  -------------------  ----------------------
/opt/airflow/dags/retail_pipeline.py     44  0.02s             1           0  0.15s           2026-07-30T11:05:17                      12
================================================================================
[2026-07-30T11:06:10.973+0000] {manager.py:821} INFO - Searching for files in /opt/airflow/dags
[2026-07-30T11:06:10.984+0000] {manager.py:824} INFO - There are 1 files in /opt/airflow/dags
[2026-07-30T11:06:18.115+0000] {manager.py:997} INFO - 
================================================================================
DAG File Processing Stats

File Path                               PID  Runtime      # DAGs    # Errors  Last Runtime    Last Run               Last # of DB Queries
------------------------------------  -----  ---------  --------  ----------  --------------  -------------------  ----------------------
/opt/airflow/dags/retail_pipeline.py     45  0.02s             1           0  0.13s           2026-07-30T11:05:47                      12
================================================================================
[2026-07-30T11:06:48.516+0000] {manager.py:997} INFO - 
================================================================================
DAG File Processing Stats

File Path                               PID  Runtime      # DAGs    # Errors  Last Runtime    Last Run               Last # of DB Queries
------------------------------------  -----  ---------  --------  ----------  --------------  -------------------  ----------------------
/opt/airflow/dags/retail_pipeline.py     46  0.02s             1           0  0.11s           2026-07-30T11:06:18                      12
================================================================================
[2026-07-30T11:07:18.846+0000] {manager.py:997} INFO - 
================================================================================
DAG File Processing Stats

File Path                               PID  Runtime      # DAGs    # Errors  Last Runtime    Last Run               Last # of DB Queries
------------------------------------  -----  ---------  --------  ----------  --------------  -------------------  ----------------------
/opt/airflow/dags/retail_pipeline.py     47  0.03s             1           0  0.14s           2026-07-30T11:06:48                      12
================================================================================
[2026-07-30T11:07:49.232+0000] {manager.py:997} INFO - 
================================================================================
DAG File Processing Stats

File Path                               PID  Runtime      # DAGs    # Errors  Last Runtime    Last Run               Last # of DB Queries
------------------------------------  -----  ---------  --------  ----------  --------------  -------------------  ----------------------
/opt/airflow/dags/retail_pipeline.py     48  0.01s             1           0  0.11s           2026-07-30T11:07:18                      12
================================================================================
[2026-07-30T11:08:19.710+0000] {manager.py:997} INFO - 
================================================================================
DAG File Processing Stats

File Path                               PID  Runtime      # DAGs    # Errors  Last Runtime    Last Run               Last # of DB Queries
------------------------------------  -----  ---------  --------  ----------  --------------  -------------------  ----------------------
/opt/airflow/dags/retail_pipeline.py     49  0.04s             1           0  0.12s           2026-07-30T11:07:49                      12
================================================================================
[2026-07-30T11:08:50.085+0000] {manager.py:997} INFO - 
================================================================================
DAG File Processing Stats

File Path                               PID  Runtime      # DAGs    # Errors  Last Runtime    Last Run               Last # of DB Queries
------------------------------------  -----  ---------  --------  ----------  --------------  -------------------  ----------------------
/opt/airflow/dags/retail_pipeline.py     50  0.04s             1           0  0.18s           2026-07-30T11:08:19                      12
================================================================================
[2026-07-30T11:09:20.503+0000] {manager.py:997} INFO - 
================================================================================
DAG File Processing Stats

File Path                               PID  Runtime      # DAGs    # Errors  Last Runtime    Last Run               Last # of DB Queries
------------------------------------  -----  ---------  --------  ----------  --------------  -------------------  ----------------------
/opt/airflow/dags/retail_pipeline.py     51  0.03s             1           0  0.13s           2026-07-30T11:08:50                      12
================================================================================
[2026-07-30T11:09:50.878+0000] {manager.py:997} INFO - 
================================================================================
DAG File Processing Stats

File Path                               PID  Runtime      # DAGs    # Errors  Last Runtime    Last Run               Last # of DB Queries
------------------------------------  -----  ---------  --------  ----------  --------------  -------------------  ----------------------
/opt/airflow/dags/retail_pipeline.py     52  0.02s             1           0  0.14s           2026-07-30T11:09:20                      12
================================================================================
[2026-07-30T11:10:21.342+0000] {manager.py:997} INFO - 
================================================================================
DAG File Processing Stats

File Path                               PID  Runtime      # DAGs    # Errors  Last Runtime    Last Run               Last # of DB Queries
------------------------------------  -----  ---------  --------  ----------  --------------  -------------------  ----------------------
/opt/airflow/dags/retail_pipeline.py     53  0.02s             1           0  0.13s           2026-07-30T11:09:50                      12
================================================================================
[2026-07-30T11:10:51.651+0000] {manager.py:997} INFO - 
================================================================================
DAG File Processing Stats

File Path                               PID  Runtime      # DAGs    # Errors  Last Runtime    Last Run               Last # of DB Queries
------------------------------------  -----  ---------  --------  ----------  --------------  -------------------  ----------------------
/opt/airflow/dags/retail_pipeline.py     54  0.02s             1           0  0.14s           2026-07-30T11:10:21                      12
================================================================================
[2026-07-30T11:11:11.968+0000] {manager.py:821} INFO - Searching for files in /opt/airflow/dags
[2026-07-30T11:11:11.982+0000] {manager.py:824} INFO - There are 1 files in /opt/airflow/dags
[2026-07-30T11:11:22.157+0000] {manager.py:997} INFO - 
================================================================================
DAG File Processing Stats

File Path                               PID  Runtime      # DAGs    # Errors  Last Runtime    Last Run               Last # of DB Queries
------------------------------------  -----  ---------  --------  ----------  --------------  -------------------  ----------------------
/opt/airflow/dags/retail_pipeline.py     55  0.03s             1           0  0.12s           2026-07-30T11:10:51                      12
================================================================================
[2026-07-30T11:11:52.566+0000] {manager.py:997} INFO - 
================================================================================
DAG File Processing Stats

File Path                               PID  Runtime      # DAGs    # Errors  Last Runtime    Last Run               Last # of DB Queries
------------------------------------  -----  ---------  --------  ----------  --------------  -------------------  ----------------------
/opt/airflow/dags/retail_pipeline.py     56  0.02s             1           0  0.16s           2026-07-30T11:11:22                      12
================================================================================
[2026-07-30T11:12:23.041+0000] {manager.py:997} INFO - 
================================================================================
DAG File Processing Stats

File Path                               PID  Runtime      # DAGs    # Errors  Last Runtime    Last Run               Last # of DB Queries
------------------------------------  -----  ---------  --------  ----------  --------------  -------------------  ----------------------
/opt/airflow/dags/retail_pipeline.py     57  0.01s             1           0  0.14s           2026-07-30T11:11:52                      12
================================================================================
[2026-07-30T11:12:53.398+0000] {manager.py:997} INFO - 
================================================================================
DAG File Processing Stats

File Path                               PID  Runtime      # DAGs    # Errors  Last Runtime    Last Run               Last # of DB Queries
------------------------------------  -----  ---------  --------  ----------  --------------  -------------------  ----------------------
/opt/airflow/dags/retail_pipeline.py     58  0.02s             1           0  0.12s           2026-07-30T11:12:23                      12
================================================================================
[2026-07-30T11:13:23.757+0000] {manager.py:997} INFO - 
================================================================================
DAG File Processing Stats

File Path                               PID  Runtime      # DAGs    # Errors  Last Runtime    Last Run               Last # of DB Queries
------------------------------------  -----  ---------  --------  ----------  --------------  -------------------  ----------------------
/opt/airflow/dags/retail_pipeline.py     59  0.04s             1           0  0.14s           2026-07-30T11:12:53                      12
================================================================================
[2026-08-01T23:51:38.996+0000] {manager.py:483} INFO - Processing files using up to 2 processes at a time 
[2026-08-01T23:51:38.998+0000] {manager.py:484} INFO - Process each file at most once every 30 seconds
[2026-08-01T23:51:38.998+0000] {manager.py:485} INFO - Checking for new files in /opt/airflow/dags every 300 seconds
[2026-08-01T23:51:38.999+0000] {manager.py:821} INFO - Searching for files in /opt/airflow/dags
[2026-08-01T23:51:39.003+0000] {manager.py:824} INFO - There are 1 files in /opt/airflow/dags
[2026-08-01T23:51:57.297+0000] {manager.py:997} INFO - 
================================================================================
DAG File Processing Stats

File Path                             PID    Runtime      # DAGs    # Errors  Last Runtime    Last Run               Last # of DB Queries
------------------------------------  -----  ---------  --------  ----------  --------------  -------------------  ----------------------
/opt/airflow/dags/retail_pipeline.py                           1           0  0.11s           2026-08-01T23:51:39                      12
================================================================================
[2026-08-01T23:52:27.649+0000] {manager.py:997} INFO - 
================================================================================
DAG File Processing Stats

File Path                             PID    Runtime      # DAGs    # Errors  Last Runtime    Last Run               Last # of DB Queries
------------------------------------  -----  ---------  --------  ----------  --------------  -------------------  ----------------------
/opt/airflow/dags/retail_pipeline.py                           1           0  0.11s           2026-08-01T23:52:09                      12
================================================================================
[2026-08-01T23:52:58.043+0000] {manager.py:997} INFO - 
================================================================================
DAG File Processing Stats

File Path                             PID    Runtime      # DAGs    # Errors  Last Runtime    Last Run               Last # of DB Queries
------------------------------------  -----  ---------  --------  ----------  --------------  -------------------  ----------------------
/opt/airflow/dags/retail_pipeline.py                           1           0  0.09s           2026-08-01T23:52:39                      12
================================================================================
[2026-08-01T23:53:28.410+0000] {manager.py:997} INFO - 
================================================================================
DAG File Processing Stats

File Path                             PID    Runtime      # DAGs    # Errors  Last Runtime    Last Run               Last # of DB Queries
------------------------------------  -----  ---------  --------  ----------  --------------  -------------------  ----------------------
/opt/airflow/dags/retail_pipeline.py                           1           0  0.12s           2026-08-01T23:53:10                      12
================================================================================
[2026-08-01T23:53:58.813+0000] {manager.py:997} INFO - 
================================================================================
DAG File Processing Stats

File Path                             PID    Runtime      # DAGs    # Errors  Last Runtime    Last Run               Last # of DB Queries
------------------------------------  -----  ---------  --------  ----------  --------------  -------------------  ----------------------
/opt/airflow/dags/retail_pipeline.py                           1           0  0.13s           2026-08-01T23:53:40                      12
================================================================================
[2026-08-01T23:54:29.159+0000] {manager.py:997} INFO - 
================================================================================
DAG File Processing Stats

File Path                             PID    Runtime      # DAGs    # Errors  Last Runtime    Last Run               Last # of DB Queries
------------------------------------  -----  ---------  --------  ----------  --------------  -------------------  ----------------------
/opt/airflow/dags/retail_pipeline.py                           1           0  0.11s           2026-08-01T23:54:11                      12
================================================================================
[2026-08-01T23:54:59.518+0000] {manager.py:997} INFO - 
================================================================================
DAG File Processing Stats

File Path                             PID    Runtime      # DAGs    # Errors  Last Runtime    Last Run               Last # of DB Queries
------------------------------------  -----  ---------  --------  ----------  --------------  -------------------  ----------------------
/opt/airflow/dags/retail_pipeline.py                           1           0  0.17s           2026-08-01T23:54:41                      12
================================================================================
[2026-08-01T23:55:29.833+0000] {manager.py:997} INFO - 
================================================================================
DAG File Processing Stats

File Path                             PID    Runtime      # DAGs    # Errors  Last Runtime    Last Run               Last # of DB Queries
------------------------------------  -----  ---------  --------  ----------  --------------  -------------------  ----------------------
/opt/airflow/dags/retail_pipeline.py                           1           0  0.14s           2026-08-01T23:55:11                      12
================================================================================
[2026-08-01T23:56:00.110+0000] {manager.py:997} INFO - 
================================================================================
DAG File Processing Stats

File Path                             PID    Runtime      # DAGs    # Errors  Last Runtime    Last Run               Last # of DB Queries
------------------------------------  -----  ---------  --------  ----------  --------------  -------------------  ----------------------
/opt/airflow/dags/retail_pipeline.py                           1           0  0.12s           2026-08-01T23:55:42                      12
================================================================================
[2026-08-01T23:56:30.252+0000] {manager.py:997} INFO - 
================================================================================
DAG File Processing Stats

File Path                             PID    Runtime      # DAGs    # Errors  Last Runtime    Last Run               Last # of DB Queries
------------------------------------  -----  ---------  --------  ----------  --------------  -------------------  ----------------------
/opt/airflow/dags/retail_pipeline.py                           1           0  0.50s           2026-08-01T23:56:12                      12
================================================================================
[2026-08-01T23:56:39.298+0000] {manager.py:821} INFO - Searching for files in /opt/airflow/dags
[2026-08-01T23:56:39.325+0000] {manager.py:824} INFO - There are 1 files in /opt/airflow/dags
[2026-08-01T23:57:00.288+0000] {manager.py:997} INFO - 
================================================================================
DAG File Processing Stats

File Path                             PID    Runtime      # DAGs    # Errors  Last Runtime    Last Run               Last # of DB Queries
------------------------------------  -----  ---------  --------  ----------  --------------  -------------------  ----------------------
/opt/airflow/dags/retail_pipeline.py                           1           0  0.33s           2026-08-01T23:56:43                      12
================================================================================
[2026-08-01T23:57:30.338+0000] {manager.py:997} INFO - 
================================================================================
DAG File Processing Stats

File Path                             PID    Runtime      # DAGs    # Errors  Last Runtime    Last Run               Last # of DB Queries
------------------------------------  -----  ---------  --------  ----------  --------------  -------------------  ----------------------
/opt/airflow/dags/retail_pipeline.py                           1           0  0.18s           2026-08-01T23:57:13                      12
================================================================================
[2026-08-01T23:58:00.801+0000] {manager.py:997} INFO - 
================================================================================
DAG File Processing Stats

File Path                             PID    Runtime      # DAGs    # Errors  Last Runtime    Last Run               Last # of DB Queries
------------------------------------  -----  ---------  --------  ----------  --------------  -------------------  ----------------------
/opt/airflow/dags/retail_pipeline.py                           1           0  0.13s           2026-08-01T23:57:43                      12
================================================================================
[2026-08-01T23:58:31.164+0000] {manager.py:997} INFO - 
================================================================================
DAG File Processing Stats

File Path                             PID    Runtime      # DAGs    # Errors  Last Runtime    Last Run               Last # of DB Queries
------------------------------------  -----  ---------  --------  ----------  --------------  -------------------  ----------------------
/opt/airflow/dags/retail_pipeline.py                           1           0  0.17s           2026-08-01T23:58:14                      12
================================================================================
[2026-08-01T23:59:01.566+0000] {manager.py:997} INFO - 
================================================================================
DAG File Processing Stats

File Path                             PID    Runtime      # DAGs    # Errors  Last Runtime    Last Run               Last # of DB Queries
------------------------------------  -----  ---------  --------  ----------  --------------  -------------------  ----------------------
/opt/airflow/dags/retail_pipeline.py                           1           0  0.13s           2026-08-01T23:58:44                      12
================================================================================
[2026-08-01T23:59:31.890+0000] {manager.py:997} INFO - 
================================================================================
DAG File Processing Stats

File Path                             PID    Runtime      # DAGs    # Errors  Last Runtime    Last Run               Last # of DB Queries
------------------------------------  -----  ---------  --------  ----------  --------------  -------------------  ----------------------
/opt/airflow/dags/retail_pipeline.py                           1           0  0.12s           2026-08-01T23:59:14                      12
================================================================================
[2026-08-02T00:00:02.313+0000] {manager.py:997} INFO - 
================================================================================
DAG File Processing Stats

File Path                             PID    Runtime      # DAGs    # Errors  Last Runtime    Last Run               Last # of DB Queries
------------------------------------  -----  ---------  --------  ----------  --------------  -------------------  ----------------------
/opt/airflow/dags/retail_pipeline.py                           1           0  0.13s           2026-08-01T23:59:45                      12
================================================================================
[2026-08-02T00:00:32.657+0000] {manager.py:997} INFO - 
================================================================================
DAG File Processing Stats

File Path                             PID    Runtime      # DAGs    # Errors  Last Runtime    Last Run               Last # of DB Queries
------------------------------------  -----  ---------  --------  ----------  --------------  -------------------  ----------------------
/opt/airflow/dags/retail_pipeline.py                           1           0  0.12s           2026-08-02T00:00:15                      12
================================================================================
[2026-08-02T00:01:03.062+0000] {manager.py:997} INFO - 
================================================================================
DAG File Processing Stats

File Path                             PID    Runtime      # DAGs    # Errors  Last Runtime    Last Run               Last # of DB Queries
------------------------------------  -----  ---------  --------  ----------  --------------  -------------------  ----------------------
/opt/airflow/dags/retail_pipeline.py                           1           0  0.12s           2026-08-02T00:00:45                      12
================================================================================
[2026-08-02T00:01:33.404+0000] {manager.py:997} INFO - 
================================================================================
DAG File Processing Stats

File Path                             PID    Runtime      # DAGs    # Errors  Last Runtime    Last Run               Last # of DB Queries
------------------------------------  -----  ---------  --------  ----------  --------------  -------------------  ----------------------
/opt/airflow/dags/retail_pipeline.py                           1           0  0.11s           2026-08-02T00:01:16                      12
================================================================================
[2026-08-02T00:01:39.463+0000] {manager.py:821} INFO - Searching for files in /opt/airflow/dags
[2026-08-02T00:01:39.467+0000] {manager.py:824} INFO - There are 1 files in /opt/airflow/dags
[2026-08-02T00:02:03.827+0000] {manager.py:997} INFO - 
================================================================================
DAG File Processing Stats

File Path                             PID    Runtime      # DAGs    # Errors  Last Runtime    Last Run               Last # of DB Queries
------------------------------------  -----  ---------  --------  ----------  --------------  -------------------  ----------------------
/opt/airflow/dags/retail_pipeline.py                           1           0  0.12s           2026-08-02T00:01:46                      12
================================================================================
[2026-08-02T00:02:34.239+0000] {manager.py:997} INFO - 
================================================================================
DAG File Processing Stats

File Path                             PID    Runtime      # DAGs    # Errors  Last Runtime    Last Run               Last # of DB Queries
------------------------------------  -----  ---------  --------  ----------  --------------  -------------------  ----------------------
/opt/airflow/dags/retail_pipeline.py                           1           0  0.13s           2026-08-02T00:02:17                      12
================================================================================
[2026-08-02T00:03:04.628+0000] {manager.py:997} INFO - 
================================================================================
DAG File Processing Stats

File Path                             PID    Runtime      # DAGs    # Errors  Last Runtime    Last Run               Last # of DB Queries
------------------------------------  -----  ---------  --------  ----------  --------------  -------------------  ----------------------
/opt/airflow/dags/retail_pipeline.py                           1           0  0.12s           2026-08-02T00:02:47                      12
================================================================================
[2026-08-02T00:03:34.922+0000] {manager.py:997} INFO - 
================================================================================
DAG File Processing Stats

File Path                             PID    Runtime      # DAGs    # Errors  Last Runtime    Last Run               Last # of DB Queries
------------------------------------  -----  ---------  --------  ----------  --------------  -------------------  ----------------------
/opt/airflow/dags/retail_pipeline.py                           1           0  0.14s           2026-08-02T00:03:17                      12
================================================================================
[2026-08-02T00:04:05.297+0000] {manager.py:997} INFO - 
================================================================================
DAG File Processing Stats

File Path                             PID    Runtime      # DAGs    # Errors  Last Runtime    Last Run               Last # of DB Queries
------------------------------------  -----  ---------  --------  ----------  --------------  -------------------  ----------------------
/opt/airflow/dags/retail_pipeline.py                           1           0  0.12s           2026-08-02T00:03:48                      12
================================================================================
[2026-08-02T00:04:35.639+0000] {manager.py:997} INFO - 
================================================================================
DAG File Processing Stats

File Path                             PID    Runtime      # DAGs    # Errors  Last Runtime    Last Run               Last # of DB Queries
------------------------------------  -----  ---------  --------  ----------  --------------  -------------------  ----------------------
/opt/airflow/dags/retail_pipeline.py                           1           0  0.12s           2026-08-02T00:04:18                      12
================================================================================
[2026-08-02T00:05:06.027+0000] {manager.py:997} INFO - 
================================================================================
DAG File Processing Stats

File Path                             PID    Runtime      # DAGs    # Errors  Last Runtime    Last Run               Last # of DB Queries
------------------------------------  -----  ---------  --------  ----------  --------------  -------------------  ----------------------
/opt/airflow/dags/retail_pipeline.py                           1           0  0.15s           2026-08-02T00:04:48                      12
================================================================================
[2026-08-02T00:05:36.394+0000] {manager.py:997} INFO - 
================================================================================
DAG File Processing Stats

File Path                             PID    Runtime      # DAGs    # Errors  Last Runtime    Last Run               Last # of DB Queries
------------------------------------  -----  ---------  --------  ----------  --------------  -------------------  ----------------------
/opt/airflow/dags/retail_pipeline.py                           1           0  0.14s           2026-08-02T00:05:19                      12
================================================================================
[2026-08-02T00:06:06.774+0000] {manager.py:997} INFO - 
================================================================================
DAG File Processing Stats

File Path                             PID    Runtime      # DAGs    # Errors  Last Runtime    Last Run               Last # of DB Queries
------------------------------------  -----  ---------  --------  ----------  --------------  -------------------  ----------------------
/opt/airflow/dags/retail_pipeline.py                           1           0  0.11s           2026-08-02T00:05:49                      12
================================================================================
[2026-08-02T00:06:37.128+0000] {manager.py:997} INFO - 
================================================================================
DAG File Processing Stats

File Path                             PID    Runtime      # DAGs    # Errors  Last Runtime    Last Run               Last # of DB Queries
------------------------------------  -----  ---------  --------  ----------  --------------  -------------------  ----------------------
/opt/airflow/dags/retail_pipeline.py                           1           0  0.12s           2026-08-02T00:06:20                      12
================================================================================
[2026-08-02T00:06:40.164+0000] {manager.py:821} INFO - Searching for files in /opt/airflow/dags
[2026-08-02T00:06:40.172+0000] {manager.py:824} INFO - There are 1 files in /opt/airflow/dags
[2026-08-02T00:07:07.446+0000] {manager.py:997} INFO - 
================================================================================
DAG File Processing Stats

File Path                             PID    Runtime      # DAGs    # Errors  Last Runtime    Last Run               Last # of DB Queries
------------------------------------  -----  ---------  --------  ----------  --------------  -------------------  ----------------------
/opt/airflow/dags/retail_pipeline.py                           1           0  0.12s           2026-08-02T00:06:50                      12
================================================================================
[2026-08-02T00:07:37.879+0000] {manager.py:997} INFO - 
================================================================================
DAG File Processing Stats

File Path                             PID    Runtime      # DAGs    # Errors  Last Runtime    Last Run               Last # of DB Queries
------------------------------------  -----  ---------  --------  ----------  --------------  -------------------  ----------------------
/opt/airflow/dags/retail_pipeline.py                           1           0  0.13s           2026-08-02T00:07:20                      12
================================================================================
[2026-08-02T00:08:08.171+0000] {manager.py:997} INFO - 
================================================================================
DAG File Processing Stats

File Path                             PID    Runtime      # DAGs    # Errors  Last Runtime    Last Run               Last # of DB Queries
------------------------------------  -----  ---------  --------  ----------  --------------  -------------------  ----------------------
/opt/airflow/dags/retail_pipeline.py                           1           0  0.15s           2026-08-02T00:07:51                      12
================================================================================
[2026-08-02T00:08:38.420+0000] {manager.py:997} INFO - 
================================================================================
DAG File Processing Stats

File Path                             PID    Runtime      # DAGs    # Errors  Last Runtime    Last Run               Last # of DB Queries
------------------------------------  -----  ---------  --------  ----------  --------------  -------------------  ----------------------
/opt/airflow/dags/retail_pipeline.py                           1           0  0.11s           2026-08-02T00:08:21                      12
================================================================================
[2026-08-02T00:09:08.852+0000] {manager.py:997} INFO - 
================================================================================
DAG File Processing Stats

File Path                             PID    Runtime      # DAGs    # Errors  Last Runtime    Last Run               Last # of DB Queries
------------------------------------  -----  ---------  --------  ----------  --------------  -------------------  ----------------------
/opt/airflow/dags/retail_pipeline.py                           1           0  0.13s           2026-08-02T00:08:51                      12
================================================================================
[2026-08-02T00:09:39.188+0000] {manager.py:997} INFO - 
================================================================================
DAG File Processing Stats

File Path                             PID    Runtime      # DAGs    # Errors  Last Runtime    Last Run               Last # of DB Queries
------------------------------------  -----  ---------  --------  ----------  --------------  -------------------  ----------------------
/opt/airflow/dags/retail_pipeline.py                           1           0  0.12s           2026-08-02T00:09:22                      12
================================================================================
[2026-08-02T00:10:09.567+0000] {manager.py:997} INFO - 
================================================================================
DAG File Processing Stats

File Path                             PID    Runtime      # DAGs    # Errors  Last Runtime    Last Run               Last # of DB Queries
------------------------------------  -----  ---------  --------  ----------  --------------  -------------------  ----------------------
/opt/airflow/dags/retail_pipeline.py                           1           0  0.12s           2026-08-02T00:09:52                      12
================================================================================
[2026-08-02T00:10:39.948+0000] {manager.py:997} INFO - 
================================================================================
DAG File Processing Stats

File Path                             PID    Runtime      # DAGs    # Errors  Last Runtime    Last Run               Last # of DB Queries
------------------------------------  -----  ---------  --------  ----------  --------------  -------------------  ----------------------
/opt/airflow/dags/retail_pipeline.py                           1           0  0.11s           2026-08-02T00:10:22                      12
================================================================================
[2026-08-02T00:11:10.322+0000] {manager.py:997} INFO - 
================================================================================
DAG File Processing Stats

File Path                             PID    Runtime      # DAGs    # Errors  Last Runtime    Last Run               Last # of DB Queries
------------------------------------  -----  ---------  --------  ----------  --------------  -------------------  ----------------------
/opt/airflow/dags/retail_pipeline.py                           1           0  0.14s           2026-08-02T00:10:53                      12
================================================================================
[2026-08-02T00:11:40.557+0000] {manager.py:821} INFO - Searching for files in /opt/airflow/dags
[2026-08-02T00:11:40.565+0000] {manager.py:824} INFO - There are 1 files in /opt/airflow/dags
[2026-08-02T00:11:40.572+0000] {manager.py:997} INFO - 
================================================================================
DAG File Processing Stats

File Path                             PID    Runtime      # DAGs    # Errors  Last Runtime    Last Run               Last # of DB Queries
------------------------------------  -----  ---------  --------  ----------  --------------  -------------------  ----------------------
/opt/airflow/dags/retail_pipeline.py                           1           0  0.14s           2026-08-02T00:11:23                      12
================================================================================
[2026-08-02T00:12:10.889+0000] {manager.py:997} INFO - 
================================================================================
DAG File Processing Stats

File Path                             PID    Runtime      # DAGs    # Errors  Last Runtime    Last Run               Last # of DB Queries
------------------------------------  -----  ---------  --------  ----------  --------------  -------------------  ----------------------
/opt/airflow/dags/retail_pipeline.py                           1           0  0.14s           2026-08-02T00:11:53                      12
================================================================================
[2026-08-02T00:12:41.276+0000] {manager.py:997} INFO - 
================================================================================
DAG File Processing Stats

File Path                             PID    Runtime      # DAGs    # Errors  Last Runtime    Last Run               Last # of DB Queries
------------------------------------  -----  ---------  --------  ----------  --------------  -------------------  ----------------------
/opt/airflow/dags/retail_pipeline.py                           1           0  0.15s           2026-08-02T00:12:24                      12
================================================================================
[2026-08-02T00:13:11.596+0000] {manager.py:997} INFO - 
================================================================================
DAG File Processing Stats

File Path                             PID    Runtime      # DAGs    # Errors  Last Runtime    Last Run               Last # of DB Queries
------------------------------------  -----  ---------  --------  ----------  --------------  -------------------  ----------------------
/opt/airflow/dags/retail_pipeline.py                           1           0  0.09s           2026-08-02T00:12:54                      12
================================================================================
[2026-08-02T00:13:42.022+0000] {manager.py:997} INFO - 
================================================================================
DAG File Processing Stats

File Path                             PID    Runtime      # DAGs    # Errors  Last Runtime    Last Run               Last # of DB Queries
------------------------------------  -----  ---------  --------  ----------  --------------  -------------------  ----------------------
/opt/airflow/dags/retail_pipeline.py                           1           0  0.14s           2026-08-02T00:13:24                      12
================================================================================
[2026-08-02T00:14:12.404+0000] {manager.py:997} INFO - 
================================================================================
DAG File Processing Stats

File Path                             PID    Runtime      # DAGs    # Errors  Last Runtime    Last Run               Last # of DB Queries
------------------------------------  -----  ---------  --------  ----------  --------------  -------------------  ----------------------
/opt/airflow/dags/retail_pipeline.py                           1           0  0.15s           2026-08-02T00:13:55                      12
================================================================================
[2026-08-02T00:14:42.736+0000] {manager.py:997} INFO - 
================================================================================
DAG File Processing Stats

File Path                             PID    Runtime      # DAGs    # Errors  Last Runtime    Last Run               Last # of DB Queries
------------------------------------  -----  ---------  --------  ----------  --------------  -------------------  ----------------------
/opt/airflow/dags/retail_pipeline.py                           1           0  0.10s           2026-08-02T00:14:25                      12
================================================================================
[2026-08-02T00:15:13.077+0000] {manager.py:997} INFO - 
================================================================================
DAG File Processing Stats

File Path                             PID    Runtime      # DAGs    # Errors  Last Runtime    Last Run               Last # of DB Queries
------------------------------------  -----  ---------  --------  ----------  --------------  -------------------  ----------------------
/opt/airflow/dags/retail_pipeline.py                           1           0  0.10s           2026-08-02T00:14:55                      12
================================================================================
[2026-08-02T00:15:43.420+0000] {manager.py:997} INFO - 
================================================================================
DAG File Processing Stats

File Path                             PID    Runtime      # DAGs    # Errors  Last Runtime    Last Run               Last # of DB Queries
------------------------------------  -----  ---------  --------  ----------  --------------  -------------------  ----------------------
/opt/airflow/dags/retail_pipeline.py                           1           0  0.10s           2026-08-02T00:15:26                      12
================================================================================
[2026-08-02T00:16:13.747+0000] {manager.py:997} INFO - 
================================================================================
DAG File Processing Stats

File Path                             PID    Runtime      # DAGs    # Errors  Last Runtime    Last Run               Last # of DB Queries
------------------------------------  -----  ---------  --------  ----------  --------------  -------------------  ----------------------
/opt/airflow/dags/retail_pipeline.py                           1           0  0.10s           2026-08-02T00:15:56                      12
================================================================================
[2026-08-02T00:16:41.068+0000] {manager.py:821} INFO - Searching for files in /opt/airflow/dags
[2026-08-02T00:16:41.079+0000] {manager.py:824} INFO - There are 1 files in /opt/airflow/dags
[2026-08-02T00:16:44.129+0000] {manager.py:997} INFO - 
================================================================================
DAG File Processing Stats

File Path                             PID    Runtime      # DAGs    # Errors  Last Runtime    Last Run               Last # of DB Queries
------------------------------------  -----  ---------  --------  ----------  --------------  -------------------  ----------------------
/opt/airflow/dags/retail_pipeline.py                           1           0  0.16s           2026-08-02T00:16:27                      12
================================================================================
[2026-08-02T00:17:14.481+0000] {manager.py:997} INFO - 
================================================================================
DAG File Processing Stats

File Path                             PID    Runtime      # DAGs    # Errors  Last Runtime    Last Run               Last # of DB Queries
------------------------------------  -----  ---------  --------  ----------  --------------  -------------------  ----------------------
/opt/airflow/dags/retail_pipeline.py                           1           0  0.15s           2026-08-02T00:16:57                      12
================================================================================
[2026-08-02T00:17:44.902+0000] {manager.py:997} INFO - 
================================================================================
DAG File Processing Stats

File Path                             PID    Runtime      # DAGs    # Errors  Last Runtime    Last Run               Last # of DB Queries
------------------------------------  -----  ---------  --------  ----------  --------------  -------------------  ----------------------
/opt/airflow/dags/retail_pipeline.py                           1           0  0.13s           2026-08-02T00:17:27                      12
================================================================================
[2026-08-02T00:18:15.319+0000] {manager.py:997} INFO - 
================================================================================
DAG File Processing Stats

File Path                             PID    Runtime      # DAGs    # Errors  Last Runtime    Last Run               Last # of DB Queries
------------------------------------  -----  ---------  --------  ----------  --------------  -------------------  ----------------------
/opt/airflow/dags/retail_pipeline.py                           1           0  0.18s           2026-08-02T00:17:58                      12
================================================================================
[2026-08-02T00:18:45.731+0000] {manager.py:997} INFO - 
================================================================================
DAG File Processing Stats

File Path                             PID    Runtime      # DAGs    # Errors  Last Runtime    Last Run               Last # of DB Queries
------------------------------------  -----  ---------  --------  ----------  --------------  -------------------  ----------------------
/opt/airflow/dags/retail_pipeline.py                           1           0  0.15s           2026-08-02T00:18:28                      12
================================================================================
[2026-08-02T00:19:16.069+0000] {manager.py:997} INFO - 
================================================================================
DAG File Processing Stats

File Path                             PID    Runtime      # DAGs    # Errors  Last Runtime    Last Run               Last # of DB Queries
------------------------------------  -----  ---------  --------  ----------  --------------  -------------------  ----------------------
/opt/airflow/dags/retail_pipeline.py                           1           0  0.14s           2026-08-02T00:18:59                      12
================================================================================
[2026-08-02T00:19:46.415+0000] {manager.py:997} INFO - 
================================================================================
DAG File Processing Stats

File Path                             PID    Runtime      # DAGs    # Errors  Last Runtime    Last Run               Last # of DB Queries
------------------------------------  -----  ---------  --------  ----------  --------------  -------------------  ----------------------
/opt/airflow/dags/retail_pipeline.py                           1           0  0.16s           2026-08-02T00:19:29                      12
================================================================================
[2026-08-02T00:20:16.929+0000] {manager.py:997} INFO - 
================================================================================
DAG File Processing Stats

File Path                             PID    Runtime      # DAGs    # Errors  Last Runtime    Last Run               Last # of DB Queries
------------------------------------  -----  ---------  --------  ----------  --------------  -------------------  ----------------------
/opt/airflow/dags/retail_pipeline.py                           1           0  0.15s           2026-08-02T00:19:59                      12
================================================================================
[2026-08-02T00:20:47.316+0000] {manager.py:997} INFO - 
================================================================================
DAG File Processing Stats

File Path                             PID    Runtime      # DAGs    # Errors  Last Runtime    Last Run               Last # of DB Queries
------------------------------------  -----  ---------  --------  ----------  --------------  -------------------  ----------------------
/opt/airflow/dags/retail_pipeline.py                           1           0  0.14s           2026-08-02T00:20:30                      12
================================================================================
[2026-08-02T00:21:17.691+0000] {manager.py:997} INFO - 
================================================================================
DAG File Processing Stats

File Path                             PID    Runtime      # DAGs    # Errors  Last Runtime    Last Run               Last # of DB Queries
------------------------------------  -----  ---------  --------  ----------  --------------  -------------------  ----------------------
/opt/airflow/dags/retail_pipeline.py                           1           0  0.11s           2026-08-02T00:21:00                      12
================================================================================
[2026-08-02T00:21:41.102+0000] {manager.py:821} INFO - Searching for files in /opt/airflow/dags
[2026-08-02T00:21:41.115+0000] {manager.py:824} INFO - There are 1 files in /opt/airflow/dags
[2026-08-02T00:21:48.200+0000] {manager.py:997} INFO - 
================================================================================
DAG File Processing Stats

File Path                             PID    Runtime      # DAGs    # Errors  Last Runtime    Last Run               Last # of DB Queries
------------------------------------  -----  ---------  --------  ----------  --------------  -------------------  ----------------------
/opt/airflow/dags/retail_pipeline.py                           1           0  0.15s           2026-08-02T00:21:31                      12
================================================================================
[2026-08-02T00:22:18.574+0000] {manager.py:997} INFO - 
================================================================================
DAG File Processing Stats

File Path                             PID    Runtime      # DAGs    # Errors  Last Runtime    Last Run               Last # of DB Queries
------------------------------------  -----  ---------  --------  ----------  --------------  -------------------  ----------------------
/opt/airflow/dags/retail_pipeline.py                           1           0  0.14s           2026-08-02T00:22:01                      12
================================================================================
[2026-08-02T00:22:48.939+0000] {manager.py:997} INFO - 
================================================================================
DAG File Processing Stats

File Path                             PID    Runtime      # DAGs    # Errors  Last Runtime    Last Run               Last # of DB Queries
------------------------------------  -----  ---------  --------  ----------  --------------  -------------------  ----------------------
/opt/airflow/dags/retail_pipeline.py                           1           0  0.14s           2026-08-02T00:22:31                      12
================================================================================
[2026-08-02T00:23:19.284+0000] {manager.py:997} INFO - 
================================================================================
DAG File Processing Stats

File Path                             PID    Runtime      # DAGs    # Errors  Last Runtime    Last Run               Last # of DB Queries
------------------------------------  -----  ---------  --------  ----------  --------------  -------------------  ----------------------
/opt/airflow/dags/retail_pipeline.py                           1           0  0.15s           2026-08-02T00:23:02                      12
================================================================================
[2026-08-02T00:23:49.699+0000] {manager.py:997} INFO - 
================================================================================
DAG File Processing Stats

File Path                             PID    Runtime      # DAGs    # Errors  Last Runtime    Last Run               Last # of DB Queries
------------------------------------  -----  ---------  --------  ----------  --------------  -------------------  ----------------------
/opt/airflow/dags/retail_pipeline.py                           1           0  0.13s           2026-08-02T00:23:32                      12
================================================================================
[2026-08-02T00:24:20.078+0000] {manager.py:997} INFO - 
================================================================================
DAG File Processing Stats

File Path                             PID    Runtime      # DAGs    # Errors  Last Runtime    Last Run               Last # of DB Queries
------------------------------------  -----  ---------  --------  ----------  --------------  -------------------  ----------------------
/opt/airflow/dags/retail_pipeline.py                           1           0  0.12s           2026-08-02T00:24:02                      12
================================================================================
[2026-08-02T00:24:50.427+0000] {manager.py:997} INFO - 
================================================================================
DAG File Processing Stats

File Path                             PID    Runtime      # DAGs    # Errors  Last Runtime    Last Run               Last # of DB Queries
------------------------------------  -----  ---------  --------  ----------  --------------  -------------------  ----------------------
/opt/airflow/dags/retail_pipeline.py                           1           0  0.13s           2026-08-02T00:24:33                      12
================================================================================
[2026-08-02T00:25:20.794+0000] {manager.py:997} INFO - 
================================================================================
DAG File Processing Stats

File Path                             PID    Runtime      # DAGs    # Errors  Last Runtime    Last Run               Last # of DB Queries
------------------------------------  -----  ---------  --------  ----------  --------------  -------------------  ----------------------
/opt/airflow/dags/retail_pipeline.py                           1           0  0.15s           2026-08-02T00:25:03                      12
================================================================================
[2026-08-02T00:25:51.190+0000] {manager.py:997} INFO - 
================================================================================
DAG File Processing Stats

File Path                             PID    Runtime      # DAGs    # Errors  Last Runtime    Last Run               Last # of DB Queries
------------------------------------  -----  ---------  --------  ----------  --------------  -------------------  ----------------------
/opt/airflow/dags/retail_pipeline.py                           1           0  0.15s           2026-08-02T00:25:34                      12
================================================================================
[2026-08-02T00:26:21.532+0000] {manager.py:997} INFO - 
================================================================================
DAG File Processing Stats

File Path                             PID    Runtime      # DAGs    # Errors  Last Runtime    Last Run               Last # of DB Queries
------------------------------------  -----  ---------  --------  ----------  --------------  -------------------  ----------------------
/opt/airflow/dags/retail_pipeline.py                           1           0  0.14s           2026-08-02T00:26:04                      12
================================================================================
[2026-08-02T00:26:41.777+0000] {manager.py:821} INFO - Searching for files in /opt/airflow/dags
[2026-08-02T00:26:41.785+0000] {manager.py:824} INFO - There are 1 files in /opt/airflow/dags
[2026-08-02T00:26:51.888+0000] {manager.py:997} INFO - 
================================================================================
DAG File Processing Stats

File Path                             PID    Runtime      # DAGs    # Errors  Last Runtime    Last Run               Last # of DB Queries
------------------------------------  -----  ---------  --------  ----------  --------------  -------------------  ----------------------
/opt/airflow/dags/retail_pipeline.py                           1           0  0.13s           2026-08-02T00:26:34                      12
================================================================================
[2026-08-02T00:27:22.238+0000] {manager.py:997} INFO - 
================================================================================
DAG File Processing Stats

File Path                             PID    Runtime      # DAGs    # Errors  Last Runtime    Last Run               Last # of DB Queries
------------------------------------  -----  ---------  --------  ----------  --------------  -------------------  ----------------------
/opt/airflow/dags/retail_pipeline.py                           1           0  0.14s           2026-08-02T00:27:05                      12
================================================================================
[2026-08-02T00:27:52.653+0000] {manager.py:997} INFO - 
================================================================================
DAG File Processing Stats

File Path                             PID    Runtime      # DAGs    # Errors  Last Runtime    Last Run               Last # of DB Queries
------------------------------------  -----  ---------  --------  ----------  --------------  -------------------  ----------------------
/opt/airflow/dags/retail_pipeline.py                           1           0  0.20s           2026-08-02T00:27:35                      12
================================================================================
[2026-08-02T00:28:23.027+0000] {manager.py:997} INFO - 
================================================================================
DAG File Processing Stats

File Path                             PID    Runtime      # DAGs    # Errors  Last Runtime    Last Run               Last # of DB Queries
------------------------------------  -----  ---------  --------  ----------  --------------  -------------------  ----------------------
/opt/airflow/dags/retail_pipeline.py                           1           0  0.15s           2026-08-02T00:28:05                      12
================================================================================
[2026-08-02T00:28:53.409+0000] {manager.py:997} INFO - 
================================================================================
DAG File Processing Stats

File Path                             PID    Runtime      # DAGs    # Errors  Last Runtime    Last Run               Last # of DB Queries
------------------------------------  -----  ---------  --------  ----------  --------------  -------------------  ----------------------
/opt/airflow/dags/retail_pipeline.py                           1           0  0.14s           2026-08-02T00:28:36                      12
================================================================================
[2026-08-02T00:29:23.828+0000] {manager.py:997} INFO - 
================================================================================
DAG File Processing Stats

File Path                             PID    Runtime      # DAGs    # Errors  Last Runtime    Last Run               Last # of DB Queries
------------------------------------  -----  ---------  --------  ----------  --------------  -------------------  ----------------------
/opt/airflow/dags/retail_pipeline.py                           1           0  0.16s           2026-08-02T00:29:06                      12
================================================================================
[2026-08-02T00:29:54.272+0000] {manager.py:997} INFO - 
================================================================================
DAG File Processing Stats

File Path                             PID    Runtime      # DAGs    # Errors  Last Runtime    Last Run               Last # of DB Queries
------------------------------------  -----  ---------  --------  ----------  --------------  -------------------  ----------------------
/opt/airflow/dags/retail_pipeline.py                           1           0  0.16s           2026-08-02T00:29:37                      12
================================================================================
[2026-08-02T00:30:24.645+0000] {manager.py:997} INFO - 
================================================================================
DAG File Processing Stats

File Path                             PID    Runtime      # DAGs    # Errors  Last Runtime    Last Run               Last # of DB Queries
------------------------------------  -----  ---------  --------  ----------  --------------  -------------------  ----------------------
/opt/airflow/dags/retail_pipeline.py                           1           0  0.13s           2026-08-02T00:30:07                      12
================================================================================
[2026-08-02T00:30:55.089+0000] {manager.py:997} INFO - 
================================================================================
DAG File Processing Stats

File Path                             PID    Runtime      # DAGs    # Errors  Last Runtime    Last Run               Last # of DB Queries
------------------------------------  -----  ---------  --------  ----------  --------------  -------------------  ----------------------
/opt/airflow/dags/retail_pipeline.py                           1           0  0.16s           2026-08-02T00:30:37                      12
================================================================================
[2026-08-02T00:31:25.494+0000] {manager.py:997} INFO - 
================================================================================
DAG File Processing Stats

File Path                             PID    Runtime      # DAGs    # Errors  Last Runtime    Last Run               Last # of DB Queries
------------------------------------  -----  ---------  --------  ----------  --------------  -------------------  ----------------------
/opt/airflow/dags/retail_pipeline.py                           1           0  0.14s           2026-08-02T00:31:08                      12
================================================================================
[2026-08-02T00:31:41.847+0000] {manager.py:821} INFO - Searching for files in /opt/airflow/dags
[2026-08-02T00:31:41.859+0000] {manager.py:824} INFO - There are 1 files in /opt/airflow/dags
[2026-08-02T00:31:55.857+0000] {manager.py:997} INFO - 
================================================================================
DAG File Processing Stats

File Path                             PID    Runtime      # DAGs    # Errors  Last Runtime    Last Run               Last # of DB Queries
------------------------------------  -----  ---------  --------  ----------  --------------  -------------------  ----------------------
/opt/airflow/dags/retail_pipeline.py                           1           0  0.16s           2026-08-02T00:31:38                      12
================================================================================
[2026-08-02T00:32:26.343+0000] {manager.py:997} INFO - 
================================================================================
DAG File Processing Stats

File Path                             PID    Runtime      # DAGs    # Errors  Last Runtime    Last Run               Last # of DB Queries
------------------------------------  -----  ---------  --------  ----------  --------------  -------------------  ----------------------
/opt/airflow/dags/retail_pipeline.py                           1           0  0.17s           2026-08-02T00:32:09                      12
================================================================================
[2026-08-02T00:32:56.722+0000] {manager.py:997} INFO - 
================================================================================
DAG File Processing Stats

File Path                             PID    Runtime      # DAGs    # Errors  Last Runtime    Last Run               Last # of DB Queries
------------------------------------  -----  ---------  --------  ----------  --------------  -------------------  ----------------------
/opt/airflow/dags/retail_pipeline.py                           1           0  0.15s           2026-08-02T00:32:39                      12
================================================================================
[2026-08-02T00:33:27.110+0000] {manager.py:997} INFO - 
================================================================================
DAG File Processing Stats

File Path                             PID    Runtime      # DAGs    # Errors  Last Runtime    Last Run               Last # of DB Queries
------------------------------------  -----  ---------  --------  ----------  --------------  -------------------  ----------------------
/opt/airflow/dags/retail_pipeline.py                           1           0  0.12s           2026-08-02T00:33:10                      12
================================================================================
[2026-08-02T00:33:57.425+0000] {manager.py:997} INFO - 
================================================================================
DAG File Processing Stats

File Path                             PID    Runtime      # DAGs    # Errors  Last Runtime    Last Run               Last # of DB Queries
------------------------------------  -----  ---------  --------  ----------  --------------  -------------------  ----------------------
/opt/airflow/dags/retail_pipeline.py                           1           0  0.10s           2026-08-02T00:33:40                      12
================================================================================
[2026-08-02T00:34:27.695+0000] {manager.py:997} INFO - 
================================================================================
DAG File Processing Stats

File Path                             PID    Runtime      # DAGs    # Errors  Last Runtime    Last Run               Last # of DB Queries
------------------------------------  -----  ---------  --------  ----------  --------------  -------------------  ----------------------
/opt/airflow/dags/retail_pipeline.py                           1           0  0.06s           2026-08-02T00:34:10                      12
================================================================================
[2026-08-02T00:34:58.012+0000] {manager.py:997} INFO - 
================================================================================
DAG File Processing Stats

File Path                             PID    Runtime      # DAGs    # Errors  Last Runtime    Last Run               Last # of DB Queries
------------------------------------  -----  ---------  --------  ----------  --------------  -------------------  ----------------------
/opt/airflow/dags/retail_pipeline.py                           1           0  0.11s           2026-08-02T00:34:40                      12
================================================================================
[2026-08-02T00:35:28.522+0000] {manager.py:997} INFO - 
================================================================================
DAG File Processing Stats

File Path                             PID    Runtime      # DAGs    # Errors  Last Runtime    Last Run               Last # of DB Queries
------------------------------------  -----  ---------  --------  ----------  --------------  -------------------  ----------------------
/opt/airflow/dags/retail_pipeline.py                           1           0  0.11s           2026-08-02T00:35:11                      12
================================================================================
[2026-08-02T00:35:58.874+0000] {manager.py:997} INFO - 
================================================================================
DAG File Processing Stats

File Path                             PID    Runtime      # DAGs    # Errors  Last Runtime    Last Run               Last # of DB Queries
------------------------------------  -----  ---------  --------  ----------  --------------  -------------------  ----------------------
/opt/airflow/dags/retail_pipeline.py                           1           0  0.14s           2026-08-02T00:35:41                      12
================================================================================
[2026-08-02T00:36:29.324+0000] {manager.py:997} INFO - 
================================================================================
DAG File Processing Stats

File Path                             PID    Runtime      # DAGs    # Errors  Last Runtime    Last Run               Last # of DB Queries
------------------------------------  -----  ---------  --------  ----------  --------------  -------------------  ----------------------
/opt/airflow/dags/retail_pipeline.py                           1           0  0.14s           2026-08-02T00:36:12                      12
================================================================================
[2026-08-02T00:36:42.465+0000] {manager.py:821} INFO - Searching for files in /opt/airflow/dags
[2026-08-02T00:36:42.469+0000] {manager.py:824} INFO - There are 1 files in /opt/airflow/dags
[2026-08-02T00:36:59.657+0000] {manager.py:997} INFO - 
================================================================================
DAG File Processing Stats

File Path                             PID    Runtime      # DAGs    # Errors  Last Runtime    Last Run               Last # of DB Queries
------------------------------------  -----  ---------  --------  ----------  --------------  -------------------  ----------------------
/opt/airflow/dags/retail_pipeline.py                           1           0  0.13s           2026-08-02T00:36:42                      12
================================================================================
[2026-08-02T00:37:30.074+0000] {manager.py:997} INFO - 
================================================================================
DAG File Processing Stats

File Path                             PID    Runtime      # DAGs    # Errors  Last Runtime    Last Run               Last # of DB Queries
------------------------------------  -----  ---------  --------  ----------  --------------  -------------------  ----------------------
/opt/airflow/dags/retail_pipeline.py                           1           0  0.12s           2026-08-02T00:37:12                      12
================================================================================
[2026-08-02T00:38:00.414+0000] {manager.py:997} INFO - 
================================================================================
DAG File Processing Stats

File Path                             PID    Runtime      # DAGs    # Errors  Last Runtime    Last Run               Last # of DB Queries
------------------------------------  -----  ---------  --------  ----------  --------------  -------------------  ----------------------
/opt/airflow/dags/retail_pipeline.py                           1           0  0.10s           2026-08-02T00:37:43                      12
================================================================================
[2026-08-02T00:38:30.744+0000] {manager.py:997} INFO - 
================================================================================
DAG File Processing Stats

File Path                             PID    Runtime      # DAGs    # Errors  Last Runtime    Last Run               Last # of DB Queries
------------------------------------  -----  ---------  --------  ----------  --------------  -------------------  ----------------------
/opt/airflow/dags/retail_pipeline.py                           1           0  0.12s           2026-08-02T00:38:13                      12
================================================================================
[2026-08-02T00:39:01.149+0000] {manager.py:997} INFO - 
================================================================================
DAG File Processing Stats

File Path                             PID    Runtime      # DAGs    # Errors  Last Runtime    Last Run               Last # of DB Queries
------------------------------------  -----  ---------  --------  ----------  --------------  -------------------  ----------------------
/opt/airflow/dags/retail_pipeline.py                           1           0  0.14s           2026-08-02T00:38:44                      12
================================================================================
[2026-08-02T00:39:31.523+0000] {manager.py:997} INFO - 
================================================================================
DAG File Processing Stats

File Path                             PID    Runtime      # DAGs    # Errors  Last Runtime    Last Run               Last # of DB Queries
------------------------------------  -----  ---------  --------  ----------  --------------  -------------------  ----------------------
/opt/airflow/dags/retail_pipeline.py                           1           0  0.14s           2026-08-02T00:39:14                      12
================================================================================
[2026-08-02T00:40:01.933+0000] {manager.py:997} INFO - 
================================================================================
DAG File Processing Stats

File Path                             PID    Runtime      # DAGs    # Errors  Last Runtime    Last Run               Last # of DB Queries
------------------------------------  -----  ---------  --------  ----------  --------------  -------------------  ----------------------
/opt/airflow/dags/retail_pipeline.py                           1           0  0.14s           2026-08-02T00:39:44                      12
================================================================================
[2026-08-02T00:40:32.366+0000] {manager.py:997} INFO - 
================================================================================
DAG File Processing Stats

File Path                             PID    Runtime      # DAGs    # Errors  Last Runtime    Last Run               Last # of DB Queries
------------------------------------  -----  ---------  --------  ----------  --------------  -------------------  ----------------------
/opt/airflow/dags/retail_pipeline.py                           1           0  0.12s           2026-08-02T00:40:15                      12
================================================================================
[2026-08-02T00:40:37.355+0000] {manager.py:465} INFO - Exiting gracefully upon receiving signal 15
