[2026-07-30T09:29:30.219+0000] {processor.py:186} INFO - Started process (PID=25) to work on /opt/airflow/dags/retail_pipeline.py
[2026-07-30T09:29:30.220+0000] {processor.py:914} INFO - Processing file /opt/airflow/dags/retail_pipeline.py for tasks to queue
[2026-07-30T09:29:30.223+0000] {logging_mixin.py:190} INFO - [2026-07-30T09:29:30.222+0000] {dagbag.py:587} INFO - Filling up the DagBag from /opt/airflow/dags/retail_pipeline.py
[2026-07-30T09:29:30.250+0000] {processor.py:925} INFO - DAG(s) 'retail_etl' retrieved from /opt/airflow/dags/retail_pipeline.py
[2026-07-30T09:29:30.318+0000] {logging_mixin.py:190} INFO - [2026-07-30T09:29:30.318+0000] {dag.py:3211} INFO - Sync 1 DAGs
[2026-07-30T09:29:30.338+0000] {logging_mixin.py:190} INFO - [2026-07-30T09:29:30.337+0000] {dag.py:4138} INFO - Setting next_dagrun for retail_etl to 2026-07-30 00:00:00+00:00, run_after=2026-07-31 00:00:00+00:00
[2026-07-30T09:29:30.348+0000] {processor.py:208} INFO - Processing /opt/airflow/dags/retail_pipeline.py took 0.134 seconds
[2026-07-30T09:30:00.566+0000] {processor.py:186} INFO - Started process (PID=26) to work on /opt/airflow/dags/retail_pipeline.py
[2026-07-30T09:30:00.568+0000] {processor.py:914} INFO - Processing file /opt/airflow/dags/retail_pipeline.py for tasks to queue
[2026-07-30T09:30:00.572+0000] {logging_mixin.py:190} INFO - [2026-07-30T09:30:00.571+0000] {dagbag.py:587} INFO - Filling up the DagBag from /opt/airflow/dags/retail_pipeline.py
[2026-07-30T09:30:00.594+0000] {processor.py:925} INFO - DAG(s) 'retail_etl' retrieved from /opt/airflow/dags/retail_pipeline.py
[2026-07-30T09:30:00.623+0000] {logging_mixin.py:190} INFO - [2026-07-30T09:30:00.623+0000] {dag.py:3211} INFO - Sync 1 DAGs
[2026-07-30T09:30:00.637+0000] {logging_mixin.py:190} INFO - [2026-07-30T09:30:00.637+0000] {dag.py:4138} INFO - Setting next_dagrun for retail_etl to 2026-07-30 00:00:00+00:00, run_after=2026-07-31 00:00:00+00:00
[2026-07-30T09:30:00.651+0000] {processor.py:208} INFO - Processing /opt/airflow/dags/retail_pipeline.py took 0.093 seconds
[2026-07-30T09:30:30.985+0000] {processor.py:186} INFO - Started process (PID=27) to work on /opt/airflow/dags/retail_pipeline.py
[2026-07-30T09:30:30.986+0000] {processor.py:914} INFO - Processing file /opt/airflow/dags/retail_pipeline.py for tasks to queue
[2026-07-30T09:30:30.989+0000] {logging_mixin.py:190} INFO - [2026-07-30T09:30:30.988+0000] {dagbag.py:587} INFO - Filling up the DagBag from /opt/airflow/dags/retail_pipeline.py
[2026-07-30T09:30:31.004+0000] {processor.py:925} INFO - DAG(s) 'retail_etl' retrieved from /opt/airflow/dags/retail_pipeline.py
[2026-07-30T09:30:31.035+0000] {logging_mixin.py:190} INFO - [2026-07-30T09:30:31.035+0000] {dag.py:3211} INFO - Sync 1 DAGs
[2026-07-30T09:30:31.053+0000] {logging_mixin.py:190} INFO - [2026-07-30T09:30:31.053+0000] {dag.py:4138} INFO - Setting next_dagrun for retail_etl to 2026-07-30 00:00:00+00:00, run_after=2026-07-31 00:00:00+00:00
[2026-07-30T09:30:31.061+0000] {processor.py:208} INFO - Processing /opt/airflow/dags/retail_pipeline.py took 0.086 seconds
[2026-07-30T09:31:01.387+0000] {processor.py:186} INFO - Started process (PID=28) to work on /opt/airflow/dags/retail_pipeline.py
[2026-07-30T09:31:01.388+0000] {processor.py:914} INFO - Processing file /opt/airflow/dags/retail_pipeline.py for tasks to queue
[2026-07-30T09:31:01.391+0000] {logging_mixin.py:190} INFO - [2026-07-30T09:31:01.390+0000] {dagbag.py:587} INFO - Filling up the DagBag from /opt/airflow/dags/retail_pipeline.py
[2026-07-30T09:31:01.412+0000] {processor.py:925} INFO - DAG(s) 'retail_etl' retrieved from /opt/airflow/dags/retail_pipeline.py
[2026-07-30T09:31:01.442+0000] {logging_mixin.py:190} INFO - [2026-07-30T09:31:01.442+0000] {dag.py:3211} INFO - Sync 1 DAGs
[2026-07-30T09:31:01.460+0000] {logging_mixin.py:190} INFO - [2026-07-30T09:31:01.460+0000] {dag.py:4138} INFO - Setting next_dagrun for retail_etl to 2026-07-30 00:00:00+00:00, run_after=2026-07-31 00:00:00+00:00
[2026-07-30T09:31:01.471+0000] {processor.py:208} INFO - Processing /opt/airflow/dags/retail_pipeline.py took 0.093 seconds
[2026-07-30T09:31:31.785+0000] {processor.py:186} INFO - Started process (PID=69) to work on /opt/airflow/dags/retail_pipeline.py
[2026-07-30T09:31:31.787+0000] {processor.py:914} INFO - Processing file /opt/airflow/dags/retail_pipeline.py for tasks to queue
[2026-07-30T09:31:31.790+0000] {logging_mixin.py:190} INFO - [2026-07-30T09:31:31.790+0000] {dagbag.py:587} INFO - Filling up the DagBag from /opt/airflow/dags/retail_pipeline.py
[2026-07-30T09:31:31.804+0000] {processor.py:925} INFO - DAG(s) 'retail_etl' retrieved from /opt/airflow/dags/retail_pipeline.py
[2026-07-30T09:31:31.829+0000] {logging_mixin.py:190} INFO - [2026-07-30T09:31:31.829+0000] {dag.py:3211} INFO - Sync 1 DAGs
[2026-07-30T09:31:31.845+0000] {logging_mixin.py:190} INFO - [2026-07-30T09:31:31.845+0000] {dag.py:4138} INFO - Setting next_dagrun for retail_etl to 2026-07-30 00:00:00+00:00, run_after=2026-07-31 00:00:00+00:00
[2026-07-30T09:31:31.854+0000] {processor.py:208} INFO - Processing /opt/airflow/dags/retail_pipeline.py took 0.076 seconds
[2026-07-30T09:32:02.185+0000] {processor.py:186} INFO - Started process (PID=70) to work on /opt/airflow/dags/retail_pipeline.py
[2026-07-30T09:32:02.187+0000] {processor.py:914} INFO - Processing file /opt/airflow/dags/retail_pipeline.py for tasks to queue
[2026-07-30T09:32:02.194+0000] {logging_mixin.py:190} INFO - [2026-07-30T09:32:02.193+0000] {dagbag.py:587} INFO - Filling up the DagBag from /opt/airflow/dags/retail_pipeline.py
[2026-07-30T09:32:02.218+0000] {processor.py:925} INFO - DAG(s) 'retail_etl' retrieved from /opt/airflow/dags/retail_pipeline.py
[2026-07-30T09:32:02.267+0000] {logging_mixin.py:190} INFO - [2026-07-30T09:32:02.267+0000] {dag.py:3211} INFO - Sync 1 DAGs
[2026-07-30T09:32:02.284+0000] {logging_mixin.py:190} INFO - [2026-07-30T09:32:02.284+0000] {dag.py:4138} INFO - Setting next_dagrun for retail_etl to 2026-07-30 00:00:00+00:00, run_after=2026-07-31 00:00:00+00:00
[2026-07-30T09:32:02.294+0000] {processor.py:208} INFO - Processing /opt/airflow/dags/retail_pipeline.py took 0.121 seconds
[2026-07-30T09:32:32.568+0000] {processor.py:186} INFO - Started process (PID=71) to work on /opt/airflow/dags/retail_pipeline.py
[2026-07-30T09:32:32.569+0000] {processor.py:914} INFO - Processing file /opt/airflow/dags/retail_pipeline.py for tasks to queue
[2026-07-30T09:32:32.576+0000] {logging_mixin.py:190} INFO - [2026-07-30T09:32:32.575+0000] {dagbag.py:587} INFO - Filling up the DagBag from /opt/airflow/dags/retail_pipeline.py
[2026-07-30T09:32:32.597+0000] {processor.py:925} INFO - DAG(s) 'retail_etl' retrieved from /opt/airflow/dags/retail_pipeline.py
[2026-07-30T09:32:32.623+0000] {logging_mixin.py:190} INFO - [2026-07-30T09:32:32.623+0000] {dag.py:3211} INFO - Sync 1 DAGs
[2026-07-30T09:32:32.642+0000] {logging_mixin.py:190} INFO - [2026-07-30T09:32:32.642+0000] {dag.py:4138} INFO - Setting next_dagrun for retail_etl to 2026-07-30 00:00:00+00:00, run_after=2026-07-31 00:00:00+00:00
[2026-07-30T09:32:32.650+0000] {processor.py:208} INFO - Processing /opt/airflow/dags/retail_pipeline.py took 0.089 seconds
[2026-07-30T09:33:02.895+0000] {processor.py:186} INFO - Started process (PID=72) to work on /opt/airflow/dags/retail_pipeline.py
[2026-07-30T09:33:02.896+0000] {processor.py:914} INFO - Processing file /opt/airflow/dags/retail_pipeline.py for tasks to queue
[2026-07-30T09:33:02.900+0000] {logging_mixin.py:190} INFO - [2026-07-30T09:33:02.899+0000] {dagbag.py:587} INFO - Filling up the DagBag from /opt/airflow/dags/retail_pipeline.py
[2026-07-30T09:33:02.918+0000] {processor.py:925} INFO - DAG(s) 'retail_etl' retrieved from /opt/airflow/dags/retail_pipeline.py
[2026-07-30T09:33:02.952+0000] {logging_mixin.py:190} INFO - [2026-07-30T09:33:02.952+0000] {dag.py:3211} INFO - Sync 1 DAGs
[2026-07-30T09:33:02.976+0000] {logging_mixin.py:190} INFO - [2026-07-30T09:33:02.976+0000] {dag.py:4138} INFO - Setting next_dagrun for retail_etl to 2026-07-30 00:00:00+00:00, run_after=2026-07-31 00:00:00+00:00
[2026-07-30T09:33:02.992+0000] {processor.py:208} INFO - Processing /opt/airflow/dags/retail_pipeline.py took 0.109 seconds
[2026-07-30T09:33:33.251+0000] {processor.py:186} INFO - Started process (PID=73) to work on /opt/airflow/dags/retail_pipeline.py
[2026-07-30T09:33:33.252+0000] {processor.py:914} INFO - Processing file /opt/airflow/dags/retail_pipeline.py for tasks to queue
[2026-07-30T09:33:33.254+0000] {logging_mixin.py:190} INFO - [2026-07-30T09:33:33.254+0000] {dagbag.py:587} INFO - Filling up the DagBag from /opt/airflow/dags/retail_pipeline.py
[2026-07-30T09:33:33.271+0000] {processor.py:925} INFO - DAG(s) 'retail_etl' retrieved from /opt/airflow/dags/retail_pipeline.py
[2026-07-30T09:33:33.304+0000] {logging_mixin.py:190} INFO - [2026-07-30T09:33:33.303+0000] {dag.py:3211} INFO - Sync 1 DAGs
[2026-07-30T09:33:33.319+0000] {logging_mixin.py:190} INFO - [2026-07-30T09:33:33.318+0000] {dag.py:4138} INFO - Setting next_dagrun for retail_etl to 2026-07-30 00:00:00+00:00, run_after=2026-07-31 00:00:00+00:00
[2026-07-30T09:33:33.327+0000] {processor.py:208} INFO - Processing /opt/airflow/dags/retail_pipeline.py took 0.088 seconds
[2026-07-30T09:34:03.586+0000] {processor.py:186} INFO - Started process (PID=74) to work on /opt/airflow/dags/retail_pipeline.py
[2026-07-30T09:34:03.587+0000] {processor.py:914} INFO - Processing file /opt/airflow/dags/retail_pipeline.py for tasks to queue
[2026-07-30T09:34:03.591+0000] {logging_mixin.py:190} INFO - [2026-07-30T09:34:03.591+0000] {dagbag.py:587} INFO - Filling up the DagBag from /opt/airflow/dags/retail_pipeline.py
[2026-07-30T09:34:03.607+0000] {processor.py:925} INFO - DAG(s) 'retail_etl' retrieved from /opt/airflow/dags/retail_pipeline.py
[2026-07-30T09:34:03.629+0000] {logging_mixin.py:190} INFO - [2026-07-30T09:34:03.629+0000] {dag.py:3211} INFO - Sync 1 DAGs
[2026-07-30T09:34:03.654+0000] {logging_mixin.py:190} INFO - [2026-07-30T09:34:03.654+0000] {dag.py:4138} INFO - Setting next_dagrun for retail_etl to 2026-07-30 00:00:00+00:00, run_after=2026-07-31 00:00:00+00:00
[2026-07-30T09:34:03.664+0000] {processor.py:208} INFO - Processing /opt/airflow/dags/retail_pipeline.py took 0.088 seconds
[2026-07-30T09:34:33.976+0000] {processor.py:186} INFO - Started process (PID=75) to work on /opt/airflow/dags/retail_pipeline.py
[2026-07-30T09:34:33.977+0000] {processor.py:914} INFO - Processing file /opt/airflow/dags/retail_pipeline.py for tasks to queue
[2026-07-30T09:34:33.980+0000] {logging_mixin.py:190} INFO - [2026-07-30T09:34:33.980+0000] {dagbag.py:587} INFO - Filling up the DagBag from /opt/airflow/dags/retail_pipeline.py
[2026-07-30T09:34:34.012+0000] {processor.py:925} INFO - DAG(s) 'retail_etl' retrieved from /opt/airflow/dags/retail_pipeline.py
[2026-07-30T09:34:34.046+0000] {logging_mixin.py:190} INFO - [2026-07-30T09:34:34.046+0000] {dag.py:3211} INFO - Sync 1 DAGs
[2026-07-30T09:34:34.066+0000] {logging_mixin.py:190} INFO - [2026-07-30T09:34:34.066+0000] {dag.py:4138} INFO - Setting next_dagrun for retail_etl to 2026-07-30 00:00:00+00:00, run_after=2026-07-31 00:00:00+00:00
[2026-07-30T09:34:34.082+0000] {processor.py:208} INFO - Processing /opt/airflow/dags/retail_pipeline.py took 0.115 seconds
[2026-07-30T09:35:04.347+0000] {processor.py:186} INFO - Started process (PID=76) to work on /opt/airflow/dags/retail_pipeline.py
[2026-07-30T09:35:04.350+0000] {processor.py:914} INFO - Processing file /opt/airflow/dags/retail_pipeline.py for tasks to queue
[2026-07-30T09:35:04.354+0000] {logging_mixin.py:190} INFO - [2026-07-30T09:35:04.354+0000] {dagbag.py:587} INFO - Filling up the DagBag from /opt/airflow/dags/retail_pipeline.py
[2026-07-30T09:35:04.373+0000] {processor.py:925} INFO - DAG(s) 'retail_etl' retrieved from /opt/airflow/dags/retail_pipeline.py
[2026-07-30T09:35:04.411+0000] {logging_mixin.py:190} INFO - [2026-07-30T09:35:04.411+0000] {dag.py:3211} INFO - Sync 1 DAGs
[2026-07-30T09:35:04.428+0000] {logging_mixin.py:190} INFO - [2026-07-30T09:35:04.428+0000] {dag.py:4138} INFO - Setting next_dagrun for retail_etl to 2026-07-30 00:00:00+00:00, run_after=2026-07-31 00:00:00+00:00
[2026-07-30T09:35:04.437+0000] {processor.py:208} INFO - Processing /opt/airflow/dags/retail_pipeline.py took 0.098 seconds
[2026-07-30T09:35:34.835+0000] {processor.py:186} INFO - Started process (PID=77) to work on /opt/airflow/dags/retail_pipeline.py
[2026-07-30T09:35:34.836+0000] {processor.py:914} INFO - Processing file /opt/airflow/dags/retail_pipeline.py for tasks to queue
[2026-07-30T09:35:34.840+0000] {logging_mixin.py:190} INFO - [2026-07-30T09:35:34.839+0000] {dagbag.py:587} INFO - Filling up the DagBag from /opt/airflow/dags/retail_pipeline.py
[2026-07-30T09:35:34.856+0000] {processor.py:925} INFO - DAG(s) 'retail_etl' retrieved from /opt/airflow/dags/retail_pipeline.py
[2026-07-30T09:35:34.889+0000] {logging_mixin.py:190} INFO - [2026-07-30T09:35:34.889+0000] {dag.py:3211} INFO - Sync 1 DAGs
[2026-07-30T09:35:34.908+0000] {logging_mixin.py:190} INFO - [2026-07-30T09:35:34.908+0000] {dag.py:4138} INFO - Setting next_dagrun for retail_etl to 2026-07-30 00:00:00+00:00, run_after=2026-07-31 00:00:00+00:00
[2026-07-30T09:35:34.917+0000] {processor.py:208} INFO - Processing /opt/airflow/dags/retail_pipeline.py took 0.099 seconds
[2026-07-30T09:36:05.253+0000] {processor.py:186} INFO - Started process (PID=78) to work on /opt/airflow/dags/retail_pipeline.py
[2026-07-30T09:36:05.254+0000] {processor.py:914} INFO - Processing file /opt/airflow/dags/retail_pipeline.py for tasks to queue
[2026-07-30T09:36:05.260+0000] {logging_mixin.py:190} INFO - [2026-07-30T09:36:05.259+0000] {dagbag.py:587} INFO - Filling up the DagBag from /opt/airflow/dags/retail_pipeline.py
[2026-07-30T09:36:05.286+0000] {processor.py:925} INFO - DAG(s) 'retail_etl' retrieved from /opt/airflow/dags/retail_pipeline.py
[2026-07-30T09:36:05.314+0000] {logging_mixin.py:190} INFO - [2026-07-30T09:36:05.314+0000] {dag.py:3211} INFO - Sync 1 DAGs
[2026-07-30T09:36:05.332+0000] {logging_mixin.py:190} INFO - [2026-07-30T09:36:05.332+0000] {dag.py:4138} INFO - Setting next_dagrun for retail_etl to 2026-07-30 00:00:00+00:00, run_after=2026-07-31 00:00:00+00:00
[2026-07-30T09:36:05.341+0000] {processor.py:208} INFO - Processing /opt/airflow/dags/retail_pipeline.py took 0.099 seconds
[2026-07-30T09:36:35.685+0000] {processor.py:186} INFO - Started process (PID=79) to work on /opt/airflow/dags/retail_pipeline.py
[2026-07-30T09:36:35.686+0000] {processor.py:914} INFO - Processing file /opt/airflow/dags/retail_pipeline.py for tasks to queue
[2026-07-30T09:36:35.689+0000] {logging_mixin.py:190} INFO - [2026-07-30T09:36:35.689+0000] {dagbag.py:587} INFO - Filling up the DagBag from /opt/airflow/dags/retail_pipeline.py
[2026-07-30T09:36:35.705+0000] {processor.py:925} INFO - DAG(s) 'retail_etl' retrieved from /opt/airflow/dags/retail_pipeline.py
[2026-07-30T09:36:35.731+0000] {logging_mixin.py:190} INFO - [2026-07-30T09:36:35.731+0000] {dag.py:3211} INFO - Sync 1 DAGs
[2026-07-30T09:36:35.751+0000] {logging_mixin.py:190} INFO - [2026-07-30T09:36:35.751+0000] {dag.py:4138} INFO - Setting next_dagrun for retail_etl to 2026-07-30 00:00:00+00:00, run_after=2026-07-31 00:00:00+00:00
[2026-07-30T09:36:35.760+0000] {processor.py:208} INFO - Processing /opt/airflow/dags/retail_pipeline.py took 0.088 seconds
[2026-07-30T09:37:06.050+0000] {processor.py:186} INFO - Started process (PID=80) to work on /opt/airflow/dags/retail_pipeline.py
[2026-07-30T09:37:06.052+0000] {processor.py:914} INFO - Processing file /opt/airflow/dags/retail_pipeline.py for tasks to queue
[2026-07-30T09:37:06.060+0000] {logging_mixin.py:190} INFO - [2026-07-30T09:37:06.060+0000] {dagbag.py:587} INFO - Filling up the DagBag from /opt/airflow/dags/retail_pipeline.py
[2026-07-30T09:37:06.083+0000] {processor.py:925} INFO - DAG(s) 'retail_etl' retrieved from /opt/airflow/dags/retail_pipeline.py
[2026-07-30T09:37:06.113+0000] {logging_mixin.py:190} INFO - [2026-07-30T09:37:06.113+0000] {dag.py:3211} INFO - Sync 1 DAGs
[2026-07-30T09:37:06.127+0000] {logging_mixin.py:190} INFO - [2026-07-30T09:37:06.127+0000] {dag.py:4138} INFO - Setting next_dagrun for retail_etl to 2026-07-30 00:00:00+00:00, run_after=2026-07-31 00:00:00+00:00
[2026-07-30T09:37:06.140+0000] {processor.py:208} INFO - Processing /opt/airflow/dags/retail_pipeline.py took 0.104 seconds
[2026-07-30T09:37:36.511+0000] {processor.py:186} INFO - Started process (PID=81) to work on /opt/airflow/dags/retail_pipeline.py
[2026-07-30T09:37:36.517+0000] {processor.py:914} INFO - Processing file /opt/airflow/dags/retail_pipeline.py for tasks to queue
[2026-07-30T09:37:36.526+0000] {logging_mixin.py:190} INFO - [2026-07-30T09:37:36.524+0000] {dagbag.py:587} INFO - Filling up the DagBag from /opt/airflow/dags/retail_pipeline.py
[2026-07-30T09:37:36.560+0000] {processor.py:925} INFO - DAG(s) 'retail_etl' retrieved from /opt/airflow/dags/retail_pipeline.py
[2026-07-30T09:37:36.591+0000] {logging_mixin.py:190} INFO - [2026-07-30T09:37:36.591+0000] {dag.py:3211} INFO - Sync 1 DAGs
[2026-07-30T09:37:36.607+0000] {logging_mixin.py:190} INFO - [2026-07-30T09:37:36.606+0000] {dag.py:4138} INFO - Setting next_dagrun for retail_etl to 2026-07-30 00:00:00+00:00, run_after=2026-07-31 00:00:00+00:00
[2026-07-30T09:37:36.615+0000] {processor.py:208} INFO - Processing /opt/airflow/dags/retail_pipeline.py took 0.131 seconds
[2026-07-30T09:38:06.866+0000] {processor.py:186} INFO - Started process (PID=82) to work on /opt/airflow/dags/retail_pipeline.py
[2026-07-30T09:38:06.867+0000] {processor.py:914} INFO - Processing file /opt/airflow/dags/retail_pipeline.py for tasks to queue
[2026-07-30T09:38:06.871+0000] {logging_mixin.py:190} INFO - [2026-07-30T09:38:06.870+0000] {dagbag.py:587} INFO - Filling up the DagBag from /opt/airflow/dags/retail_pipeline.py
[2026-07-30T09:38:06.887+0000] {processor.py:925} INFO - DAG(s) 'retail_etl' retrieved from /opt/airflow/dags/retail_pipeline.py
[2026-07-30T09:38:06.918+0000] {logging_mixin.py:190} INFO - [2026-07-30T09:38:06.918+0000] {dag.py:3211} INFO - Sync 1 DAGs
[2026-07-30T09:38:06.936+0000] {logging_mixin.py:190} INFO - [2026-07-30T09:38:06.936+0000] {dag.py:4138} INFO - Setting next_dagrun for retail_etl to 2026-07-30 00:00:00+00:00, run_after=2026-07-31 00:00:00+00:00
[2026-07-30T09:38:06.943+0000] {processor.py:208} INFO - Processing /opt/airflow/dags/retail_pipeline.py took 0.087 seconds
[2026-07-30T09:38:37.199+0000] {processor.py:186} INFO - Started process (PID=83) to work on /opt/airflow/dags/retail_pipeline.py
[2026-07-30T09:38:37.200+0000] {processor.py:914} INFO - Processing file /opt/airflow/dags/retail_pipeline.py for tasks to queue
[2026-07-30T09:38:37.207+0000] {logging_mixin.py:190} INFO - [2026-07-30T09:38:37.207+0000] {dagbag.py:587} INFO - Filling up the DagBag from /opt/airflow/dags/retail_pipeline.py
[2026-07-30T09:38:37.230+0000] {processor.py:925} INFO - DAG(s) 'retail_etl' retrieved from /opt/airflow/dags/retail_pipeline.py
[2026-07-30T09:38:37.252+0000] {logging_mixin.py:190} INFO - [2026-07-30T09:38:37.252+0000] {dag.py:3211} INFO - Sync 1 DAGs
[2026-07-30T09:38:37.266+0000] {logging_mixin.py:190} INFO - [2026-07-30T09:38:37.266+0000] {dag.py:4138} INFO - Setting next_dagrun for retail_etl to 2026-07-30 00:00:00+00:00, run_after=2026-07-31 00:00:00+00:00
[2026-07-30T09:38:37.274+0000] {processor.py:208} INFO - Processing /opt/airflow/dags/retail_pipeline.py took 0.092 seconds
[2026-07-30T09:39:07.638+0000] {processor.py:186} INFO - Started process (PID=84) to work on /opt/airflow/dags/retail_pipeline.py
[2026-07-30T09:39:07.640+0000] {processor.py:914} INFO - Processing file /opt/airflow/dags/retail_pipeline.py for tasks to queue
[2026-07-30T09:39:07.643+0000] {logging_mixin.py:190} INFO - [2026-07-30T09:39:07.643+0000] {dagbag.py:587} INFO - Filling up the DagBag from /opt/airflow/dags/retail_pipeline.py
[2026-07-30T09:39:07.666+0000] {processor.py:925} INFO - DAG(s) 'retail_etl' retrieved from /opt/airflow/dags/retail_pipeline.py
[2026-07-30T09:39:07.697+0000] {logging_mixin.py:190} INFO - [2026-07-30T09:39:07.697+0000] {dag.py:3211} INFO - Sync 1 DAGs
[2026-07-30T09:39:07.716+0000] {logging_mixin.py:190} INFO - [2026-07-30T09:39:07.716+0000] {dag.py:4138} INFO - Setting next_dagrun for retail_etl to 2026-07-30 00:00:00+00:00, run_after=2026-07-31 00:00:00+00:00
[2026-07-30T09:39:07.725+0000] {processor.py:208} INFO - Processing /opt/airflow/dags/retail_pipeline.py took 0.101 seconds
[2026-07-30T09:39:38.098+0000] {processor.py:186} INFO - Started process (PID=85) to work on /opt/airflow/dags/retail_pipeline.py
[2026-07-30T09:39:38.098+0000] {processor.py:914} INFO - Processing file /opt/airflow/dags/retail_pipeline.py for tasks to queue
[2026-07-30T09:39:38.103+0000] {logging_mixin.py:190} INFO - [2026-07-30T09:39:38.102+0000] {dagbag.py:587} INFO - Filling up the DagBag from /opt/airflow/dags/retail_pipeline.py
[2026-07-30T09:39:38.126+0000] {processor.py:925} INFO - DAG(s) 'retail_etl' retrieved from /opt/airflow/dags/retail_pipeline.py
[2026-07-30T09:39:38.151+0000] {logging_mixin.py:190} INFO - [2026-07-30T09:39:38.151+0000] {dag.py:3211} INFO - Sync 1 DAGs
[2026-07-30T09:39:38.171+0000] {logging_mixin.py:190} INFO - [2026-07-30T09:39:38.171+0000] {dag.py:4138} INFO - Setting next_dagrun for retail_etl to 2026-07-30 00:00:00+00:00, run_after=2026-07-31 00:00:00+00:00
[2026-07-30T09:39:38.180+0000] {processor.py:208} INFO - Processing /opt/airflow/dags/retail_pipeline.py took 0.097 seconds
[2026-07-30T09:40:08.523+0000] {processor.py:186} INFO - Started process (PID=86) to work on /opt/airflow/dags/retail_pipeline.py
[2026-07-30T09:40:08.524+0000] {processor.py:914} INFO - Processing file /opt/airflow/dags/retail_pipeline.py for tasks to queue
[2026-07-30T09:40:08.530+0000] {logging_mixin.py:190} INFO - [2026-07-30T09:40:08.530+0000] {dagbag.py:587} INFO - Filling up the DagBag from /opt/airflow/dags/retail_pipeline.py
[2026-07-30T09:40:08.557+0000] {processor.py:925} INFO - DAG(s) 'retail_etl' retrieved from /opt/airflow/dags/retail_pipeline.py
[2026-07-30T09:40:08.593+0000] {logging_mixin.py:190} INFO - [2026-07-30T09:40:08.593+0000] {dag.py:3211} INFO - Sync 1 DAGs
[2026-07-30T09:40:08.607+0000] {logging_mixin.py:190} INFO - [2026-07-30T09:40:08.607+0000] {dag.py:4138} INFO - Setting next_dagrun for retail_etl to 2026-07-30 00:00:00+00:00, run_after=2026-07-31 00:00:00+00:00
[2026-07-30T09:40:08.621+0000] {processor.py:208} INFO - Processing /opt/airflow/dags/retail_pipeline.py took 0.109 seconds
[2026-07-30T09:40:38.993+0000] {processor.py:186} INFO - Started process (PID=87) to work on /opt/airflow/dags/retail_pipeline.py
[2026-07-30T09:40:38.994+0000] {processor.py:914} INFO - Processing file /opt/airflow/dags/retail_pipeline.py for tasks to queue
[2026-07-30T09:40:38.998+0000] {logging_mixin.py:190} INFO - [2026-07-30T09:40:38.997+0000] {dagbag.py:587} INFO - Filling up the DagBag from /opt/airflow/dags/retail_pipeline.py
[2026-07-30T09:40:39.019+0000] {processor.py:925} INFO - DAG(s) 'retail_etl' retrieved from /opt/airflow/dags/retail_pipeline.py
[2026-07-30T09:40:39.048+0000] {logging_mixin.py:190} INFO - [2026-07-30T09:40:39.048+0000] {dag.py:3211} INFO - Sync 1 DAGs
[2026-07-30T09:40:39.065+0000] {logging_mixin.py:190} INFO - [2026-07-30T09:40:39.065+0000] {dag.py:4138} INFO - Setting next_dagrun for retail_etl to 2026-07-30 00:00:00+00:00, run_after=2026-07-31 00:00:00+00:00
[2026-07-30T09:40:39.076+0000] {processor.py:208} INFO - Processing /opt/airflow/dags/retail_pipeline.py took 0.096 seconds
[2026-07-30T09:41:47.056+0000] {processor.py:186} INFO - Started process (PID=25) to work on /opt/airflow/dags/retail_pipeline.py
[2026-07-30T09:41:47.061+0000] {processor.py:914} INFO - Processing file /opt/airflow/dags/retail_pipeline.py for tasks to queue
[2026-07-30T09:41:47.082+0000] {logging_mixin.py:190} INFO - [2026-07-30T09:41:47.081+0000] {dagbag.py:587} INFO - Filling up the DagBag from /opt/airflow/dags/retail_pipeline.py
[2026-07-30T09:41:47.134+0000] {processor.py:925} INFO - DAG(s) 'retail_etl' retrieved from /opt/airflow/dags/retail_pipeline.py
[2026-07-30T09:41:47.215+0000] {logging_mixin.py:190} INFO - [2026-07-30T09:41:47.215+0000] {dag.py:3211} INFO - Sync 1 DAGs
[2026-07-30T09:41:47.262+0000] {logging_mixin.py:190} INFO - [2026-07-30T09:41:47.262+0000] {dag.py:4138} INFO - Setting next_dagrun for retail_etl to 2026-07-30 00:00:00+00:00, run_after=2026-07-31 00:00:00+00:00
[2026-07-30T09:41:47.284+0000] {processor.py:208} INFO - Processing /opt/airflow/dags/retail_pipeline.py took 0.255 seconds
[2026-07-30T09:42:17.472+0000] {processor.py:186} INFO - Started process (PID=26) to work on /opt/airflow/dags/retail_pipeline.py
[2026-07-30T09:42:17.473+0000] {processor.py:914} INFO - Processing file /opt/airflow/dags/retail_pipeline.py for tasks to queue
[2026-07-30T09:42:17.479+0000] {logging_mixin.py:190} INFO - [2026-07-30T09:42:17.478+0000] {dagbag.py:587} INFO - Filling up the DagBag from /opt/airflow/dags/retail_pipeline.py
[2026-07-30T09:42:17.497+0000] {processor.py:925} INFO - DAG(s) 'retail_etl' retrieved from /opt/airflow/dags/retail_pipeline.py
[2026-07-30T09:42:17.523+0000] {logging_mixin.py:190} INFO - [2026-07-30T09:42:17.523+0000] {dag.py:3211} INFO - Sync 1 DAGs
[2026-07-30T09:42:17.541+0000] {logging_mixin.py:190} INFO - [2026-07-30T09:42:17.541+0000] {dag.py:4138} INFO - Setting next_dagrun for retail_etl to 2026-07-30 00:00:00+00:00, run_after=2026-07-31 00:00:00+00:00
[2026-07-30T09:42:17.557+0000] {processor.py:208} INFO - Processing /opt/airflow/dags/retail_pipeline.py took 0.101 seconds
[2026-07-30T09:42:47.941+0000] {processor.py:186} INFO - Started process (PID=27) to work on /opt/airflow/dags/retail_pipeline.py
[2026-07-30T09:42:47.942+0000] {processor.py:914} INFO - Processing file /opt/airflow/dags/retail_pipeline.py for tasks to queue
[2026-07-30T09:42:47.945+0000] {logging_mixin.py:190} INFO - [2026-07-30T09:42:47.945+0000] {dagbag.py:587} INFO - Filling up the DagBag from /opt/airflow/dags/retail_pipeline.py
[2026-07-30T09:42:47.965+0000] {processor.py:925} INFO - DAG(s) 'retail_etl' retrieved from /opt/airflow/dags/retail_pipeline.py
[2026-07-30T09:42:47.992+0000] {logging_mixin.py:190} INFO - [2026-07-30T09:42:47.992+0000] {dag.py:3211} INFO - Sync 1 DAGs
[2026-07-30T09:42:48.004+0000] {logging_mixin.py:190} INFO - [2026-07-30T09:42:48.004+0000] {dag.py:4138} INFO - Setting next_dagrun for retail_etl to 2026-07-30 00:00:00+00:00, run_after=2026-07-31 00:00:00+00:00
[2026-07-30T09:42:48.012+0000] {processor.py:208} INFO - Processing /opt/airflow/dags/retail_pipeline.py took 0.083 seconds
[2026-07-30T09:43:18.348+0000] {processor.py:186} INFO - Started process (PID=28) to work on /opt/airflow/dags/retail_pipeline.py
[2026-07-30T09:43:18.349+0000] {processor.py:914} INFO - Processing file /opt/airflow/dags/retail_pipeline.py for tasks to queue
[2026-07-30T09:43:18.354+0000] {logging_mixin.py:190} INFO - [2026-07-30T09:43:18.354+0000] {dagbag.py:587} INFO - Filling up the DagBag from /opt/airflow/dags/retail_pipeline.py
[2026-07-30T09:43:18.374+0000] {processor.py:925} INFO - DAG(s) 'retail_etl' retrieved from /opt/airflow/dags/retail_pipeline.py
[2026-07-30T09:43:18.401+0000] {logging_mixin.py:190} INFO - [2026-07-30T09:43:18.401+0000] {dag.py:3211} INFO - Sync 1 DAGs
[2026-07-30T09:43:18.414+0000] {logging_mixin.py:190} INFO - [2026-07-30T09:43:18.414+0000] {dag.py:4138} INFO - Setting next_dagrun for retail_etl to 2026-07-30 00:00:00+00:00, run_after=2026-07-31 00:00:00+00:00
[2026-07-30T09:43:18.424+0000] {processor.py:208} INFO - Processing /opt/airflow/dags/retail_pipeline.py took 0.087 seconds
[2026-07-30T09:43:48.806+0000] {processor.py:186} INFO - Started process (PID=29) to work on /opt/airflow/dags/retail_pipeline.py
[2026-07-30T09:43:48.808+0000] {processor.py:914} INFO - Processing file /opt/airflow/dags/retail_pipeline.py for tasks to queue
[2026-07-30T09:43:48.811+0000] {logging_mixin.py:190} INFO - [2026-07-30T09:43:48.810+0000] {dagbag.py:587} INFO - Filling up the DagBag from /opt/airflow/dags/retail_pipeline.py
[2026-07-30T09:43:48.839+0000] {processor.py:925} INFO - DAG(s) 'retail_etl' retrieved from /opt/airflow/dags/retail_pipeline.py
[2026-07-30T09:43:48.873+0000] {logging_mixin.py:190} INFO - [2026-07-30T09:43:48.873+0000] {dag.py:3211} INFO - Sync 1 DAGs
[2026-07-30T09:43:48.890+0000] {logging_mixin.py:190} INFO - [2026-07-30T09:43:48.890+0000] {dag.py:4138} INFO - Setting next_dagrun for retail_etl to 2026-07-30 00:00:00+00:00, run_after=2026-07-31 00:00:00+00:00
[2026-07-30T09:43:48.899+0000] {processor.py:208} INFO - Processing /opt/airflow/dags/retail_pipeline.py took 0.108 seconds
[2026-07-30T09:44:19.205+0000] {processor.py:186} INFO - Started process (PID=30) to work on /opt/airflow/dags/retail_pipeline.py
[2026-07-30T09:44:19.206+0000] {processor.py:914} INFO - Processing file /opt/airflow/dags/retail_pipeline.py for tasks to queue
[2026-07-30T09:44:19.209+0000] {logging_mixin.py:190} INFO - [2026-07-30T09:44:19.208+0000] {dagbag.py:587} INFO - Filling up the DagBag from /opt/airflow/dags/retail_pipeline.py
[2026-07-30T09:44:19.231+0000] {processor.py:925} INFO - DAG(s) 'retail_etl' retrieved from /opt/airflow/dags/retail_pipeline.py
[2026-07-30T09:44:19.265+0000] {logging_mixin.py:190} INFO - [2026-07-30T09:44:19.264+0000] {dag.py:3211} INFO - Sync 1 DAGs
[2026-07-30T09:44:19.282+0000] {logging_mixin.py:190} INFO - [2026-07-30T09:44:19.282+0000] {dag.py:4138} INFO - Setting next_dagrun for retail_etl to 2026-07-30 00:00:00+00:00, run_after=2026-07-31 00:00:00+00:00
[2026-07-30T09:44:19.293+0000] {processor.py:208} INFO - Processing /opt/airflow/dags/retail_pipeline.py took 0.103 seconds
[2026-07-30T09:44:49.596+0000] {processor.py:186} INFO - Started process (PID=31) to work on /opt/airflow/dags/retail_pipeline.py
[2026-07-30T09:44:49.597+0000] {processor.py:914} INFO - Processing file /opt/airflow/dags/retail_pipeline.py for tasks to queue
[2026-07-30T09:44:49.600+0000] {logging_mixin.py:190} INFO - [2026-07-30T09:44:49.600+0000] {dagbag.py:587} INFO - Filling up the DagBag from /opt/airflow/dags/retail_pipeline.py
[2026-07-30T09:44:49.624+0000] {processor.py:925} INFO - DAG(s) 'retail_etl' retrieved from /opt/airflow/dags/retail_pipeline.py
[2026-07-30T09:44:49.664+0000] {logging_mixin.py:190} INFO - [2026-07-30T09:44:49.664+0000] {dag.py:3211} INFO - Sync 1 DAGs
[2026-07-30T09:44:49.680+0000] {logging_mixin.py:190} INFO - [2026-07-30T09:44:49.679+0000] {dag.py:4138} INFO - Setting next_dagrun for retail_etl to 2026-07-30 00:00:00+00:00, run_after=2026-07-31 00:00:00+00:00
[2026-07-30T09:44:49.688+0000] {processor.py:208} INFO - Processing /opt/airflow/dags/retail_pipeline.py took 0.110 seconds
[2026-07-30T09:45:19.983+0000] {processor.py:186} INFO - Started process (PID=32) to work on /opt/airflow/dags/retail_pipeline.py
[2026-07-30T09:45:19.984+0000] {processor.py:914} INFO - Processing file /opt/airflow/dags/retail_pipeline.py for tasks to queue
[2026-07-30T09:45:19.990+0000] {logging_mixin.py:190} INFO - [2026-07-30T09:45:19.989+0000] {dagbag.py:587} INFO - Filling up the DagBag from /opt/airflow/dags/retail_pipeline.py
[2026-07-30T09:45:20.013+0000] {processor.py:925} INFO - DAG(s) 'retail_etl' retrieved from /opt/airflow/dags/retail_pipeline.py
[2026-07-30T09:45:20.055+0000] {logging_mixin.py:190} INFO - [2026-07-30T09:45:20.054+0000] {dag.py:3211} INFO - Sync 1 DAGs
[2026-07-30T09:45:20.075+0000] {logging_mixin.py:190} INFO - [2026-07-30T09:45:20.075+0000] {dag.py:4138} INFO - Setting next_dagrun for retail_etl to 2026-07-30 00:00:00+00:00, run_after=2026-07-31 00:00:00+00:00
[2026-07-30T09:45:20.085+0000] {processor.py:208} INFO - Processing /opt/airflow/dags/retail_pipeline.py took 0.118 seconds
[2026-07-30T09:45:50.373+0000] {processor.py:186} INFO - Started process (PID=33) to work on /opt/airflow/dags/retail_pipeline.py
[2026-07-30T09:45:50.375+0000] {processor.py:914} INFO - Processing file /opt/airflow/dags/retail_pipeline.py for tasks to queue
[2026-07-30T09:45:50.378+0000] {logging_mixin.py:190} INFO - [2026-07-30T09:45:50.378+0000] {dagbag.py:587} INFO - Filling up the DagBag from /opt/airflow/dags/retail_pipeline.py
[2026-07-30T09:45:50.395+0000] {processor.py:925} INFO - DAG(s) 'retail_etl' retrieved from /opt/airflow/dags/retail_pipeline.py
[2026-07-30T09:45:50.424+0000] {logging_mixin.py:190} INFO - [2026-07-30T09:45:50.424+0000] {dag.py:3211} INFO - Sync 1 DAGs
[2026-07-30T09:45:50.437+0000] {logging_mixin.py:190} INFO - [2026-07-30T09:45:50.437+0000] {dag.py:4138} INFO - Setting next_dagrun for retail_etl to 2026-07-30 00:00:00+00:00, run_after=2026-07-31 00:00:00+00:00
[2026-07-30T09:45:50.447+0000] {processor.py:208} INFO - Processing /opt/airflow/dags/retail_pipeline.py took 0.090 seconds
[2026-07-30T09:46:20.825+0000] {processor.py:186} INFO - Started process (PID=34) to work on /opt/airflow/dags/retail_pipeline.py
[2026-07-30T09:46:20.826+0000] {processor.py:914} INFO - Processing file /opt/airflow/dags/retail_pipeline.py for tasks to queue
[2026-07-30T09:46:20.830+0000] {logging_mixin.py:190} INFO - [2026-07-30T09:46:20.829+0000] {dagbag.py:587} INFO - Filling up the DagBag from /opt/airflow/dags/retail_pipeline.py
[2026-07-30T09:46:20.859+0000] {processor.py:925} INFO - DAG(s) 'retail_etl' retrieved from /opt/airflow/dags/retail_pipeline.py
[2026-07-30T09:46:20.886+0000] {logging_mixin.py:190} INFO - [2026-07-30T09:46:20.886+0000] {dag.py:3211} INFO - Sync 1 DAGs
[2026-07-30T09:46:20.932+0000] {logging_mixin.py:190} INFO - [2026-07-30T09:46:20.932+0000] {dag.py:4138} INFO - Setting next_dagrun for retail_etl to 2026-07-30 00:00:00+00:00, run_after=2026-07-31 00:00:00+00:00
[2026-07-30T09:46:20.961+0000] {processor.py:208} INFO - Processing /opt/airflow/dags/retail_pipeline.py took 0.152 seconds
[2026-07-30T09:46:51.173+0000] {processor.py:186} INFO - Started process (PID=35) to work on /opt/airflow/dags/retail_pipeline.py
[2026-07-30T09:46:51.174+0000] {processor.py:914} INFO - Processing file /opt/airflow/dags/retail_pipeline.py for tasks to queue
[2026-07-30T09:46:51.182+0000] {logging_mixin.py:190} INFO - [2026-07-30T09:46:51.181+0000] {dagbag.py:587} INFO - Filling up the DagBag from /opt/airflow/dags/retail_pipeline.py
[2026-07-30T09:46:51.195+0000] {processor.py:925} INFO - DAG(s) 'retail_etl' retrieved from /opt/airflow/dags/retail_pipeline.py
[2026-07-30T09:46:51.230+0000] {logging_mixin.py:190} INFO - [2026-07-30T09:46:51.230+0000] {dag.py:3211} INFO - Sync 1 DAGs
[2026-07-30T09:46:51.246+0000] {logging_mixin.py:190} INFO - [2026-07-30T09:46:51.246+0000] {dag.py:4138} INFO - Setting next_dagrun for retail_etl to 2026-07-30 00:00:00+00:00, run_after=2026-07-31 00:00:00+00:00
[2026-07-30T09:46:51.258+0000] {processor.py:208} INFO - Processing /opt/airflow/dags/retail_pipeline.py took 0.098 seconds
[2026-07-30T09:47:21.643+0000] {processor.py:186} INFO - Started process (PID=36) to work on /opt/airflow/dags/retail_pipeline.py
[2026-07-30T09:47:21.644+0000] {processor.py:914} INFO - Processing file /opt/airflow/dags/retail_pipeline.py for tasks to queue
[2026-07-30T09:47:21.647+0000] {logging_mixin.py:190} INFO - [2026-07-30T09:47:21.646+0000] {dagbag.py:587} INFO - Filling up the DagBag from /opt/airflow/dags/retail_pipeline.py
[2026-07-30T09:47:21.663+0000] {processor.py:925} INFO - DAG(s) 'retail_etl' retrieved from /opt/airflow/dags/retail_pipeline.py
[2026-07-30T09:47:21.709+0000] {logging_mixin.py:190} INFO - [2026-07-30T09:47:21.709+0000] {dag.py:3211} INFO - Sync 1 DAGs
[2026-07-30T09:47:21.740+0000] {logging_mixin.py:190} INFO - [2026-07-30T09:47:21.739+0000] {dag.py:4138} INFO - Setting next_dagrun for retail_etl to 2026-07-30 00:00:00+00:00, run_after=2026-07-31 00:00:00+00:00
[2026-07-30T09:47:21.756+0000] {processor.py:208} INFO - Processing /opt/airflow/dags/retail_pipeline.py took 0.122 seconds
[2026-07-30T09:47:52.001+0000] {processor.py:186} INFO - Started process (PID=37) to work on /opt/airflow/dags/retail_pipeline.py
[2026-07-30T09:47:52.002+0000] {processor.py:914} INFO - Processing file /opt/airflow/dags/retail_pipeline.py for tasks to queue
[2026-07-30T09:47:52.005+0000] {logging_mixin.py:190} INFO - [2026-07-30T09:47:52.005+0000] {dagbag.py:587} INFO - Filling up the DagBag from /opt/airflow/dags/retail_pipeline.py
[2026-07-30T09:47:52.024+0000] {processor.py:925} INFO - DAG(s) 'retail_etl' retrieved from /opt/airflow/dags/retail_pipeline.py
[2026-07-30T09:47:52.080+0000] {logging_mixin.py:190} INFO - [2026-07-30T09:47:52.080+0000] {dag.py:3211} INFO - Sync 1 DAGs
[2026-07-30T09:47:52.121+0000] {logging_mixin.py:190} INFO - [2026-07-30T09:47:52.121+0000] {dag.py:4138} INFO - Setting next_dagrun for retail_etl to 2026-07-30 00:00:00+00:00, run_after=2026-07-31 00:00:00+00:00
[2026-07-30T09:47:52.131+0000] {processor.py:208} INFO - Processing /opt/airflow/dags/retail_pipeline.py took 0.141 seconds
[2026-07-30T09:48:22.374+0000] {processor.py:186} INFO - Started process (PID=38) to work on /opt/airflow/dags/retail_pipeline.py
[2026-07-30T09:48:22.376+0000] {processor.py:914} INFO - Processing file /opt/airflow/dags/retail_pipeline.py for tasks to queue
[2026-07-30T09:48:22.380+0000] {logging_mixin.py:190} INFO - [2026-07-30T09:48:22.379+0000] {dagbag.py:587} INFO - Filling up the DagBag from /opt/airflow/dags/retail_pipeline.py
[2026-07-30T09:48:22.410+0000] {processor.py:925} INFO - DAG(s) 'retail_etl' retrieved from /opt/airflow/dags/retail_pipeline.py
[2026-07-30T09:48:22.449+0000] {logging_mixin.py:190} INFO - [2026-07-30T09:48:22.449+0000] {dag.py:3211} INFO - Sync 1 DAGs
[2026-07-30T09:48:22.468+0000] {logging_mixin.py:190} INFO - [2026-07-30T09:48:22.468+0000] {dag.py:4138} INFO - Setting next_dagrun for retail_etl to 2026-07-30 00:00:00+00:00, run_after=2026-07-31 00:00:00+00:00
[2026-07-30T09:48:22.478+0000] {processor.py:208} INFO - Processing /opt/airflow/dags/retail_pipeline.py took 0.119 seconds
[2026-07-30T09:48:52.848+0000] {processor.py:186} INFO - Started process (PID=39) to work on /opt/airflow/dags/retail_pipeline.py
[2026-07-30T09:48:52.850+0000] {processor.py:914} INFO - Processing file /opt/airflow/dags/retail_pipeline.py for tasks to queue
[2026-07-30T09:48:52.856+0000] {logging_mixin.py:190} INFO - [2026-07-30T09:48:52.856+0000] {dagbag.py:587} INFO - Filling up the DagBag from /opt/airflow/dags/retail_pipeline.py
[2026-07-30T09:48:52.875+0000] {processor.py:925} INFO - DAG(s) 'retail_etl' retrieved from /opt/airflow/dags/retail_pipeline.py
[2026-07-30T09:48:52.898+0000] {logging_mixin.py:190} INFO - [2026-07-30T09:48:52.898+0000] {dag.py:3211} INFO - Sync 1 DAGs
[2026-07-30T09:48:52.917+0000] {logging_mixin.py:190} INFO - [2026-07-30T09:48:52.916+0000] {dag.py:4138} INFO - Setting next_dagrun for retail_etl to 2026-07-30 00:00:00+00:00, run_after=2026-07-31 00:00:00+00:00
[2026-07-30T09:48:52.926+0000] {processor.py:208} INFO - Processing /opt/airflow/dags/retail_pipeline.py took 0.086 seconds
[2026-07-30T09:49:23.272+0000] {processor.py:186} INFO - Started process (PID=40) to work on /opt/airflow/dags/retail_pipeline.py
[2026-07-30T09:49:23.274+0000] {processor.py:914} INFO - Processing file /opt/airflow/dags/retail_pipeline.py for tasks to queue
[2026-07-30T09:49:23.277+0000] {logging_mixin.py:190} INFO - [2026-07-30T09:49:23.276+0000] {dagbag.py:587} INFO - Filling up the DagBag from /opt/airflow/dags/retail_pipeline.py
[2026-07-30T09:49:23.300+0000] {processor.py:925} INFO - DAG(s) 'retail_etl' retrieved from /opt/airflow/dags/retail_pipeline.py
[2026-07-30T09:49:23.329+0000] {logging_mixin.py:190} INFO - [2026-07-30T09:49:23.329+0000] {dag.py:3211} INFO - Sync 1 DAGs
[2026-07-30T09:49:23.346+0000] {logging_mixin.py:190} INFO - [2026-07-30T09:49:23.346+0000] {dag.py:4138} INFO - Setting next_dagrun for retail_etl to 2026-07-30 00:00:00+00:00, run_after=2026-07-31 00:00:00+00:00
[2026-07-30T09:49:23.355+0000] {processor.py:208} INFO - Processing /opt/airflow/dags/retail_pipeline.py took 0.095 seconds
[2026-07-30T09:49:53.713+0000] {processor.py:186} INFO - Started process (PID=41) to work on /opt/airflow/dags/retail_pipeline.py
[2026-07-30T09:49:53.714+0000] {processor.py:914} INFO - Processing file /opt/airflow/dags/retail_pipeline.py for tasks to queue
[2026-07-30T09:49:53.717+0000] {logging_mixin.py:190} INFO - [2026-07-30T09:49:53.717+0000] {dagbag.py:587} INFO - Filling up the DagBag from /opt/airflow/dags/retail_pipeline.py
[2026-07-30T09:49:53.733+0000] {processor.py:925} INFO - DAG(s) 'retail_etl' retrieved from /opt/airflow/dags/retail_pipeline.py
[2026-07-30T09:49:53.760+0000] {logging_mixin.py:190} INFO - [2026-07-30T09:49:53.760+0000] {dag.py:3211} INFO - Sync 1 DAGs
[2026-07-30T09:49:53.774+0000] {logging_mixin.py:190} INFO - [2026-07-30T09:49:53.774+0000] {dag.py:4138} INFO - Setting next_dagrun for retail_etl to 2026-07-30 00:00:00+00:00, run_after=2026-07-31 00:00:00+00:00
[2026-07-30T09:49:53.783+0000] {processor.py:208} INFO - Processing /opt/airflow/dags/retail_pipeline.py took 0.081 seconds
[2026-07-30T09:50:24.096+0000] {processor.py:186} INFO - Started process (PID=42) to work on /opt/airflow/dags/retail_pipeline.py
[2026-07-30T09:50:24.098+0000] {processor.py:914} INFO - Processing file /opt/airflow/dags/retail_pipeline.py for tasks to queue
[2026-07-30T09:50:24.100+0000] {logging_mixin.py:190} INFO - [2026-07-30T09:50:24.100+0000] {dagbag.py:587} INFO - Filling up the DagBag from /opt/airflow/dags/retail_pipeline.py
[2026-07-30T09:50:24.117+0000] {processor.py:925} INFO - DAG(s) 'retail_etl' retrieved from /opt/airflow/dags/retail_pipeline.py
[2026-07-30T09:50:24.157+0000] {logging_mixin.py:190} INFO - [2026-07-30T09:50:24.157+0000] {dag.py:3211} INFO - Sync 1 DAGs
[2026-07-30T09:50:24.178+0000] {logging_mixin.py:190} INFO - [2026-07-30T09:50:24.178+0000] {dag.py:4138} INFO - Setting next_dagrun for retail_etl to 2026-07-30 00:00:00+00:00, run_after=2026-07-31 00:00:00+00:00
[2026-07-30T09:50:24.187+0000] {processor.py:208} INFO - Processing /opt/airflow/dags/retail_pipeline.py took 0.102 seconds
[2026-07-30T09:50:54.518+0000] {processor.py:186} INFO - Started process (PID=43) to work on /opt/airflow/dags/retail_pipeline.py
[2026-07-30T09:50:54.518+0000] {processor.py:914} INFO - Processing file /opt/airflow/dags/retail_pipeline.py for tasks to queue
[2026-07-30T09:50:54.522+0000] {logging_mixin.py:190} INFO - [2026-07-30T09:50:54.521+0000] {dagbag.py:587} INFO - Filling up the DagBag from /opt/airflow/dags/retail_pipeline.py
[2026-07-30T09:50:54.539+0000] {processor.py:925} INFO - DAG(s) 'retail_etl' retrieved from /opt/airflow/dags/retail_pipeline.py
[2026-07-30T09:50:54.564+0000] {logging_mixin.py:190} INFO - [2026-07-30T09:50:54.564+0000] {dag.py:3211} INFO - Sync 1 DAGs
[2026-07-30T09:50:54.578+0000] {logging_mixin.py:190} INFO - [2026-07-30T09:50:54.578+0000] {dag.py:4138} INFO - Setting next_dagrun for retail_etl to 2026-07-30 00:00:00+00:00, run_after=2026-07-31 00:00:00+00:00
[2026-07-30T09:50:54.589+0000] {processor.py:208} INFO - Processing /opt/airflow/dags/retail_pipeline.py took 0.082 seconds
[2026-07-30T09:51:24.822+0000] {processor.py:186} INFO - Started process (PID=44) to work on /opt/airflow/dags/retail_pipeline.py
[2026-07-30T09:51:24.823+0000] {processor.py:914} INFO - Processing file /opt/airflow/dags/retail_pipeline.py for tasks to queue
[2026-07-30T09:51:24.825+0000] {logging_mixin.py:190} INFO - [2026-07-30T09:51:24.825+0000] {dagbag.py:587} INFO - Filling up the DagBag from /opt/airflow/dags/retail_pipeline.py
[2026-07-30T09:51:24.849+0000] {processor.py:925} INFO - DAG(s) 'retail_etl' retrieved from /opt/airflow/dags/retail_pipeline.py
[2026-07-30T09:51:24.872+0000] {logging_mixin.py:190} INFO - [2026-07-30T09:51:24.872+0000] {dag.py:3211} INFO - Sync 1 DAGs
[2026-07-30T09:51:24.888+0000] {logging_mixin.py:190} INFO - [2026-07-30T09:51:24.888+0000] {dag.py:4138} INFO - Setting next_dagrun for retail_etl to 2026-07-30 00:00:00+00:00, run_after=2026-07-31 00:00:00+00:00
[2026-07-30T09:51:24.896+0000] {processor.py:208} INFO - Processing /opt/airflow/dags/retail_pipeline.py took 0.083 seconds
[2026-07-30T09:51:55.196+0000] {processor.py:186} INFO - Started process (PID=45) to work on /opt/airflow/dags/retail_pipeline.py
[2026-07-30T09:51:55.196+0000] {processor.py:914} INFO - Processing file /opt/airflow/dags/retail_pipeline.py for tasks to queue
[2026-07-30T09:51:55.202+0000] {logging_mixin.py:190} INFO - [2026-07-30T09:51:55.202+0000] {dagbag.py:587} INFO - Filling up the DagBag from /opt/airflow/dags/retail_pipeline.py
[2026-07-30T09:51:55.221+0000] {processor.py:925} INFO - DAG(s) 'retail_etl' retrieved from /opt/airflow/dags/retail_pipeline.py
[2026-07-30T09:51:55.250+0000] {logging_mixin.py:190} INFO - [2026-07-30T09:51:55.250+0000] {dag.py:3211} INFO - Sync 1 DAGs
[2026-07-30T09:51:55.265+0000] {logging_mixin.py:190} INFO - [2026-07-30T09:51:55.265+0000] {dag.py:4138} INFO - Setting next_dagrun for retail_etl to 2026-07-30 00:00:00+00:00, run_after=2026-07-31 00:00:00+00:00
[2026-07-30T09:51:55.272+0000] {processor.py:208} INFO - Processing /opt/airflow/dags/retail_pipeline.py took 0.088 seconds
[2026-07-30T09:52:25.618+0000] {processor.py:186} INFO - Started process (PID=46) to work on /opt/airflow/dags/retail_pipeline.py
[2026-07-30T09:52:25.619+0000] {processor.py:914} INFO - Processing file /opt/airflow/dags/retail_pipeline.py for tasks to queue
[2026-07-30T09:52:25.625+0000] {logging_mixin.py:190} INFO - [2026-07-30T09:52:25.624+0000] {dagbag.py:587} INFO - Filling up the DagBag from /opt/airflow/dags/retail_pipeline.py
[2026-07-30T09:52:25.641+0000] {processor.py:925} INFO - DAG(s) 'retail_etl' retrieved from /opt/airflow/dags/retail_pipeline.py
[2026-07-30T09:52:25.670+0000] {logging_mixin.py:190} INFO - [2026-07-30T09:52:25.670+0000] {dag.py:3211} INFO - Sync 1 DAGs
[2026-07-30T09:52:25.689+0000] {logging_mixin.py:190} INFO - [2026-07-30T09:52:25.689+0000] {dag.py:4138} INFO - Setting next_dagrun for retail_etl to 2026-07-30 00:00:00+00:00, run_after=2026-07-31 00:00:00+00:00
[2026-07-30T09:52:25.697+0000] {processor.py:208} INFO - Processing /opt/airflow/dags/retail_pipeline.py took 0.090 seconds
[2026-07-30T09:52:56.020+0000] {processor.py:186} INFO - Started process (PID=47) to work on /opt/airflow/dags/retail_pipeline.py
[2026-07-30T09:52:56.021+0000] {processor.py:914} INFO - Processing file /opt/airflow/dags/retail_pipeline.py for tasks to queue
[2026-07-30T09:52:56.024+0000] {logging_mixin.py:190} INFO - [2026-07-30T09:52:56.024+0000] {dagbag.py:587} INFO - Filling up the DagBag from /opt/airflow/dags/retail_pipeline.py
[2026-07-30T09:52:56.042+0000] {processor.py:925} INFO - DAG(s) 'retail_etl' retrieved from /opt/airflow/dags/retail_pipeline.py
[2026-07-30T09:52:56.068+0000] {logging_mixin.py:190} INFO - [2026-07-30T09:52:56.068+0000] {dag.py:3211} INFO - Sync 1 DAGs
[2026-07-30T09:52:56.090+0000] {logging_mixin.py:190} INFO - [2026-07-30T09:52:56.089+0000] {dag.py:4138} INFO - Setting next_dagrun for retail_etl to 2026-07-30 00:00:00+00:00, run_after=2026-07-31 00:00:00+00:00
[2026-07-30T09:52:56.098+0000] {processor.py:208} INFO - Processing /opt/airflow/dags/retail_pipeline.py took 0.091 seconds
[2026-07-30T09:53:26.422+0000] {processor.py:186} INFO - Started process (PID=48) to work on /opt/airflow/dags/retail_pipeline.py
[2026-07-30T09:53:26.423+0000] {processor.py:914} INFO - Processing file /opt/airflow/dags/retail_pipeline.py for tasks to queue
[2026-07-30T09:53:26.427+0000] {logging_mixin.py:190} INFO - [2026-07-30T09:53:26.426+0000] {dagbag.py:587} INFO - Filling up the DagBag from /opt/airflow/dags/retail_pipeline.py
[2026-07-30T09:53:26.492+0000] {processor.py:925} INFO - DAG(s) 'retail_etl' retrieved from /opt/airflow/dags/retail_pipeline.py
[2026-07-30T09:53:26.550+0000] {logging_mixin.py:190} INFO - [2026-07-30T09:53:26.550+0000] {dag.py:3211} INFO - Sync 1 DAGs
[2026-07-30T09:53:26.565+0000] {logging_mixin.py:190} INFO - [2026-07-30T09:53:26.565+0000] {dag.py:4138} INFO - Setting next_dagrun for retail_etl to 2026-07-30 00:00:00+00:00, run_after=2026-07-31 00:00:00+00:00
[2026-07-30T09:53:26.574+0000] {processor.py:208} INFO - Processing /opt/airflow/dags/retail_pipeline.py took 0.168 seconds
[2026-07-30T09:53:56.800+0000] {processor.py:186} INFO - Started process (PID=49) to work on /opt/airflow/dags/retail_pipeline.py
[2026-07-30T09:53:56.801+0000] {processor.py:914} INFO - Processing file /opt/airflow/dags/retail_pipeline.py for tasks to queue
[2026-07-30T09:53:56.805+0000] {logging_mixin.py:190} INFO - [2026-07-30T09:53:56.805+0000] {dagbag.py:587} INFO - Filling up the DagBag from /opt/airflow/dags/retail_pipeline.py
[2026-07-30T09:53:56.824+0000] {processor.py:925} INFO - DAG(s) 'retail_etl' retrieved from /opt/airflow/dags/retail_pipeline.py
[2026-07-30T09:53:56.848+0000] {logging_mixin.py:190} INFO - [2026-07-30T09:53:56.848+0000] {dag.py:3211} INFO - Sync 1 DAGs
[2026-07-30T09:53:56.860+0000] {logging_mixin.py:190} INFO - [2026-07-30T09:53:56.860+0000] {dag.py:4138} INFO - Setting next_dagrun for retail_etl to 2026-07-30 00:00:00+00:00, run_after=2026-07-31 00:00:00+00:00
[2026-07-30T09:53:56.869+0000] {processor.py:208} INFO - Processing /opt/airflow/dags/retail_pipeline.py took 0.078 seconds
[2026-07-30T09:54:27.285+0000] {processor.py:186} INFO - Started process (PID=50) to work on /opt/airflow/dags/retail_pipeline.py
[2026-07-30T09:54:27.286+0000] {processor.py:914} INFO - Processing file /opt/airflow/dags/retail_pipeline.py for tasks to queue
[2026-07-30T09:54:27.289+0000] {logging_mixin.py:190} INFO - [2026-07-30T09:54:27.289+0000] {dagbag.py:587} INFO - Filling up the DagBag from /opt/airflow/dags/retail_pipeline.py
[2026-07-30T09:54:27.309+0000] {processor.py:925} INFO - DAG(s) 'retail_etl' retrieved from /opt/airflow/dags/retail_pipeline.py
[2026-07-30T09:54:27.332+0000] {logging_mixin.py:190} INFO - [2026-07-30T09:54:27.332+0000] {dag.py:3211} INFO - Sync 1 DAGs
[2026-07-30T09:54:27.351+0000] {logging_mixin.py:190} INFO - [2026-07-30T09:54:27.351+0000] {dag.py:4138} INFO - Setting next_dagrun for retail_etl to 2026-07-30 00:00:00+00:00, run_after=2026-07-31 00:00:00+00:00
[2026-07-30T09:54:27.359+0000] {processor.py:208} INFO - Processing /opt/airflow/dags/retail_pipeline.py took 0.087 seconds
[2026-07-30T09:54:57.664+0000] {processor.py:186} INFO - Started process (PID=51) to work on /opt/airflow/dags/retail_pipeline.py
[2026-07-30T09:54:57.665+0000] {processor.py:914} INFO - Processing file /opt/airflow/dags/retail_pipeline.py for tasks to queue
[2026-07-30T09:54:57.671+0000] {logging_mixin.py:190} INFO - [2026-07-30T09:54:57.671+0000] {dagbag.py:587} INFO - Filling up the DagBag from /opt/airflow/dags/retail_pipeline.py
[2026-07-30T09:54:57.687+0000] {processor.py:925} INFO - DAG(s) 'retail_etl' retrieved from /opt/airflow/dags/retail_pipeline.py
[2026-07-30T09:54:57.718+0000] {logging_mixin.py:190} INFO - [2026-07-30T09:54:57.718+0000] {dag.py:3211} INFO - Sync 1 DAGs
[2026-07-30T09:54:57.731+0000] {logging_mixin.py:190} INFO - [2026-07-30T09:54:57.731+0000] {dag.py:4138} INFO - Setting next_dagrun for retail_etl to 2026-07-30 00:00:00+00:00, run_after=2026-07-31 00:00:00+00:00
[2026-07-30T09:54:57.743+0000] {processor.py:208} INFO - Processing /opt/airflow/dags/retail_pipeline.py took 0.090 seconds
[2026-07-30T09:55:28.117+0000] {processor.py:186} INFO - Started process (PID=52) to work on /opt/airflow/dags/retail_pipeline.py
[2026-07-30T09:55:28.118+0000] {processor.py:914} INFO - Processing file /opt/airflow/dags/retail_pipeline.py for tasks to queue
[2026-07-30T09:55:28.122+0000] {logging_mixin.py:190} INFO - [2026-07-30T09:55:28.121+0000] {dagbag.py:587} INFO - Filling up the DagBag from /opt/airflow/dags/retail_pipeline.py
[2026-07-30T09:55:28.147+0000] {processor.py:925} INFO - DAG(s) 'retail_etl' retrieved from /opt/airflow/dags/retail_pipeline.py
[2026-07-30T09:55:28.172+0000] {logging_mixin.py:190} INFO - [2026-07-30T09:55:28.172+0000] {dag.py:3211} INFO - Sync 1 DAGs
[2026-07-30T09:55:28.184+0000] {logging_mixin.py:190} INFO - [2026-07-30T09:55:28.184+0000] {dag.py:4138} INFO - Setting next_dagrun for retail_etl to 2026-07-30 00:00:00+00:00, run_after=2026-07-31 00:00:00+00:00
[2026-07-30T09:55:28.192+0000] {processor.py:208} INFO - Processing /opt/airflow/dags/retail_pipeline.py took 0.089 seconds
[2026-07-30T09:55:58.565+0000] {processor.py:186} INFO - Started process (PID=53) to work on /opt/airflow/dags/retail_pipeline.py
[2026-07-30T09:55:58.566+0000] {processor.py:914} INFO - Processing file /opt/airflow/dags/retail_pipeline.py for tasks to queue
[2026-07-30T09:55:58.569+0000] {logging_mixin.py:190} INFO - [2026-07-30T09:55:58.569+0000] {dagbag.py:587} INFO - Filling up the DagBag from /opt/airflow/dags/retail_pipeline.py
[2026-07-30T09:55:58.583+0000] {processor.py:925} INFO - DAG(s) 'retail_etl' retrieved from /opt/airflow/dags/retail_pipeline.py
[2026-07-30T09:55:58.606+0000] {logging_mixin.py:190} INFO - [2026-07-30T09:55:58.606+0000] {dag.py:3211} INFO - Sync 1 DAGs
[2026-07-30T09:55:58.620+0000] {logging_mixin.py:190} INFO - [2026-07-30T09:55:58.620+0000] {dag.py:4138} INFO - Setting next_dagrun for retail_etl to 2026-07-30 00:00:00+00:00, run_after=2026-07-31 00:00:00+00:00
[2026-07-30T09:55:58.629+0000] {processor.py:208} INFO - Processing /opt/airflow/dags/retail_pipeline.py took 0.072 seconds
[2026-07-30T09:56:29.046+0000] {processor.py:186} INFO - Started process (PID=54) to work on /opt/airflow/dags/retail_pipeline.py
[2026-07-30T09:56:29.047+0000] {processor.py:914} INFO - Processing file /opt/airflow/dags/retail_pipeline.py for tasks to queue
[2026-07-30T09:56:29.050+0000] {logging_mixin.py:190} INFO - [2026-07-30T09:56:29.049+0000] {dagbag.py:587} INFO - Filling up the DagBag from /opt/airflow/dags/retail_pipeline.py
[2026-07-30T09:56:29.069+0000] {processor.py:925} INFO - DAG(s) 'retail_etl' retrieved from /opt/airflow/dags/retail_pipeline.py
[2026-07-30T09:56:29.100+0000] {logging_mixin.py:190} INFO - [2026-07-30T09:56:29.100+0000] {dag.py:3211} INFO - Sync 1 DAGs
[2026-07-30T09:56:29.113+0000] {logging_mixin.py:190} INFO - [2026-07-30T09:56:29.113+0000] {dag.py:4138} INFO - Setting next_dagrun for retail_etl to 2026-07-30 00:00:00+00:00, run_after=2026-07-31 00:00:00+00:00
[2026-07-30T09:56:29.121+0000] {processor.py:208} INFO - Processing /opt/airflow/dags/retail_pipeline.py took 0.092 seconds
[2026-07-30T09:56:59.446+0000] {processor.py:186} INFO - Started process (PID=55) to work on /opt/airflow/dags/retail_pipeline.py
[2026-07-30T09:56:59.446+0000] {processor.py:914} INFO - Processing file /opt/airflow/dags/retail_pipeline.py for tasks to queue
[2026-07-30T09:56:59.456+0000] {logging_mixin.py:190} INFO - [2026-07-30T09:56:59.455+0000] {dagbag.py:587} INFO - Filling up the DagBag from /opt/airflow/dags/retail_pipeline.py
[2026-07-30T09:56:59.477+0000] {processor.py:925} INFO - DAG(s) 'retail_etl' retrieved from /opt/airflow/dags/retail_pipeline.py
[2026-07-30T09:56:59.502+0000] {logging_mixin.py:190} INFO - [2026-07-30T09:56:59.502+0000] {dag.py:3211} INFO - Sync 1 DAGs
[2026-07-30T09:56:59.519+0000] {logging_mixin.py:190} INFO - [2026-07-30T09:56:59.519+0000] {dag.py:4138} INFO - Setting next_dagrun for retail_etl to 2026-07-30 00:00:00+00:00, run_after=2026-07-31 00:00:00+00:00
[2026-07-30T09:56:59.527+0000] {processor.py:208} INFO - Processing /opt/airflow/dags/retail_pipeline.py took 0.092 seconds
[2026-07-30T09:57:29.880+0000] {processor.py:186} INFO - Started process (PID=56) to work on /opt/airflow/dags/retail_pipeline.py
[2026-07-30T09:57:29.882+0000] {processor.py:914} INFO - Processing file /opt/airflow/dags/retail_pipeline.py for tasks to queue
[2026-07-30T09:57:29.885+0000] {logging_mixin.py:190} INFO - [2026-07-30T09:57:29.885+0000] {dagbag.py:587} INFO - Filling up the DagBag from /opt/airflow/dags/retail_pipeline.py
[2026-07-30T09:57:29.906+0000] {processor.py:925} INFO - DAG(s) 'retail_etl' retrieved from /opt/airflow/dags/retail_pipeline.py
[2026-07-30T09:57:29.928+0000] {logging_mixin.py:190} INFO - [2026-07-30T09:57:29.928+0000] {dag.py:3211} INFO - Sync 1 DAGs
[2026-07-30T09:57:29.941+0000] {logging_mixin.py:190} INFO - [2026-07-30T09:57:29.941+0000] {dag.py:4138} INFO - Setting next_dagrun for retail_etl to 2026-07-30 00:00:00+00:00, run_after=2026-07-31 00:00:00+00:00
[2026-07-30T09:57:29.949+0000] {processor.py:208} INFO - Processing /opt/airflow/dags/retail_pipeline.py took 0.079 seconds
[2026-07-30T09:58:00.241+0000] {processor.py:186} INFO - Started process (PID=57) to work on /opt/airflow/dags/retail_pipeline.py
[2026-07-30T09:58:00.241+0000] {processor.py:914} INFO - Processing file /opt/airflow/dags/retail_pipeline.py for tasks to queue
[2026-07-30T09:58:00.244+0000] {logging_mixin.py:190} INFO - [2026-07-30T09:58:00.243+0000] {dagbag.py:587} INFO - Filling up the DagBag from /opt/airflow/dags/retail_pipeline.py
[2026-07-30T09:58:00.254+0000] {processor.py:925} INFO - DAG(s) 'retail_etl' retrieved from /opt/airflow/dags/retail_pipeline.py
[2026-07-30T09:58:00.268+0000] {logging_mixin.py:190} INFO - [2026-07-30T09:58:00.268+0000] {dag.py:3211} INFO - Sync 1 DAGs
[2026-07-30T09:58:00.278+0000] {logging_mixin.py:190} INFO - [2026-07-30T09:58:00.278+0000] {dag.py:4138} INFO - Setting next_dagrun for retail_etl to 2026-07-30 00:00:00+00:00, run_after=2026-07-31 00:00:00+00:00
[2026-07-30T09:58:00.285+0000] {processor.py:208} INFO - Processing /opt/airflow/dags/retail_pipeline.py took 0.052 seconds
[2026-07-30T09:58:30.711+0000] {processor.py:186} INFO - Started process (PID=58) to work on /opt/airflow/dags/retail_pipeline.py
[2026-07-30T09:58:30.712+0000] {processor.py:914} INFO - Processing file /opt/airflow/dags/retail_pipeline.py for tasks to queue
[2026-07-30T09:58:30.717+0000] {logging_mixin.py:190} INFO - [2026-07-30T09:58:30.715+0000] {dagbag.py:587} INFO - Filling up the DagBag from /opt/airflow/dags/retail_pipeline.py
[2026-07-30T09:58:30.732+0000] {processor.py:925} INFO - DAG(s) 'retail_etl' retrieved from /opt/airflow/dags/retail_pipeline.py
[2026-07-30T09:58:30.761+0000] {logging_mixin.py:190} INFO - [2026-07-30T09:58:30.761+0000] {dag.py:3211} INFO - Sync 1 DAGs
[2026-07-30T09:58:30.779+0000] {logging_mixin.py:190} INFO - [2026-07-30T09:58:30.779+0000] {dag.py:4138} INFO - Setting next_dagrun for retail_etl to 2026-07-30 00:00:00+00:00, run_after=2026-07-31 00:00:00+00:00
[2026-07-30T09:58:30.788+0000] {processor.py:208} INFO - Processing /opt/airflow/dags/retail_pipeline.py took 0.094 seconds
[2026-07-30T09:59:01.078+0000] {processor.py:186} INFO - Started process (PID=59) to work on /opt/airflow/dags/retail_pipeline.py
[2026-07-30T09:59:01.079+0000] {processor.py:914} INFO - Processing file /opt/airflow/dags/retail_pipeline.py for tasks to queue
[2026-07-30T09:59:01.082+0000] {logging_mixin.py:190} INFO - [2026-07-30T09:59:01.081+0000] {dagbag.py:587} INFO - Filling up the DagBag from /opt/airflow/dags/retail_pipeline.py
[2026-07-30T09:59:01.111+0000] {processor.py:925} INFO - DAG(s) 'retail_etl' retrieved from /opt/airflow/dags/retail_pipeline.py
[2026-07-30T09:59:01.138+0000] {logging_mixin.py:190} INFO - [2026-07-30T09:59:01.138+0000] {dag.py:3211} INFO - Sync 1 DAGs
[2026-07-30T09:59:01.157+0000] {logging_mixin.py:190} INFO - [2026-07-30T09:59:01.157+0000] {dag.py:4138} INFO - Setting next_dagrun for retail_etl to 2026-07-30 00:00:00+00:00, run_after=2026-07-31 00:00:00+00:00
[2026-07-30T09:59:01.165+0000] {processor.py:208} INFO - Processing /opt/airflow/dags/retail_pipeline.py took 0.096 seconds
[2026-07-30T09:59:31.497+0000] {processor.py:186} INFO - Started process (PID=60) to work on /opt/airflow/dags/retail_pipeline.py
[2026-07-30T09:59:31.498+0000] {processor.py:914} INFO - Processing file /opt/airflow/dags/retail_pipeline.py for tasks to queue
[2026-07-30T09:59:31.501+0000] {logging_mixin.py:190} INFO - [2026-07-30T09:59:31.501+0000] {dagbag.py:587} INFO - Filling up the DagBag from /opt/airflow/dags/retail_pipeline.py
[2026-07-30T09:59:31.518+0000] {processor.py:925} INFO - DAG(s) 'retail_etl' retrieved from /opt/airflow/dags/retail_pipeline.py
[2026-07-30T09:59:31.541+0000] {logging_mixin.py:190} INFO - [2026-07-30T09:59:31.541+0000] {dag.py:3211} INFO - Sync 1 DAGs
[2026-07-30T09:59:31.554+0000] {logging_mixin.py:190} INFO - [2026-07-30T09:59:31.554+0000] {dag.py:4138} INFO - Setting next_dagrun for retail_etl to 2026-07-30 00:00:00+00:00, run_after=2026-07-31 00:00:00+00:00
[2026-07-30T09:59:31.563+0000] {processor.py:208} INFO - Processing /opt/airflow/dags/retail_pipeline.py took 0.076 seconds
[2026-07-30T10:00:01.870+0000] {processor.py:186} INFO - Started process (PID=61) to work on /opt/airflow/dags/retail_pipeline.py
[2026-07-30T10:00:01.871+0000] {processor.py:914} INFO - Processing file /opt/airflow/dags/retail_pipeline.py for tasks to queue
[2026-07-30T10:00:01.874+0000] {logging_mixin.py:190} INFO - [2026-07-30T10:00:01.874+0000] {dagbag.py:587} INFO - Filling up the DagBag from /opt/airflow/dags/retail_pipeline.py
[2026-07-30T10:00:01.898+0000] {processor.py:925} INFO - DAG(s) 'retail_etl' retrieved from /opt/airflow/dags/retail_pipeline.py
[2026-07-30T10:00:01.922+0000] {logging_mixin.py:190} INFO - [2026-07-30T10:00:01.922+0000] {dag.py:3211} INFO - Sync 1 DAGs
[2026-07-30T10:00:01.938+0000] {logging_mixin.py:190} INFO - [2026-07-30T10:00:01.938+0000] {dag.py:4138} INFO - Setting next_dagrun for retail_etl to 2026-07-30 00:00:00+00:00, run_after=2026-07-31 00:00:00+00:00
[2026-07-30T10:00:01.946+0000] {processor.py:208} INFO - Processing /opt/airflow/dags/retail_pipeline.py took 0.090 seconds
[2026-07-30T10:00:32.234+0000] {processor.py:186} INFO - Started process (PID=62) to work on /opt/airflow/dags/retail_pipeline.py
[2026-07-30T10:00:32.235+0000] {processor.py:914} INFO - Processing file /opt/airflow/dags/retail_pipeline.py for tasks to queue
[2026-07-30T10:00:32.239+0000] {logging_mixin.py:190} INFO - [2026-07-30T10:00:32.239+0000] {dagbag.py:587} INFO - Filling up the DagBag from /opt/airflow/dags/retail_pipeline.py
[2026-07-30T10:00:32.262+0000] {processor.py:925} INFO - DAG(s) 'retail_etl' retrieved from /opt/airflow/dags/retail_pipeline.py
[2026-07-30T10:00:32.290+0000] {logging_mixin.py:190} INFO - [2026-07-30T10:00:32.290+0000] {dag.py:3211} INFO - Sync 1 DAGs
[2026-07-30T10:00:32.303+0000] {logging_mixin.py:190} INFO - [2026-07-30T10:00:32.303+0000] {dag.py:4138} INFO - Setting next_dagrun for retail_etl to 2026-07-30 00:00:00+00:00, run_after=2026-07-31 00:00:00+00:00
[2026-07-30T10:00:32.312+0000] {processor.py:208} INFO - Processing /opt/airflow/dags/retail_pipeline.py took 0.087 seconds
[2026-07-30T10:01:02.696+0000] {processor.py:186} INFO - Started process (PID=63) to work on /opt/airflow/dags/retail_pipeline.py
[2026-07-30T10:01:02.698+0000] {processor.py:914} INFO - Processing file /opt/airflow/dags/retail_pipeline.py for tasks to queue
[2026-07-30T10:01:02.705+0000] {logging_mixin.py:190} INFO - [2026-07-30T10:01:02.704+0000] {dagbag.py:587} INFO - Filling up the DagBag from /opt/airflow/dags/retail_pipeline.py
[2026-07-30T10:01:02.721+0000] {processor.py:925} INFO - DAG(s) 'retail_etl' retrieved from /opt/airflow/dags/retail_pipeline.py
[2026-07-30T10:01:02.749+0000] {logging_mixin.py:190} INFO - [2026-07-30T10:01:02.749+0000] {dag.py:3211} INFO - Sync 1 DAGs
[2026-07-30T10:01:02.769+0000] {logging_mixin.py:190} INFO - [2026-07-30T10:01:02.769+0000] {dag.py:4138} INFO - Setting next_dagrun for retail_etl to 2026-07-30 00:00:00+00:00, run_after=2026-07-31 00:00:00+00:00
[2026-07-30T10:01:02.777+0000] {processor.py:208} INFO - Processing /opt/airflow/dags/retail_pipeline.py took 0.094 seconds
[2026-07-30T10:01:33.131+0000] {processor.py:186} INFO - Started process (PID=64) to work on /opt/airflow/dags/retail_pipeline.py
[2026-07-30T10:01:33.132+0000] {processor.py:914} INFO - Processing file /opt/airflow/dags/retail_pipeline.py for tasks to queue
[2026-07-30T10:01:33.140+0000] {logging_mixin.py:190} INFO - [2026-07-30T10:01:33.138+0000] {dagbag.py:587} INFO - Filling up the DagBag from /opt/airflow/dags/retail_pipeline.py
[2026-07-30T10:01:33.157+0000] {processor.py:925} INFO - DAG(s) 'retail_etl' retrieved from /opt/airflow/dags/retail_pipeline.py
[2026-07-30T10:01:33.179+0000] {logging_mixin.py:190} INFO - [2026-07-30T10:01:33.179+0000] {dag.py:3211} INFO - Sync 1 DAGs
[2026-07-30T10:01:33.191+0000] {logging_mixin.py:190} INFO - [2026-07-30T10:01:33.191+0000] {dag.py:4138} INFO - Setting next_dagrun for retail_etl to 2026-07-30 00:00:00+00:00, run_after=2026-07-31 00:00:00+00:00
[2026-07-30T10:01:33.205+0000] {processor.py:208} INFO - Processing /opt/airflow/dags/retail_pipeline.py took 0.088 seconds
[2026-07-30T10:02:03.565+0000] {processor.py:186} INFO - Started process (PID=65) to work on /opt/airflow/dags/retail_pipeline.py
[2026-07-30T10:02:03.566+0000] {processor.py:914} INFO - Processing file /opt/airflow/dags/retail_pipeline.py for tasks to queue
[2026-07-30T10:02:03.570+0000] {logging_mixin.py:190} INFO - [2026-07-30T10:02:03.570+0000] {dagbag.py:587} INFO - Filling up the DagBag from /opt/airflow/dags/retail_pipeline.py
[2026-07-30T10:02:03.587+0000] {processor.py:925} INFO - DAG(s) 'retail_etl' retrieved from /opt/airflow/dags/retail_pipeline.py
[2026-07-30T10:02:03.625+0000] {logging_mixin.py:190} INFO - [2026-07-30T10:02:03.625+0000] {dag.py:3211} INFO - Sync 1 DAGs
[2026-07-30T10:02:03.640+0000] {logging_mixin.py:190} INFO - [2026-07-30T10:02:03.640+0000] {dag.py:4138} INFO - Setting next_dagrun for retail_etl to 2026-07-30 00:00:00+00:00, run_after=2026-07-31 00:00:00+00:00
[2026-07-30T10:02:03.650+0000] {processor.py:208} INFO - Processing /opt/airflow/dags/retail_pipeline.py took 0.098 seconds
[2026-07-30T10:02:33.942+0000] {processor.py:186} INFO - Started process (PID=66) to work on /opt/airflow/dags/retail_pipeline.py
[2026-07-30T10:02:33.943+0000] {processor.py:914} INFO - Processing file /opt/airflow/dags/retail_pipeline.py for tasks to queue
[2026-07-30T10:02:33.946+0000] {logging_mixin.py:190} INFO - [2026-07-30T10:02:33.946+0000] {dagbag.py:587} INFO - Filling up the DagBag from /opt/airflow/dags/retail_pipeline.py
[2026-07-30T10:02:33.969+0000] {processor.py:925} INFO - DAG(s) 'retail_etl' retrieved from /opt/airflow/dags/retail_pipeline.py
[2026-07-30T10:02:33.996+0000] {logging_mixin.py:190} INFO - [2026-07-30T10:02:33.996+0000] {dag.py:3211} INFO - Sync 1 DAGs
[2026-07-30T10:02:34.011+0000] {logging_mixin.py:190} INFO - [2026-07-30T10:02:34.011+0000] {dag.py:4138} INFO - Setting next_dagrun for retail_etl to 2026-07-30 00:00:00+00:00, run_after=2026-07-31 00:00:00+00:00
[2026-07-30T10:02:34.019+0000] {processor.py:208} INFO - Processing /opt/airflow/dags/retail_pipeline.py took 0.092 seconds
[2026-07-30T10:03:04.309+0000] {processor.py:186} INFO - Started process (PID=67) to work on /opt/airflow/dags/retail_pipeline.py
[2026-07-30T10:03:04.310+0000] {processor.py:914} INFO - Processing file /opt/airflow/dags/retail_pipeline.py for tasks to queue
[2026-07-30T10:03:04.313+0000] {logging_mixin.py:190} INFO - [2026-07-30T10:03:04.312+0000] {dagbag.py:587} INFO - Filling up the DagBag from /opt/airflow/dags/retail_pipeline.py
[2026-07-30T10:03:04.331+0000] {processor.py:925} INFO - DAG(s) 'retail_etl' retrieved from /opt/airflow/dags/retail_pipeline.py
[2026-07-30T10:03:04.362+0000] {logging_mixin.py:190} INFO - [2026-07-30T10:03:04.362+0000] {dag.py:3211} INFO - Sync 1 DAGs
[2026-07-30T10:03:04.379+0000] {logging_mixin.py:190} INFO - [2026-07-30T10:03:04.379+0000] {dag.py:4138} INFO - Setting next_dagrun for retail_etl to 2026-07-30 00:00:00+00:00, run_after=2026-07-31 00:00:00+00:00
[2026-07-30T10:03:04.392+0000] {processor.py:208} INFO - Processing /opt/airflow/dags/retail_pipeline.py took 0.094 seconds
[2026-07-30T10:03:34.733+0000] {processor.py:186} INFO - Started process (PID=68) to work on /opt/airflow/dags/retail_pipeline.py
[2026-07-30T10:03:34.734+0000] {processor.py:914} INFO - Processing file /opt/airflow/dags/retail_pipeline.py for tasks to queue
[2026-07-30T10:03:34.738+0000] {logging_mixin.py:190} INFO - [2026-07-30T10:03:34.738+0000] {dagbag.py:587} INFO - Filling up the DagBag from /opt/airflow/dags/retail_pipeline.py
[2026-07-30T10:03:34.759+0000] {processor.py:925} INFO - DAG(s) 'retail_etl' retrieved from /opt/airflow/dags/retail_pipeline.py
[2026-07-30T10:03:34.784+0000] {logging_mixin.py:190} INFO - [2026-07-30T10:03:34.784+0000] {dag.py:3211} INFO - Sync 1 DAGs
[2026-07-30T10:03:34.796+0000] {logging_mixin.py:190} INFO - [2026-07-30T10:03:34.796+0000] {dag.py:4138} INFO - Setting next_dagrun for retail_etl to 2026-07-30 00:00:00+00:00, run_after=2026-07-31 00:00:00+00:00
[2026-07-30T10:03:34.806+0000] {processor.py:208} INFO - Processing /opt/airflow/dags/retail_pipeline.py took 0.087 seconds
[2026-07-30T10:04:05.180+0000] {processor.py:186} INFO - Started process (PID=69) to work on /opt/airflow/dags/retail_pipeline.py
[2026-07-30T10:04:05.180+0000] {processor.py:914} INFO - Processing file /opt/airflow/dags/retail_pipeline.py for tasks to queue
[2026-07-30T10:04:05.184+0000] {logging_mixin.py:190} INFO - [2026-07-30T10:04:05.183+0000] {dagbag.py:587} INFO - Filling up the DagBag from /opt/airflow/dags/retail_pipeline.py
[2026-07-30T10:04:05.201+0000] {processor.py:925} INFO - DAG(s) 'retail_etl' retrieved from /opt/airflow/dags/retail_pipeline.py
[2026-07-30T10:04:05.223+0000] {logging_mixin.py:190} INFO - [2026-07-30T10:04:05.223+0000] {dag.py:3211} INFO - Sync 1 DAGs
[2026-07-30T10:04:05.238+0000] {logging_mixin.py:190} INFO - [2026-07-30T10:04:05.238+0000] {dag.py:4138} INFO - Setting next_dagrun for retail_etl to 2026-07-30 00:00:00+00:00, run_after=2026-07-31 00:00:00+00:00
[2026-07-30T10:04:05.246+0000] {processor.py:208} INFO - Processing /opt/airflow/dags/retail_pipeline.py took 0.075 seconds
[2026-07-30T10:04:35.527+0000] {processor.py:186} INFO - Started process (PID=70) to work on /opt/airflow/dags/retail_pipeline.py
[2026-07-30T10:04:35.528+0000] {processor.py:914} INFO - Processing file /opt/airflow/dags/retail_pipeline.py for tasks to queue
[2026-07-30T10:04:35.535+0000] {logging_mixin.py:190} INFO - [2026-07-30T10:04:35.534+0000] {dagbag.py:587} INFO - Filling up the DagBag from /opt/airflow/dags/retail_pipeline.py
[2026-07-30T10:04:35.554+0000] {processor.py:925} INFO - DAG(s) 'retail_etl' retrieved from /opt/airflow/dags/retail_pipeline.py
[2026-07-30T10:04:35.579+0000] {logging_mixin.py:190} INFO - [2026-07-30T10:04:35.579+0000] {dag.py:3211} INFO - Sync 1 DAGs
[2026-07-30T10:04:35.596+0000] {logging_mixin.py:190} INFO - [2026-07-30T10:04:35.595+0000] {dag.py:4138} INFO - Setting next_dagrun for retail_etl to 2026-07-30 00:00:00+00:00, run_after=2026-07-31 00:00:00+00:00
[2026-07-30T10:04:35.604+0000] {processor.py:208} INFO - Processing /opt/airflow/dags/retail_pipeline.py took 0.084 seconds
[2026-07-30T10:05:05.977+0000] {processor.py:186} INFO - Started process (PID=71) to work on /opt/airflow/dags/retail_pipeline.py
[2026-07-30T10:05:05.977+0000] {processor.py:914} INFO - Processing file /opt/airflow/dags/retail_pipeline.py for tasks to queue
[2026-07-30T10:05:05.980+0000] {logging_mixin.py:190} INFO - [2026-07-30T10:05:05.980+0000] {dagbag.py:587} INFO - Filling up the DagBag from /opt/airflow/dags/retail_pipeline.py
[2026-07-30T10:05:05.999+0000] {processor.py:925} INFO - DAG(s) 'retail_etl' retrieved from /opt/airflow/dags/retail_pipeline.py
[2026-07-30T10:05:06.027+0000] {logging_mixin.py:190} INFO - [2026-07-30T10:05:06.027+0000] {dag.py:3211} INFO - Sync 1 DAGs
[2026-07-30T10:05:06.045+0000] {logging_mixin.py:190} INFO - [2026-07-30T10:05:06.045+0000] {dag.py:4138} INFO - Setting next_dagrun for retail_etl to 2026-07-30 00:00:00+00:00, run_after=2026-07-31 00:00:00+00:00
[2026-07-30T10:05:06.052+0000] {processor.py:208} INFO - Processing /opt/airflow/dags/retail_pipeline.py took 0.088 seconds
[2026-07-30T10:05:36.367+0000] {processor.py:186} INFO - Started process (PID=72) to work on /opt/airflow/dags/retail_pipeline.py
[2026-07-30T10:05:36.368+0000] {processor.py:914} INFO - Processing file /opt/airflow/dags/retail_pipeline.py for tasks to queue
[2026-07-30T10:05:36.371+0000] {logging_mixin.py:190} INFO - [2026-07-30T10:05:36.371+0000] {dagbag.py:587} INFO - Filling up the DagBag from /opt/airflow/dags/retail_pipeline.py
[2026-07-30T10:05:36.389+0000] {processor.py:925} INFO - DAG(s) 'retail_etl' retrieved from /opt/airflow/dags/retail_pipeline.py
[2026-07-30T10:05:36.419+0000] {logging_mixin.py:190} INFO - [2026-07-30T10:05:36.418+0000] {dag.py:3211} INFO - Sync 1 DAGs
[2026-07-30T10:05:36.432+0000] {logging_mixin.py:190} INFO - [2026-07-30T10:05:36.432+0000] {dag.py:4138} INFO - Setting next_dagrun for retail_etl to 2026-07-30 00:00:00+00:00, run_after=2026-07-31 00:00:00+00:00
[2026-07-30T10:05:36.445+0000] {processor.py:208} INFO - Processing /opt/airflow/dags/retail_pipeline.py took 0.091 seconds
[2026-07-30T10:06:06.803+0000] {processor.py:186} INFO - Started process (PID=73) to work on /opt/airflow/dags/retail_pipeline.py
[2026-07-30T10:06:06.804+0000] {processor.py:914} INFO - Processing file /opt/airflow/dags/retail_pipeline.py for tasks to queue
[2026-07-30T10:06:06.811+0000] {logging_mixin.py:190} INFO - [2026-07-30T10:06:06.811+0000] {dagbag.py:587} INFO - Filling up the DagBag from /opt/airflow/dags/retail_pipeline.py
[2026-07-30T10:06:06.837+0000] {processor.py:925} INFO - DAG(s) 'retail_etl' retrieved from /opt/airflow/dags/retail_pipeline.py
[2026-07-30T10:06:06.870+0000] {logging_mixin.py:190} INFO - [2026-07-30T10:06:06.870+0000] {dag.py:3211} INFO - Sync 1 DAGs
[2026-07-30T10:06:06.885+0000] {logging_mixin.py:190} INFO - [2026-07-30T10:06:06.885+0000] {dag.py:4138} INFO - Setting next_dagrun for retail_etl to 2026-07-30 00:00:00+00:00, run_after=2026-07-31 00:00:00+00:00
[2026-07-30T10:06:06.895+0000] {processor.py:208} INFO - Processing /opt/airflow/dags/retail_pipeline.py took 0.104 seconds
[2026-07-30T10:06:37.275+0000] {processor.py:186} INFO - Started process (PID=74) to work on /opt/airflow/dags/retail_pipeline.py
[2026-07-30T10:06:37.277+0000] {processor.py:914} INFO - Processing file /opt/airflow/dags/retail_pipeline.py for tasks to queue
[2026-07-30T10:06:37.280+0000] {logging_mixin.py:190} INFO - [2026-07-30T10:06:37.279+0000] {dagbag.py:587} INFO - Filling up the DagBag from /opt/airflow/dags/retail_pipeline.py
[2026-07-30T10:06:37.296+0000] {processor.py:925} INFO - DAG(s) 'retail_etl' retrieved from /opt/airflow/dags/retail_pipeline.py
[2026-07-30T10:06:37.324+0000] {logging_mixin.py:190} INFO - [2026-07-30T10:06:37.324+0000] {dag.py:3211} INFO - Sync 1 DAGs
[2026-07-30T10:06:37.350+0000] {logging_mixin.py:190} INFO - [2026-07-30T10:06:37.350+0000] {dag.py:4138} INFO - Setting next_dagrun for retail_etl to 2026-07-30 00:00:00+00:00, run_after=2026-07-31 00:00:00+00:00
[2026-07-30T10:06:37.359+0000] {processor.py:208} INFO - Processing /opt/airflow/dags/retail_pipeline.py took 0.092 seconds
[2026-07-30T10:07:07.785+0000] {processor.py:186} INFO - Started process (PID=75) to work on /opt/airflow/dags/retail_pipeline.py
[2026-07-30T10:07:07.786+0000] {processor.py:914} INFO - Processing file /opt/airflow/dags/retail_pipeline.py for tasks to queue
[2026-07-30T10:07:07.789+0000] {logging_mixin.py:190} INFO - [2026-07-30T10:07:07.788+0000] {dagbag.py:587} INFO - Filling up the DagBag from /opt/airflow/dags/retail_pipeline.py
[2026-07-30T10:07:07.804+0000] {processor.py:925} INFO - DAG(s) 'retail_etl' retrieved from /opt/airflow/dags/retail_pipeline.py
[2026-07-30T10:07:07.839+0000] {logging_mixin.py:190} INFO - [2026-07-30T10:07:07.838+0000] {dag.py:3211} INFO - Sync 1 DAGs
[2026-07-30T10:07:07.860+0000] {logging_mixin.py:190} INFO - [2026-07-30T10:07:07.860+0000] {dag.py:4138} INFO - Setting next_dagrun for retail_etl to 2026-07-30 00:00:00+00:00, run_after=2026-07-31 00:00:00+00:00
[2026-07-30T10:07:07.869+0000] {processor.py:208} INFO - Processing /opt/airflow/dags/retail_pipeline.py took 0.097 seconds
[2026-07-30T10:07:38.129+0000] {processor.py:186} INFO - Started process (PID=76) to work on /opt/airflow/dags/retail_pipeline.py
[2026-07-30T10:07:38.129+0000] {processor.py:914} INFO - Processing file /opt/airflow/dags/retail_pipeline.py for tasks to queue
[2026-07-30T10:07:38.132+0000] {logging_mixin.py:190} INFO - [2026-07-30T10:07:38.132+0000] {dagbag.py:587} INFO - Filling up the DagBag from /opt/airflow/dags/retail_pipeline.py
[2026-07-30T10:07:38.147+0000] {processor.py:925} INFO - DAG(s) 'retail_etl' retrieved from /opt/airflow/dags/retail_pipeline.py
[2026-07-30T10:07:38.170+0000] {logging_mixin.py:190} INFO - [2026-07-30T10:07:38.169+0000] {dag.py:3211} INFO - Sync 1 DAGs
[2026-07-30T10:07:38.184+0000] {logging_mixin.py:190} INFO - [2026-07-30T10:07:38.184+0000] {dag.py:4138} INFO - Setting next_dagrun for retail_etl to 2026-07-30 00:00:00+00:00, run_after=2026-07-31 00:00:00+00:00
[2026-07-30T10:07:38.198+0000] {processor.py:208} INFO - Processing /opt/airflow/dags/retail_pipeline.py took 0.078 seconds
[2026-07-30T10:08:08.576+0000] {processor.py:186} INFO - Started process (PID=77) to work on /opt/airflow/dags/retail_pipeline.py
[2026-07-30T10:08:08.577+0000] {processor.py:914} INFO - Processing file /opt/airflow/dags/retail_pipeline.py for tasks to queue
[2026-07-30T10:08:08.580+0000] {logging_mixin.py:190} INFO - [2026-07-30T10:08:08.579+0000] {dagbag.py:587} INFO - Filling up the DagBag from /opt/airflow/dags/retail_pipeline.py
[2026-07-30T10:08:08.597+0000] {processor.py:925} INFO - DAG(s) 'retail_etl' retrieved from /opt/airflow/dags/retail_pipeline.py
[2026-07-30T10:08:08.628+0000] {logging_mixin.py:190} INFO - [2026-07-30T10:08:08.628+0000] {dag.py:3211} INFO - Sync 1 DAGs
[2026-07-30T10:08:08.644+0000] {logging_mixin.py:190} INFO - [2026-07-30T10:08:08.644+0000] {dag.py:4138} INFO - Setting next_dagrun for retail_etl to 2026-07-30 00:00:00+00:00, run_after=2026-07-31 00:00:00+00:00
[2026-07-30T10:08:08.652+0000] {processor.py:208} INFO - Processing /opt/airflow/dags/retail_pipeline.py took 0.092 seconds
[2026-07-30T10:08:38.928+0000] {processor.py:186} INFO - Started process (PID=78) to work on /opt/airflow/dags/retail_pipeline.py
[2026-07-30T10:08:38.929+0000] {processor.py:914} INFO - Processing file /opt/airflow/dags/retail_pipeline.py for tasks to queue
[2026-07-30T10:08:38.932+0000] {logging_mixin.py:190} INFO - [2026-07-30T10:08:38.931+0000] {dagbag.py:587} INFO - Filling up the DagBag from /opt/airflow/dags/retail_pipeline.py
[2026-07-30T10:08:38.962+0000] {processor.py:925} INFO - DAG(s) 'retail_etl' retrieved from /opt/airflow/dags/retail_pipeline.py
[2026-07-30T10:08:38.991+0000] {logging_mixin.py:190} INFO - [2026-07-30T10:08:38.991+0000] {dag.py:3211} INFO - Sync 1 DAGs
[2026-07-30T10:08:39.004+0000] {logging_mixin.py:190} INFO - [2026-07-30T10:08:39.004+0000] {dag.py:4138} INFO - Setting next_dagrun for retail_etl to 2026-07-30 00:00:00+00:00, run_after=2026-07-31 00:00:00+00:00
[2026-07-30T10:08:39.014+0000] {processor.py:208} INFO - Processing /opt/airflow/dags/retail_pipeline.py took 0.105 seconds
[2026-07-30T10:09:09.293+0000] {processor.py:186} INFO - Started process (PID=79) to work on /opt/airflow/dags/retail_pipeline.py
[2026-07-30T10:09:09.294+0000] {processor.py:914} INFO - Processing file /opt/airflow/dags/retail_pipeline.py for tasks to queue
[2026-07-30T10:09:09.297+0000] {logging_mixin.py:190} INFO - [2026-07-30T10:09:09.296+0000] {dagbag.py:587} INFO - Filling up the DagBag from /opt/airflow/dags/retail_pipeline.py
[2026-07-30T10:09:09.321+0000] {processor.py:925} INFO - DAG(s) 'retail_etl' retrieved from /opt/airflow/dags/retail_pipeline.py
[2026-07-30T10:09:09.347+0000] {logging_mixin.py:190} INFO - [2026-07-30T10:09:09.347+0000] {dag.py:3211} INFO - Sync 1 DAGs
[2026-07-30T10:09:09.365+0000] {logging_mixin.py:190} INFO - [2026-07-30T10:09:09.365+0000] {dag.py:4138} INFO - Setting next_dagrun for retail_etl to 2026-07-30 00:00:00+00:00, run_after=2026-07-31 00:00:00+00:00
[2026-07-30T10:09:09.374+0000] {processor.py:208} INFO - Processing /opt/airflow/dags/retail_pipeline.py took 0.096 seconds
[2026-07-30T10:09:39.674+0000] {processor.py:186} INFO - Started process (PID=80) to work on /opt/airflow/dags/retail_pipeline.py
[2026-07-30T10:09:39.675+0000] {processor.py:914} INFO - Processing file /opt/airflow/dags/retail_pipeline.py for tasks to queue
[2026-07-30T10:09:39.688+0000] {logging_mixin.py:190} INFO - [2026-07-30T10:09:39.687+0000] {dagbag.py:587} INFO - Filling up the DagBag from /opt/airflow/dags/retail_pipeline.py
[2026-07-30T10:09:39.708+0000] {processor.py:925} INFO - DAG(s) 'retail_etl' retrieved from /opt/airflow/dags/retail_pipeline.py
[2026-07-30T10:09:39.736+0000] {logging_mixin.py:190} INFO - [2026-07-30T10:09:39.736+0000] {dag.py:3211} INFO - Sync 1 DAGs
[2026-07-30T10:09:39.754+0000] {logging_mixin.py:190} INFO - [2026-07-30T10:09:39.754+0000] {dag.py:4138} INFO - Setting next_dagrun for retail_etl to 2026-07-30 00:00:00+00:00, run_after=2026-07-31 00:00:00+00:00
[2026-07-30T10:09:39.763+0000] {processor.py:208} INFO - Processing /opt/airflow/dags/retail_pipeline.py took 0.099 seconds
[2026-07-30T10:10:10.112+0000] {processor.py:186} INFO - Started process (PID=81) to work on /opt/airflow/dags/retail_pipeline.py
[2026-07-30T10:10:10.114+0000] {processor.py:914} INFO - Processing file /opt/airflow/dags/retail_pipeline.py for tasks to queue
[2026-07-30T10:10:10.117+0000] {logging_mixin.py:190} INFO - [2026-07-30T10:10:10.117+0000] {dagbag.py:587} INFO - Filling up the DagBag from /opt/airflow/dags/retail_pipeline.py
[2026-07-30T10:10:10.141+0000] {processor.py:925} INFO - DAG(s) 'retail_etl' retrieved from /opt/airflow/dags/retail_pipeline.py
[2026-07-30T10:10:10.166+0000] {logging_mixin.py:190} INFO - [2026-07-30T10:10:10.166+0000] {dag.py:3211} INFO - Sync 1 DAGs
[2026-07-30T10:10:10.189+0000] {logging_mixin.py:190} INFO - [2026-07-30T10:10:10.189+0000] {dag.py:4138} INFO - Setting next_dagrun for retail_etl to 2026-07-30 00:00:00+00:00, run_after=2026-07-31 00:00:00+00:00
[2026-07-30T10:10:10.213+0000] {processor.py:208} INFO - Processing /opt/airflow/dags/retail_pipeline.py took 0.111 seconds
[2026-07-30T10:10:40.475+0000] {processor.py:186} INFO - Started process (PID=82) to work on /opt/airflow/dags/retail_pipeline.py
[2026-07-30T10:10:40.476+0000] {processor.py:914} INFO - Processing file /opt/airflow/dags/retail_pipeline.py for tasks to queue
[2026-07-30T10:10:40.481+0000] {logging_mixin.py:190} INFO - [2026-07-30T10:10:40.480+0000] {dagbag.py:587} INFO - Filling up the DagBag from /opt/airflow/dags/retail_pipeline.py
[2026-07-30T10:10:40.513+0000] {processor.py:925} INFO - DAG(s) 'retail_etl' retrieved from /opt/airflow/dags/retail_pipeline.py
[2026-07-30T10:10:40.537+0000] {logging_mixin.py:190} INFO - [2026-07-30T10:10:40.537+0000] {dag.py:3211} INFO - Sync 1 DAGs
[2026-07-30T10:10:40.553+0000] {logging_mixin.py:190} INFO - [2026-07-30T10:10:40.553+0000] {dag.py:4138} INFO - Setting next_dagrun for retail_etl to 2026-07-30 00:00:00+00:00, run_after=2026-07-31 00:00:00+00:00
[2026-07-30T10:10:40.561+0000] {processor.py:208} INFO - Processing /opt/airflow/dags/retail_pipeline.py took 0.100 seconds
[2026-07-30T10:11:11.022+0000] {processor.py:186} INFO - Started process (PID=83) to work on /opt/airflow/dags/retail_pipeline.py
[2026-07-30T10:11:11.023+0000] {processor.py:914} INFO - Processing file /opt/airflow/dags/retail_pipeline.py for tasks to queue
[2026-07-30T10:11:11.031+0000] {logging_mixin.py:190} INFO - [2026-07-30T10:11:11.031+0000] {dagbag.py:587} INFO - Filling up the DagBag from /opt/airflow/dags/retail_pipeline.py
[2026-07-30T10:11:11.051+0000] {processor.py:925} INFO - DAG(s) 'retail_etl' retrieved from /opt/airflow/dags/retail_pipeline.py
[2026-07-30T10:11:11.081+0000] {logging_mixin.py:190} INFO - [2026-07-30T10:11:11.081+0000] {dag.py:3211} INFO - Sync 1 DAGs
[2026-07-30T10:11:11.101+0000] {logging_mixin.py:190} INFO - [2026-07-30T10:11:11.101+0000] {dag.py:4138} INFO - Setting next_dagrun for retail_etl to 2026-07-30 00:00:00+00:00, run_after=2026-07-31 00:00:00+00:00
[2026-07-30T10:11:11.110+0000] {processor.py:208} INFO - Processing /opt/airflow/dags/retail_pipeline.py took 0.095 seconds
[2026-07-30T10:12:23.447+0000] {processor.py:186} INFO - Started process (PID=25) to work on /opt/airflow/dags/retail_pipeline.py
[2026-07-30T10:12:23.450+0000] {processor.py:914} INFO - Processing file /opt/airflow/dags/retail_pipeline.py for tasks to queue
[2026-07-30T10:12:23.452+0000] {logging_mixin.py:190} INFO - [2026-07-30T10:12:23.452+0000] {dagbag.py:587} INFO - Filling up the DagBag from /opt/airflow/dags/retail_pipeline.py
[2026-07-30T10:12:23.467+0000] {processor.py:925} INFO - DAG(s) 'retail_etl' retrieved from /opt/airflow/dags/retail_pipeline.py
[2026-07-30T10:12:23.510+0000] {logging_mixin.py:190} INFO - [2026-07-30T10:12:23.509+0000] {dag.py:3211} INFO - Sync 1 DAGs
[2026-07-30T10:12:23.523+0000] {logging_mixin.py:190} INFO - [2026-07-30T10:12:23.523+0000] {dag.py:4138} INFO - Setting next_dagrun for retail_etl to 2026-07-30 00:00:00+00:00, run_after=2026-07-31 00:00:00+00:00
[2026-07-30T10:12:23.530+0000] {processor.py:208} INFO - Processing /opt/airflow/dags/retail_pipeline.py took 0.088 seconds
[2026-07-30T10:12:53.852+0000] {processor.py:186} INFO - Started process (PID=26) to work on /opt/airflow/dags/retail_pipeline.py
[2026-07-30T10:12:53.853+0000] {processor.py:914} INFO - Processing file /opt/airflow/dags/retail_pipeline.py for tasks to queue
[2026-07-30T10:12:53.857+0000] {logging_mixin.py:190} INFO - [2026-07-30T10:12:53.857+0000] {dagbag.py:587} INFO - Filling up the DagBag from /opt/airflow/dags/retail_pipeline.py
[2026-07-30T10:12:53.875+0000] {processor.py:925} INFO - DAG(s) 'retail_etl' retrieved from /opt/airflow/dags/retail_pipeline.py
[2026-07-30T10:12:53.904+0000] {logging_mixin.py:190} INFO - [2026-07-30T10:12:53.904+0000] {dag.py:3211} INFO - Sync 1 DAGs
[2026-07-30T10:12:53.918+0000] {logging_mixin.py:190} INFO - [2026-07-30T10:12:53.918+0000] {dag.py:4138} INFO - Setting next_dagrun for retail_etl to 2026-07-30 00:00:00+00:00, run_after=2026-07-31 00:00:00+00:00
[2026-07-30T10:12:53.930+0000] {processor.py:208} INFO - Processing /opt/airflow/dags/retail_pipeline.py took 0.087 seconds
[2026-07-30T10:13:24.218+0000] {processor.py:186} INFO - Started process (PID=27) to work on /opt/airflow/dags/retail_pipeline.py
[2026-07-30T10:13:24.219+0000] {processor.py:914} INFO - Processing file /opt/airflow/dags/retail_pipeline.py for tasks to queue
[2026-07-30T10:13:24.227+0000] {logging_mixin.py:190} INFO - [2026-07-30T10:13:24.226+0000] {dagbag.py:587} INFO - Filling up the DagBag from /opt/airflow/dags/retail_pipeline.py
[2026-07-30T10:13:24.247+0000] {processor.py:925} INFO - DAG(s) 'retail_etl' retrieved from /opt/airflow/dags/retail_pipeline.py
[2026-07-30T10:13:24.274+0000] {logging_mixin.py:190} INFO - [2026-07-30T10:13:24.274+0000] {dag.py:3211} INFO - Sync 1 DAGs
[2026-07-30T10:13:24.290+0000] {logging_mixin.py:190} INFO - [2026-07-30T10:13:24.289+0000] {dag.py:4138} INFO - Setting next_dagrun for retail_etl to 2026-07-30 00:00:00+00:00, run_after=2026-07-31 00:00:00+00:00
[2026-07-30T10:13:24.298+0000] {processor.py:208} INFO - Processing /opt/airflow/dags/retail_pipeline.py took 0.093 seconds
[2026-07-30T10:13:54.745+0000] {processor.py:186} INFO - Started process (PID=28) to work on /opt/airflow/dags/retail_pipeline.py
[2026-07-30T10:13:54.746+0000] {processor.py:914} INFO - Processing file /opt/airflow/dags/retail_pipeline.py for tasks to queue
[2026-07-30T10:13:54.749+0000] {logging_mixin.py:190} INFO - [2026-07-30T10:13:54.749+0000] {dagbag.py:587} INFO - Filling up the DagBag from /opt/airflow/dags/retail_pipeline.py
[2026-07-30T10:13:54.767+0000] {processor.py:925} INFO - DAG(s) 'retail_etl' retrieved from /opt/airflow/dags/retail_pipeline.py
[2026-07-30T10:13:54.797+0000] {logging_mixin.py:190} INFO - [2026-07-30T10:13:54.797+0000] {dag.py:3211} INFO - Sync 1 DAGs
[2026-07-30T10:13:54.816+0000] {logging_mixin.py:190} INFO - [2026-07-30T10:13:54.815+0000] {dag.py:4138} INFO - Setting next_dagrun for retail_etl to 2026-07-30 00:00:00+00:00, run_after=2026-07-31 00:00:00+00:00
[2026-07-30T10:13:54.825+0000] {processor.py:208} INFO - Processing /opt/airflow/dags/retail_pipeline.py took 0.088 seconds
[2026-07-30T10:14:25.225+0000] {processor.py:186} INFO - Started process (PID=29) to work on /opt/airflow/dags/retail_pipeline.py
[2026-07-30T10:14:25.225+0000] {processor.py:914} INFO - Processing file /opt/airflow/dags/retail_pipeline.py for tasks to queue
[2026-07-30T10:14:25.229+0000] {logging_mixin.py:190} INFO - [2026-07-30T10:14:25.227+0000] {dagbag.py:587} INFO - Filling up the DagBag from /opt/airflow/dags/retail_pipeline.py
[2026-07-30T10:14:25.246+0000] {processor.py:925} INFO - DAG(s) 'retail_etl' retrieved from /opt/airflow/dags/retail_pipeline.py
[2026-07-30T10:14:25.284+0000] {logging_mixin.py:190} INFO - [2026-07-30T10:14:25.284+0000] {dag.py:3211} INFO - Sync 1 DAGs
[2026-07-30T10:14:25.302+0000] {logging_mixin.py:190} INFO - [2026-07-30T10:14:25.302+0000] {dag.py:4138} INFO - Setting next_dagrun for retail_etl to 2026-07-30 00:00:00+00:00, run_after=2026-07-31 00:00:00+00:00
[2026-07-30T10:14:25.310+0000] {processor.py:208} INFO - Processing /opt/airflow/dags/retail_pipeline.py took 0.093 seconds
[2026-07-30T10:14:55.633+0000] {processor.py:186} INFO - Started process (PID=30) to work on /opt/airflow/dags/retail_pipeline.py
[2026-07-30T10:14:55.634+0000] {processor.py:914} INFO - Processing file /opt/airflow/dags/retail_pipeline.py for tasks to queue
[2026-07-30T10:14:55.636+0000] {logging_mixin.py:190} INFO - [2026-07-30T10:14:55.636+0000] {dagbag.py:587} INFO - Filling up the DagBag from /opt/airflow/dags/retail_pipeline.py
[2026-07-30T10:14:55.663+0000] {processor.py:925} INFO - DAG(s) 'retail_etl' retrieved from /opt/airflow/dags/retail_pipeline.py
[2026-07-30T10:14:55.693+0000] {logging_mixin.py:190} INFO - [2026-07-30T10:14:55.693+0000] {dag.py:3211} INFO - Sync 1 DAGs
[2026-07-30T10:14:55.711+0000] {logging_mixin.py:190} INFO - [2026-07-30T10:14:55.711+0000] {dag.py:4138} INFO - Setting next_dagrun for retail_etl to 2026-07-30 00:00:00+00:00, run_after=2026-07-31 00:00:00+00:00
[2026-07-30T10:14:55.719+0000] {processor.py:208} INFO - Processing /opt/airflow/dags/retail_pipeline.py took 0.096 seconds
[2026-07-30T10:15:26.003+0000] {processor.py:186} INFO - Started process (PID=31) to work on /opt/airflow/dags/retail_pipeline.py
[2026-07-30T10:15:26.004+0000] {processor.py:914} INFO - Processing file /opt/airflow/dags/retail_pipeline.py for tasks to queue
[2026-07-30T10:15:26.010+0000] {logging_mixin.py:190} INFO - [2026-07-30T10:15:26.010+0000] {dagbag.py:587} INFO - Filling up the DagBag from /opt/airflow/dags/retail_pipeline.py
[2026-07-30T10:15:26.025+0000] {processor.py:925} INFO - DAG(s) 'retail_etl' retrieved from /opt/airflow/dags/retail_pipeline.py
[2026-07-30T10:15:26.052+0000] {logging_mixin.py:190} INFO - [2026-07-30T10:15:26.052+0000] {dag.py:3211} INFO - Sync 1 DAGs
[2026-07-30T10:15:26.069+0000] {logging_mixin.py:190} INFO - [2026-07-30T10:15:26.069+0000] {dag.py:4138} INFO - Setting next_dagrun for retail_etl to 2026-07-30 00:00:00+00:00, run_after=2026-07-31 00:00:00+00:00
[2026-07-30T10:15:26.078+0000] {processor.py:208} INFO - Processing /opt/airflow/dags/retail_pipeline.py took 0.092 seconds
[2026-07-30T10:15:56.345+0000] {processor.py:186} INFO - Started process (PID=32) to work on /opt/airflow/dags/retail_pipeline.py
[2026-07-30T10:15:56.346+0000] {processor.py:914} INFO - Processing file /opt/airflow/dags/retail_pipeline.py for tasks to queue
[2026-07-30T10:15:56.349+0000] {logging_mixin.py:190} INFO - [2026-07-30T10:15:56.348+0000] {dagbag.py:587} INFO - Filling up the DagBag from /opt/airflow/dags/retail_pipeline.py
[2026-07-30T10:15:56.376+0000] {processor.py:925} INFO - DAG(s) 'retail_etl' retrieved from /opt/airflow/dags/retail_pipeline.py
[2026-07-30T10:15:56.404+0000] {logging_mixin.py:190} INFO - [2026-07-30T10:15:56.404+0000] {dag.py:3211} INFO - Sync 1 DAGs
[2026-07-30T10:15:56.420+0000] {logging_mixin.py:190} INFO - [2026-07-30T10:15:56.420+0000] {dag.py:4138} INFO - Setting next_dagrun for retail_etl to 2026-07-30 00:00:00+00:00, run_after=2026-07-31 00:00:00+00:00
[2026-07-30T10:15:56.429+0000] {processor.py:208} INFO - Processing /opt/airflow/dags/retail_pipeline.py took 0.096 seconds
[2026-07-30T10:16:26.783+0000] {processor.py:186} INFO - Started process (PID=33) to work on /opt/airflow/dags/retail_pipeline.py
[2026-07-30T10:16:26.785+0000] {processor.py:914} INFO - Processing file /opt/airflow/dags/retail_pipeline.py for tasks to queue
[2026-07-30T10:16:26.788+0000] {logging_mixin.py:190} INFO - [2026-07-30T10:16:26.787+0000] {dagbag.py:587} INFO - Filling up the DagBag from /opt/airflow/dags/retail_pipeline.py
[2026-07-30T10:16:26.805+0000] {processor.py:925} INFO - DAG(s) 'retail_etl' retrieved from /opt/airflow/dags/retail_pipeline.py
[2026-07-30T10:16:26.833+0000] {logging_mixin.py:190} INFO - [2026-07-30T10:16:26.833+0000] {dag.py:3211} INFO - Sync 1 DAGs
[2026-07-30T10:16:26.849+0000] {logging_mixin.py:190} INFO - [2026-07-30T10:16:26.849+0000] {dag.py:4138} INFO - Setting next_dagrun for retail_etl to 2026-07-30 00:00:00+00:00, run_after=2026-07-31 00:00:00+00:00
[2026-07-30T10:16:26.859+0000] {processor.py:208} INFO - Processing /opt/airflow/dags/retail_pipeline.py took 0.084 seconds
[2026-07-30T10:16:57.311+0000] {processor.py:186} INFO - Started process (PID=34) to work on /opt/airflow/dags/retail_pipeline.py
[2026-07-30T10:16:57.312+0000] {processor.py:914} INFO - Processing file /opt/airflow/dags/retail_pipeline.py for tasks to queue
[2026-07-30T10:16:57.319+0000] {logging_mixin.py:190} INFO - [2026-07-30T10:16:57.318+0000] {dagbag.py:587} INFO - Filling up the DagBag from /opt/airflow/dags/retail_pipeline.py
[2026-07-30T10:16:57.337+0000] {processor.py:925} INFO - DAG(s) 'retail_etl' retrieved from /opt/airflow/dags/retail_pipeline.py
[2026-07-30T10:16:57.369+0000] {logging_mixin.py:190} INFO - [2026-07-30T10:16:57.368+0000] {dag.py:3211} INFO - Sync 1 DAGs
[2026-07-30T10:16:57.386+0000] {logging_mixin.py:190} INFO - [2026-07-30T10:16:57.386+0000] {dag.py:4138} INFO - Setting next_dagrun for retail_etl to 2026-07-30 00:00:00+00:00, run_after=2026-07-31 00:00:00+00:00
[2026-07-30T10:16:57.398+0000] {processor.py:208} INFO - Processing /opt/airflow/dags/retail_pipeline.py took 0.099 seconds
[2026-07-30T10:17:27.680+0000] {processor.py:186} INFO - Started process (PID=35) to work on /opt/airflow/dags/retail_pipeline.py
[2026-07-30T10:17:27.681+0000] {processor.py:914} INFO - Processing file /opt/airflow/dags/retail_pipeline.py for tasks to queue
[2026-07-30T10:17:27.684+0000] {logging_mixin.py:190} INFO - [2026-07-30T10:17:27.683+0000] {dagbag.py:587} INFO - Filling up the DagBag from /opt/airflow/dags/retail_pipeline.py
[2026-07-30T10:17:27.695+0000] {processor.py:925} INFO - DAG(s) 'retail_etl' retrieved from /opt/airflow/dags/retail_pipeline.py
[2026-07-30T10:17:27.717+0000] {logging_mixin.py:190} INFO - [2026-07-30T10:17:27.717+0000] {dag.py:3211} INFO - Sync 1 DAGs
[2026-07-30T10:17:27.731+0000] {logging_mixin.py:190} INFO - [2026-07-30T10:17:27.731+0000] {dag.py:4138} INFO - Setting next_dagrun for retail_etl to 2026-07-30 00:00:00+00:00, run_after=2026-07-31 00:00:00+00:00
[2026-07-30T10:17:27.742+0000] {processor.py:208} INFO - Processing /opt/airflow/dags/retail_pipeline.py took 0.075 seconds
[2026-07-30T10:17:58.029+0000] {processor.py:186} INFO - Started process (PID=36) to work on /opt/airflow/dags/retail_pipeline.py
[2026-07-30T10:17:58.030+0000] {processor.py:914} INFO - Processing file /opt/airflow/dags/retail_pipeline.py for tasks to queue
[2026-07-30T10:17:58.032+0000] {logging_mixin.py:190} INFO - [2026-07-30T10:17:58.032+0000] {dagbag.py:587} INFO - Filling up the DagBag from /opt/airflow/dags/retail_pipeline.py
[2026-07-30T10:17:58.049+0000] {processor.py:925} INFO - DAG(s) 'retail_etl' retrieved from /opt/airflow/dags/retail_pipeline.py
[2026-07-30T10:17:58.074+0000] {logging_mixin.py:190} INFO - [2026-07-30T10:17:58.074+0000] {dag.py:3211} INFO - Sync 1 DAGs
[2026-07-30T10:17:58.094+0000] {logging_mixin.py:190} INFO - [2026-07-30T10:17:58.093+0000] {dag.py:4138} INFO - Setting next_dagrun for retail_etl to 2026-07-30 00:00:00+00:00, run_after=2026-07-31 00:00:00+00:00
[2026-07-30T10:17:58.103+0000] {processor.py:208} INFO - Processing /opt/airflow/dags/retail_pipeline.py took 0.082 seconds
[2026-07-30T10:18:28.369+0000] {processor.py:186} INFO - Started process (PID=37) to work on /opt/airflow/dags/retail_pipeline.py
[2026-07-30T10:18:28.369+0000] {processor.py:914} INFO - Processing file /opt/airflow/dags/retail_pipeline.py for tasks to queue
[2026-07-30T10:18:28.374+0000] {logging_mixin.py:190} INFO - [2026-07-30T10:18:28.374+0000] {dagbag.py:587} INFO - Filling up the DagBag from /opt/airflow/dags/retail_pipeline.py
[2026-07-30T10:18:28.390+0000] {processor.py:925} INFO - DAG(s) 'retail_etl' retrieved from /opt/airflow/dags/retail_pipeline.py
[2026-07-30T10:18:28.413+0000] {logging_mixin.py:190} INFO - [2026-07-30T10:18:28.413+0000] {dag.py:3211} INFO - Sync 1 DAGs
[2026-07-30T10:18:28.429+0000] {logging_mixin.py:190} INFO - [2026-07-30T10:18:28.429+0000] {dag.py:4138} INFO - Setting next_dagrun for retail_etl to 2026-07-30 00:00:00+00:00, run_after=2026-07-31 00:00:00+00:00
[2026-07-30T10:18:28.437+0000] {processor.py:208} INFO - Processing /opt/airflow/dags/retail_pipeline.py took 0.074 seconds
[2026-07-30T10:18:58.743+0000] {processor.py:186} INFO - Started process (PID=38) to work on /opt/airflow/dags/retail_pipeline.py
[2026-07-30T10:18:58.744+0000] {processor.py:914} INFO - Processing file /opt/airflow/dags/retail_pipeline.py for tasks to queue
[2026-07-30T10:18:58.747+0000] {logging_mixin.py:190} INFO - [2026-07-30T10:18:58.747+0000] {dagbag.py:587} INFO - Filling up the DagBag from /opt/airflow/dags/retail_pipeline.py
[2026-07-30T10:18:58.761+0000] {processor.py:925} INFO - DAG(s) 'retail_etl' retrieved from /opt/airflow/dags/retail_pipeline.py
[2026-07-30T10:18:58.786+0000] {logging_mixin.py:190} INFO - [2026-07-30T10:18:58.786+0000] {dag.py:3211} INFO - Sync 1 DAGs
[2026-07-30T10:18:58.802+0000] {logging_mixin.py:190} INFO - [2026-07-30T10:18:58.802+0000] {dag.py:4138} INFO - Setting next_dagrun for retail_etl to 2026-07-30 00:00:00+00:00, run_after=2026-07-31 00:00:00+00:00
[2026-07-30T10:18:58.811+0000] {processor.py:208} INFO - Processing /opt/airflow/dags/retail_pipeline.py took 0.077 seconds
[2026-07-30T10:19:29.163+0000] {processor.py:186} INFO - Started process (PID=39) to work on /opt/airflow/dags/retail_pipeline.py
[2026-07-30T10:19:29.164+0000] {processor.py:914} INFO - Processing file /opt/airflow/dags/retail_pipeline.py for tasks to queue
[2026-07-30T10:19:29.166+0000] {logging_mixin.py:190} INFO - [2026-07-30T10:19:29.166+0000] {dagbag.py:587} INFO - Filling up the DagBag from /opt/airflow/dags/retail_pipeline.py
[2026-07-30T10:19:29.188+0000] {processor.py:925} INFO - DAG(s) 'retail_etl' retrieved from /opt/airflow/dags/retail_pipeline.py
[2026-07-30T10:19:29.210+0000] {logging_mixin.py:190} INFO - [2026-07-30T10:19:29.210+0000] {dag.py:3211} INFO - Sync 1 DAGs
[2026-07-30T10:19:29.226+0000] {logging_mixin.py:190} INFO - [2026-07-30T10:19:29.226+0000] {dag.py:4138} INFO - Setting next_dagrun for retail_etl to 2026-07-30 00:00:00+00:00, run_after=2026-07-31 00:00:00+00:00
[2026-07-30T10:19:29.237+0000] {processor.py:208} INFO - Processing /opt/airflow/dags/retail_pipeline.py took 0.084 seconds
[2026-07-30T10:19:59.646+0000] {processor.py:186} INFO - Started process (PID=40) to work on /opt/airflow/dags/retail_pipeline.py
[2026-07-30T10:19:59.646+0000] {processor.py:914} INFO - Processing file /opt/airflow/dags/retail_pipeline.py for tasks to queue
[2026-07-30T10:19:59.652+0000] {logging_mixin.py:190} INFO - [2026-07-30T10:19:59.649+0000] {dagbag.py:587} INFO - Filling up the DagBag from /opt/airflow/dags/retail_pipeline.py
[2026-07-30T10:19:59.670+0000] {processor.py:925} INFO - DAG(s) 'retail_etl' retrieved from /opt/airflow/dags/retail_pipeline.py
[2026-07-30T10:19:59.697+0000] {logging_mixin.py:190} INFO - [2026-07-30T10:19:59.697+0000] {dag.py:3211} INFO - Sync 1 DAGs
[2026-07-30T10:19:59.710+0000] {logging_mixin.py:190} INFO - [2026-07-30T10:19:59.710+0000] {dag.py:4138} INFO - Setting next_dagrun for retail_etl to 2026-07-30 00:00:00+00:00, run_after=2026-07-31 00:00:00+00:00
[2026-07-30T10:19:59.721+0000] {processor.py:208} INFO - Processing /opt/airflow/dags/retail_pipeline.py took 0.089 seconds
[2026-07-30T10:20:30.046+0000] {processor.py:186} INFO - Started process (PID=41) to work on /opt/airflow/dags/retail_pipeline.py
[2026-07-30T10:20:30.047+0000] {processor.py:914} INFO - Processing file /opt/airflow/dags/retail_pipeline.py for tasks to queue
[2026-07-30T10:20:30.049+0000] {logging_mixin.py:190} INFO - [2026-07-30T10:20:30.049+0000] {dagbag.py:587} INFO - Filling up the DagBag from /opt/airflow/dags/retail_pipeline.py
[2026-07-30T10:20:30.076+0000] {processor.py:925} INFO - DAG(s) 'retail_etl' retrieved from /opt/airflow/dags/retail_pipeline.py
[2026-07-30T10:20:30.101+0000] {logging_mixin.py:190} INFO - [2026-07-30T10:20:30.100+0000] {dag.py:3211} INFO - Sync 1 DAGs
[2026-07-30T10:20:30.113+0000] {logging_mixin.py:190} INFO - [2026-07-30T10:20:30.113+0000] {dag.py:4138} INFO - Setting next_dagrun for retail_etl to 2026-07-30 00:00:00+00:00, run_after=2026-07-31 00:00:00+00:00
[2026-07-30T10:20:30.126+0000] {processor.py:208} INFO - Processing /opt/airflow/dags/retail_pipeline.py took 0.090 seconds
[2026-07-30T10:21:00.505+0000] {processor.py:186} INFO - Started process (PID=42) to work on /opt/airflow/dags/retail_pipeline.py
[2026-07-30T10:21:00.505+0000] {processor.py:914} INFO - Processing file /opt/airflow/dags/retail_pipeline.py for tasks to queue
[2026-07-30T10:21:00.511+0000] {logging_mixin.py:190} INFO - [2026-07-30T10:21:00.510+0000] {dagbag.py:587} INFO - Filling up the DagBag from /opt/airflow/dags/retail_pipeline.py
[2026-07-30T10:21:00.526+0000] {processor.py:925} INFO - DAG(s) 'retail_etl' retrieved from /opt/airflow/dags/retail_pipeline.py
[2026-07-30T10:21:00.550+0000] {logging_mixin.py:190} INFO - [2026-07-30T10:21:00.550+0000] {dag.py:3211} INFO - Sync 1 DAGs
[2026-07-30T10:21:00.567+0000] {logging_mixin.py:190} INFO - [2026-07-30T10:21:00.567+0000] {dag.py:4138} INFO - Setting next_dagrun for retail_etl to 2026-07-30 00:00:00+00:00, run_after=2026-07-31 00:00:00+00:00
[2026-07-30T10:21:00.575+0000] {processor.py:208} INFO - Processing /opt/airflow/dags/retail_pipeline.py took 0.080 seconds
[2026-07-30T10:21:30.880+0000] {processor.py:186} INFO - Started process (PID=43) to work on /opt/airflow/dags/retail_pipeline.py
[2026-07-30T10:21:30.881+0000] {processor.py:914} INFO - Processing file /opt/airflow/dags/retail_pipeline.py for tasks to queue
[2026-07-30T10:21:30.884+0000] {logging_mixin.py:190} INFO - [2026-07-30T10:21:30.884+0000] {dagbag.py:587} INFO - Filling up the DagBag from /opt/airflow/dags/retail_pipeline.py
[2026-07-30T10:21:30.900+0000] {processor.py:925} INFO - DAG(s) 'retail_etl' retrieved from /opt/airflow/dags/retail_pipeline.py
[2026-07-30T10:21:30.924+0000] {logging_mixin.py:190} INFO - [2026-07-30T10:21:30.924+0000] {dag.py:3211} INFO - Sync 1 DAGs
[2026-07-30T10:21:30.944+0000] {logging_mixin.py:190} INFO - [2026-07-30T10:21:30.944+0000] {dag.py:4138} INFO - Setting next_dagrun for retail_etl to 2026-07-30 00:00:00+00:00, run_after=2026-07-31 00:00:00+00:00
[2026-07-30T10:21:30.952+0000] {processor.py:208} INFO - Processing /opt/airflow/dags/retail_pipeline.py took 0.078 seconds
[2026-07-30T10:22:01.266+0000] {processor.py:186} INFO - Started process (PID=44) to work on /opt/airflow/dags/retail_pipeline.py
[2026-07-30T10:22:01.267+0000] {processor.py:914} INFO - Processing file /opt/airflow/dags/retail_pipeline.py for tasks to queue
[2026-07-30T10:22:01.270+0000] {logging_mixin.py:190} INFO - [2026-07-30T10:22:01.269+0000] {dagbag.py:587} INFO - Filling up the DagBag from /opt/airflow/dags/retail_pipeline.py
[2026-07-30T10:22:01.290+0000] {processor.py:925} INFO - DAG(s) 'retail_etl' retrieved from /opt/airflow/dags/retail_pipeline.py
[2026-07-30T10:22:01.317+0000] {logging_mixin.py:190} INFO - [2026-07-30T10:22:01.316+0000] {dag.py:3211} INFO - Sync 1 DAGs
[2026-07-30T10:22:01.332+0000] {logging_mixin.py:190} INFO - [2026-07-30T10:22:01.332+0000] {dag.py:4138} INFO - Setting next_dagrun for retail_etl to 2026-07-30 00:00:00+00:00, run_after=2026-07-31 00:00:00+00:00
[2026-07-30T10:22:01.341+0000] {processor.py:208} INFO - Processing /opt/airflow/dags/retail_pipeline.py took 0.081 seconds
[2026-07-30T10:22:31.650+0000] {processor.py:186} INFO - Started process (PID=45) to work on /opt/airflow/dags/retail_pipeline.py
[2026-07-30T10:22:31.651+0000] {processor.py:914} INFO - Processing file /opt/airflow/dags/retail_pipeline.py for tasks to queue
[2026-07-30T10:22:31.657+0000] {logging_mixin.py:190} INFO - [2026-07-30T10:22:31.657+0000] {dagbag.py:587} INFO - Filling up the DagBag from /opt/airflow/dags/retail_pipeline.py
[2026-07-30T10:22:31.671+0000] {processor.py:925} INFO - DAG(s) 'retail_etl' retrieved from /opt/airflow/dags/retail_pipeline.py
[2026-07-30T10:22:31.697+0000] {logging_mixin.py:190} INFO - [2026-07-30T10:22:31.697+0000] {dag.py:3211} INFO - Sync 1 DAGs
[2026-07-30T10:22:31.710+0000] {logging_mixin.py:190} INFO - [2026-07-30T10:22:31.710+0000] {dag.py:4138} INFO - Setting next_dagrun for retail_etl to 2026-07-30 00:00:00+00:00, run_after=2026-07-31 00:00:00+00:00
[2026-07-30T10:22:31.721+0000] {processor.py:208} INFO - Processing /opt/airflow/dags/retail_pipeline.py took 0.080 seconds
[2026-07-30T10:23:02.028+0000] {processor.py:186} INFO - Started process (PID=46) to work on /opt/airflow/dags/retail_pipeline.py
[2026-07-30T10:23:02.029+0000] {processor.py:914} INFO - Processing file /opt/airflow/dags/retail_pipeline.py for tasks to queue
[2026-07-30T10:23:02.038+0000] {logging_mixin.py:190} INFO - [2026-07-30T10:23:02.037+0000] {dagbag.py:587} INFO - Filling up the DagBag from /opt/airflow/dags/retail_pipeline.py
[2026-07-30T10:23:02.068+0000] {processor.py:925} INFO - DAG(s) 'retail_etl' retrieved from /opt/airflow/dags/retail_pipeline.py
[2026-07-30T10:23:02.094+0000] {logging_mixin.py:190} INFO - [2026-07-30T10:23:02.094+0000] {dag.py:3211} INFO - Sync 1 DAGs
[2026-07-30T10:23:02.107+0000] {logging_mixin.py:190} INFO - [2026-07-30T10:23:02.107+0000] {dag.py:4138} INFO - Setting next_dagrun for retail_etl to 2026-07-30 00:00:00+00:00, run_after=2026-07-31 00:00:00+00:00
[2026-07-30T10:23:02.115+0000] {processor.py:208} INFO - Processing /opt/airflow/dags/retail_pipeline.py took 0.103 seconds
[2026-07-30T10:23:32.443+0000] {processor.py:186} INFO - Started process (PID=47) to work on /opt/airflow/dags/retail_pipeline.py
[2026-07-30T10:23:32.444+0000] {processor.py:914} INFO - Processing file /opt/airflow/dags/retail_pipeline.py for tasks to queue
[2026-07-30T10:23:32.447+0000] {logging_mixin.py:190} INFO - [2026-07-30T10:23:32.447+0000] {dagbag.py:587} INFO - Filling up the DagBag from /opt/airflow/dags/retail_pipeline.py
[2026-07-30T10:23:32.464+0000] {processor.py:925} INFO - DAG(s) 'retail_etl' retrieved from /opt/airflow/dags/retail_pipeline.py
[2026-07-30T10:23:32.493+0000] {logging_mixin.py:190} INFO - [2026-07-30T10:23:32.493+0000] {dag.py:3211} INFO - Sync 1 DAGs
[2026-07-30T10:23:32.506+0000] {logging_mixin.py:190} INFO - [2026-07-30T10:23:32.506+0000] {dag.py:4138} INFO - Setting next_dagrun for retail_etl to 2026-07-30 00:00:00+00:00, run_after=2026-07-31 00:00:00+00:00
[2026-07-30T10:23:32.517+0000] {processor.py:208} INFO - Processing /opt/airflow/dags/retail_pipeline.py took 0.088 seconds
[2026-07-30T10:24:02.854+0000] {processor.py:186} INFO - Started process (PID=48) to work on /opt/airflow/dags/retail_pipeline.py
[2026-07-30T10:24:02.855+0000] {processor.py:914} INFO - Processing file /opt/airflow/dags/retail_pipeline.py for tasks to queue
[2026-07-30T10:24:02.857+0000] {logging_mixin.py:190} INFO - [2026-07-30T10:24:02.857+0000] {dagbag.py:587} INFO - Filling up the DagBag from /opt/airflow/dags/retail_pipeline.py
[2026-07-30T10:24:02.877+0000] {processor.py:925} INFO - DAG(s) 'retail_etl' retrieved from /opt/airflow/dags/retail_pipeline.py
[2026-07-30T10:24:02.903+0000] {logging_mixin.py:190} INFO - [2026-07-30T10:24:02.903+0000] {dag.py:3211} INFO - Sync 1 DAGs
[2026-07-30T10:24:02.917+0000] {logging_mixin.py:190} INFO - [2026-07-30T10:24:02.917+0000] {dag.py:4138} INFO - Setting next_dagrun for retail_etl to 2026-07-30 00:00:00+00:00, run_after=2026-07-31 00:00:00+00:00
[2026-07-30T10:24:02.925+0000] {processor.py:208} INFO - Processing /opt/airflow/dags/retail_pipeline.py took 0.080 seconds
[2026-07-30T10:24:33.297+0000] {processor.py:186} INFO - Started process (PID=49) to work on /opt/airflow/dags/retail_pipeline.py
[2026-07-30T10:24:33.298+0000] {processor.py:914} INFO - Processing file /opt/airflow/dags/retail_pipeline.py for tasks to queue
[2026-07-30T10:24:33.300+0000] {logging_mixin.py:190} INFO - [2026-07-30T10:24:33.300+0000] {dagbag.py:587} INFO - Filling up the DagBag from /opt/airflow/dags/retail_pipeline.py
[2026-07-30T10:24:33.324+0000] {processor.py:925} INFO - DAG(s) 'retail_etl' retrieved from /opt/airflow/dags/retail_pipeline.py
[2026-07-30T10:24:33.353+0000] {logging_mixin.py:190} INFO - [2026-07-30T10:24:33.353+0000] {dag.py:3211} INFO - Sync 1 DAGs
[2026-07-30T10:24:33.366+0000] {logging_mixin.py:190} INFO - [2026-07-30T10:24:33.366+0000] {dag.py:4138} INFO - Setting next_dagrun for retail_etl to 2026-07-30 00:00:00+00:00, run_after=2026-07-31 00:00:00+00:00
[2026-07-30T10:24:33.374+0000] {processor.py:208} INFO - Processing /opt/airflow/dags/retail_pipeline.py took 0.090 seconds
[2026-07-30T10:25:03.717+0000] {processor.py:186} INFO - Started process (PID=50) to work on /opt/airflow/dags/retail_pipeline.py
[2026-07-30T10:25:03.719+0000] {processor.py:914} INFO - Processing file /opt/airflow/dags/retail_pipeline.py for tasks to queue
[2026-07-30T10:25:03.724+0000] {logging_mixin.py:190} INFO - [2026-07-30T10:25:03.723+0000] {dagbag.py:587} INFO - Filling up the DagBag from /opt/airflow/dags/retail_pipeline.py
[2026-07-30T10:25:03.743+0000] {processor.py:925} INFO - DAG(s) 'retail_etl' retrieved from /opt/airflow/dags/retail_pipeline.py
[2026-07-30T10:25:03.780+0000] {logging_mixin.py:190} INFO - [2026-07-30T10:25:03.780+0000] {dag.py:3211} INFO - Sync 1 DAGs
[2026-07-30T10:25:03.797+0000] {logging_mixin.py:190} INFO - [2026-07-30T10:25:03.797+0000] {dag.py:4138} INFO - Setting next_dagrun for retail_etl to 2026-07-30 00:00:00+00:00, run_after=2026-07-31 00:00:00+00:00
[2026-07-30T10:25:03.806+0000] {processor.py:208} INFO - Processing /opt/airflow/dags/retail_pipeline.py took 0.096 seconds
[2026-07-30T10:25:34.081+0000] {processor.py:186} INFO - Started process (PID=51) to work on /opt/airflow/dags/retail_pipeline.py
[2026-07-30T10:25:34.082+0000] {processor.py:914} INFO - Processing file /opt/airflow/dags/retail_pipeline.py for tasks to queue
[2026-07-30T10:25:34.089+0000] {logging_mixin.py:190} INFO - [2026-07-30T10:25:34.089+0000] {dagbag.py:587} INFO - Filling up the DagBag from /opt/airflow/dags/retail_pipeline.py
[2026-07-30T10:25:34.108+0000] {processor.py:925} INFO - DAG(s) 'retail_etl' retrieved from /opt/airflow/dags/retail_pipeline.py
[2026-07-30T10:25:34.135+0000] {logging_mixin.py:190} INFO - [2026-07-30T10:25:34.134+0000] {dag.py:3211} INFO - Sync 1 DAGs
[2026-07-30T10:25:34.152+0000] {logging_mixin.py:190} INFO - [2026-07-30T10:25:34.152+0000] {dag.py:4138} INFO - Setting next_dagrun for retail_etl to 2026-07-30 00:00:00+00:00, run_after=2026-07-31 00:00:00+00:00
[2026-07-30T10:25:34.162+0000] {processor.py:208} INFO - Processing /opt/airflow/dags/retail_pipeline.py took 0.089 seconds
[2026-07-30T10:26:04.535+0000] {processor.py:186} INFO - Started process (PID=52) to work on /opt/airflow/dags/retail_pipeline.py
[2026-07-30T10:26:04.536+0000] {processor.py:914} INFO - Processing file /opt/airflow/dags/retail_pipeline.py for tasks to queue
[2026-07-30T10:26:04.539+0000] {logging_mixin.py:190} INFO - [2026-07-30T10:26:04.538+0000] {dagbag.py:587} INFO - Filling up the DagBag from /opt/airflow/dags/retail_pipeline.py
[2026-07-30T10:26:04.557+0000] {processor.py:925} INFO - DAG(s) 'retail_etl' retrieved from /opt/airflow/dags/retail_pipeline.py
[2026-07-30T10:26:04.585+0000] {logging_mixin.py:190} INFO - [2026-07-30T10:26:04.585+0000] {dag.py:3211} INFO - Sync 1 DAGs
[2026-07-30T10:26:04.601+0000] {logging_mixin.py:190} INFO - [2026-07-30T10:26:04.601+0000] {dag.py:4138} INFO - Setting next_dagrun for retail_etl to 2026-07-30 00:00:00+00:00, run_after=2026-07-31 00:00:00+00:00
[2026-07-30T10:26:04.611+0000] {processor.py:208} INFO - Processing /opt/airflow/dags/retail_pipeline.py took 0.086 seconds
[2026-07-30T10:26:34.947+0000] {processor.py:186} INFO - Started process (PID=53) to work on /opt/airflow/dags/retail_pipeline.py
[2026-07-30T10:26:34.948+0000] {processor.py:914} INFO - Processing file /opt/airflow/dags/retail_pipeline.py for tasks to queue
[2026-07-30T10:26:34.951+0000] {logging_mixin.py:190} INFO - [2026-07-30T10:26:34.950+0000] {dagbag.py:587} INFO - Filling up the DagBag from /opt/airflow/dags/retail_pipeline.py
[2026-07-30T10:26:34.970+0000] {processor.py:925} INFO - DAG(s) 'retail_etl' retrieved from /opt/airflow/dags/retail_pipeline.py
[2026-07-30T10:26:34.996+0000] {logging_mixin.py:190} INFO - [2026-07-30T10:26:34.996+0000] {dag.py:3211} INFO - Sync 1 DAGs
[2026-07-30T10:26:35.016+0000] {logging_mixin.py:190} INFO - [2026-07-30T10:26:35.016+0000] {dag.py:4138} INFO - Setting next_dagrun for retail_etl to 2026-07-30 00:00:00+00:00, run_after=2026-07-31 00:00:00+00:00
[2026-07-30T10:26:35.024+0000] {processor.py:208} INFO - Processing /opt/airflow/dags/retail_pipeline.py took 0.088 seconds
[2026-07-30T10:27:05.442+0000] {processor.py:186} INFO - Started process (PID=54) to work on /opt/airflow/dags/retail_pipeline.py
[2026-07-30T10:27:05.443+0000] {processor.py:914} INFO - Processing file /opt/airflow/dags/retail_pipeline.py for tasks to queue
[2026-07-30T10:27:05.445+0000] {logging_mixin.py:190} INFO - [2026-07-30T10:27:05.445+0000] {dagbag.py:587} INFO - Filling up the DagBag from /opt/airflow/dags/retail_pipeline.py
[2026-07-30T10:27:05.465+0000] {processor.py:925} INFO - DAG(s) 'retail_etl' retrieved from /opt/airflow/dags/retail_pipeline.py
[2026-07-30T10:27:05.487+0000] {logging_mixin.py:190} INFO - [2026-07-30T10:27:05.487+0000] {dag.py:3211} INFO - Sync 1 DAGs
[2026-07-30T10:27:05.504+0000] {logging_mixin.py:190} INFO - [2026-07-30T10:27:05.504+0000] {dag.py:4138} INFO - Setting next_dagrun for retail_etl to 2026-07-30 00:00:00+00:00, run_after=2026-07-31 00:00:00+00:00
[2026-07-30T10:27:05.512+0000] {processor.py:208} INFO - Processing /opt/airflow/dags/retail_pipeline.py took 0.087 seconds
[2026-07-30T10:27:35.852+0000] {processor.py:186} INFO - Started process (PID=55) to work on /opt/airflow/dags/retail_pipeline.py
[2026-07-30T10:27:35.853+0000] {processor.py:914} INFO - Processing file /opt/airflow/dags/retail_pipeline.py for tasks to queue
[2026-07-30T10:27:35.856+0000] {logging_mixin.py:190} INFO - [2026-07-30T10:27:35.855+0000] {dagbag.py:587} INFO - Filling up the DagBag from /opt/airflow/dags/retail_pipeline.py
[2026-07-30T10:27:35.869+0000] {processor.py:925} INFO - DAG(s) 'retail_etl' retrieved from /opt/airflow/dags/retail_pipeline.py
[2026-07-30T10:27:35.894+0000] {logging_mixin.py:190} INFO - [2026-07-30T10:27:35.894+0000] {dag.py:3211} INFO - Sync 1 DAGs
[2026-07-30T10:27:35.909+0000] {logging_mixin.py:190} INFO - [2026-07-30T10:27:35.909+0000] {dag.py:4138} INFO - Setting next_dagrun for retail_etl to 2026-07-30 00:00:00+00:00, run_after=2026-07-31 00:00:00+00:00
[2026-07-30T10:27:35.918+0000] {processor.py:208} INFO - Processing /opt/airflow/dags/retail_pipeline.py took 0.077 seconds
[2026-07-30T10:28:06.233+0000] {processor.py:186} INFO - Started process (PID=56) to work on /opt/airflow/dags/retail_pipeline.py
[2026-07-30T10:28:06.234+0000] {processor.py:914} INFO - Processing file /opt/airflow/dags/retail_pipeline.py for tasks to queue
[2026-07-30T10:28:06.237+0000] {logging_mixin.py:190} INFO - [2026-07-30T10:28:06.237+0000] {dagbag.py:587} INFO - Filling up the DagBag from /opt/airflow/dags/retail_pipeline.py
[2026-07-30T10:28:06.259+0000] {processor.py:925} INFO - DAG(s) 'retail_etl' retrieved from /opt/airflow/dags/retail_pipeline.py
[2026-07-30T10:28:06.286+0000] {logging_mixin.py:190} INFO - [2026-07-30T10:28:06.286+0000] {dag.py:3211} INFO - Sync 1 DAGs
[2026-07-30T10:28:06.301+0000] {logging_mixin.py:190} INFO - [2026-07-30T10:28:06.301+0000] {dag.py:4138} INFO - Setting next_dagrun for retail_etl to 2026-07-30 00:00:00+00:00, run_after=2026-07-31 00:00:00+00:00
[2026-07-30T10:28:06.310+0000] {processor.py:208} INFO - Processing /opt/airflow/dags/retail_pipeline.py took 0.092 seconds
[2026-07-30T10:28:36.690+0000] {processor.py:186} INFO - Started process (PID=57) to work on /opt/airflow/dags/retail_pipeline.py
[2026-07-30T10:28:36.691+0000] {processor.py:914} INFO - Processing file /opt/airflow/dags/retail_pipeline.py for tasks to queue
[2026-07-30T10:28:36.694+0000] {logging_mixin.py:190} INFO - [2026-07-30T10:28:36.693+0000] {dagbag.py:587} INFO - Filling up the DagBag from /opt/airflow/dags/retail_pipeline.py
[2026-07-30T10:28:36.709+0000] {processor.py:925} INFO - DAG(s) 'retail_etl' retrieved from /opt/airflow/dags/retail_pipeline.py
[2026-07-30T10:28:36.739+0000] {logging_mixin.py:190} INFO - [2026-07-30T10:28:36.738+0000] {dag.py:3211} INFO - Sync 1 DAGs
[2026-07-30T10:28:36.755+0000] {logging_mixin.py:190} INFO - [2026-07-30T10:28:36.755+0000] {dag.py:4138} INFO - Setting next_dagrun for retail_etl to 2026-07-30 00:00:00+00:00, run_after=2026-07-31 00:00:00+00:00
[2026-07-30T10:28:36.763+0000] {processor.py:208} INFO - Processing /opt/airflow/dags/retail_pipeline.py took 0.082 seconds
[2026-07-30T10:29:07.154+0000] {processor.py:186} INFO - Started process (PID=58) to work on /opt/airflow/dags/retail_pipeline.py
[2026-07-30T10:29:07.155+0000] {processor.py:914} INFO - Processing file /opt/airflow/dags/retail_pipeline.py for tasks to queue
[2026-07-30T10:29:07.161+0000] {logging_mixin.py:190} INFO - [2026-07-30T10:29:07.160+0000] {dagbag.py:587} INFO - Filling up the DagBag from /opt/airflow/dags/retail_pipeline.py
[2026-07-30T10:29:07.181+0000] {processor.py:925} INFO - DAG(s) 'retail_etl' retrieved from /opt/airflow/dags/retail_pipeline.py
[2026-07-30T10:29:07.216+0000] {logging_mixin.py:190} INFO - [2026-07-30T10:29:07.216+0000] {dag.py:3211} INFO - Sync 1 DAGs
[2026-07-30T10:29:07.232+0000] {logging_mixin.py:190} INFO - [2026-07-30T10:29:07.231+0000] {dag.py:4138} INFO - Setting next_dagrun for retail_etl to 2026-07-30 00:00:00+00:00, run_after=2026-07-31 00:00:00+00:00
[2026-07-30T10:29:07.246+0000] {processor.py:208} INFO - Processing /opt/airflow/dags/retail_pipeline.py took 0.101 seconds
[2026-07-30T10:29:37.503+0000] {processor.py:186} INFO - Started process (PID=59) to work on /opt/airflow/dags/retail_pipeline.py
[2026-07-30T10:29:37.504+0000] {processor.py:914} INFO - Processing file /opt/airflow/dags/retail_pipeline.py for tasks to queue
[2026-07-30T10:29:37.518+0000] {logging_mixin.py:190} INFO - [2026-07-30T10:29:37.514+0000] {dagbag.py:587} INFO - Filling up the DagBag from /opt/airflow/dags/retail_pipeline.py
[2026-07-30T10:29:37.541+0000] {processor.py:925} INFO - DAG(s) 'retail_etl' retrieved from /opt/airflow/dags/retail_pipeline.py
[2026-07-30T10:29:37.570+0000] {logging_mixin.py:190} INFO - [2026-07-30T10:29:37.570+0000] {dag.py:3211} INFO - Sync 1 DAGs
[2026-07-30T10:29:37.584+0000] {logging_mixin.py:190} INFO - [2026-07-30T10:29:37.583+0000] {dag.py:4138} INFO - Setting next_dagrun for retail_etl to 2026-07-30 00:00:00+00:00, run_after=2026-07-31 00:00:00+00:00
[2026-07-30T10:29:37.592+0000] {processor.py:208} INFO - Processing /opt/airflow/dags/retail_pipeline.py took 0.098 seconds
[2026-07-30T10:30:07.913+0000] {processor.py:186} INFO - Started process (PID=60) to work on /opt/airflow/dags/retail_pipeline.py
[2026-07-30T10:30:07.914+0000] {processor.py:914} INFO - Processing file /opt/airflow/dags/retail_pipeline.py for tasks to queue
[2026-07-30T10:30:07.917+0000] {logging_mixin.py:190} INFO - [2026-07-30T10:30:07.916+0000] {dagbag.py:587} INFO - Filling up the DagBag from /opt/airflow/dags/retail_pipeline.py
[2026-07-30T10:30:07.934+0000] {processor.py:925} INFO - DAG(s) 'retail_etl' retrieved from /opt/airflow/dags/retail_pipeline.py
[2026-07-30T10:30:07.955+0000] {logging_mixin.py:190} INFO - [2026-07-30T10:30:07.955+0000] {dag.py:3211} INFO - Sync 1 DAGs
[2026-07-30T10:30:07.968+0000] {logging_mixin.py:190} INFO - [2026-07-30T10:30:07.968+0000] {dag.py:4138} INFO - Setting next_dagrun for retail_etl to 2026-07-30 00:00:00+00:00, run_after=2026-07-31 00:00:00+00:00
[2026-07-30T10:30:07.979+0000] {processor.py:208} INFO - Processing /opt/airflow/dags/retail_pipeline.py took 0.076 seconds
[2026-07-30T10:30:38.460+0000] {processor.py:186} INFO - Started process (PID=61) to work on /opt/airflow/dags/retail_pipeline.py
[2026-07-30T10:30:38.461+0000] {processor.py:914} INFO - Processing file /opt/airflow/dags/retail_pipeline.py for tasks to queue
[2026-07-30T10:30:38.464+0000] {logging_mixin.py:190} INFO - [2026-07-30T10:30:38.463+0000] {dagbag.py:587} INFO - Filling up the DagBag from /opt/airflow/dags/retail_pipeline.py
[2026-07-30T10:30:38.477+0000] {processor.py:925} INFO - DAG(s) 'retail_etl' retrieved from /opt/airflow/dags/retail_pipeline.py
[2026-07-30T10:30:38.506+0000] {logging_mixin.py:190} INFO - [2026-07-30T10:30:38.505+0000] {dag.py:3211} INFO - Sync 1 DAGs
[2026-07-30T10:30:38.526+0000] {logging_mixin.py:190} INFO - [2026-07-30T10:30:38.526+0000] {dag.py:4138} INFO - Setting next_dagrun for retail_etl to 2026-07-30 00:00:00+00:00, run_after=2026-07-31 00:00:00+00:00
[2026-07-30T10:30:38.537+0000] {processor.py:208} INFO - Processing /opt/airflow/dags/retail_pipeline.py took 0.090 seconds
[2026-07-30T10:31:08.842+0000] {processor.py:186} INFO - Started process (PID=62) to work on /opt/airflow/dags/retail_pipeline.py
[2026-07-30T10:31:08.843+0000] {processor.py:914} INFO - Processing file /opt/airflow/dags/retail_pipeline.py for tasks to queue
[2026-07-30T10:31:08.846+0000] {logging_mixin.py:190} INFO - [2026-07-30T10:31:08.845+0000] {dagbag.py:587} INFO - Filling up the DagBag from /opt/airflow/dags/retail_pipeline.py
[2026-07-30T10:31:08.869+0000] {processor.py:925} INFO - DAG(s) 'retail_etl' retrieved from /opt/airflow/dags/retail_pipeline.py
[2026-07-30T10:31:08.894+0000] {logging_mixin.py:190} INFO - [2026-07-30T10:31:08.893+0000] {dag.py:3211} INFO - Sync 1 DAGs
[2026-07-30T10:31:08.906+0000] {logging_mixin.py:190} INFO - [2026-07-30T10:31:08.906+0000] {dag.py:4138} INFO - Setting next_dagrun for retail_etl to 2026-07-30 00:00:00+00:00, run_after=2026-07-31 00:00:00+00:00
[2026-07-30T10:31:08.917+0000] {processor.py:208} INFO - Processing /opt/airflow/dags/retail_pipeline.py took 0.089 seconds
[2026-07-30T10:31:39.172+0000] {processor.py:186} INFO - Started process (PID=63) to work on /opt/airflow/dags/retail_pipeline.py
[2026-07-30T10:31:39.174+0000] {processor.py:914} INFO - Processing file /opt/airflow/dags/retail_pipeline.py for tasks to queue
[2026-07-30T10:31:39.179+0000] {logging_mixin.py:190} INFO - [2026-07-30T10:31:39.179+0000] {dagbag.py:587} INFO - Filling up the DagBag from /opt/airflow/dags/retail_pipeline.py
[2026-07-30T10:31:39.204+0000] {processor.py:925} INFO - DAG(s) 'retail_etl' retrieved from /opt/airflow/dags/retail_pipeline.py
[2026-07-30T10:31:39.234+0000] {logging_mixin.py:190} INFO - [2026-07-30T10:31:39.234+0000] {dag.py:3211} INFO - Sync 1 DAGs
[2026-07-30T10:31:39.250+0000] {logging_mixin.py:190} INFO - [2026-07-30T10:31:39.250+0000] {dag.py:4138} INFO - Setting next_dagrun for retail_etl to 2026-07-30 00:00:00+00:00, run_after=2026-07-31 00:00:00+00:00
[2026-07-30T10:31:39.258+0000] {processor.py:208} INFO - Processing /opt/airflow/dags/retail_pipeline.py took 0.103 seconds
[2026-07-30T10:32:09.595+0000] {processor.py:186} INFO - Started process (PID=64) to work on /opt/airflow/dags/retail_pipeline.py
[2026-07-30T10:32:09.596+0000] {processor.py:914} INFO - Processing file /opt/airflow/dags/retail_pipeline.py for tasks to queue
[2026-07-30T10:32:09.603+0000] {logging_mixin.py:190} INFO - [2026-07-30T10:32:09.603+0000] {dagbag.py:587} INFO - Filling up the DagBag from /opt/airflow/dags/retail_pipeline.py
[2026-07-30T10:32:09.621+0000] {processor.py:925} INFO - DAG(s) 'retail_etl' retrieved from /opt/airflow/dags/retail_pipeline.py
[2026-07-30T10:32:09.646+0000] {logging_mixin.py:190} INFO - [2026-07-30T10:32:09.645+0000] {dag.py:3211} INFO - Sync 1 DAGs
[2026-07-30T10:32:09.661+0000] {logging_mixin.py:190} INFO - [2026-07-30T10:32:09.661+0000] {dag.py:4138} INFO - Setting next_dagrun for retail_etl to 2026-07-30 00:00:00+00:00, run_after=2026-07-31 00:00:00+00:00
[2026-07-30T10:32:09.670+0000] {processor.py:208} INFO - Processing /opt/airflow/dags/retail_pipeline.py took 0.082 seconds
[2026-07-30T10:32:39.982+0000] {processor.py:186} INFO - Started process (PID=65) to work on /opt/airflow/dags/retail_pipeline.py
[2026-07-30T10:32:39.983+0000] {processor.py:914} INFO - Processing file /opt/airflow/dags/retail_pipeline.py for tasks to queue
[2026-07-30T10:32:39.990+0000] {logging_mixin.py:190} INFO - [2026-07-30T10:32:39.989+0000] {dagbag.py:587} INFO - Filling up the DagBag from /opt/airflow/dags/retail_pipeline.py
[2026-07-30T10:32:40.008+0000] {processor.py:925} INFO - DAG(s) 'retail_etl' retrieved from /opt/airflow/dags/retail_pipeline.py
[2026-07-30T10:32:40.032+0000] {logging_mixin.py:190} INFO - [2026-07-30T10:32:40.031+0000] {dag.py:3211} INFO - Sync 1 DAGs
[2026-07-30T10:32:40.047+0000] {logging_mixin.py:190} INFO - [2026-07-30T10:32:40.047+0000] {dag.py:4138} INFO - Setting next_dagrun for retail_etl to 2026-07-30 00:00:00+00:00, run_after=2026-07-31 00:00:00+00:00
[2026-07-30T10:32:40.055+0000] {processor.py:208} INFO - Processing /opt/airflow/dags/retail_pipeline.py took 0.083 seconds
[2026-07-30T10:33:10.375+0000] {processor.py:186} INFO - Started process (PID=66) to work on /opt/airflow/dags/retail_pipeline.py
[2026-07-30T10:33:10.376+0000] {processor.py:914} INFO - Processing file /opt/airflow/dags/retail_pipeline.py for tasks to queue
[2026-07-30T10:33:10.379+0000] {logging_mixin.py:190} INFO - [2026-07-30T10:33:10.379+0000] {dagbag.py:587} INFO - Filling up the DagBag from /opt/airflow/dags/retail_pipeline.py
[2026-07-30T10:33:10.393+0000] {processor.py:925} INFO - DAG(s) 'retail_etl' retrieved from /opt/airflow/dags/retail_pipeline.py
[2026-07-30T10:33:10.422+0000] {logging_mixin.py:190} INFO - [2026-07-30T10:33:10.422+0000] {dag.py:3211} INFO - Sync 1 DAGs
[2026-07-30T10:33:10.435+0000] {logging_mixin.py:190} INFO - [2026-07-30T10:33:10.435+0000] {dag.py:4138} INFO - Setting next_dagrun for retail_etl to 2026-07-30 00:00:00+00:00, run_after=2026-07-31 00:00:00+00:00
[2026-07-30T10:33:10.447+0000] {processor.py:208} INFO - Processing /opt/airflow/dags/retail_pipeline.py took 0.081 seconds
[2026-07-30T10:33:40.779+0000] {processor.py:186} INFO - Started process (PID=67) to work on /opt/airflow/dags/retail_pipeline.py
[2026-07-30T10:33:40.780+0000] {processor.py:914} INFO - Processing file /opt/airflow/dags/retail_pipeline.py for tasks to queue
[2026-07-30T10:33:40.785+0000] {logging_mixin.py:190} INFO - [2026-07-30T10:33:40.785+0000] {dagbag.py:587} INFO - Filling up the DagBag from /opt/airflow/dags/retail_pipeline.py
[2026-07-30T10:33:40.801+0000] {processor.py:925} INFO - DAG(s) 'retail_etl' retrieved from /opt/airflow/dags/retail_pipeline.py
[2026-07-30T10:33:40.828+0000] {logging_mixin.py:190} INFO - [2026-07-30T10:33:40.828+0000] {dag.py:3211} INFO - Sync 1 DAGs
[2026-07-30T10:33:40.849+0000] {logging_mixin.py:190} INFO - [2026-07-30T10:33:40.849+0000] {dag.py:4138} INFO - Setting next_dagrun for retail_etl to 2026-07-30 00:00:00+00:00, run_after=2026-07-31 00:00:00+00:00
[2026-07-30T10:33:40.860+0000] {processor.py:208} INFO - Processing /opt/airflow/dags/retail_pipeline.py took 0.091 seconds
[2026-07-30T10:34:11.218+0000] {processor.py:186} INFO - Started process (PID=68) to work on /opt/airflow/dags/retail_pipeline.py
[2026-07-30T10:34:11.219+0000] {processor.py:914} INFO - Processing file /opt/airflow/dags/retail_pipeline.py for tasks to queue
[2026-07-30T10:34:11.223+0000] {logging_mixin.py:190} INFO - [2026-07-30T10:34:11.222+0000] {dagbag.py:587} INFO - Filling up the DagBag from /opt/airflow/dags/retail_pipeline.py
[2026-07-30T10:34:11.244+0000] {processor.py:925} INFO - DAG(s) 'retail_etl' retrieved from /opt/airflow/dags/retail_pipeline.py
[2026-07-30T10:34:11.276+0000] {logging_mixin.py:190} INFO - [2026-07-30T10:34:11.276+0000] {dag.py:3211} INFO - Sync 1 DAGs
[2026-07-30T10:34:11.294+0000] {logging_mixin.py:190} INFO - [2026-07-30T10:34:11.294+0000] {dag.py:4138} INFO - Setting next_dagrun for retail_etl to 2026-07-30 00:00:00+00:00, run_after=2026-07-31 00:00:00+00:00
[2026-07-30T10:34:11.304+0000] {processor.py:208} INFO - Processing /opt/airflow/dags/retail_pipeline.py took 0.102 seconds
[2026-07-30T10:34:41.659+0000] {processor.py:186} INFO - Started process (PID=69) to work on /opt/airflow/dags/retail_pipeline.py
[2026-07-30T10:34:41.660+0000] {processor.py:914} INFO - Processing file /opt/airflow/dags/retail_pipeline.py for tasks to queue
[2026-07-30T10:34:41.667+0000] {logging_mixin.py:190} INFO - [2026-07-30T10:34:41.666+0000] {dagbag.py:587} INFO - Filling up the DagBag from /opt/airflow/dags/retail_pipeline.py
[2026-07-30T10:34:41.688+0000] {processor.py:925} INFO - DAG(s) 'retail_etl' retrieved from /opt/airflow/dags/retail_pipeline.py
[2026-07-30T10:34:41.726+0000] {logging_mixin.py:190} INFO - [2026-07-30T10:34:41.726+0000] {dag.py:3211} INFO - Sync 1 DAGs
[2026-07-30T10:34:41.744+0000] {logging_mixin.py:190} INFO - [2026-07-30T10:34:41.744+0000] {dag.py:4138} INFO - Setting next_dagrun for retail_etl to 2026-07-30 00:00:00+00:00, run_after=2026-07-31 00:00:00+00:00
[2026-07-30T10:34:41.756+0000] {processor.py:208} INFO - Processing /opt/airflow/dags/retail_pipeline.py took 0.119 seconds
[2026-07-30T10:35:12.001+0000] {processor.py:186} INFO - Started process (PID=70) to work on /opt/airflow/dags/retail_pipeline.py
[2026-07-30T10:35:12.002+0000] {processor.py:914} INFO - Processing file /opt/airflow/dags/retail_pipeline.py for tasks to queue
[2026-07-30T10:35:12.006+0000] {logging_mixin.py:190} INFO - [2026-07-30T10:35:12.005+0000] {dagbag.py:587} INFO - Filling up the DagBag from /opt/airflow/dags/retail_pipeline.py
[2026-07-30T10:35:12.026+0000] {processor.py:925} INFO - DAG(s) 'retail_etl' retrieved from /opt/airflow/dags/retail_pipeline.py
[2026-07-30T10:35:12.061+0000] {logging_mixin.py:190} INFO - [2026-07-30T10:35:12.061+0000] {dag.py:3211} INFO - Sync 1 DAGs
[2026-07-30T10:35:12.078+0000] {logging_mixin.py:190} INFO - [2026-07-30T10:35:12.078+0000] {dag.py:4138} INFO - Setting next_dagrun for retail_etl to 2026-07-30 00:00:00+00:00, run_after=2026-07-31 00:00:00+00:00
[2026-07-30T10:35:12.088+0000] {processor.py:208} INFO - Processing /opt/airflow/dags/retail_pipeline.py took 0.103 seconds
[2026-07-30T10:35:42.460+0000] {processor.py:186} INFO - Started process (PID=71) to work on /opt/airflow/dags/retail_pipeline.py
[2026-07-30T10:35:42.462+0000] {processor.py:914} INFO - Processing file /opt/airflow/dags/retail_pipeline.py for tasks to queue
[2026-07-30T10:35:42.466+0000] {logging_mixin.py:190} INFO - [2026-07-30T10:35:42.466+0000] {dagbag.py:587} INFO - Filling up the DagBag from /opt/airflow/dags/retail_pipeline.py
[2026-07-30T10:35:42.500+0000] {processor.py:925} INFO - DAG(s) 'retail_etl' retrieved from /opt/airflow/dags/retail_pipeline.py
[2026-07-30T10:35:42.532+0000] {logging_mixin.py:190} INFO - [2026-07-30T10:35:42.532+0000] {dag.py:3211} INFO - Sync 1 DAGs
[2026-07-30T10:35:42.549+0000] {logging_mixin.py:190} INFO - [2026-07-30T10:35:42.548+0000] {dag.py:4138} INFO - Setting next_dagrun for retail_etl to 2026-07-30 00:00:00+00:00, run_after=2026-07-31 00:00:00+00:00
[2026-07-30T10:35:42.558+0000] {processor.py:208} INFO - Processing /opt/airflow/dags/retail_pipeline.py took 0.111 seconds
[2026-07-30T10:36:12.784+0000] {processor.py:186} INFO - Started process (PID=72) to work on /opt/airflow/dags/retail_pipeline.py
[2026-07-30T10:36:12.785+0000] {processor.py:914} INFO - Processing file /opt/airflow/dags/retail_pipeline.py for tasks to queue
[2026-07-30T10:36:12.789+0000] {logging_mixin.py:190} INFO - [2026-07-30T10:36:12.789+0000] {dagbag.py:587} INFO - Filling up the DagBag from /opt/airflow/dags/retail_pipeline.py
[2026-07-30T10:36:12.809+0000] {processor.py:925} INFO - DAG(s) 'retail_etl' retrieved from /opt/airflow/dags/retail_pipeline.py
[2026-07-30T10:36:12.831+0000] {logging_mixin.py:190} INFO - [2026-07-30T10:36:12.831+0000] {dag.py:3211} INFO - Sync 1 DAGs
[2026-07-30T10:36:12.848+0000] {logging_mixin.py:190} INFO - [2026-07-30T10:36:12.848+0000] {dag.py:4138} INFO - Setting next_dagrun for retail_etl to 2026-07-30 00:00:00+00:00, run_after=2026-07-31 00:00:00+00:00
[2026-07-30T10:36:12.857+0000] {processor.py:208} INFO - Processing /opt/airflow/dags/retail_pipeline.py took 0.082 seconds
[2026-07-30T10:36:43.219+0000] {processor.py:186} INFO - Started process (PID=73) to work on /opt/airflow/dags/retail_pipeline.py
[2026-07-30T10:36:43.220+0000] {processor.py:914} INFO - Processing file /opt/airflow/dags/retail_pipeline.py for tasks to queue
[2026-07-30T10:36:43.224+0000] {logging_mixin.py:190} INFO - [2026-07-30T10:36:43.224+0000] {dagbag.py:587} INFO - Filling up the DagBag from /opt/airflow/dags/retail_pipeline.py
[2026-07-30T10:36:43.243+0000] {processor.py:925} INFO - DAG(s) 'retail_etl' retrieved from /opt/airflow/dags/retail_pipeline.py
[2026-07-30T10:36:43.287+0000] {logging_mixin.py:190} INFO - [2026-07-30T10:36:43.287+0000] {dag.py:3211} INFO - Sync 1 DAGs
[2026-07-30T10:36:43.309+0000] {logging_mixin.py:190} INFO - [2026-07-30T10:36:43.308+0000] {dag.py:4138} INFO - Setting next_dagrun for retail_etl to 2026-07-30 00:00:00+00:00, run_after=2026-07-31 00:00:00+00:00
[2026-07-30T10:36:43.319+0000] {processor.py:208} INFO - Processing /opt/airflow/dags/retail_pipeline.py took 0.111 seconds
[2026-07-30T10:37:13.658+0000] {processor.py:186} INFO - Started process (PID=74) to work on /opt/airflow/dags/retail_pipeline.py
[2026-07-30T10:37:13.659+0000] {processor.py:914} INFO - Processing file /opt/airflow/dags/retail_pipeline.py for tasks to queue
[2026-07-30T10:37:13.665+0000] {logging_mixin.py:190} INFO - [2026-07-30T10:37:13.664+0000] {dagbag.py:587} INFO - Filling up the DagBag from /opt/airflow/dags/retail_pipeline.py
[2026-07-30T10:37:13.691+0000] {processor.py:925} INFO - DAG(s) 'retail_etl' retrieved from /opt/airflow/dags/retail_pipeline.py
[2026-07-30T10:37:13.723+0000] {logging_mixin.py:190} INFO - [2026-07-30T10:37:13.723+0000] {dag.py:3211} INFO - Sync 1 DAGs
[2026-07-30T10:37:13.744+0000] {logging_mixin.py:190} INFO - [2026-07-30T10:37:13.743+0000] {dag.py:4138} INFO - Setting next_dagrun for retail_etl to 2026-07-30 00:00:00+00:00, run_after=2026-07-31 00:00:00+00:00
[2026-07-30T10:37:13.761+0000] {processor.py:208} INFO - Processing /opt/airflow/dags/retail_pipeline.py took 0.122 seconds
[2026-07-30T10:37:44.024+0000] {processor.py:186} INFO - Started process (PID=75) to work on /opt/airflow/dags/retail_pipeline.py
[2026-07-30T10:37:44.026+0000] {processor.py:914} INFO - Processing file /opt/airflow/dags/retail_pipeline.py for tasks to queue
[2026-07-30T10:37:44.034+0000] {logging_mixin.py:190} INFO - [2026-07-30T10:37:44.032+0000] {dagbag.py:587} INFO - Filling up the DagBag from /opt/airflow/dags/retail_pipeline.py
[2026-07-30T10:37:44.054+0000] {processor.py:925} INFO - DAG(s) 'retail_etl' retrieved from /opt/airflow/dags/retail_pipeline.py
[2026-07-30T10:37:44.086+0000] {logging_mixin.py:190} INFO - [2026-07-30T10:37:44.086+0000] {dag.py:3211} INFO - Sync 1 DAGs
[2026-07-30T10:37:44.104+0000] {logging_mixin.py:190} INFO - [2026-07-30T10:37:44.103+0000] {dag.py:4138} INFO - Setting next_dagrun for retail_etl to 2026-07-30 00:00:00+00:00, run_after=2026-07-31 00:00:00+00:00
[2026-07-30T10:37:44.113+0000] {processor.py:208} INFO - Processing /opt/airflow/dags/retail_pipeline.py took 0.098 seconds
[2026-07-30T10:38:14.488+0000] {processor.py:186} INFO - Started process (PID=76) to work on /opt/airflow/dags/retail_pipeline.py
[2026-07-30T10:38:14.490+0000] {processor.py:914} INFO - Processing file /opt/airflow/dags/retail_pipeline.py for tasks to queue
[2026-07-30T10:38:14.494+0000] {logging_mixin.py:190} INFO - [2026-07-30T10:38:14.493+0000] {dagbag.py:587} INFO - Filling up the DagBag from /opt/airflow/dags/retail_pipeline.py
[2026-07-30T10:38:14.513+0000] {processor.py:925} INFO - DAG(s) 'retail_etl' retrieved from /opt/airflow/dags/retail_pipeline.py
[2026-07-30T10:38:14.571+0000] {logging_mixin.py:190} INFO - [2026-07-30T10:38:14.571+0000] {dag.py:3211} INFO - Sync 1 DAGs
[2026-07-30T10:38:14.590+0000] {logging_mixin.py:190} INFO - [2026-07-30T10:38:14.589+0000] {dag.py:4138} INFO - Setting next_dagrun for retail_etl to 2026-07-30 00:00:00+00:00, run_after=2026-07-31 00:00:00+00:00
[2026-07-30T10:38:14.600+0000] {processor.py:208} INFO - Processing /opt/airflow/dags/retail_pipeline.py took 0.124 seconds
[2026-07-30T10:38:44.909+0000] {processor.py:186} INFO - Started process (PID=77) to work on /opt/airflow/dags/retail_pipeline.py
[2026-07-30T10:38:44.910+0000] {processor.py:914} INFO - Processing file /opt/airflow/dags/retail_pipeline.py for tasks to queue
[2026-07-30T10:38:44.917+0000] {logging_mixin.py:190} INFO - [2026-07-30T10:38:44.916+0000] {dagbag.py:587} INFO - Filling up the DagBag from /opt/airflow/dags/retail_pipeline.py
[2026-07-30T10:38:44.937+0000] {processor.py:925} INFO - DAG(s) 'retail_etl' retrieved from /opt/airflow/dags/retail_pipeline.py
[2026-07-30T10:38:44.962+0000] {logging_mixin.py:190} INFO - [2026-07-30T10:38:44.962+0000] {dag.py:3211} INFO - Sync 1 DAGs
[2026-07-30T10:38:44.979+0000] {logging_mixin.py:190} INFO - [2026-07-30T10:38:44.979+0000] {dag.py:4138} INFO - Setting next_dagrun for retail_etl to 2026-07-30 00:00:00+00:00, run_after=2026-07-31 00:00:00+00:00
[2026-07-30T10:38:44.990+0000] {processor.py:208} INFO - Processing /opt/airflow/dags/retail_pipeline.py took 0.089 seconds
[2026-07-30T10:39:15.299+0000] {processor.py:186} INFO - Started process (PID=78) to work on /opt/airflow/dags/retail_pipeline.py
[2026-07-30T10:39:15.301+0000] {processor.py:914} INFO - Processing file /opt/airflow/dags/retail_pipeline.py for tasks to queue
[2026-07-30T10:39:15.305+0000] {logging_mixin.py:190} INFO - [2026-07-30T10:39:15.304+0000] {dagbag.py:587} INFO - Filling up the DagBag from /opt/airflow/dags/retail_pipeline.py
[2026-07-30T10:39:15.325+0000] {processor.py:925} INFO - DAG(s) 'retail_etl' retrieved from /opt/airflow/dags/retail_pipeline.py
[2026-07-30T10:39:15.359+0000] {logging_mixin.py:190} INFO - [2026-07-30T10:39:15.359+0000] {dag.py:3211} INFO - Sync 1 DAGs
[2026-07-30T10:39:15.375+0000] {logging_mixin.py:190} INFO - [2026-07-30T10:39:15.375+0000] {dag.py:4138} INFO - Setting next_dagrun for retail_etl to 2026-07-30 00:00:00+00:00, run_after=2026-07-31 00:00:00+00:00
[2026-07-30T10:39:15.383+0000] {processor.py:208} INFO - Processing /opt/airflow/dags/retail_pipeline.py took 0.103 seconds
[2026-07-30T10:39:45.691+0000] {processor.py:186} INFO - Started process (PID=79) to work on /opt/airflow/dags/retail_pipeline.py
[2026-07-30T10:39:45.692+0000] {processor.py:914} INFO - Processing file /opt/airflow/dags/retail_pipeline.py for tasks to queue
[2026-07-30T10:39:45.696+0000] {logging_mixin.py:190} INFO - [2026-07-30T10:39:45.695+0000] {dagbag.py:587} INFO - Filling up the DagBag from /opt/airflow/dags/retail_pipeline.py
[2026-07-30T10:39:45.711+0000] {processor.py:925} INFO - DAG(s) 'retail_etl' retrieved from /opt/airflow/dags/retail_pipeline.py
[2026-07-30T10:39:45.734+0000] {logging_mixin.py:190} INFO - [2026-07-30T10:39:45.734+0000] {dag.py:3211} INFO - Sync 1 DAGs
[2026-07-30T10:39:45.747+0000] {logging_mixin.py:190} INFO - [2026-07-30T10:39:45.747+0000] {dag.py:4138} INFO - Setting next_dagrun for retail_etl to 2026-07-30 00:00:00+00:00, run_after=2026-07-31 00:00:00+00:00
[2026-07-30T10:39:45.755+0000] {processor.py:208} INFO - Processing /opt/airflow/dags/retail_pipeline.py took 0.074 seconds
[2026-07-30T10:40:16.092+0000] {processor.py:186} INFO - Started process (PID=80) to work on /opt/airflow/dags/retail_pipeline.py
[2026-07-30T10:40:16.093+0000] {processor.py:914} INFO - Processing file /opt/airflow/dags/retail_pipeline.py for tasks to queue
[2026-07-30T10:40:16.098+0000] {logging_mixin.py:190} INFO - [2026-07-30T10:40:16.098+0000] {dagbag.py:587} INFO - Filling up the DagBag from /opt/airflow/dags/retail_pipeline.py
[2026-07-30T10:40:16.114+0000] {processor.py:925} INFO - DAG(s) 'retail_etl' retrieved from /opt/airflow/dags/retail_pipeline.py
[2026-07-30T10:40:16.146+0000] {logging_mixin.py:190} INFO - [2026-07-30T10:40:16.145+0000] {dag.py:3211} INFO - Sync 1 DAGs
[2026-07-30T10:40:16.162+0000] {logging_mixin.py:190} INFO - [2026-07-30T10:40:16.162+0000] {dag.py:4138} INFO - Setting next_dagrun for retail_etl to 2026-07-30 00:00:00+00:00, run_after=2026-07-31 00:00:00+00:00
[2026-07-30T10:40:16.175+0000] {processor.py:208} INFO - Processing /opt/airflow/dags/retail_pipeline.py took 0.092 seconds
[2026-07-30T10:40:46.530+0000] {processor.py:186} INFO - Started process (PID=81) to work on /opt/airflow/dags/retail_pipeline.py
[2026-07-30T10:40:46.532+0000] {processor.py:914} INFO - Processing file /opt/airflow/dags/retail_pipeline.py for tasks to queue
[2026-07-30T10:40:46.536+0000] {logging_mixin.py:190} INFO - [2026-07-30T10:40:46.535+0000] {dagbag.py:587} INFO - Filling up the DagBag from /opt/airflow/dags/retail_pipeline.py
[2026-07-30T10:40:46.559+0000] {processor.py:925} INFO - DAG(s) 'retail_etl' retrieved from /opt/airflow/dags/retail_pipeline.py
[2026-07-30T10:40:46.599+0000] {logging_mixin.py:190} INFO - [2026-07-30T10:40:46.599+0000] {dag.py:3211} INFO - Sync 1 DAGs
[2026-07-30T10:40:46.620+0000] {logging_mixin.py:190} INFO - [2026-07-30T10:40:46.619+0000] {dag.py:4138} INFO - Setting next_dagrun for retail_etl to 2026-07-30 00:00:00+00:00, run_after=2026-07-31 00:00:00+00:00
[2026-07-30T10:40:46.630+0000] {processor.py:208} INFO - Processing /opt/airflow/dags/retail_pipeline.py took 0.115 seconds
[2026-07-30T10:41:16.977+0000] {processor.py:186} INFO - Started process (PID=82) to work on /opt/airflow/dags/retail_pipeline.py
[2026-07-30T10:41:16.978+0000] {processor.py:914} INFO - Processing file /opt/airflow/dags/retail_pipeline.py for tasks to queue
[2026-07-30T10:41:16.991+0000] {logging_mixin.py:190} INFO - [2026-07-30T10:41:16.991+0000] {dagbag.py:587} INFO - Filling up the DagBag from /opt/airflow/dags/retail_pipeline.py
[2026-07-30T10:41:17.008+0000] {processor.py:925} INFO - DAG(s) 'retail_etl' retrieved from /opt/airflow/dags/retail_pipeline.py
[2026-07-30T10:41:17.031+0000] {logging_mixin.py:190} INFO - [2026-07-30T10:41:17.031+0000] {dag.py:3211} INFO - Sync 1 DAGs
[2026-07-30T10:41:17.051+0000] {logging_mixin.py:190} INFO - [2026-07-30T10:41:17.050+0000] {dag.py:4138} INFO - Setting next_dagrun for retail_etl to 2026-07-30 00:00:00+00:00, run_after=2026-07-31 00:00:00+00:00
[2026-07-30T10:41:17.060+0000] {processor.py:208} INFO - Processing /opt/airflow/dags/retail_pipeline.py took 0.096 seconds
[2026-07-30T10:41:47.499+0000] {processor.py:186} INFO - Started process (PID=83) to work on /opt/airflow/dags/retail_pipeline.py
[2026-07-30T10:41:47.501+0000] {processor.py:914} INFO - Processing file /opt/airflow/dags/retail_pipeline.py for tasks to queue
[2026-07-30T10:41:47.514+0000] {logging_mixin.py:190} INFO - [2026-07-30T10:41:47.513+0000] {dagbag.py:587} INFO - Filling up the DagBag from /opt/airflow/dags/retail_pipeline.py
[2026-07-30T10:41:47.608+0000] {processor.py:925} INFO - DAG(s) 'retail_etl' retrieved from /opt/airflow/dags/retail_pipeline.py
[2026-07-30T10:41:47.659+0000] {logging_mixin.py:190} INFO - [2026-07-30T10:41:47.659+0000] {dag.py:3211} INFO - Sync 1 DAGs
[2026-07-30T10:41:47.704+0000] {logging_mixin.py:190} INFO - [2026-07-30T10:41:47.704+0000] {dag.py:4138} INFO - Setting next_dagrun for retail_etl to 2026-07-30 00:00:00+00:00, run_after=2026-07-31 00:00:00+00:00
[2026-07-30T10:41:47.725+0000] {processor.py:208} INFO - Processing /opt/airflow/dags/retail_pipeline.py took 0.242 seconds
[2026-07-30T10:42:17.959+0000] {processor.py:186} INFO - Started process (PID=84) to work on /opt/airflow/dags/retail_pipeline.py
[2026-07-30T10:42:17.960+0000] {processor.py:914} INFO - Processing file /opt/airflow/dags/retail_pipeline.py for tasks to queue
[2026-07-30T10:42:17.962+0000] {logging_mixin.py:190} INFO - [2026-07-30T10:42:17.962+0000] {dagbag.py:587} INFO - Filling up the DagBag from /opt/airflow/dags/retail_pipeline.py
[2026-07-30T10:42:17.982+0000] {processor.py:925} INFO - DAG(s) 'retail_etl' retrieved from /opt/airflow/dags/retail_pipeline.py
[2026-07-30T10:42:18.014+0000] {logging_mixin.py:190} INFO - [2026-07-30T10:42:18.014+0000] {dag.py:3211} INFO - Sync 1 DAGs
[2026-07-30T10:42:18.035+0000] {logging_mixin.py:190} INFO - [2026-07-30T10:42:18.034+0000] {dag.py:4138} INFO - Setting next_dagrun for retail_etl to 2026-07-30 00:00:00+00:00, run_after=2026-07-31 00:00:00+00:00
[2026-07-30T10:42:18.048+0000] {processor.py:208} INFO - Processing /opt/airflow/dags/retail_pipeline.py took 0.109 seconds
[2026-07-30T10:42:48.509+0000] {processor.py:186} INFO - Started process (PID=85) to work on /opt/airflow/dags/retail_pipeline.py
[2026-07-30T10:42:48.510+0000] {processor.py:914} INFO - Processing file /opt/airflow/dags/retail_pipeline.py for tasks to queue
[2026-07-30T10:42:48.515+0000] {logging_mixin.py:190} INFO - [2026-07-30T10:42:48.514+0000] {dagbag.py:587} INFO - Filling up the DagBag from /opt/airflow/dags/retail_pipeline.py
[2026-07-30T10:42:48.536+0000] {processor.py:925} INFO - DAG(s) 'retail_etl' retrieved from /opt/airflow/dags/retail_pipeline.py
[2026-07-30T10:42:48.565+0000] {logging_mixin.py:190} INFO - [2026-07-30T10:42:48.565+0000] {dag.py:3211} INFO - Sync 1 DAGs
[2026-07-30T10:42:48.586+0000] {logging_mixin.py:190} INFO - [2026-07-30T10:42:48.586+0000] {dag.py:4138} INFO - Setting next_dagrun for retail_etl to 2026-07-30 00:00:00+00:00, run_after=2026-07-31 00:00:00+00:00
[2026-07-30T10:42:48.596+0000] {processor.py:208} INFO - Processing /opt/airflow/dags/retail_pipeline.py took 0.098 seconds
[2026-07-30T10:43:18.909+0000] {processor.py:186} INFO - Started process (PID=86) to work on /opt/airflow/dags/retail_pipeline.py
[2026-07-30T10:43:18.910+0000] {processor.py:914} INFO - Processing file /opt/airflow/dags/retail_pipeline.py for tasks to queue
[2026-07-30T10:43:18.914+0000] {logging_mixin.py:190} INFO - [2026-07-30T10:43:18.913+0000] {dagbag.py:587} INFO - Filling up the DagBag from /opt/airflow/dags/retail_pipeline.py
[2026-07-30T10:43:18.931+0000] {processor.py:925} INFO - DAG(s) 'retail_etl' retrieved from /opt/airflow/dags/retail_pipeline.py
[2026-07-30T10:43:18.957+0000] {logging_mixin.py:190} INFO - [2026-07-30T10:43:18.957+0000] {dag.py:3211} INFO - Sync 1 DAGs
[2026-07-30T10:43:18.971+0000] {logging_mixin.py:190} INFO - [2026-07-30T10:43:18.971+0000] {dag.py:4138} INFO - Setting next_dagrun for retail_etl to 2026-07-30 00:00:00+00:00, run_after=2026-07-31 00:00:00+00:00
[2026-07-30T10:43:18.980+0000] {processor.py:208} INFO - Processing /opt/airflow/dags/retail_pipeline.py took 0.083 seconds
[2026-07-30T10:43:49.396+0000] {processor.py:186} INFO - Started process (PID=87) to work on /opt/airflow/dags/retail_pipeline.py
[2026-07-30T10:43:49.397+0000] {processor.py:914} INFO - Processing file /opt/airflow/dags/retail_pipeline.py for tasks to queue
[2026-07-30T10:43:49.404+0000] {logging_mixin.py:190} INFO - [2026-07-30T10:43:49.402+0000] {dagbag.py:587} INFO - Filling up the DagBag from /opt/airflow/dags/retail_pipeline.py
[2026-07-30T10:43:49.428+0000] {processor.py:925} INFO - DAG(s) 'retail_etl' retrieved from /opt/airflow/dags/retail_pipeline.py
[2026-07-30T10:43:49.457+0000] {logging_mixin.py:190} INFO - [2026-07-30T10:43:49.457+0000] {dag.py:3211} INFO - Sync 1 DAGs
[2026-07-30T10:43:49.482+0000] {logging_mixin.py:190} INFO - [2026-07-30T10:43:49.482+0000] {dag.py:4138} INFO - Setting next_dagrun for retail_etl to 2026-07-30 00:00:00+00:00, run_after=2026-07-31 00:00:00+00:00
[2026-07-30T10:43:49.490+0000] {processor.py:208} INFO - Processing /opt/airflow/dags/retail_pipeline.py took 0.109 seconds
[2026-07-30T10:44:19.849+0000] {processor.py:186} INFO - Started process (PID=88) to work on /opt/airflow/dags/retail_pipeline.py
[2026-07-30T10:44:19.851+0000] {processor.py:914} INFO - Processing file /opt/airflow/dags/retail_pipeline.py for tasks to queue
[2026-07-30T10:44:19.854+0000] {logging_mixin.py:190} INFO - [2026-07-30T10:44:19.854+0000] {dagbag.py:587} INFO - Filling up the DagBag from /opt/airflow/dags/retail_pipeline.py
[2026-07-30T10:44:19.872+0000] {processor.py:925} INFO - DAG(s) 'retail_etl' retrieved from /opt/airflow/dags/retail_pipeline.py
[2026-07-30T10:44:19.899+0000] {logging_mixin.py:190} INFO - [2026-07-30T10:44:19.899+0000] {dag.py:3211} INFO - Sync 1 DAGs
[2026-07-30T10:44:19.919+0000] {logging_mixin.py:190} INFO - [2026-07-30T10:44:19.919+0000] {dag.py:4138} INFO - Setting next_dagrun for retail_etl to 2026-07-30 00:00:00+00:00, run_after=2026-07-31 00:00:00+00:00
[2026-07-30T10:44:19.928+0000] {processor.py:208} INFO - Processing /opt/airflow/dags/retail_pipeline.py took 0.098 seconds
[2026-07-30T10:44:50.280+0000] {processor.py:186} INFO - Started process (PID=89) to work on /opt/airflow/dags/retail_pipeline.py
[2026-07-30T10:44:50.281+0000] {processor.py:914} INFO - Processing file /opt/airflow/dags/retail_pipeline.py for tasks to queue
[2026-07-30T10:44:50.285+0000] {logging_mixin.py:190} INFO - [2026-07-30T10:44:50.285+0000] {dagbag.py:587} INFO - Filling up the DagBag from /opt/airflow/dags/retail_pipeline.py
[2026-07-30T10:44:50.313+0000] {processor.py:925} INFO - DAG(s) 'retail_etl' retrieved from /opt/airflow/dags/retail_pipeline.py
[2026-07-30T10:44:50.353+0000] {logging_mixin.py:190} INFO - [2026-07-30T10:44:50.353+0000] {dag.py:3211} INFO - Sync 1 DAGs
[2026-07-30T10:44:50.370+0000] {logging_mixin.py:190} INFO - [2026-07-30T10:44:50.370+0000] {dag.py:4138} INFO - Setting next_dagrun for retail_etl to 2026-07-30 00:00:00+00:00, run_after=2026-07-31 00:00:00+00:00
[2026-07-30T10:44:50.379+0000] {processor.py:208} INFO - Processing /opt/airflow/dags/retail_pipeline.py took 0.117 seconds
[2026-07-30T10:45:20.700+0000] {processor.py:186} INFO - Started process (PID=90) to work on /opt/airflow/dags/retail_pipeline.py
[2026-07-30T10:45:20.701+0000] {processor.py:914} INFO - Processing file /opt/airflow/dags/retail_pipeline.py for tasks to queue
[2026-07-30T10:45:20.705+0000] {logging_mixin.py:190} INFO - [2026-07-30T10:45:20.705+0000] {dagbag.py:587} INFO - Filling up the DagBag from /opt/airflow/dags/retail_pipeline.py
[2026-07-30T10:45:20.737+0000] {processor.py:925} INFO - DAG(s) 'retail_etl' retrieved from /opt/airflow/dags/retail_pipeline.py
[2026-07-30T10:45:20.772+0000] {logging_mixin.py:190} INFO - [2026-07-30T10:45:20.772+0000] {dag.py:3211} INFO - Sync 1 DAGs
[2026-07-30T10:45:20.789+0000] {logging_mixin.py:190} INFO - [2026-07-30T10:45:20.789+0000] {dag.py:4138} INFO - Setting next_dagrun for retail_etl to 2026-07-30 00:00:00+00:00, run_after=2026-07-31 00:00:00+00:00
[2026-07-30T10:45:20.798+0000] {processor.py:208} INFO - Processing /opt/airflow/dags/retail_pipeline.py took 0.113 seconds
[2026-07-30T10:45:51.092+0000] {processor.py:186} INFO - Started process (PID=91) to work on /opt/airflow/dags/retail_pipeline.py
[2026-07-30T10:45:51.093+0000] {processor.py:914} INFO - Processing file /opt/airflow/dags/retail_pipeline.py for tasks to queue
[2026-07-30T10:45:51.098+0000] {logging_mixin.py:190} INFO - [2026-07-30T10:45:51.098+0000] {dagbag.py:587} INFO - Filling up the DagBag from /opt/airflow/dags/retail_pipeline.py
[2026-07-30T10:45:51.118+0000] {processor.py:925} INFO - DAG(s) 'retail_etl' retrieved from /opt/airflow/dags/retail_pipeline.py
[2026-07-30T10:45:51.143+0000] {logging_mixin.py:190} INFO - [2026-07-30T10:45:51.143+0000] {dag.py:3211} INFO - Sync 1 DAGs
[2026-07-30T10:45:51.160+0000] {logging_mixin.py:190} INFO - [2026-07-30T10:45:51.160+0000] {dag.py:4138} INFO - Setting next_dagrun for retail_etl to 2026-07-30 00:00:00+00:00, run_after=2026-07-31 00:00:00+00:00
[2026-07-30T10:45:51.171+0000] {processor.py:208} INFO - Processing /opt/airflow/dags/retail_pipeline.py took 0.088 seconds
[2026-07-30T10:46:21.519+0000] {processor.py:186} INFO - Started process (PID=92) to work on /opt/airflow/dags/retail_pipeline.py
[2026-07-30T10:46:21.520+0000] {processor.py:914} INFO - Processing file /opt/airflow/dags/retail_pipeline.py for tasks to queue
[2026-07-30T10:46:21.523+0000] {logging_mixin.py:190} INFO - [2026-07-30T10:46:21.523+0000] {dagbag.py:587} INFO - Filling up the DagBag from /opt/airflow/dags/retail_pipeline.py
[2026-07-30T10:46:21.544+0000] {processor.py:925} INFO - DAG(s) 'retail_etl' retrieved from /opt/airflow/dags/retail_pipeline.py
[2026-07-30T10:46:21.577+0000] {logging_mixin.py:190} INFO - [2026-07-30T10:46:21.577+0000] {dag.py:3211} INFO - Sync 1 DAGs
[2026-07-30T10:46:21.595+0000] {logging_mixin.py:190} INFO - [2026-07-30T10:46:21.595+0000] {dag.py:4138} INFO - Setting next_dagrun for retail_etl to 2026-07-30 00:00:00+00:00, run_after=2026-07-31 00:00:00+00:00
[2026-07-30T10:46:21.605+0000] {processor.py:208} INFO - Processing /opt/airflow/dags/retail_pipeline.py took 0.110 seconds
[2026-07-30T10:46:51.945+0000] {processor.py:186} INFO - Started process (PID=93) to work on /opt/airflow/dags/retail_pipeline.py
[2026-07-30T10:46:51.946+0000] {processor.py:914} INFO - Processing file /opt/airflow/dags/retail_pipeline.py for tasks to queue
[2026-07-30T10:46:51.951+0000] {logging_mixin.py:190} INFO - [2026-07-30T10:46:51.951+0000] {dagbag.py:587} INFO - Filling up the DagBag from /opt/airflow/dags/retail_pipeline.py
[2026-07-30T10:46:51.976+0000] {processor.py:925} INFO - DAG(s) 'retail_etl' retrieved from /opt/airflow/dags/retail_pipeline.py
[2026-07-30T10:46:52.004+0000] {logging_mixin.py:190} INFO - [2026-07-30T10:46:52.004+0000] {dag.py:3211} INFO - Sync 1 DAGs
[2026-07-30T10:46:52.021+0000] {logging_mixin.py:190} INFO - [2026-07-30T10:46:52.021+0000] {dag.py:4138} INFO - Setting next_dagrun for retail_etl to 2026-07-30 00:00:00+00:00, run_after=2026-07-31 00:00:00+00:00
[2026-07-30T10:46:52.034+0000] {processor.py:208} INFO - Processing /opt/airflow/dags/retail_pipeline.py took 0.102 seconds
[2026-07-30T10:47:22.372+0000] {processor.py:186} INFO - Started process (PID=94) to work on /opt/airflow/dags/retail_pipeline.py
[2026-07-30T10:47:22.373+0000] {processor.py:914} INFO - Processing file /opt/airflow/dags/retail_pipeline.py for tasks to queue
[2026-07-30T10:47:22.378+0000] {logging_mixin.py:190} INFO - [2026-07-30T10:47:22.377+0000] {dagbag.py:587} INFO - Filling up the DagBag from /opt/airflow/dags/retail_pipeline.py
[2026-07-30T10:47:22.399+0000] {processor.py:925} INFO - DAG(s) 'retail_etl' retrieved from /opt/airflow/dags/retail_pipeline.py
[2026-07-30T10:47:22.444+0000] {logging_mixin.py:190} INFO - [2026-07-30T10:47:22.444+0000] {dag.py:3211} INFO - Sync 1 DAGs
[2026-07-30T10:47:22.469+0000] {logging_mixin.py:190} INFO - [2026-07-30T10:47:22.469+0000] {dag.py:4138} INFO - Setting next_dagrun for retail_etl to 2026-07-30 00:00:00+00:00, run_after=2026-07-31 00:00:00+00:00
[2026-07-30T10:47:22.485+0000] {processor.py:208} INFO - Processing /opt/airflow/dags/retail_pipeline.py took 0.123 seconds
[2026-07-30T10:47:52.826+0000] {processor.py:186} INFO - Started process (PID=95) to work on /opt/airflow/dags/retail_pipeline.py
[2026-07-30T10:47:52.827+0000] {processor.py:914} INFO - Processing file /opt/airflow/dags/retail_pipeline.py for tasks to queue
[2026-07-30T10:47:52.836+0000] {logging_mixin.py:190} INFO - [2026-07-30T10:47:52.836+0000] {dagbag.py:587} INFO - Filling up the DagBag from /opt/airflow/dags/retail_pipeline.py
[2026-07-30T10:47:52.866+0000] {processor.py:925} INFO - DAG(s) 'retail_etl' retrieved from /opt/airflow/dags/retail_pipeline.py
[2026-07-30T10:47:52.905+0000] {logging_mixin.py:190} INFO - [2026-07-30T10:47:52.905+0000] {dag.py:3211} INFO - Sync 1 DAGs
[2026-07-30T10:47:52.921+0000] {logging_mixin.py:190} INFO - [2026-07-30T10:47:52.921+0000] {dag.py:4138} INFO - Setting next_dagrun for retail_etl to 2026-07-30 00:00:00+00:00, run_after=2026-07-31 00:00:00+00:00
[2026-07-30T10:47:52.933+0000] {processor.py:208} INFO - Processing /opt/airflow/dags/retail_pipeline.py took 0.123 seconds
[2026-07-30T10:48:23.208+0000] {processor.py:186} INFO - Started process (PID=96) to work on /opt/airflow/dags/retail_pipeline.py
[2026-07-30T10:48:23.210+0000] {processor.py:914} INFO - Processing file /opt/airflow/dags/retail_pipeline.py for tasks to queue
[2026-07-30T10:48:23.219+0000] {logging_mixin.py:190} INFO - [2026-07-30T10:48:23.219+0000] {dagbag.py:587} INFO - Filling up the DagBag from /opt/airflow/dags/retail_pipeline.py
[2026-07-30T10:48:23.246+0000] {processor.py:925} INFO - DAG(s) 'retail_etl' retrieved from /opt/airflow/dags/retail_pipeline.py
[2026-07-30T10:48:23.278+0000] {logging_mixin.py:190} INFO - [2026-07-30T10:48:23.278+0000] {dag.py:3211} INFO - Sync 1 DAGs
[2026-07-30T10:48:23.296+0000] {logging_mixin.py:190} INFO - [2026-07-30T10:48:23.296+0000] {dag.py:4138} INFO - Setting next_dagrun for retail_etl to 2026-07-30 00:00:00+00:00, run_after=2026-07-31 00:00:00+00:00
[2026-07-30T10:48:23.307+0000] {processor.py:208} INFO - Processing /opt/airflow/dags/retail_pipeline.py took 0.113 seconds
[2026-07-30T10:48:53.768+0000] {processor.py:186} INFO - Started process (PID=97) to work on /opt/airflow/dags/retail_pipeline.py
[2026-07-30T10:48:53.769+0000] {processor.py:914} INFO - Processing file /opt/airflow/dags/retail_pipeline.py for tasks to queue
[2026-07-30T10:48:53.773+0000] {logging_mixin.py:190} INFO - [2026-07-30T10:48:53.772+0000] {dagbag.py:587} INFO - Filling up the DagBag from /opt/airflow/dags/retail_pipeline.py
[2026-07-30T10:48:53.798+0000] {processor.py:925} INFO - DAG(s) 'retail_etl' retrieved from /opt/airflow/dags/retail_pipeline.py
[2026-07-30T10:48:53.826+0000] {logging_mixin.py:190} INFO - [2026-07-30T10:48:53.826+0000] {dag.py:3211} INFO - Sync 1 DAGs
[2026-07-30T10:48:53.846+0000] {logging_mixin.py:190} INFO - [2026-07-30T10:48:53.846+0000] {dag.py:4138} INFO - Setting next_dagrun for retail_etl to 2026-07-30 00:00:00+00:00, run_after=2026-07-31 00:00:00+00:00
[2026-07-30T10:48:53.857+0000] {processor.py:208} INFO - Processing /opt/airflow/dags/retail_pipeline.py took 0.100 seconds
[2026-07-30T10:56:10.081+0000] {processor.py:186} INFO - Started process (PID=25) to work on /opt/airflow/dags/retail_pipeline.py
[2026-07-30T10:56:10.085+0000] {processor.py:914} INFO - Processing file /opt/airflow/dags/retail_pipeline.py for tasks to queue
[2026-07-30T10:56:10.091+0000] {logging_mixin.py:190} INFO - [2026-07-30T10:56:10.091+0000] {dagbag.py:587} INFO - Filling up the DagBag from /opt/airflow/dags/retail_pipeline.py
[2026-07-30T10:56:10.122+0000] {processor.py:925} INFO - DAG(s) 'retail_etl' retrieved from /opt/airflow/dags/retail_pipeline.py
[2026-07-30T10:56:10.174+0000] {logging_mixin.py:190} INFO - [2026-07-30T10:56:10.174+0000] {dag.py:3211} INFO - Sync 1 DAGs
[2026-07-30T10:56:10.245+0000] {logging_mixin.py:190} INFO - [2026-07-30T10:56:10.245+0000] {dag.py:4138} INFO - Setting next_dagrun for retail_etl to 2026-07-30 00:00:00+00:00, run_after=2026-07-31 00:00:00+00:00
[2026-07-30T10:56:10.258+0000] {processor.py:208} INFO - Processing /opt/airflow/dags/retail_pipeline.py took 0.195 seconds
[2026-07-30T10:56:40.517+0000] {processor.py:186} INFO - Started process (PID=26) to work on /opt/airflow/dags/retail_pipeline.py
[2026-07-30T10:56:40.518+0000] {processor.py:914} INFO - Processing file /opt/airflow/dags/retail_pipeline.py for tasks to queue
[2026-07-30T10:56:40.525+0000] {logging_mixin.py:190} INFO - [2026-07-30T10:56:40.522+0000] {dagbag.py:587} INFO - Filling up the DagBag from /opt/airflow/dags/retail_pipeline.py
[2026-07-30T10:56:40.550+0000] {processor.py:925} INFO - DAG(s) 'retail_etl' retrieved from /opt/airflow/dags/retail_pipeline.py
[2026-07-30T10:56:40.589+0000] {logging_mixin.py:190} INFO - [2026-07-30T10:56:40.589+0000] {dag.py:3211} INFO - Sync 1 DAGs
[2026-07-30T10:56:40.605+0000] {logging_mixin.py:190} INFO - [2026-07-30T10:56:40.605+0000] {dag.py:4138} INFO - Setting next_dagrun for retail_etl to 2026-07-30 00:00:00+00:00, run_after=2026-07-31 00:00:00+00:00
[2026-07-30T10:56:40.619+0000] {processor.py:208} INFO - Processing /opt/airflow/dags/retail_pipeline.py took 0.111 seconds
[2026-07-30T10:57:11.015+0000] {processor.py:186} INFO - Started process (PID=27) to work on /opt/airflow/dags/retail_pipeline.py
[2026-07-30T10:57:11.016+0000] {processor.py:914} INFO - Processing file /opt/airflow/dags/retail_pipeline.py for tasks to queue
[2026-07-30T10:57:11.022+0000] {logging_mixin.py:190} INFO - [2026-07-30T10:57:11.021+0000] {dagbag.py:587} INFO - Filling up the DagBag from /opt/airflow/dags/retail_pipeline.py
[2026-07-30T10:57:11.040+0000] {processor.py:925} INFO - DAG(s) 'retail_etl' retrieved from /opt/airflow/dags/retail_pipeline.py
[2026-07-30T10:57:11.073+0000] {logging_mixin.py:190} INFO - [2026-07-30T10:57:11.073+0000] {dag.py:3211} INFO - Sync 1 DAGs
[2026-07-30T10:57:11.096+0000] {logging_mixin.py:190} INFO - [2026-07-30T10:57:11.096+0000] {dag.py:4138} INFO - Setting next_dagrun for retail_etl to 2026-07-30 00:00:00+00:00, run_after=2026-07-31 00:00:00+00:00
[2026-07-30T10:57:11.109+0000] {processor.py:208} INFO - Processing /opt/airflow/dags/retail_pipeline.py took 0.104 seconds
[2026-07-30T10:57:41.448+0000] {processor.py:186} INFO - Started process (PID=28) to work on /opt/airflow/dags/retail_pipeline.py
[2026-07-30T10:57:41.449+0000] {processor.py:914} INFO - Processing file /opt/airflow/dags/retail_pipeline.py for tasks to queue
[2026-07-30T10:57:41.451+0000] {logging_mixin.py:190} INFO - [2026-07-30T10:57:41.451+0000] {dagbag.py:587} INFO - Filling up the DagBag from /opt/airflow/dags/retail_pipeline.py
[2026-07-30T10:57:41.464+0000] {processor.py:925} INFO - DAG(s) 'retail_etl' retrieved from /opt/airflow/dags/retail_pipeline.py
[2026-07-30T10:57:41.491+0000] {logging_mixin.py:190} INFO - [2026-07-30T10:57:41.491+0000] {dag.py:3211} INFO - Sync 1 DAGs
[2026-07-30T10:57:41.506+0000] {logging_mixin.py:190} INFO - [2026-07-30T10:57:41.506+0000] {dag.py:4138} INFO - Setting next_dagrun for retail_etl to 2026-07-30 00:00:00+00:00, run_after=2026-07-31 00:00:00+00:00
[2026-07-30T10:57:41.519+0000] {processor.py:208} INFO - Processing /opt/airflow/dags/retail_pipeline.py took 0.078 seconds
[2026-07-30T10:58:11.827+0000] {processor.py:186} INFO - Started process (PID=29) to work on /opt/airflow/dags/retail_pipeline.py
[2026-07-30T10:58:11.828+0000] {processor.py:914} INFO - Processing file /opt/airflow/dags/retail_pipeline.py for tasks to queue
[2026-07-30T10:58:11.831+0000] {logging_mixin.py:190} INFO - [2026-07-30T10:58:11.830+0000] {dagbag.py:587} INFO - Filling up the DagBag from /opt/airflow/dags/retail_pipeline.py
[2026-07-30T10:58:11.855+0000] {processor.py:925} INFO - DAG(s) 'retail_etl' retrieved from /opt/airflow/dags/retail_pipeline.py
[2026-07-30T10:58:11.930+0000] {logging_mixin.py:190} INFO - [2026-07-30T10:58:11.930+0000] {dag.py:3211} INFO - Sync 1 DAGs
[2026-07-30T10:58:11.966+0000] {logging_mixin.py:190} INFO - [2026-07-30T10:58:11.966+0000] {dag.py:4138} INFO - Setting next_dagrun for retail_etl to 2026-07-30 00:00:00+00:00, run_after=2026-07-31 00:00:00+00:00
[2026-07-30T10:58:11.982+0000] {processor.py:208} INFO - Processing /opt/airflow/dags/retail_pipeline.py took 0.163 seconds
[2026-07-30T10:58:42.148+0000] {processor.py:186} INFO - Started process (PID=30) to work on /opt/airflow/dags/retail_pipeline.py
[2026-07-30T10:58:42.149+0000] {processor.py:914} INFO - Processing file /opt/airflow/dags/retail_pipeline.py for tasks to queue
[2026-07-30T10:58:42.152+0000] {logging_mixin.py:190} INFO - [2026-07-30T10:58:42.151+0000] {dagbag.py:587} INFO - Filling up the DagBag from /opt/airflow/dags/retail_pipeline.py
[2026-07-30T10:58:42.168+0000] {processor.py:925} INFO - DAG(s) 'retail_etl' retrieved from /opt/airflow/dags/retail_pipeline.py
[2026-07-30T10:58:42.198+0000] {logging_mixin.py:190} INFO - [2026-07-30T10:58:42.198+0000] {dag.py:3211} INFO - Sync 1 DAGs
[2026-07-30T10:58:42.224+0000] {logging_mixin.py:190} INFO - [2026-07-30T10:58:42.224+0000] {dag.py:4138} INFO - Setting next_dagrun for retail_etl to 2026-07-30 00:00:00+00:00, run_after=2026-07-31 00:00:00+00:00
[2026-07-30T10:58:42.239+0000] {processor.py:208} INFO - Processing /opt/airflow/dags/retail_pipeline.py took 0.100 seconds
[2026-07-30T10:59:12.734+0000] {processor.py:186} INFO - Started process (PID=31) to work on /opt/airflow/dags/retail_pipeline.py
[2026-07-30T10:59:12.735+0000] {processor.py:914} INFO - Processing file /opt/airflow/dags/retail_pipeline.py for tasks to queue
[2026-07-30T10:59:12.740+0000] {logging_mixin.py:190} INFO - [2026-07-30T10:59:12.738+0000] {dagbag.py:587} INFO - Filling up the DagBag from /opt/airflow/dags/retail_pipeline.py
[2026-07-30T10:59:12.759+0000] {processor.py:925} INFO - DAG(s) 'retail_etl' retrieved from /opt/airflow/dags/retail_pipeline.py
[2026-07-30T10:59:12.789+0000] {logging_mixin.py:190} INFO - [2026-07-30T10:59:12.789+0000] {dag.py:3211} INFO - Sync 1 DAGs
[2026-07-30T10:59:12.811+0000] {logging_mixin.py:190} INFO - [2026-07-30T10:59:12.811+0000] {dag.py:4138} INFO - Setting next_dagrun for retail_etl to 2026-07-30 00:00:00+00:00, run_after=2026-07-31 00:00:00+00:00
[2026-07-30T10:59:12.827+0000] {processor.py:208} INFO - Processing /opt/airflow/dags/retail_pipeline.py took 0.105 seconds
[2026-07-30T10:59:43.138+0000] {processor.py:186} INFO - Started process (PID=32) to work on /opt/airflow/dags/retail_pipeline.py
[2026-07-30T10:59:43.139+0000] {processor.py:914} INFO - Processing file /opt/airflow/dags/retail_pipeline.py for tasks to queue
[2026-07-30T10:59:43.142+0000] {logging_mixin.py:190} INFO - [2026-07-30T10:59:43.141+0000] {dagbag.py:587} INFO - Filling up the DagBag from /opt/airflow/dags/retail_pipeline.py
[2026-07-30T10:59:43.158+0000] {processor.py:925} INFO - DAG(s) 'retail_etl' retrieved from /opt/airflow/dags/retail_pipeline.py
[2026-07-30T10:59:43.182+0000] {logging_mixin.py:190} INFO - [2026-07-30T10:59:43.182+0000] {dag.py:3211} INFO - Sync 1 DAGs
[2026-07-30T10:59:43.201+0000] {logging_mixin.py:190} INFO - [2026-07-30T10:59:43.201+0000] {dag.py:4138} INFO - Setting next_dagrun for retail_etl to 2026-07-30 00:00:00+00:00, run_after=2026-07-31 00:00:00+00:00
[2026-07-30T10:59:43.210+0000] {processor.py:208} INFO - Processing /opt/airflow/dags/retail_pipeline.py took 0.084 seconds
[2026-07-30T11:00:13.550+0000] {processor.py:186} INFO - Started process (PID=33) to work on /opt/airflow/dags/retail_pipeline.py
[2026-07-30T11:00:13.551+0000] {processor.py:914} INFO - Processing file /opt/airflow/dags/retail_pipeline.py for tasks to queue
[2026-07-30T11:00:13.557+0000] {logging_mixin.py:190} INFO - [2026-07-30T11:00:13.556+0000] {dagbag.py:587} INFO - Filling up the DagBag from /opt/airflow/dags/retail_pipeline.py
[2026-07-30T11:00:13.575+0000] {processor.py:925} INFO - DAG(s) 'retail_etl' retrieved from /opt/airflow/dags/retail_pipeline.py
[2026-07-30T11:00:13.600+0000] {logging_mixin.py:190} INFO - [2026-07-30T11:00:13.600+0000] {dag.py:3211} INFO - Sync 1 DAGs
[2026-07-30T11:00:13.618+0000] {logging_mixin.py:190} INFO - [2026-07-30T11:00:13.618+0000] {dag.py:4138} INFO - Setting next_dagrun for retail_etl to 2026-07-30 00:00:00+00:00, run_after=2026-07-31 00:00:00+00:00
[2026-07-30T11:00:13.630+0000] {processor.py:208} INFO - Processing /opt/airflow/dags/retail_pipeline.py took 0.088 seconds
[2026-07-30T11:00:43.934+0000] {processor.py:186} INFO - Started process (PID=34) to work on /opt/airflow/dags/retail_pipeline.py
[2026-07-30T11:00:43.934+0000] {processor.py:914} INFO - Processing file /opt/airflow/dags/retail_pipeline.py for tasks to queue
[2026-07-30T11:00:43.946+0000] {logging_mixin.py:190} INFO - [2026-07-30T11:00:43.945+0000] {dagbag.py:587} INFO - Filling up the DagBag from /opt/airflow/dags/retail_pipeline.py
[2026-07-30T11:00:43.979+0000] {processor.py:925} INFO - DAG(s) 'retail_etl' retrieved from /opt/airflow/dags/retail_pipeline.py
[2026-07-30T11:00:44.034+0000] {logging_mixin.py:190} INFO - [2026-07-30T11:00:44.033+0000] {dag.py:3211} INFO - Sync 1 DAGs
[2026-07-30T11:00:44.072+0000] {logging_mixin.py:190} INFO - [2026-07-30T11:00:44.072+0000] {dag.py:4138} INFO - Setting next_dagrun for retail_etl to 2026-07-30 00:00:00+00:00, run_after=2026-07-31 00:00:00+00:00
[2026-07-30T11:00:44.088+0000] {processor.py:208} INFO - Processing /opt/airflow/dags/retail_pipeline.py took 0.178 seconds
[2026-07-30T11:01:14.281+0000] {processor.py:186} INFO - Started process (PID=35) to work on /opt/airflow/dags/retail_pipeline.py
[2026-07-30T11:01:14.283+0000] {processor.py:914} INFO - Processing file /opt/airflow/dags/retail_pipeline.py for tasks to queue
[2026-07-30T11:01:14.293+0000] {logging_mixin.py:190} INFO - [2026-07-30T11:01:14.292+0000] {dagbag.py:587} INFO - Filling up the DagBag from /opt/airflow/dags/retail_pipeline.py
[2026-07-30T11:01:14.315+0000] {processor.py:925} INFO - DAG(s) 'retail_etl' retrieved from /opt/airflow/dags/retail_pipeline.py
[2026-07-30T11:01:14.349+0000] {logging_mixin.py:190} INFO - [2026-07-30T11:01:14.349+0000] {dag.py:3211} INFO - Sync 1 DAGs
[2026-07-30T11:01:14.381+0000] {logging_mixin.py:190} INFO - [2026-07-30T11:01:14.380+0000] {dag.py:4138} INFO - Setting next_dagrun for retail_etl to 2026-07-30 00:00:00+00:00, run_after=2026-07-31 00:00:00+00:00
[2026-07-30T11:01:14.400+0000] {processor.py:208} INFO - Processing /opt/airflow/dags/retail_pipeline.py took 0.139 seconds
[2026-07-30T11:01:44.749+0000] {processor.py:186} INFO - Started process (PID=36) to work on /opt/airflow/dags/retail_pipeline.py
[2026-07-30T11:01:44.749+0000] {processor.py:914} INFO - Processing file /opt/airflow/dags/retail_pipeline.py for tasks to queue
[2026-07-30T11:01:44.756+0000] {logging_mixin.py:190} INFO - [2026-07-30T11:01:44.755+0000] {dagbag.py:587} INFO - Filling up the DagBag from /opt/airflow/dags/retail_pipeline.py
[2026-07-30T11:01:44.775+0000] {processor.py:925} INFO - DAG(s) 'retail_etl' retrieved from /opt/airflow/dags/retail_pipeline.py
[2026-07-30T11:01:44.811+0000] {logging_mixin.py:190} INFO - [2026-07-30T11:01:44.811+0000] {dag.py:3211} INFO - Sync 1 DAGs
[2026-07-30T11:01:44.851+0000] {logging_mixin.py:190} INFO - [2026-07-30T11:01:44.851+0000] {dag.py:4138} INFO - Setting next_dagrun for retail_etl to 2026-07-30 00:00:00+00:00, run_after=2026-07-31 00:00:00+00:00
[2026-07-30T11:01:44.883+0000] {processor.py:208} INFO - Processing /opt/airflow/dags/retail_pipeline.py took 0.143 seconds
[2026-07-30T11:02:15.162+0000] {processor.py:186} INFO - Started process (PID=37) to work on /opt/airflow/dags/retail_pipeline.py
[2026-07-30T11:02:15.163+0000] {processor.py:914} INFO - Processing file /opt/airflow/dags/retail_pipeline.py for tasks to queue
[2026-07-30T11:02:15.169+0000] {logging_mixin.py:190} INFO - [2026-07-30T11:02:15.169+0000] {dagbag.py:587} INFO - Filling up the DagBag from /opt/airflow/dags/retail_pipeline.py
[2026-07-30T11:02:15.261+0000] {processor.py:925} INFO - DAG(s) 'retail_etl' retrieved from /opt/airflow/dags/retail_pipeline.py
[2026-07-30T11:02:15.331+0000] {logging_mixin.py:190} INFO - [2026-07-30T11:02:15.330+0000] {dag.py:3211} INFO - Sync 1 DAGs
[2026-07-30T11:02:15.352+0000] {logging_mixin.py:190} INFO - [2026-07-30T11:02:15.352+0000] {dag.py:4138} INFO - Setting next_dagrun for retail_etl to 2026-07-30 00:00:00+00:00, run_after=2026-07-31 00:00:00+00:00
[2026-07-30T11:02:15.363+0000] {processor.py:208} INFO - Processing /opt/airflow/dags/retail_pipeline.py took 0.239 seconds
[2026-07-30T11:02:45.547+0000] {processor.py:186} INFO - Started process (PID=38) to work on /opt/airflow/dags/retail_pipeline.py
[2026-07-30T11:02:45.548+0000] {processor.py:914} INFO - Processing file /opt/airflow/dags/retail_pipeline.py for tasks to queue
[2026-07-30T11:02:45.552+0000] {logging_mixin.py:190} INFO - [2026-07-30T11:02:45.551+0000] {dagbag.py:587} INFO - Filling up the DagBag from /opt/airflow/dags/retail_pipeline.py
[2026-07-30T11:02:45.578+0000] {processor.py:925} INFO - DAG(s) 'retail_etl' retrieved from /opt/airflow/dags/retail_pipeline.py
[2026-07-30T11:02:45.603+0000] {logging_mixin.py:190} INFO - [2026-07-30T11:02:45.603+0000] {dag.py:3211} INFO - Sync 1 DAGs
[2026-07-30T11:02:45.620+0000] {logging_mixin.py:190} INFO - [2026-07-30T11:02:45.620+0000] {dag.py:4138} INFO - Setting next_dagrun for retail_etl to 2026-07-30 00:00:00+00:00, run_after=2026-07-31 00:00:00+00:00
[2026-07-30T11:02:45.629+0000] {processor.py:208} INFO - Processing /opt/airflow/dags/retail_pipeline.py took 0.095 seconds
[2026-07-30T11:03:15.920+0000] {processor.py:186} INFO - Started process (PID=39) to work on /opt/airflow/dags/retail_pipeline.py
[2026-07-30T11:03:15.920+0000] {processor.py:914} INFO - Processing file /opt/airflow/dags/retail_pipeline.py for tasks to queue
[2026-07-30T11:03:15.923+0000] {logging_mixin.py:190} INFO - [2026-07-30T11:03:15.923+0000] {dagbag.py:587} INFO - Filling up the DagBag from /opt/airflow/dags/retail_pipeline.py
[2026-07-30T11:03:15.947+0000] {processor.py:925} INFO - DAG(s) 'retail_etl' retrieved from /opt/airflow/dags/retail_pipeline.py
[2026-07-30T11:03:15.986+0000] {logging_mixin.py:190} INFO - [2026-07-30T11:03:15.986+0000] {dag.py:3211} INFO - Sync 1 DAGs
[2026-07-30T11:03:16.005+0000] {logging_mixin.py:190} INFO - [2026-07-30T11:03:16.004+0000] {dag.py:4138} INFO - Setting next_dagrun for retail_etl to 2026-07-30 00:00:00+00:00, run_after=2026-07-31 00:00:00+00:00
[2026-07-30T11:03:16.014+0000] {processor.py:208} INFO - Processing /opt/airflow/dags/retail_pipeline.py took 0.106 seconds
[2026-07-30T11:03:46.247+0000] {processor.py:186} INFO - Started process (PID=40) to work on /opt/airflow/dags/retail_pipeline.py
[2026-07-30T11:03:46.249+0000] {processor.py:914} INFO - Processing file /opt/airflow/dags/retail_pipeline.py for tasks to queue
[2026-07-30T11:03:46.252+0000] {logging_mixin.py:190} INFO - [2026-07-30T11:03:46.252+0000] {dagbag.py:587} INFO - Filling up the DagBag from /opt/airflow/dags/retail_pipeline.py
[2026-07-30T11:03:46.274+0000] {processor.py:925} INFO - DAG(s) 'retail_etl' retrieved from /opt/airflow/dags/retail_pipeline.py
[2026-07-30T11:03:46.301+0000] {logging_mixin.py:190} INFO - [2026-07-30T11:03:46.301+0000] {dag.py:3211} INFO - Sync 1 DAGs
[2026-07-30T11:03:46.318+0000] {logging_mixin.py:190} INFO - [2026-07-30T11:03:46.318+0000] {dag.py:4138} INFO - Setting next_dagrun for retail_etl to 2026-07-30 00:00:00+00:00, run_after=2026-07-31 00:00:00+00:00
[2026-07-30T11:03:46.327+0000] {processor.py:208} INFO - Processing /opt/airflow/dags/retail_pipeline.py took 0.087 seconds
[2026-07-30T11:04:16.606+0000] {processor.py:186} INFO - Started process (PID=41) to work on /opt/airflow/dags/retail_pipeline.py
[2026-07-30T11:04:16.607+0000] {processor.py:914} INFO - Processing file /opt/airflow/dags/retail_pipeline.py for tasks to queue
[2026-07-30T11:04:16.611+0000] {logging_mixin.py:190} INFO - [2026-07-30T11:04:16.610+0000] {dagbag.py:587} INFO - Filling up the DagBag from /opt/airflow/dags/retail_pipeline.py
[2026-07-30T11:04:16.631+0000] {processor.py:925} INFO - DAG(s) 'retail_etl' retrieved from /opt/airflow/dags/retail_pipeline.py
[2026-07-30T11:04:16.665+0000] {logging_mixin.py:190} INFO - [2026-07-30T11:04:16.665+0000] {dag.py:3211} INFO - Sync 1 DAGs
[2026-07-30T11:04:16.682+0000] {logging_mixin.py:190} INFO - [2026-07-30T11:04:16.681+0000] {dag.py:4138} INFO - Setting next_dagrun for retail_etl to 2026-07-30 00:00:00+00:00, run_after=2026-07-31 00:00:00+00:00
[2026-07-30T11:04:16.693+0000] {processor.py:208} INFO - Processing /opt/airflow/dags/retail_pipeline.py took 0.097 seconds
[2026-07-30T11:04:46.996+0000] {processor.py:186} INFO - Started process (PID=42) to work on /opt/airflow/dags/retail_pipeline.py
[2026-07-30T11:04:46.998+0000] {processor.py:914} INFO - Processing file /opt/airflow/dags/retail_pipeline.py for tasks to queue
[2026-07-30T11:04:47.002+0000] {logging_mixin.py:190} INFO - [2026-07-30T11:04:47.001+0000] {dagbag.py:587} INFO - Filling up the DagBag from /opt/airflow/dags/retail_pipeline.py
[2026-07-30T11:04:47.029+0000] {processor.py:925} INFO - DAG(s) 'retail_etl' retrieved from /opt/airflow/dags/retail_pipeline.py
[2026-07-30T11:04:47.061+0000] {logging_mixin.py:190} INFO - [2026-07-30T11:04:47.061+0000] {dag.py:3211} INFO - Sync 1 DAGs
[2026-07-30T11:04:47.076+0000] {logging_mixin.py:190} INFO - [2026-07-30T11:04:47.076+0000] {dag.py:4138} INFO - Setting next_dagrun for retail_etl to 2026-07-30 00:00:00+00:00, run_after=2026-07-31 00:00:00+00:00
[2026-07-30T11:04:47.090+0000] {processor.py:208} INFO - Processing /opt/airflow/dags/retail_pipeline.py took 0.104 seconds
[2026-07-30T11:05:17.332+0000] {processor.py:186} INFO - Started process (PID=43) to work on /opt/airflow/dags/retail_pipeline.py
[2026-07-30T11:05:17.333+0000] {processor.py:914} INFO - Processing file /opt/airflow/dags/retail_pipeline.py for tasks to queue
[2026-07-30T11:05:17.340+0000] {logging_mixin.py:190} INFO - [2026-07-30T11:05:17.340+0000] {dagbag.py:587} INFO - Filling up the DagBag from /opt/airflow/dags/retail_pipeline.py
[2026-07-30T11:05:17.358+0000] {processor.py:925} INFO - DAG(s) 'retail_etl' retrieved from /opt/airflow/dags/retail_pipeline.py
[2026-07-30T11:05:17.393+0000] {logging_mixin.py:190} INFO - [2026-07-30T11:05:17.393+0000] {dag.py:3211} INFO - Sync 1 DAGs
[2026-07-30T11:05:17.409+0000] {logging_mixin.py:190} INFO - [2026-07-30T11:05:17.409+0000] {dag.py:4138} INFO - Setting next_dagrun for retail_etl to 2026-07-30 00:00:00+00:00, run_after=2026-07-31 00:00:00+00:00
[2026-07-30T11:05:17.419+0000] {processor.py:208} INFO - Processing /opt/airflow/dags/retail_pipeline.py took 0.095 seconds
[2026-07-30T11:05:47.672+0000] {processor.py:186} INFO - Started process (PID=44) to work on /opt/airflow/dags/retail_pipeline.py
[2026-07-30T11:05:47.673+0000] {processor.py:914} INFO - Processing file /opt/airflow/dags/retail_pipeline.py for tasks to queue
[2026-07-30T11:05:47.677+0000] {logging_mixin.py:190} INFO - [2026-07-30T11:05:47.677+0000] {dagbag.py:587} INFO - Filling up the DagBag from /opt/airflow/dags/retail_pipeline.py
[2026-07-30T11:05:47.695+0000] {processor.py:925} INFO - DAG(s) 'retail_etl' retrieved from /opt/airflow/dags/retail_pipeline.py
[2026-07-30T11:05:47.731+0000] {logging_mixin.py:190} INFO - [2026-07-30T11:05:47.731+0000] {dag.py:3211} INFO - Sync 1 DAGs
[2026-07-30T11:05:47.752+0000] {logging_mixin.py:190} INFO - [2026-07-30T11:05:47.752+0000] {dag.py:4138} INFO - Setting next_dagrun for retail_etl to 2026-07-30 00:00:00+00:00, run_after=2026-07-31 00:00:00+00:00
[2026-07-30T11:05:47.766+0000] {processor.py:208} INFO - Processing /opt/airflow/dags/retail_pipeline.py took 0.105 seconds
[2026-07-30T11:06:18.127+0000] {processor.py:186} INFO - Started process (PID=45) to work on /opt/airflow/dags/retail_pipeline.py
[2026-07-30T11:06:18.128+0000] {processor.py:914} INFO - Processing file /opt/airflow/dags/retail_pipeline.py for tasks to queue
[2026-07-30T11:06:18.131+0000] {logging_mixin.py:190} INFO - [2026-07-30T11:06:18.131+0000] {dagbag.py:587} INFO - Filling up the DagBag from /opt/airflow/dags/retail_pipeline.py
[2026-07-30T11:06:18.146+0000] {processor.py:925} INFO - DAG(s) 'retail_etl' retrieved from /opt/airflow/dags/retail_pipeline.py
[2026-07-30T11:06:18.168+0000] {logging_mixin.py:190} INFO - [2026-07-30T11:06:18.167+0000] {dag.py:3211} INFO - Sync 1 DAGs
[2026-07-30T11:06:18.187+0000] {logging_mixin.py:190} INFO - [2026-07-30T11:06:18.187+0000] {dag.py:4138} INFO - Setting next_dagrun for retail_etl to 2026-07-30 00:00:00+00:00, run_after=2026-07-31 00:00:00+00:00
[2026-07-30T11:06:18.196+0000] {processor.py:208} INFO - Processing /opt/airflow/dags/retail_pipeline.py took 0.076 seconds
[2026-07-30T11:06:48.538+0000] {processor.py:186} INFO - Started process (PID=46) to work on /opt/airflow/dags/retail_pipeline.py
[2026-07-30T11:06:48.539+0000] {processor.py:914} INFO - Processing file /opt/airflow/dags/retail_pipeline.py for tasks to queue
[2026-07-30T11:06:48.548+0000] {logging_mixin.py:190} INFO - [2026-07-30T11:06:48.546+0000] {dagbag.py:587} INFO - Filling up the DagBag from /opt/airflow/dags/retail_pipeline.py
[2026-07-30T11:06:48.575+0000] {processor.py:925} INFO - DAG(s) 'retail_etl' retrieved from /opt/airflow/dags/retail_pipeline.py
[2026-07-30T11:06:48.606+0000] {logging_mixin.py:190} INFO - [2026-07-30T11:06:48.605+0000] {dag.py:3211} INFO - Sync 1 DAGs
[2026-07-30T11:06:48.624+0000] {logging_mixin.py:190} INFO - [2026-07-30T11:06:48.624+0000] {dag.py:4138} INFO - Setting next_dagrun for retail_etl to 2026-07-30 00:00:00+00:00, run_after=2026-07-31 00:00:00+00:00
[2026-07-30T11:06:48.635+0000] {processor.py:208} INFO - Processing /opt/airflow/dags/retail_pipeline.py took 0.111 seconds
[2026-07-30T11:07:18.855+0000] {processor.py:186} INFO - Started process (PID=47) to work on /opt/airflow/dags/retail_pipeline.py
[2026-07-30T11:07:18.856+0000] {processor.py:914} INFO - Processing file /opt/airflow/dags/retail_pipeline.py for tasks to queue
[2026-07-30T11:07:18.863+0000] {logging_mixin.py:190} INFO - [2026-07-30T11:07:18.862+0000] {dagbag.py:587} INFO - Filling up the DagBag from /opt/airflow/dags/retail_pipeline.py
[2026-07-30T11:07:18.877+0000] {processor.py:925} INFO - DAG(s) 'retail_etl' retrieved from /opt/airflow/dags/retail_pipeline.py
[2026-07-30T11:07:18.904+0000] {logging_mixin.py:190} INFO - [2026-07-30T11:07:18.903+0000] {dag.py:3211} INFO - Sync 1 DAGs
[2026-07-30T11:07:18.916+0000] {logging_mixin.py:190} INFO - [2026-07-30T11:07:18.916+0000] {dag.py:4138} INFO - Setting next_dagrun for retail_etl to 2026-07-30 00:00:00+00:00, run_after=2026-07-31 00:00:00+00:00
[2026-07-30T11:07:18.924+0000] {processor.py:208} INFO - Processing /opt/airflow/dags/retail_pipeline.py took 0.076 seconds
[2026-07-30T11:07:49.254+0000] {processor.py:186} INFO - Started process (PID=48) to work on /opt/airflow/dags/retail_pipeline.py
[2026-07-30T11:07:49.255+0000] {processor.py:914} INFO - Processing file /opt/airflow/dags/retail_pipeline.py for tasks to queue
[2026-07-30T11:07:49.260+0000] {logging_mixin.py:190} INFO - [2026-07-30T11:07:49.259+0000] {dagbag.py:587} INFO - Filling up the DagBag from /opt/airflow/dags/retail_pipeline.py
[2026-07-30T11:07:49.284+0000] {processor.py:925} INFO - DAG(s) 'retail_etl' retrieved from /opt/airflow/dags/retail_pipeline.py
[2026-07-30T11:07:49.311+0000] {logging_mixin.py:190} INFO - [2026-07-30T11:07:49.311+0000] {dag.py:3211} INFO - Sync 1 DAGs
[2026-07-30T11:07:49.328+0000] {logging_mixin.py:190} INFO - [2026-07-30T11:07:49.328+0000] {dag.py:4138} INFO - Setting next_dagrun for retail_etl to 2026-07-30 00:00:00+00:00, run_after=2026-07-31 00:00:00+00:00
[2026-07-30T11:07:49.337+0000] {processor.py:208} INFO - Processing /opt/airflow/dags/retail_pipeline.py took 0.099 seconds
[2026-07-30T11:08:19.730+0000] {processor.py:186} INFO - Started process (PID=49) to work on /opt/airflow/dags/retail_pipeline.py
[2026-07-30T11:08:19.731+0000] {processor.py:914} INFO - Processing file /opt/airflow/dags/retail_pipeline.py for tasks to queue
[2026-07-30T11:08:19.739+0000] {logging_mixin.py:190} INFO - [2026-07-30T11:08:19.738+0000] {dagbag.py:587} INFO - Filling up the DagBag from /opt/airflow/dags/retail_pipeline.py
[2026-07-30T11:08:19.766+0000] {processor.py:925} INFO - DAG(s) 'retail_etl' retrieved from /opt/airflow/dags/retail_pipeline.py
[2026-07-30T11:08:19.806+0000] {logging_mixin.py:190} INFO - [2026-07-30T11:08:19.806+0000] {dag.py:3211} INFO - Sync 1 DAGs
[2026-07-30T11:08:19.830+0000] {logging_mixin.py:190} INFO - [2026-07-30T11:08:19.830+0000] {dag.py:4138} INFO - Setting next_dagrun for retail_etl to 2026-07-30 00:00:00+00:00, run_after=2026-07-31 00:00:00+00:00
[2026-07-30T11:08:19.844+0000] {processor.py:208} INFO - Processing /opt/airflow/dags/retail_pipeline.py took 0.127 seconds
[2026-07-30T11:08:50.101+0000] {processor.py:186} INFO - Started process (PID=50) to work on /opt/airflow/dags/retail_pipeline.py
[2026-07-30T11:08:50.102+0000] {processor.py:914} INFO - Processing file /opt/airflow/dags/retail_pipeline.py for tasks to queue
[2026-07-30T11:08:50.107+0000] {logging_mixin.py:190} INFO - [2026-07-30T11:08:50.106+0000] {dagbag.py:587} INFO - Filling up the DagBag from /opt/airflow/dags/retail_pipeline.py
[2026-07-30T11:08:50.123+0000] {processor.py:925} INFO - DAG(s) 'retail_etl' retrieved from /opt/airflow/dags/retail_pipeline.py
[2026-07-30T11:08:50.150+0000] {logging_mixin.py:190} INFO - [2026-07-30T11:08:50.150+0000] {dag.py:3211} INFO - Sync 1 DAGs
[2026-07-30T11:08:50.164+0000] {logging_mixin.py:190} INFO - [2026-07-30T11:08:50.164+0000] {dag.py:4138} INFO - Setting next_dagrun for retail_etl to 2026-07-30 00:00:00+00:00, run_after=2026-07-31 00:00:00+00:00
[2026-07-30T11:08:50.174+0000] {processor.py:208} INFO - Processing /opt/airflow/dags/retail_pipeline.py took 0.084 seconds
[2026-07-30T11:09:20.522+0000] {processor.py:186} INFO - Started process (PID=51) to work on /opt/airflow/dags/retail_pipeline.py
[2026-07-30T11:09:20.523+0000] {processor.py:914} INFO - Processing file /opt/airflow/dags/retail_pipeline.py for tasks to queue
[2026-07-30T11:09:20.526+0000] {logging_mixin.py:190} INFO - [2026-07-30T11:09:20.526+0000] {dagbag.py:587} INFO - Filling up the DagBag from /opt/airflow/dags/retail_pipeline.py
[2026-07-30T11:09:20.549+0000] {processor.py:925} INFO - DAG(s) 'retail_etl' retrieved from /opt/airflow/dags/retail_pipeline.py
[2026-07-30T11:09:20.577+0000] {logging_mixin.py:190} INFO - [2026-07-30T11:09:20.577+0000] {dag.py:3211} INFO - Sync 1 DAGs
[2026-07-30T11:09:20.597+0000] {logging_mixin.py:190} INFO - [2026-07-30T11:09:20.597+0000] {dag.py:4138} INFO - Setting next_dagrun for retail_etl to 2026-07-30 00:00:00+00:00, run_after=2026-07-31 00:00:00+00:00
[2026-07-30T11:09:20.606+0000] {processor.py:208} INFO - Processing /opt/airflow/dags/retail_pipeline.py took 0.100 seconds
[2026-07-30T11:09:50.894+0000] {processor.py:186} INFO - Started process (PID=52) to work on /opt/airflow/dags/retail_pipeline.py
[2026-07-30T11:09:50.895+0000] {processor.py:914} INFO - Processing file /opt/airflow/dags/retail_pipeline.py for tasks to queue
[2026-07-30T11:09:50.903+0000] {logging_mixin.py:190} INFO - [2026-07-30T11:09:50.901+0000] {dagbag.py:587} INFO - Filling up the DagBag from /opt/airflow/dags/retail_pipeline.py
[2026-07-30T11:09:50.927+0000] {processor.py:925} INFO - DAG(s) 'retail_etl' retrieved from /opt/airflow/dags/retail_pipeline.py
[2026-07-30T11:09:50.952+0000] {logging_mixin.py:190} INFO - [2026-07-30T11:09:50.952+0000] {dag.py:3211} INFO - Sync 1 DAGs
[2026-07-30T11:09:50.969+0000] {logging_mixin.py:190} INFO - [2026-07-30T11:09:50.969+0000] {dag.py:4138} INFO - Setting next_dagrun for retail_etl to 2026-07-30 00:00:00+00:00, run_after=2026-07-31 00:00:00+00:00
[2026-07-30T11:09:50.978+0000] {processor.py:208} INFO - Processing /opt/airflow/dags/retail_pipeline.py took 0.095 seconds
[2026-07-30T11:10:21.369+0000] {processor.py:186} INFO - Started process (PID=53) to work on /opt/airflow/dags/retail_pipeline.py
[2026-07-30T11:10:21.370+0000] {processor.py:914} INFO - Processing file /opt/airflow/dags/retail_pipeline.py for tasks to queue
[2026-07-30T11:10:21.374+0000] {logging_mixin.py:190} INFO - [2026-07-30T11:10:21.373+0000] {dagbag.py:587} INFO - Filling up the DagBag from /opt/airflow/dags/retail_pipeline.py
[2026-07-30T11:10:21.393+0000] {processor.py:925} INFO - DAG(s) 'retail_etl' retrieved from /opt/airflow/dags/retail_pipeline.py
[2026-07-30T11:10:21.424+0000] {logging_mixin.py:190} INFO - [2026-07-30T11:10:21.424+0000] {dag.py:3211} INFO - Sync 1 DAGs
[2026-07-30T11:10:21.449+0000] {logging_mixin.py:190} INFO - [2026-07-30T11:10:21.449+0000] {dag.py:4138} INFO - Setting next_dagrun for retail_etl to 2026-07-30 00:00:00+00:00, run_after=2026-07-31 00:00:00+00:00
[2026-07-30T11:10:21.457+0000] {processor.py:208} INFO - Processing /opt/airflow/dags/retail_pipeline.py took 0.113 seconds
[2026-07-30T11:10:51.668+0000] {processor.py:186} INFO - Started process (PID=54) to work on /opt/airflow/dags/retail_pipeline.py
[2026-07-30T11:10:51.669+0000] {processor.py:914} INFO - Processing file /opt/airflow/dags/retail_pipeline.py for tasks to queue
[2026-07-30T11:10:51.672+0000] {logging_mixin.py:190} INFO - [2026-07-30T11:10:51.672+0000] {dagbag.py:587} INFO - Filling up the DagBag from /opt/airflow/dags/retail_pipeline.py
[2026-07-30T11:10:51.688+0000] {processor.py:925} INFO - DAG(s) 'retail_etl' retrieved from /opt/airflow/dags/retail_pipeline.py
[2026-07-30T11:10:51.716+0000] {logging_mixin.py:190} INFO - [2026-07-30T11:10:51.716+0000] {dag.py:3211} INFO - Sync 1 DAGs
[2026-07-30T11:10:51.734+0000] {logging_mixin.py:190} INFO - [2026-07-30T11:10:51.734+0000] {dag.py:4138} INFO - Setting next_dagrun for retail_etl to 2026-07-30 00:00:00+00:00, run_after=2026-07-31 00:00:00+00:00
[2026-07-30T11:10:51.745+0000] {processor.py:208} INFO - Processing /opt/airflow/dags/retail_pipeline.py took 0.090 seconds
[2026-07-30T11:11:22.188+0000] {processor.py:186} INFO - Started process (PID=55) to work on /opt/airflow/dags/retail_pipeline.py
[2026-07-30T11:11:22.189+0000] {processor.py:914} INFO - Processing file /opt/airflow/dags/retail_pipeline.py for tasks to queue
[2026-07-30T11:11:22.200+0000] {logging_mixin.py:190} INFO - [2026-07-30T11:11:22.199+0000] {dagbag.py:587} INFO - Filling up the DagBag from /opt/airflow/dags/retail_pipeline.py
[2026-07-30T11:11:22.218+0000] {processor.py:925} INFO - DAG(s) 'retail_etl' retrieved from /opt/airflow/dags/retail_pipeline.py
[2026-07-30T11:11:22.250+0000] {logging_mixin.py:190} INFO - [2026-07-30T11:11:22.250+0000] {dag.py:3211} INFO - Sync 1 DAGs
[2026-07-30T11:11:22.266+0000] {logging_mixin.py:190} INFO - [2026-07-30T11:11:22.266+0000] {dag.py:4138} INFO - Setting next_dagrun for retail_etl to 2026-07-30 00:00:00+00:00, run_after=2026-07-31 00:00:00+00:00
[2026-07-30T11:11:22.275+0000] {processor.py:208} INFO - Processing /opt/airflow/dags/retail_pipeline.py took 0.109 seconds
[2026-07-30T11:11:52.586+0000] {processor.py:186} INFO - Started process (PID=56) to work on /opt/airflow/dags/retail_pipeline.py
[2026-07-30T11:11:52.587+0000] {processor.py:914} INFO - Processing file /opt/airflow/dags/retail_pipeline.py for tasks to queue
[2026-07-30T11:11:52.591+0000] {logging_mixin.py:190} INFO - [2026-07-30T11:11:52.590+0000] {dagbag.py:587} INFO - Filling up the DagBag from /opt/airflow/dags/retail_pipeline.py
[2026-07-30T11:11:52.621+0000] {processor.py:925} INFO - DAG(s) 'retail_etl' retrieved from /opt/airflow/dags/retail_pipeline.py
[2026-07-30T11:11:52.649+0000] {logging_mixin.py:190} INFO - [2026-07-30T11:11:52.649+0000] {dag.py:3211} INFO - Sync 1 DAGs
[2026-07-30T11:11:52.668+0000] {logging_mixin.py:190} INFO - [2026-07-30T11:11:52.668+0000] {dag.py:4138} INFO - Setting next_dagrun for retail_etl to 2026-07-30 00:00:00+00:00, run_after=2026-07-31 00:00:00+00:00
[2026-07-30T11:11:52.676+0000] {processor.py:208} INFO - Processing /opt/airflow/dags/retail_pipeline.py took 0.102 seconds
[2026-07-30T11:12:23.053+0000] {processor.py:186} INFO - Started process (PID=57) to work on /opt/airflow/dags/retail_pipeline.py
[2026-07-30T11:12:23.053+0000] {processor.py:914} INFO - Processing file /opt/airflow/dags/retail_pipeline.py for tasks to queue
[2026-07-30T11:12:23.060+0000] {logging_mixin.py:190} INFO - [2026-07-30T11:12:23.059+0000] {dagbag.py:587} INFO - Filling up the DagBag from /opt/airflow/dags/retail_pipeline.py
[2026-07-30T11:12:23.077+0000] {processor.py:925} INFO - DAG(s) 'retail_etl' retrieved from /opt/airflow/dags/retail_pipeline.py
[2026-07-30T11:12:23.110+0000] {logging_mixin.py:190} INFO - [2026-07-30T11:12:23.110+0000] {dag.py:3211} INFO - Sync 1 DAGs
[2026-07-30T11:12:23.129+0000] {logging_mixin.py:190} INFO - [2026-07-30T11:12:23.129+0000] {dag.py:4138} INFO - Setting next_dagrun for retail_etl to 2026-07-30 00:00:00+00:00, run_after=2026-07-31 00:00:00+00:00
[2026-07-30T11:12:23.141+0000] {processor.py:208} INFO - Processing /opt/airflow/dags/retail_pipeline.py took 0.098 seconds
