customer_id,first_name,last_name,email,phone,city,state,created_at
1,Denise,Flores,quinnlynn@example.net,+1-831-737-9044,North Cynthia,DC,2026-05-31 17:22:12.952383
2,Kyle,Young,sarasmith@example.com,918.434.4371x6210,West Jeffreyville,GU,2025-04-26 20:12:15.615700
3,Sarah,Jones,rbarker@example.com,+1-953-634-4729,Johnsonberg,OR,2025-03-15 09:33:02.777112
4,Kenneth,Jensen,katelyn97@example.org,432-623-5683x979,Woodsfort,WV,2025-04-25 20:10:50.089495
5,Susan,Smith,pachecochristopher@example.net,(347)334-9307,North Kenneth,PW,2026-01-28 06:08:11.608038
6,James,Bradley,woodcarolyn@example.net,001-990-353-9537,Rebeccahaven,KY,2024-12-11 04:41:08.219723
7,Megan,Nichols,aprilmay@example.net,892.611.4124,North Megan,NE,2025-06-12 23:12:50.999487
8,Johnathan,Baker,jerry94@example.org,549-697-9938x99946,West Loretta,DC,2024-10-21 16:08:29.533206
9,Henry,Ho,holly13@example.com,392.390.7991x30996,Donaldview,VI,2024-08-15 19:08:57.183215
10,Christopher,Harris,chavezrobert@example.net,001-509-779-1113x9002,South Jeffrey,WI,2024-12-10 04:22:16.675758
11,Ryan,Harris,nicholsdavid@example.com,+1-756-581-1122,Mooreville,KS,2026-08-07 16:04:42.097527
12,Elizabeth,Dean,blamb@example.net,+1-803-218-2879x2817,Port Michaelberg,TX,2025-12-02 06:55:39.065858
13,Joshua,Reid,ashley97@example.net,396.742.5183x20360,North Jasonport,CT,2025-08-27 23:43:29.505307
14,Terry,Johnson,fullermatthew@example.com,001-926-277-6919x24519,Ericfurt,PR,2024-10-25 21:22:42.124937
15,William,Sanchez,brittany39@example.com,+1-835-374-2125,Paulshire,WV,2026-03-28 16:38:23.988423
16,David,Macdonald,smithanthony@example.net,655-355-6414,South Katieview,PR,2026-02-05 08:08:34.811056
17,Christopher,Lambert,jacobsullivan@example.org,(416)306-1862,South Meganshire,PW,2025-07-19 10:07:12.716599
18,Chad,Chavez,kevinwilson@example.org,001-549-600-9594x87125,Robinsonfurt,LA,2025-03-03 02:50:09.868488
19,Ashley,Lloyd,hbrooks@example.org,430-822-1496,Lake Jonathanberg,GU,2026-04-15 16:00:18.880311
20,Daniel,Sharp,antonio82@example.org,+1-301-744-6147x362,Michaelbury,ID,2024-12-07 02:03:02.759864
21,Robin,Burch,kathleen39@example.org,623.904.4753x5666,South Donna,OK,2025-10-27 04:29:14.837127
22,Denise,Phillips,robert68@example.net,2786109656,Kevinshire,NV,2025-01-28 01:29:51.526261
23,Anthony,Harper,coryblake@example.net,+1-285-425-7242x78744,East Samanthashire,FM,2025-09-12 23:53:28.718051
24,Brian,Garrett,shannonturner@example.com,+1-923-248-6873x3104,Bradleyberg,MI,2025-06-11 12:27:24.885115
25,Austin,Myers,christie15@example.net,+1-383-621-0448,South Jessica,DE,2026-02-02 09:50:02.328975
26,Angela,Bennett,bwilson@example.net,(477)581-8083x463,South Kristin,ME,2024-11-10 12:39:57.016782
27,Kevin,White,arroyomartin@example.net,3994578821,Bryantmouth,AL,2025-11-10 08:12:57.845516
28,Regina,Gibbs,juliaparker@example.com,001-575-622-8944,Laurenhaven,AZ,2025-01-07 16:13:19.212085
29,Joshua,Russo,april37@example.net,438-725-5085x656,Sarahmouth,ID,2026-05-06 08:28:17.241416
30,Luis,Gonzalez,david02@example.org,7174742566,South Charlesburgh,RI,2026-03-29 12:05:58.386335
31,Ruth,Nguyen,kingnicole@example.net,914.776.3595,Reeseport,MO,2026-01-23 12:06:36.043848
32,William,Contreras,pattersonjulia@example.org,+1-802-318-5012x6213,Lake Bradshire,MO,2025-03-15 19:43:04.052012
33,Anthony,Huffman,ostewart@example.net,513.399.1457x39386,Laurenfurt,MI,2025-06-30 04:41:08.487737
34,Cathy,Phelps,keygregory@example.org,751-972-3961,Andrewtown,VT,2026-02-18 03:44:05.410034
35,Rebecca,White,yellison@example.com,835.538.9969,North Heidiport,AK,2025-04-18 09:00:17.051513
36,Billy,Gross,fsmith@example.net,438.700.6785x6779,West Whitneymouth,GA,2026-04-20 04:55:44.357676
37,Kathryn,Ward,williamrodriguez@example.org,(653)728-9939,East Ricky,ME,2026-01-01 06:00:01.519082
38,Lisa,Hicks,robinsonrachel@example.net,972-856-0584x249,Lake Kaitlynborough,AL,2026-03-29 11:34:53.016918
39,Brian,Kelly,dhutchinson@example.org,754-616-0747,South Jenniferstad,CA,2025-10-22 11:23:55.642574
40,Anthony,Alexander,jeffrey08@example.net,+1-301-970-7300x7722,New Amyton,MP,2025-02-03 00:03:49.849246
41,Vincent,Mccullough,brian76@example.org,001-233-446-7431x382,South Ronaldmouth,WV,2025-06-16 12:55:55.005581
42,Traci,Serrano,christine22@example.com,(268)288-0895x019,Brianmouth,NJ,2025-12-28 21:11:18.340204
43,John,Johnson,craig95@example.org,+1-240-941-2852x3742,Jacksonstad,PA,2024-11-02 11:31:51.614128
44,Larry,Graves,gortega@example.org,968-463-3257x4053,Alvarezborough,ID,2025-02-07 00:25:31.890035
45,Marissa,Conrad,robinsonpamela@example.org,001-640-499-4477x5931,Port Krista,WV,2026-05-12 23:33:25.230650
46,Sara,Howard,smithkristy@example.net,(476)562-3831x10503,Courtneychester,NH,2025-04-20 05:54:14.176134
47,Amy,King,brendadiaz@example.org,5913227090,Millermouth,LA,2026-05-11 22:37:26.291666
48,Haley,Santiago,perezdylan@example.net,+1-963-568-7651x7962,East Jennifer,LA,2026-03-23 03:27:59.556544
49,Scott,Mccarty,maldonadomorgan@example.net,514.929.5148x8695,Julieshire,VI,2025-06-07 05:05:26.299235
50,Tammy,Dawson,dlogan@example.com,623.764.6687,New Aaron,PW,2025-09-21 20:28:29.795301
51,Julie,Turner,garciajeffrey@example.net,402.561.7192,South Cynthia,MN,2025-09-24 14:05:26.646147
52,William,Garcia,greenpatricia@example.org,(610)422-4518,Monicaberg,ND,2025-09-05 16:42:00.095149
53,Adam,Mayer,masonlaura@example.org,771.769.5901x89838,North Kristinamouth,MT,2024-11-19 04:54:05.844368
54,Debra,Ferrell,lauradavis@example.org,312-657-5890x259,North Ashleyview,ID,2024-08-30 10:13:04.834537
55,Blake,Stephenson,jonesjustin@example.net,768-858-6295,South Shaneland,VI,2026-07-27 14:26:05.439806
56,Darius,Farmer,susan83@example.net,+1-692-517-4486x597,Aprilstad,SC,2025-09-22 08:56:26.223306
57,Jerry,Rowland,rosegarcia@example.org,+1-978-234-5678x083,Alexandershire,KY,2024-10-21 04:26:28.942250
58,Jasmine,Durham,herrerascott@example.com,712.471.9172,Jonesberg,OK,2025-10-24 21:14:51.712748
59,Debra,Dodson,susanbailey@example.com,(629)654-5845x857,North Jamesmouth,ND,2025-11-25 07:03:43.495264
60,Andrew,Williams,nanderson@example.org,2445847722,Perryhaven,CT,2024-11-05 23:41:17.877610
61,Ann,Braun,lopezjillian@example.com,(797)433-5777,Fuentesborough,WV,2026-08-09 01:13:05.339304
62,Kirk,Rowe,achandler@example.net,395.776.7767,Mariaton,UT,2025-01-09 15:24:28.353657
63,Barbara,Williams,oneallisa@example.net,771.965.9103,North Jamesbury,AS,2026-07-11 19:25:31.193472
64,Anthony,Lee,haley75@example.org,299.273.6545x2409,Lake Johnathan,ND,2026-06-04 19:05:12.257259
65,Brian,Coleman,gutierrezmarissa@example.com,748-229-6347,Roblesport,NJ,2025-07-01 12:22:47.943563
66,Matthew,Brown,kathleen98@example.net,(725)543-4666x1655,Richardville,IA,2026-06-17 09:18:49.734331
67,Rachel,Mills,weeksdiana@example.net,(793)982-7510x6738,New Michael,OH,2025-02-08 17:23:54.822243
68,Toni,Flores,lauragreen@example.com,604.873.5443x98782,Rosalesview,NV,2025-08-18 03:42:41.800323
69,Eric,Brown,fdavidson@example.com,291-596-5566x2053,Vangshire,NV,2025-11-04 20:35:40.403284
70,Jessica,Butler,tromero@example.com,529.228.5358,West Shaun,DE,2025-04-19 16:36:27.061398
71,Jennifer,Murray,granttina@example.com,+1-557-324-9885x9887,Patricialand,TX,2025-07-24 17:37:28.145336
72,Corey,Young,summersnatalie@example.com,(214)757-8612,Andrechester,PW,2025-09-22 06:06:41.596043
73,Lindsay,Stevens,russellbrown@example.org,(310)261-5616x26320,Wilsonview,SC,2026-07-12 19:51:42.902202
74,Kenneth,Ramirez,robert03@example.net,279.488.5288x8227,Darrenside,NM,2026-02-02 03:10:22.495053
75,David,Kemp,nmoore@example.org,+1-943-717-0402x175,Lake Jessicafort,OR,2025-07-12 05:29:51.217895
76,Beverly,Duarte,kelseyruiz@example.com,001-422-855-0543x2371,Lake Jeremy,IN,2025-05-25 04:32:42.499819
77,Aaron,Gilbert,lcontreras@example.org,324.804.3821,Gregoryborough,OK,2025-10-22 01:07:23.832507
78,Jeffrey,Miller,samuelthomas@example.net,(537)732-2041x017,Lake Richard,DC,2025-07-23 11:38:01.992573
79,Melanie,Miller,georgelevine@example.net,+1-623-577-6000x33454,Parkerport,AS,2025-10-22 13:24:27.272290
80,Angela,Thomas,lreyes@example.com,576-550-4772x548,Daisyfurt,KS,2026-06-26 21:03:48.733678
81,Terry,Figueroa,ldrake@example.net,+1-736-288-5834,Port Nicholas,PA,2024-08-15 01:28:04.063915
82,Tanya,Harris,gharrington@example.org,(744)986-6325,Mariaberg,NM,2024-11-24 07:50:41.372428
83,Kyle,Garcia,hendersonmichael@example.net,(583)757-2441x58132,Poncechester,HI,2025-09-18 00:42:21.583164
84,Jessica,Jimenez,sgardner@example.com,3632443278,North Thomasborough,NC,2025-10-15 16:21:49.357884
85,Wendy,Young,seangonzalez@example.net,700.611.8783x090,North Michelebury,KS,2025-12-01 14:55:30.661209
86,Mary,Torres,mitchellkristen@example.com,5766840017,Willisbury,NC,2026-03-21 01:23:04.023517
87,Adam,Villegas,roberto66@example.org,+1-781-921-3368x171,Lake James,NE,2025-08-22 04:03:54.852069
88,Mary,Guerrero,utucker@example.com,514-672-3004,West John,NC,2026-06-09 08:27:43.259549
89,Shannon,Watts,william21@example.net,583.825.7170,North Frank,FM,2025-10-09 06:02:53.041288
90,Derek,Hayes,michaelevans@example.net,+1-961-330-2169x2916,Clarkmouth,VT,2025-12-18 15:23:33.076296
91,Lindsay,Baker,james46@example.org,479-242-9093x8671,Richardland,CO,2024-11-17 00:11:22.787485
92,George,Cox,nicholas87@example.net,580.579.3014x053,Wernerport,CA,2025-07-02 11:51:41.285156
93,Nichole,Rivas,smithjames@example.net,609.578.5550x58891,Jenniferland,MN,2025-04-12 23:43:59.182802
94,Sarah,Murphy,doylebrianna@example.org,+1-698-498-8682x11340,West Amber,PW,2026-05-18 01:55:07.791120
95,Phillip,Miller,uhughes@example.org,(743)256-8675,North Lauraport,PW,2026-03-13 11:34:27.018309
96,James,Gutierrez,kwood@example.com,467-543-7838,Lake Darrenbury,VT,2025-06-08 03:11:38.183637
97,Isaiah,Miller,joshuagay@example.org,001-367-342-7763x381,Danielton,UT,2025-03-15 17:00:24.863424
98,Patricia,Golden,daniel90@example.org,9022212620,New Elizabethport,OH,2025-04-02 04:43:29.570480
99,Abigail,Castillo,joannecohen@example.com,927-783-8704x38506,Abigailhaven,DC,2026-05-29 05:36:08.851262
100,Natasha,Valencia,nicholasbenson@example.com,5116979988,North Lisaborough,UT,2025-09-05 14:01:15.752344
101,Andrew,James,kgould@example.org,262-931-9569x0609,Jeffreyberg,MS,2025-04-26 07:00:45.147004
102,Brittney,Rivera,hsoto@example.net,+1-409-294-4100,North Monica,RI,2025-01-17 00:51:48.260377
103,Steven,Hernandez,millerkimberly@example.net,(977)883-0493,Christopherhaven,VT,2025-07-14 07:17:40.205463
104,Michelle,Robinson,joshua70@example.com,+1-257-462-7916x7441,South Samuelland,KY,2026-02-26 14:54:07.356042
105,Karen,Mckenzie,sara06@example.net,4205872658,Kevinside,UT,2026-07-19 09:49:36.503145
106,Jason,Jones,xbraun@example.net,(664)339-4590,East James,FM,2025-05-17 06:55:11.640976
107,Tyler,Brooks,jaimecraig@example.com,629-494-1716x8082,East Nicoleland,MT,2025-09-29 21:38:48.958909
108,Karen,Hernandez,dboyd@example.net,(883)388-6565x2000,Aaronfort,WV,2025-11-18 10:03:21.419671
109,John,Rosales,eric66@example.com,+1-852-368-0937x234,Port Brianna,TN,2026-07-02 05:10:12.079690
110,Kimberly,Sanders,deanna59@example.net,001-926-325-0718,East Lauren,IA,2025-08-06 15:35:37.222267
111,Jennifer,Mccoy,sydneylewis@example.com,4024077266,South Brandyfurt,OH,2025-03-01 04:09:39.811538
112,Arthur,Lopez,tamarathompson@example.org,+1-923-776-9174x1718,Caitlinton,WA,2025-03-08 07:33:48.754950
113,Jessica,Smith,alamb@example.net,743-762-6738,Lake Julie,CO,2026-01-20 18:50:00.937213
114,John,Zamora,scottharrison@example.org,854.505.9723x141,Woodwardbury,AL,2024-11-07 06:14:20.425077
115,Sierra,Roman,gordondonald@example.net,4019319828,New Sherri,IL,2025-05-27 08:35:10.534763
116,William,Gonzalez,millermartin@example.com,6976398601,Jonathanview,KY,2024-11-28 17:05:33.453202
117,Brian,Watson,allen47@example.net,294-786-8270x26269,Natalieville,FM,2025-08-13 18:39:27.156802
118,Heather,Sharp,michelle60@example.com,(655)769-5698x13335,West Peterberg,RI,2025-10-03 00:53:55.496301
119,David,Snyder,meganarias@example.net,(916)430-2527x53429,Port Angelachester,NV,2026-05-30 12:28:16.095836
120,James,Sutton,veronica09@example.org,001-289-685-1198x467,Julieborough,FL,2026-07-08 12:22:37.244765
121,Henry,Mccarthy,benjamin11@example.com,+1-367-512-7492x32393,South Evelyn,KS,2026-06-03 10:43:45.434513
122,Jerome,Moon,valerie26@example.com,001-830-999-0661,Roseview,MH,2024-10-24 04:36:01.538076
123,Rebecca,Lowery,aowens@example.net,526.848.1430,Jorgetown,LA,2025-11-01 21:15:27.375489
124,Dawn,Williams,cummingssamantha@example.com,438-414-1083x46256,Lake Edgarberg,VA,2026-06-02 15:49:19.090448
125,Lauren,Crawford,jason41@example.com,433-645-4175x5467,Brighthaven,FM,2025-09-21 20:59:46.932811
126,Justin,Bowers,nmcguire@example.net,(422)370-8068x9866,Lake Geraldside,TX,2025-02-26 06:40:32.737399
127,Kelly,Walker,amywilliams@example.org,402-720-5492,Josephview,NE,2026-04-07 00:26:51.214814
128,Janet,Berry,jamieeaton@example.net,859-875-7705x62351,East Eric,ID,2025-05-29 12:03:17.860156
129,Aaron,Conner,ldougherty@example.net,204-504-9512,Phillipsberg,IL,2025-04-24 03:01:23.339163
130,Jessica,Reid,foxjoshua@example.net,525-800-4454x06748,Cassandraland,IN,2025-02-08 00:40:24.563920
131,Jose,Underwood,perrylinda@example.net,512-220-6065x275,South Matthewshire,AS,2025-06-20 03:39:00.351064
132,Emily,Ortiz,shawbarbara@example.org,656.401.6646x75797,Michellefurt,IA,2024-10-22 00:46:01.587116
133,Douglas,Sutton,egonzalez@example.org,406.961.1742x201,Coleshire,FL,2025-08-11 15:05:42.410323
134,Adam,Schroeder,bsmith@example.net,+1-240-626-2704x8201,New Christophermouth,AS,2024-09-23 16:10:02.884566
135,Amy,Oconnell,westes@example.com,001-304-777-4583x29124,Browntown,AK,2026-08-11 07:22:31.957828
136,Jesse,Grant,xjohnson@example.net,234.449.4975x0179,Port William,PA,2025-12-11 10:21:22.931120
137,Daniel,Gibson,willieallen@example.net,001-558-897-1512,Markside,MH,2025-12-05 17:00:33.085726
138,Deborah,Webb,kaneandrew@example.com,937-274-9272x81029,Madisonport,PR,2025-01-11 14:13:25.008488
139,Jack,Rodriguez,amandamedina@example.com,352-958-3474x73076,Rogersview,IL,2026-06-13 19:23:10.688531
140,Bradley,Simpson,rhondaterrell@example.com,+1-213-318-2329,Lowerymouth,WY,2024-10-19 21:48:19.180283
141,Anna,Wallace,hallmichael@example.org,(579)901-0756x81602,North Candice,PR,2025-07-04 14:02:33.625409
142,Michele,Rodriguez,valenciarichard@example.org,001-889-708-6321,South Diana,ID,2025-04-06 15:47:09.561490
143,Teresa,Tate,jane83@example.org,676-653-7916,New Dwayne,FL,2025-10-28 18:46:46.930470
144,Charles,Watts,kevin62@example.org,649-282-3095,South Lauren,OH,2025-03-10 07:05:50.388042
145,Billy,Cunningham,marissastone@example.org,(873)286-8908,Jenniferfurt,OK,2026-05-22 21:28:20.711540
146,Anthony,Stevenson,ethangreene@example.com,+1-839-594-1884,Port Lance,UT,2026-03-02 15:27:04.530936
147,Michael,Stevens,rebecca39@example.org,(593)498-2383x7569,Lake Barbarabury,PW,2026-05-17 16:44:54.093168
148,James,Sweeney,madelineparker@example.net,746-765-0878,Holderbury,NJ,2026-03-09 04:31:27.790631
149,Lawrence,Miller,tylerskinner@example.net,+1-747-626-5013x20270,Smithberg,PR,2024-08-23 10:35:08.223723
150,Michele,Hernandez,williamgray@example.com,(876)704-3491x72421,Patrickbury,TN,2025-05-25 01:32:04.615991
151,Andre,Webb,jessica54@example.com,+1-254-728-3367x28236,Hayesland,GA,2025-12-31 08:40:39.789205
152,Misty,Hurst,michael64@example.net,587.598.3256,Fostermouth,IL,2024-08-22 11:34:09.701574
153,Lauren,Chen,llevy@example.net,(604)740-9852x8869,Aliciaberg,NY,2024-09-16 01:18:37.773697
154,Marie,Hunter,kathryn50@example.net,518.490.2934x794,Quinntown,IL,2025-03-27 18:17:32.414783
155,Rachel,Mcdowell,hbennett@example.com,899-338-6234,Anthonystad,ID,2024-12-18 10:56:01.969622
156,Emma,Harris,benjaminrogers@example.net,6226233786,Johnmouth,CO,2026-01-06 21:03:43.183975
157,Brandon,Frank,gregoryjohnson@example.net,213-298-1392x909,Port Nicolasfurt,GU,2025-04-13 17:56:50.897987
158,Andre,Hoffman,sconrad@example.net,(628)758-1279x2659,Lisafurt,NJ,2025-02-13 14:05:42.737860
159,Thomas,Mason,markdickson@example.org,(360)485-5258x4748,North Steventown,HI,2025-03-22 23:43:03.174178
160,Michael,Carpenter,rodneygomez@example.net,(681)867-4190,North Angela,GU,2025-11-17 01:57:18.387304
161,Peter,Mendoza,myersgregory@example.org,+1-635-728-9830x2422,Stephensview,CO,2024-10-11 10:56:30.205475
162,Richard,Dawson,woodchristina@example.com,+1-342-456-7257x58934,North Hector,NJ,2024-08-18 21:19:32.533389
163,Justin,Friedman,vroberson@example.org,684.559.5942,West Kylie,VA,2025-01-29 19:21:32.246868
164,Michael,Washington,mjoseph@example.com,+1-607-878-0871,Kevinland,MN,2025-09-04 22:26:46.852922
165,Holly,Moore,courtney11@example.com,558-200-7750,East Melissatown,NH,2025-07-25 09:10:32.980225
166,Jackie,Butler,alan26@example.net,326.212.5720,Port Nicolestad,OR,2025-04-07 08:15:31.700663
167,Paul,Smith,phansen@example.net,(338)243-1709,Frankchester,WI,2025-03-04 17:57:30.141445
168,Vincent,Smith,zwood@example.com,001-339-950-2569,Walkerburgh,MO,2025-08-28 23:23:15.846799
169,Paul,Vazquez,rachel46@example.com,430-592-7245,North Johnland,IL,2024-11-27 09:21:59.038399
170,John,Horne,zsanchez@example.net,369-498-0558x768,North Laurenberg,HI,2025-11-30 09:56:21.178098
171,Paul,Hall,vanessasanchez@example.org,851.593.5767,Rivasport,WA,2025-08-29 16:10:28.457267
172,Jennifer,Hill,steven57@example.net,001-754-263-5346,East Christinachester,NE,2026-05-25 06:44:57.843421
173,Jennifer,Miller,abarton@example.net,+1-299-722-2597x4924,Andrewmouth,GA,2024-09-29 02:16:59.331070
174,Melissa,Blackburn,ramoscindy@example.com,001-633-395-5856,Leechester,KS,2026-06-25 04:40:22.878898
175,Shannon,Warren,shannon10@example.com,673-267-0848x4026,New Daisy,AR,2026-02-21 19:30:25.084893
176,Christopher,Webb,moniquejackson@example.org,001-765-346-4709x017,Marktown,OK,2025-10-01 20:19:25.741977
177,Matthew,Robles,richbrandon@example.org,(605)868-6009x91879,South Timothy,PW,2026-01-23 14:49:47.481738
178,Levi,Robinson,turnerkevin@example.net,(413)286-7886,Timbury,ND,2025-11-25 13:44:46.311807
179,Grace,Mcneil,hamiltonpenny@example.org,001-414-660-5490x6599,Matthewhaven,PR,2025-07-07 19:18:21.345556
180,Carolyn,Saunders,tbush@example.net,(272)849-1189,Michaelchester,KY,2025-12-21 18:08:43.164357
181,Frances,French,alejandro06@example.net,334-629-5530x540,Matthewville,MI,2026-03-15 09:41:51.307199
182,David,Pratt,hoffmanbrian@example.com,(829)441-4236x372,West Earl,PW,2025-02-26 21:58:55.873507
183,Aaron,Payne,timothy87@example.org,+1-584-706-2815x565,Josephfort,PA,2026-02-12 22:58:05.512441
184,Samantha,Horne,toddpatrick@example.com,+1-909-394-2876x6509,New Tracy,WV,2026-06-11 05:32:04.580242
185,Jeremy,Owen,williamsdebbie@example.com,(201)620-6048x35650,Lake Elizabethshire,MN,2025-10-03 22:14:49.802923
186,Kathryn,Burns,cheryl02@example.com,(672)544-0827x16872,Lake Cynthia,PW,2026-01-28 20:15:53.143401
187,Brianna,Elliott,melissalogan@example.net,001-948-477-5730x325,North Jamesfurt,OK,2026-06-11 14:43:10.595604
188,Michael,Montgomery,steven34@example.com,5948673923,Michaelville,CA,2024-12-01 01:49:40.908796
189,Daniel,Davis,tinasteele@example.net,519.687.2892,Weststad,NM,2025-09-17 17:00:27.546766
190,Alicia,Chavez,fisherkaitlyn@example.org,868.845.4985,Amandaborough,NJ,2025-09-22 20:29:05.987191
191,Jennifer,Dodson,phillipsbrittany@example.org,8796529234,Elizabethchester,OR,2025-07-15 20:51:38.473320
192,Jill,Moore,warrenstephen@example.org,945.383.7125,Davisstad,NC,2026-05-30 05:04:20.561353
193,Ashley,Harrison,gwilliams@example.org,9326755353,East Priscillabury,LA,2025-03-22 15:27:07.222784
194,Joseph,Jones,ycook@example.com,303.715.4811,New Maryland,CO,2026-03-15 07:30:39.346560
195,Jennifer,Stokes,susananderson@example.com,001-773-421-9708x99607,West Feliciachester,MP,2026-07-09 17:19:15.532964
196,Omar,Cortez,williamskevin@example.net,001-473-302-7305x51187,West Matthew,MT,2025-09-21 08:30:10.301365
197,James,Dean,paulscott@example.com,+1-351-548-1663x2556,Paynefort,MI,2025-01-05 10:03:58.996606
198,Jacob,Jones,raymondjohnson@example.com,560.708.9759x666,Mirandaberg,PR,2025-02-02 07:56:37.791643
199,Christina,Kramer,heatherjohnson@example.net,770.576.2250x60593,Samanthaton,VA,2026-08-02 00:56:15.149056
200,Leah,Webb,phillip20@example.net,530-435-6772x6111,West Melissa,GU,2025-11-30 01:45:27.111312
201,Jerry,Rivera,yhill@example.org,001-767-461-9648x9538,Ortizland,WV,2025-08-14 13:08:22.770731
202,John,Barrett,kbrown@example.net,(311)489-1707,New Joan,TX,2026-06-23 02:34:29.470740
203,David,Rivera,jason80@example.com,788.715.1666,West Sierra,AS,2025-08-04 17:45:21.038843
204,Deanna,Quinn,cassidysims@example.org,(647)919-3221,Maryville,MT,2025-04-01 18:05:34.932053
205,Michael,Koch,georgehines@example.org,001-651-742-8813x039,Penningtonville,RI,2025-10-03 00:25:12.134622
206,Brian,Richards,karen02@example.org,+1-789-639-3122x247,East Ann,MO,2025-02-08 14:22:16.526580
207,Tyler,Jones,russellmark@example.org,(285)432-3374x483,South Autumnborough,MD,2024-08-30 11:45:52.530883
208,Randall,Boyle,gweaver@example.com,001-955-686-0099,Michaelview,AZ,2025-06-21 07:37:32.185158
209,Heidi,Gonzalez,omorrison@example.org,816-495-0847,Williamsshire,GU,2025-05-05 12:50:02.914221
210,Michael,Moore,nwashington@example.org,(942)739-6539,Stanleyland,CA,2025-08-30 00:35:58.513711
211,Pamela,Noble,nhenderson@example.com,(377)855-6595x404,Aguirremouth,ME,2026-07-06 08:57:50.334085
212,Christina,Jackson,ftate@example.com,+1-358-738-6138,Donnafort,CO,2025-05-28 21:38:44.405165
213,Billy,Anderson,albert14@example.com,662.747.7200x40867,Markbury,NM,2024-08-19 15:29:33.198775
214,Jennifer,Nelson,matthew12@example.com,001-251-793-0058,Thompsonshire,NC,2025-03-17 20:56:30.792864
215,Natasha,Neal,williamsonlindsey@example.net,9948897714,East Noah,PR,2026-01-26 12:39:45.718992
216,Justin,Rojas,zmorris@example.org,+1-638-426-5439x399,Mcphersonbury,DC,2025-11-09 14:46:19.121814
217,Jennifer,Steele,marcus56@example.com,(411)996-6161x91705,Mccartyshire,CT,2025-03-11 06:25:06.184146
218,Marco,Moss,jacobpaul@example.com,(473)731-6817x92657,Port Daniel,RI,2026-03-07 12:24:11.314395
219,Jane,Flowers,gaykristy@example.org,001-367-602-1265x066,Deborahtown,NH,2026-02-12 20:58:01.184978
220,Roger,Walsh,goldentammy@example.com,691-367-5198,Jeffreyside,DC,2025-08-16 13:07:37.869958
221,Cynthia,Craig,brenda81@example.org,+1-667-668-8489x3468,Arnoldmouth,CT,2024-10-07 11:20:10.965415
222,Shelly,Burns,brownjames@example.net,(666)279-1164,Larsonside,MP,2024-11-17 03:29:16.152411
223,Dave,Wilson,taylordelgado@example.net,3082463561,New Brandon,WY,2026-08-02 03:49:02.564069
224,Sherry,Bolton,psimmons@example.net,(738)693-6042,Port Kayla,MI,2025-02-25 18:22:49.038724
225,Tim,Obrien,ryanmiller@example.org,410-498-6980,Wellsmouth,DE,2025-03-19 03:13:12.792010
226,Natasha,Harmon,douglas42@example.net,448.970.6419,West Wendyhaven,NE,2025-06-28 07:09:22.719628
227,John,Phillips,kathleenlucas@example.net,001-520-348-5520x49319,North Anthony,ND,2025-12-26 18:06:52.329514
228,Nathan,Lindsey,tracywood@example.net,537.405.9479x0951,Williamsfort,NM,2025-11-28 11:27:24.673778
229,Eric,Rodriguez,nixonwilliam@example.net,+1-904-909-6477,Lake Emily,MH,2024-10-03 04:26:53.870422
230,Jessica,Park,michaelbrock@example.net,256-572-9830x442,West Matthewmouth,NJ,2024-12-16 04:50:53.398448
231,Jackie,Page,molly78@example.com,+1-370-949-4495x5346,Mariahport,MP,2025-05-11 01:01:39.448825
232,Jacqueline,Knox,stevensonbrent@example.com,678.537.7595x42541,Schwartzburgh,OK,2025-08-16 17:41:32.786592
233,Connie,Reed,jared56@example.com,995-298-0151x519,West Ian,VT,2026-05-04 08:12:18.489955
234,Matthew,Jenkins,jimmyrogers@example.org,(661)892-9635x996,Paulbury,MD,2026-07-16 08:41:44.679724
235,Michael,Allen,jacksonjoshua@example.org,971-441-4528x894,Lauraberg,MD,2025-03-26 22:13:11.143667
236,Katherine,Allen,joe52@example.net,(235)212-4112x0855,Patrickberg,WY,2024-08-16 18:36:23.946546
237,David,Lee,richard06@example.com,(243)284-4637x74324,Kingborough,TN,2024-10-10 03:58:42.848799
238,Shawn,Jones,haynesrandy@example.net,+1-573-872-8154x120,Penningtonland,MI,2025-05-06 07:29:58.319088
239,Heidi,Payne,bethphillips@example.com,(720)794-8075x610,South Jessica,NH,2025-01-17 19:35:08.346872
240,Daniel,White,michael99@example.net,(854)830-5712x1826,Colechester,PW,2025-05-28 16:25:51.780678
241,Lisa,Barnes,jenniferaguilar@example.com,668.567.3244x9662,North Julie,IA,2024-11-03 20:03:51.205404
242,John,Taylor,adamsjames@example.net,906.521.8967x3831,Samueltown,NM,2025-11-03 03:43:24.738485
243,Christopher,Hernandez,jeffreystanton@example.com,(732)625-6548,Markside,VT,2026-07-24 08:10:07.956641
244,Christopher,Benton,jenningsedwin@example.net,326.354.2644x1571,Padillafort,AZ,2024-10-07 01:43:11.749029
245,Debbie,Rice,dixonvictoria@example.com,457-315-8121x99777,Smithtown,NV,2026-06-21 15:42:27.410371
246,Clarence,Hall,richardstephens@example.org,(709)463-8132,South Johnberg,UT,2025-06-09 02:09:31.057972
247,Charles,Carlson,milesglenn@example.org,584.380.5798x850,Arnoldberg,AS,2026-06-07 10:51:09.032980
248,Valerie,Munoz,sarahsmith@example.net,(787)808-9811x06880,West Dan,FM,2025-11-19 20:09:34.689712
249,Haley,Jackson,zwright@example.org,633-323-9064x3021,West Courtney,WY,2025-02-06 16:17:04.182384
250,Tamara,Patrick,markmoore@example.com,971.787.8981x69739,Shannonfurt,OH,2024-09-07 17:16:18.801886
251,Brenda,Brock,moralesjared@example.org,942.260.4786x2682,South Cynthia,NC,2024-12-07 11:38:06.110250
252,Greg,Weaver,kendrapeck@example.net,(946)315-9708x088,Lake Barbaraborough,WV,2025-10-08 15:42:44.397387
253,Patricia,Jones,randylewis@example.com,991.233.7855x5196,Allisonhaven,CA,2025-01-01 23:52:30.307160
254,Jack,Brown,masonmichael@example.com,(652)364-8500,Lake Hollyland,SD,2024-09-01 21:57:09.371815
255,Thomas,Evans,abaker@example.com,(454)486-5479x443,New Cheyenne,UT,2024-12-21 15:30:51.517572
256,Elizabeth,Hernandez,grush@example.com,644-211-5891x095,West Julie,NM,2024-12-23 12:20:11.693115
257,Alexis,Blankenship,michaelyoung@example.net,674-700-7635x53638,Brittanyview,VI,2025-06-14 22:07:11.549438
258,Allison,Mckenzie,xsosa@example.org,+1-400-578-6067x23013,Greenfort,AK,2024-11-23 02:24:16.082152
259,Christopher,Wolfe,katie08@example.org,+1-633-279-1746x841,East Robert,LA,2025-02-05 13:53:22.430430
260,Natalie,Clark,robert20@example.net,709.455.9967x24114,Laurenmouth,MH,2025-05-23 07:58:39.246994
261,Kevin,Landry,sarah89@example.org,001-721-452-5182x7689,Austinmouth,CA,2026-04-02 14:17:29.016996
262,Brenda,Thompson,agraham@example.org,586-481-4363,East Michelleview,PA,2026-07-29 17:40:01.066466
263,Mathew,Mills,kellykayla@example.org,3703781733,Mariastad,KS,2026-08-11 20:43:58.991632
264,Erin,Anderson,keith08@example.com,001-730-900-8731x5498,Johnton,MD,2024-10-25 19:09:25.294183
265,Audrey,Rich,lisa35@example.com,625.644.9100,Aprilburgh,OR,2026-01-08 19:02:10.721604
266,Brian,Thomas,barajasrobert@example.org,822.771.4223,Travisfurt,SC,2024-08-17 10:25:32.871835
267,Samantha,Becker,adrianvillanueva@example.com,+1-702-373-9153x9712,Donnashire,AR,2024-09-28 07:51:42.999239
268,Rebecca,Escobar,marypierce@example.net,(912)283-5902,Floresberg,MI,2025-08-06 00:14:03.061432
269,Roger,Edwards,donnaporter@example.org,892.345.5741x420,Colonhaven,MO,2025-03-25 20:34:25.959183
270,Sarah,Schneider,christinegentry@example.net,+1-615-206-8178x0187,Joannechester,AK,2026-01-23 08:32:24.152792
271,Matthew,Smith,lmoore@example.com,(538)911-8319,West William,KS,2025-11-16 06:22:57.235193
272,Stephanie,Mcguire,kristen48@example.net,278-368-7241x78827,Smithside,WV,2025-10-24 20:04:51.045001
273,Jessica,Gardner,steven11@example.com,(346)527-1383x37568,Jamesshire,MD,2026-03-23 08:19:46.848033
274,Johnathan,Williams,williamskaren@example.net,(620)446-4987x7452,South Austin,KY,2025-05-20 19:48:51.780833
275,Erica,Mcpherson,jonathanlawrence@example.net,001-802-579-2484,Lake Debra,MA,2025-01-17 02:40:00.411299
276,Renee,Clements,jensenlisa@example.net,001-868-610-5936x539,Port Donaldview,MN,2024-12-05 00:44:13.630157
277,Daniel,Buckley,bdickerson@example.org,+1-717-233-3464x631,West Johntown,TN,2026-02-19 02:55:00.659603
278,Barbara,Harris,bakerheather@example.org,(600)438-6670x4177,Edwardsborough,DE,2025-09-28 12:13:26.392197
279,Shelly,Schneider,bonniewood@example.org,208.317.2200,Brooksshire,MT,2025-03-06 09:13:24.932754
280,Laura,Maxwell,johnstondiana@example.org,001-232-987-4185x5233,East Timothy,WY,2024-10-01 21:10:43.888518
281,Tracy,Riggs,donaldcochran@example.com,570.966.0421x8178,Ellismouth,CO,2025-06-26 17:03:30.731304
282,Michael,Jordan,bakerandrew@example.org,(329)731-8296x418,New Curtis,DC,2026-01-18 07:04:48.299953
283,Teresa,Pena,dawncruz@example.com,+1-600-877-2517x0191,Kingville,SC,2025-05-31 01:59:59.416560
284,Amanda,Gray,jenniferlyons@example.com,(975)369-1752,Benderborough,AK,2026-06-23 12:18:41.858590
285,Amy,Long,erinlarsen@example.com,685.662.5992x184,South Bethanyton,MN,2025-02-24 22:27:54.397467
286,Veronica,Cook,michelle90@example.com,001-708-846-2149x9164,Craigville,LA,2025-01-13 07:27:57.221104
287,Carrie,Hunter,reginaldhoover@example.org,001-525-987-2816x6640,Debbietown,IA,2025-01-22 05:12:26.852637
288,Megan,Torres,austingrant@example.org,001-551-209-8035x431,Lake Lukemouth,NE,2026-02-27 20:28:14.231366
289,Michael,Terry,amyalexander@example.net,420.759.0103,New Cheryl,GU,2025-05-24 09:52:22.360508
290,Andrea,Duarte,edgar14@example.net,+1-952-404-8381,Williamview,RI,2025-01-25 12:55:02.724330
291,Bradley,Ferguson,tara86@example.net,6702696963,New Sara,NC,2024-11-04 02:23:18.529280
292,James,Lewis,wesley48@example.net,275.901.0964,Kristenhaven,DC,2025-12-06 21:59:46.920875
293,Donald,Stark,chungnicole@example.org,458-455-1321,Richardsonstad,PR,2026-01-02 03:27:55.136669
294,Michael,Mason,dfitzgerald@example.org,+1-828-549-6366x0608,Reneeport,NY,2026-05-16 21:17:47.668020
295,Elizabeth,Hamilton,mcook@example.org,001-628-960-5183,Rodriguezmouth,PR,2025-08-18 01:16:32.736238
296,Andrew,Mckenzie,fuentesthomas@example.net,001-956-441-2032x433,Howellfurt,AL,2026-06-18 13:51:11.952965
297,Robin,Gonzalez,xwatkins@example.com,221-317-9023,Isaactown,WI,2026-04-30 09:05:46.028400
298,Grant,Beltran,madelineshepherd@example.net,(849)477-8728,Marquezside,PW,2025-05-29 18:47:06.431253
299,Kimberly,Phillips,zarellano@example.com,001-827-776-5682x7258,Port Krystalport,AL,2025-06-08 09:49:04.918413
300,Alexander,Wood,edwinsims@example.org,642.418.9733,Lorimouth,AS,2025-12-22 14:48:00.869301
301,Scott,Stevens,bmckenzie@example.net,001-363-800-0429,South Willie,IL,2026-05-01 01:27:47.137702
302,Joshua,Ray,cjackson@example.com,539.999.3852,Norriston,SC,2026-08-11 21:13:35.770986
303,Carla,Wilson,rscott@example.net,522-634-7222x8867,Justinmouth,NM,2026-06-22 11:53:52.338367
304,Zachary,Mclaughlin,ucompton@example.org,6812867157,Marthamouth,PA,2025-01-30 13:42:21.051209
305,Cindy,Sanchez,vincent29@example.com,+1-307-927-8150,Holmesshire,MN,2026-07-09 03:16:51.301254
306,Colton,Johnson,duncankimberly@example.net,617.581.4329x3170,West Lawrence,MP,2025-04-11 04:39:44.993610
307,Angela,Williams,juliewashington@example.net,(580)443-5563,South Allison,NC,2025-09-10 15:36:45.226343
308,Ashley,Little,curtisralph@example.net,3942132130,Petershaven,CO,2024-10-11 12:40:56.340512
309,Joseph,Foley,bateszachary@example.com,573-293-2239x334,West Michael,NJ,2026-08-01 06:15:55.358751
310,Larry,Gonzalez,jeremymartinez@example.org,8908893067,West Bradleyburgh,AR,2024-10-18 06:01:58.924155
311,Aaron,Morgan,echoi@example.org,932-331-8909x6955,Gonzalezmouth,DC,2026-08-01 19:30:03.164725
312,Kenneth,Gordon,kenneth00@example.com,661.621.1026,Lake Jeffreyfort,MP,2025-10-27 13:21:05.237594
313,Gary,Lane,stanleytiffany@example.org,(692)594-3889x6202,East Susan,WV,2025-11-26 12:20:19.707940
314,Ricky,Cooper,samantha79@example.net,448-603-8903x6313,Lawsonton,HI,2026-06-20 15:58:28.503911
315,Megan,Peters,omoore@example.org,+1-395-731-2108x41353,Smithshire,WA,2024-11-02 02:13:50.494426
316,Abigail,Tate,aschroeder@example.net,263-564-8106x4841,Port Henryview,MN,2026-07-27 07:31:44.372837
317,Melissa,Mclaughlin,cookjonathan@example.org,978-413-1402x771,West Josephland,ME,2025-09-23 04:00:55.695494
318,Teresa,James,greerpatrick@example.net,289-645-7895,Lake Toddburgh,MD,2025-09-06 22:10:10.289779
319,Jason,Hanna,carly44@example.net,7572427907,Dawnton,ID,2026-08-04 11:11:00.348097
320,Crystal,Schroeder,james24@example.net,496-810-5443x78804,Griffinhaven,HI,2025-02-12 12:10:50.246957
321,Richard,Malone,meghan61@example.com,252.363.1347,Robertland,NV,2026-07-23 06:01:16.972821
322,Manuel,Andrews,millerlouis@example.net,001-679-243-1456x050,Davidbury,MI,2025-04-30 17:10:05.997129
323,Michael,Ramirez,lauraodom@example.net,544.761.4950x131,Patriciaburgh,RI,2025-11-30 16:52:32.674843
324,John,Kelly,karl23@example.net,(410)324-4157x9903,East Benjamin,OH,2026-07-23 10:31:38.396511
325,Susan,Nguyen,john75@example.com,(995)779-1054x17006,Garciaburgh,UT,2025-02-06 07:16:34.401985
326,Peter,Roberts,gregorygriffin@example.net,618.257.2703x6348,West Laceymouth,TX,2026-08-09 03:36:01.765459
327,Stephen,Day,steven59@example.net,(876)424-7207x4223,South Elizabethside,OH,2026-03-11 02:28:16.025610
328,Timothy,Friedman,carolyn81@example.com,597.956.5514x5781,Port Toniland,KY,2025-04-19 10:22:59.941397
329,Marc,Espinoza,kurtburch@example.net,001-388-810-7433,Jeffreyville,MS,2024-11-03 06:40:01.654855
330,Kimberly,Smith,jrichardson@example.org,001-236-522-9121x4763,Larrymouth,IL,2025-08-22 04:50:10.009822
331,David,Lee,twillis@example.com,001-279-358-9264x35722,Port Ryan,AZ,2025-06-11 10:26:21.602170
332,Christy,Booth,urichardson@example.org,617-958-3538x009,Youngmouth,MP,2025-06-23 08:01:28.882734
333,Timothy,Ayala,melissaconley@example.net,001-573-816-3789x121,North Davidmouth,UT,2025-05-03 11:57:29.109042
334,Debra,Dunn,jacqueline79@example.net,+1-439-948-3462x9557,North Joshuahaven,NE,2025-04-15 00:57:40.346856
335,Brenda,Beard,bryanmartinez@example.org,001-889-652-7864x804,Sandovalmouth,TX,2026-02-16 16:51:35.164119
336,Joshua,Newman,grusso@example.org,(691)624-2088x675,West Alexandra,UT,2025-08-28 06:42:16.826508
337,John,Clark,jerrywelch@example.com,548-761-5034x11737,Ericton,UT,2025-11-19 07:30:57.923629
338,Lorraine,Snyder,webertina@example.com,(312)569-2554x97123,Bruceview,VA,2026-04-18 01:56:32.925377
339,Angel,Christian,tburke@example.com,762.990.3333,New Lisaton,NV,2024-11-23 14:54:42.524893
340,Jessica,Stark,tonysmith@example.net,(782)448-9554,West Rachaelborough,CA,2024-11-11 01:03:22.169547
341,Robin,Cook,lorihawkins@example.net,001-542-206-3709x070,Benjaminchester,GU,2025-07-07 07:34:00.469425
342,Stacy,Williams,phillipjimenez@example.org,(804)357-5004x80928,Port Gary,AZ,2025-09-05 10:01:52.344733
343,Kimberly,Johnson,tonybaker@example.com,+1-656-968-7011,East Richardhaven,IL,2025-06-23 23:29:20.986355
344,Julia,Walker,ramireztanya@example.org,404.915.5790,Port Rebecca,WV,2026-06-06 05:24:09.374359
345,Thomas,Davis,jonathan98@example.net,455.264.7943x61227,Mariahaven,KS,2025-01-31 18:12:30.208176
346,Thomas,Waller,ilane@example.net,726-963-9764x5584,Victortown,OH,2026-06-27 12:22:58.628066
347,Tracy,Bryant,chadgonzalez@example.net,8782845854,South Sean,IN,2026-05-24 00:21:43.008488
348,Michael,Smith,dhoward@example.org,2634189969,Port Angela,SC,2026-02-28 10:13:14.333282
349,April,Combs,jason32@example.com,+1-933-404-0800,West Shellyfort,CA,2025-07-31 05:54:13.755095
350,Lindsay,Hernandez,anthony86@example.com,001-642-277-3509,Port Kylemouth,MD,2025-03-05 01:24:33.525868
351,Tammy,Richardson,robinsonwilliam@example.org,993.497.0416,Julieberg,WI,2025-12-08 11:53:41.099286
352,Krystal,Spencer,daniellemontgomery@example.org,815.668.0670x9308,East Rebeccaton,MT,2025-05-13 01:16:28.478583
353,David,Edwards,cassandraluna@example.com,975-609-0580x602,New Jeffreyton,TX,2025-01-13 05:55:22.340635
354,Stacy,Randolph,jimmycalderon@example.net,393.428.5024x5589,New Lawrenceshire,PR,2025-12-05 10:55:27.765655
355,Eric,Sampson,martinezvictor@example.org,861.705.4794,Reedborough,MA,2024-08-21 09:50:33.019378
356,Patrick,Johnson,wilsonmichael@example.com,(859)517-8630,New Lindsay,TN,2025-09-03 17:09:24.816996
357,Michael,Cardenas,jessica23@example.org,3178549764,Hallbury,AL,2025-09-04 17:57:14.206163
358,Aaron,Johnson,jessica01@example.org,722-963-0755x5188,Monicastad,KY,2025-06-22 14:59:47.561224
359,Angela,Craig,aguilarmichael@example.org,(482)760-3875x71560,Lake Elizabethbury,DC,2026-06-12 03:45:35.033892
360,Kevin,Stevens,theresa95@example.net,790.460.9359,Lake Greg,FM,2025-03-21 11:47:14.136337
361,Elizabeth,Williams,vargaselizabeth@example.com,6337735847,West Brianshire,OR,2026-05-04 15:57:44.037494
362,Destiny,Mcgrath,kathrynscott@example.com,(599)427-2977x878,Riverabury,UT,2024-12-18 00:05:58.573010
363,Scott,Moran,steven50@example.org,(556)525-2172,Lake Stephanieview,WY,2025-03-07 04:34:47.748860
364,Zachary,Gray,zsutton@example.net,571.666.3953,Mitchellburgh,FM,2026-01-02 17:41:41.439814
365,Steven,Crosby,thomasmichael@example.org,850-305-4884x4034,Danielchester,SD,2025-05-03 06:50:29.614097
366,Kathleen,Moon,jeromeavila@example.org,+1-927-267-2587x04130,New Kathrynburgh,MD,2026-03-18 04:08:19.649154
367,Carol,Thomas,larry85@example.com,(691)932-8956,East Alexander,WI,2026-04-04 13:08:49.507981
368,Katherine,Harris,richjillian@example.com,306-328-7879,Lake Adrianstad,DC,2025-08-04 22:46:43.759494
369,Sharon,Ruiz,dickersonrichard@example.net,2795592678,Riddlehaven,OR,2025-09-22 17:57:29.114944
370,Mark,Cameron,matthew21@example.org,+1-556-353-8491x9163,South Jerrymouth,NE,2026-03-04 06:49:11.557769
371,Alejandro,Kemp,wesley23@example.com,602.732.4205x9133,Justinside,NV,2025-10-09 13:18:59.441293
372,Amy,Mccarthy,danielgonzalez@example.net,001-932-801-4001x6641,Dwayneberg,FM,2025-03-25 21:19:08.949761
373,Ashley,Scott,samanthamiller@example.net,880.262.4750x58990,Christinestad,NC,2025-09-22 18:12:07.534502
374,Anna,Smith,qcarlson@example.com,001-735-354-9996,Justinside,ND,2025-06-21 02:13:35.414001
375,Frank,Whitehead,hernandezrandy@example.com,6545971380,Lunaport,VT,2025-09-06 05:45:36.483223
376,Mackenzie,Lambert,aaron84@example.com,001-887-298-9757x187,South Johnmouth,VT,2026-04-21 21:28:17.922985
377,Chelsea,Moses,ejohnson@example.org,(443)877-0828x969,New Monicashire,VA,2024-10-29 08:33:44.635151
378,Austin,Martinez,jacqueline55@example.org,(436)636-5699,West Alejandra,NM,2025-03-17 10:30:09.356739
379,Miguel,Long,henrygabrielle@example.net,997.948.1255x190,Jessicabury,UT,2025-02-03 22:15:08.974111
380,Jason,Spencer,williamfisher@example.com,2094149263,Patrickburgh,MH,2025-02-10 10:31:38.850068
381,Grant,Murray,lynn17@example.com,985.543.4737,New Jeffreyton,NJ,2026-07-27 02:01:34.866554
382,Ronald,Jones,davispamela@example.com,(495)882-7664x20839,Rodgersside,LA,2024-11-10 06:00:57.963924
383,Andrew,Garcia,zfarmer@example.org,322.746.7949,South Laura,CO,2025-03-28 18:56:21.973846
384,Tiffany,Rodriguez,josephvelez@example.net,979.901.7625x40548,Jasonhaven,VI,2024-09-04 18:38:27.638143
385,Joseph,Rios,danielreyes@example.com,+1-958-686-0414x283,East Edward,ID,2025-06-30 18:12:43.342289
386,Nicole,Becker,dylan59@example.net,817-361-5007,West Anthony,IA,2025-03-12 05:09:10.160843
387,Cynthia,Vaughn,fkelly@example.com,001-859-947-8815x52583,Erintown,MT,2025-09-04 15:57:08.180051
388,Stephen,Garrett,garciajennifer@example.org,3779361668,Johnmouth,MH,2025-12-17 09:53:06.547990
389,Aaron,Thompson,tabitha97@example.com,(860)214-5244x8206,North Lori,LA,2025-07-08 20:58:29.854744
390,Ebony,Rose,bonnieroy@example.com,(331)656-3121,Port Feliciaview,PR,2025-07-31 14:58:55.618090
391,Adam,Middleton,laurahamilton@example.org,+1-728-643-8564x16259,North Rebeccaville,SC,2026-05-12 09:35:36.109150
392,Barbara,Duran,castrotammie@example.org,545-336-8082x6379,South Kyle,DC,2026-08-07 10:09:50.003012
393,Adrian,Thompson,garrisonmadeline@example.net,+1-514-212-3475x837,New John,NJ,2024-08-28 10:54:20.037837
394,Ashley,Bean,piercepatricia@example.com,942.977.5798x666,Hobbstown,MS,2026-08-10 11:33:36.329660
395,Deborah,Allen,christine51@example.net,(279)651-6932x925,North Scottburgh,OR,2024-10-11 11:33:12.822729
396,Maurice,Nguyen,felicia04@example.com,(658)435-9377,Lake Stephen,NH,2025-03-23 04:46:39.312335
397,Kelly,Graves,davidburton@example.com,8578952946,Port Dawn,IL,2024-11-11 05:33:11.514367
398,John,Schultz,james61@example.com,(949)929-6146x441,Brookeside,CO,2025-12-15 18:05:28.002979
399,Kevin,Baldwin,kathrynthomas@example.net,548-980-7063x85258,New Rogerton,AK,2025-01-12 05:51:06.812609
400,Michael,Andrews,jose39@example.org,209.662.2955x392,West Lauren,MA,2024-12-27 07:31:43.496105
401,Julie,Nixon,iroberts@example.com,278.927.2140x367,Heathton,MD,2026-03-19 10:51:36.598939
402,Tricia,Johnson,hendersonsean@example.net,+1-912-622-4764x919,West Matthewside,DC,2026-03-04 06:02:36.033767
403,Taylor,Webster,amanda50@example.net,(330)992-5182x55266,New Jenniferfurt,AK,2026-06-26 18:15:04.737665
404,Pamela,Sanchez,joe09@example.org,628.511.9688x34899,South Ashley,AR,2026-06-14 16:41:28.853086
405,Jorge,Stone,jessicaedwards@example.org,+1-253-618-0027x2617,Thomasview,RI,2025-08-19 15:16:43.804255
406,Mary,Martinez,marcusbautista@example.com,001-793-895-2940x795,Derekburgh,PW,2025-10-16 17:01:57.002773
407,Erica,Evans,obennett@example.org,+1-634-849-2442x957,Parkerhaven,SD,2024-11-09 11:40:23.654535
408,Shannon,Lee,vasquezjose@example.net,+1-666-855-0609,Lake Stephen,PA,2025-01-01 23:31:47.669299
409,Lisa,Burke,michaellane@example.com,4016146544,New Eric,RI,2025-12-05 22:10:33.976155
410,Sharon,Chandler,lbrandt@example.net,287.630.3188x138,Ruiztown,SC,2025-08-20 19:47:46.883256
411,Michael,Evans,karlsimmons@example.net,730-375-9577x4200,West Jenniferborough,VA,2024-09-24 09:10:32.788210
412,Paula,Turner,millernicholas@example.com,300-846-2251x189,Summersfurt,FL,2025-11-05 10:36:03.859402
413,Jennifer,Espinoza,calvinlewis@example.com,702-989-3765,South Karen,MO,2026-01-25 22:25:26.461328
414,Margaret,Jones,zmiranda@example.net,(837)893-8997,New James,SC,2025-07-21 21:02:41.776233
415,Patrick,Kelly,thomasgina@example.org,7716251168,West Kathleen,FL,2025-08-31 01:29:50.140674
416,Wanda,Alexander,johnsondavid@example.net,551.572.7282,New Mark,NE,2025-02-16 23:42:45.432620
417,Sara,Duncan,barbaraford@example.com,+1-723-656-8207x1566,West Samantha,ME,2026-07-26 04:06:03.885605
418,Catherine,Kirk,ashleyoliver@example.net,+1-360-797-2364x413,Lake Brian,GA,2025-01-24 07:51:16.177691
419,Carolyn,Brown,chavezkatherine@example.com,525-664-2908x004,Lake Christophershire,KS,2026-05-20 16:06:22.791178
420,Emily,Adkins,qcameron@example.com,423.268.5400x0594,Port Sherryshire,ME,2024-10-03 22:07:35.253490
421,Stephanie,Strong,james16@example.net,757-339-7083x980,South Tammy,MN,2026-03-16 08:41:31.197792
422,Steven,Ellis,sarahwheeler@example.org,001-989-932-6326x54244,North Matthew,VA,2024-10-15 18:41:42.741254
423,Eric,Rodriguez,cannonmarilyn@example.com,247-605-3028x70534,Marvinstad,VT,2025-09-27 10:40:28.312259
424,Jose,Hernandez,gfox@example.org,784.726.4943x31698,North Nicole,AR,2026-04-29 19:45:38.073079
425,Amy,Delgado,scott89@example.net,840.864.9655,Rachelberg,IN,2025-10-19 04:27:19.383853
426,Joseph,Rivera,daniellejohnson@example.com,905.640.5222x19908,Danielmouth,IL,2025-04-02 19:27:24.968914
427,Tyler,Krause,carlsontracey@example.com,(622)308-4913x32950,West Christianbury,MS,2025-02-18 03:07:00.364770
428,Patrick,Spencer,brooke51@example.com,+1-672-835-5325,Millerview,WY,2026-01-08 05:13:26.015293
429,Lauren,Clark,shannonjones@example.org,7604693063,Shannonview,PW,2026-02-08 04:14:11.223917
430,Victoria,Randolph,michaelbennett@example.net,+1-924-290-8750x9434,Port Lisa,MD,2024-08-20 23:49:16.635091
431,David,Williams,rodriguezsandra@example.org,7523686725,East Donaldborough,KY,2026-01-16 20:14:17.510546
432,Amber,Mccormick,joshua32@example.com,+1-972-201-5102x38358,Fosterport,UT,2025-07-07 00:48:00.194409
433,Martin,Cooper,wendygordon@example.com,721.353.4312x849,Andersonhaven,OK,2025-12-21 02:19:31.309625
434,Ryan,Lopez,vanessa02@example.com,001-427-349-0460,Fosterbury,NC,2026-04-10 19:40:26.599245
435,Heather,Hawkins,mhunt@example.com,447-280-2775,New Williamborough,MD,2026-07-15 21:06:17.548624
436,Jennifer,Kelley,taylordenise@example.org,957-836-5381x8622,Port John,GA,2025-02-12 14:23:36.274989
437,Ashley,Lewis,lawrencejohn@example.net,(594)371-5348x5698,Amandaview,AR,2026-03-19 19:45:04.285101
438,Jose,Hill,tylerjohnson@example.org,(725)717-0592,West Davidfurt,KS,2025-07-15 21:11:01.417095
439,Zachary,Stark,jonathan30@example.org,(901)408-6025x0587,West Suzanne,UT,2026-02-24 19:48:41.045136
440,Austin,Frank,margaretnielsen@example.com,568.356.9017x89248,East Melissa,LA,2025-12-08 19:07:15.564138
441,Anna,Sanchez,curtisjessica@example.net,923-365-8878x23277,Carolynview,CO,2024-09-19 03:56:11.673572
442,Sydney,Lane,markboyd@example.net,(531)632-6694,Arnoldland,PR,2025-07-10 05:25:33.929346
443,Jeanne,Montes,vfrazier@example.com,458-205-1693,Lake Daniel,MT,2024-09-08 17:41:06.912640
444,Rebecca,Potts,curtisgonzales@example.org,(850)248-0836x65774,New Jimmy,VT,2025-04-27 22:08:48.632107
445,Stephanie,Evans,jessica86@example.org,450-580-3902x32095,Lonnieborough,AL,2024-10-11 20:22:56.654358
446,Christina,Thompson,kschwartz@example.net,(530)242-0508x15334,Grossland,IN,2024-08-18 17:14:52.735007
447,Donald,Wilson,cynthiaharris@example.com,+1-794-412-8538,Lake Timothy,WA,2025-10-09 02:07:30.271647
448,Justin,Anderson,melanieburton@example.net,001-235-246-3282x214,Kaitlynland,NV,2026-06-05 16:01:32.878216
449,George,Ali,spayne@example.com,+1-285-701-4992x961,Cookport,AK,2026-04-02 01:59:55.957555
450,Thomas,Bell,justinriggs@example.net,498-945-7186x82531,New Larry,SC,2025-07-01 16:54:08.610010
451,Sarah,Meza,carolynbaker@example.net,810-269-5305,East Brian,AR,2025-01-01 12:45:02.160262
452,Kevin,Cole,margaretlivingston@example.net,001-702-248-6888x399,Port Isabellahaven,FM,2025-09-26 03:23:37.392622
453,Rachel,Thompson,qpatton@example.org,811-713-2888x531,New Kellytown,CO,2026-04-29 05:06:55.941730
454,Jessica,Moore,christopherroberts@example.org,(236)735-7134x65931,North Emilyland,NJ,2025-06-24 03:08:09.105858
455,Randy,Franklin,keithjefferson@example.com,620.900.7004x44650,North Michael,RI,2024-08-24 14:35:36.456833
456,Cheryl,Foster,philip29@example.org,233.438.5265x225,Port Evan,HI,2024-10-12 17:03:01.191203
457,David,Leon,collinsjulia@example.net,+1-655-316-4425x77620,West Samuel,GU,2026-01-05 17:38:19.309480
458,Kelsey,Simmons,zguzman@example.com,+1-896-326-4097,Jenniferland,MA,2025-10-19 02:42:10.632982
459,David,Gray,dbarker@example.org,(729)518-8612,East Natalieshire,VT,2025-09-30 00:07:37.512038
460,Sara,Arroyo,thomas34@example.net,+1-876-789-6890,Amandashire,CA,2025-07-23 10:30:52.666499
461,David,Williams,smithlinda@example.org,757.641.7673x78034,Millershire,SC,2026-03-15 15:17:09.899452
462,Elizabeth,Price,candicedowns@example.com,(229)499-1994,West Ryanmouth,AZ,2025-11-03 00:20:08.412827
463,Amy,Harris,ecooper@example.net,7953851921,Carrton,PW,2024-11-09 05:55:45.617603
464,Molly,Black,qhickman@example.org,875-994-5982,Port Sean,TX,2025-08-07 06:43:41.266049
465,Steven,Graham,vwalters@example.org,677-920-6246x313,Jenniferton,AR,2025-09-20 17:08:48.730286
466,Robin,Phillips,moorelisa@example.com,(253)241-1390x82695,North Scottbury,MO,2024-12-15 11:41:13.201833
467,Marc,Estrada,brownkeith@example.net,+1-398-770-9288,Davidshire,VA,2025-09-25 03:38:52.854864
468,Robert,Hernandez,george66@example.net,699-606-6098x675,Lake Katelyn,MI,2025-01-29 04:28:43.397850
469,Emily,Burch,george38@example.org,8522281775,South Kathrynmouth,AK,2025-07-20 11:07:03.317651
470,Diane,Young,diazmichele@example.net,817.791.0144x27606,New Jenniferport,AR,2025-09-12 07:53:36.805236
471,Sarah,Thomas,jayhaynes@example.org,642.539.9995,New Jeremymouth,ID,2026-05-22 07:54:02.560143
472,Mark,Walker,ryanking@example.net,+1-899-568-4356x490,Lake Douglas,SD,2026-02-07 07:46:40.236271
473,Sarah,Campos,andrew09@example.net,(835)751-6570,Danielchester,MT,2026-05-09 03:26:14.436775
474,Anna,Reid,charles91@example.net,4132299551,New Linda,AL,2025-08-12 17:05:31.127324
475,Christopher,Lee,jessica38@example.com,(833)565-1799,New Jenniferhaven,NE,2024-11-12 18:34:40.930921
476,Ronald,Hamilton,donnaluna@example.org,805.638.6544,New Julia,PW,2025-01-24 12:24:31.494192
477,Ellen,Roach,dayala@example.org,628.833.0696x911,South Andrewbury,NV,2026-07-21 05:23:02.907286
478,Lisa,Salinas,awalker@example.net,330.959.0438x1812,Williamston,MO,2025-04-03 16:38:01.463091
479,Karen,Goodwin,richardthornton@example.com,517-676-7849x1020,Grossberg,MA,2025-12-12 04:16:45.190069
480,Briana,Jacobs,misty70@example.org,+1-666-536-1009x1513,Port Ashleybury,WV,2025-01-13 17:14:52.376273
481,Jessica,Cruz,sonya50@example.net,5878375134,Davidberg,VT,2026-07-27 08:57:04.996236
482,Katherine,Wilson,vtaylor@example.net,595-799-5070x87977,New Johnmouth,SC,2025-07-12 16:33:33.682269
483,Christopher,Leach,heidi69@example.net,+1-435-621-4162x704,Leebury,TX,2026-07-10 14:16:55.856514
484,Pam,Flowers,jmiller@example.org,+1-212-491-6082x988,Port Christina,OH,2026-01-19 05:28:03.450436
485,Deborah,Thompson,tmann@example.net,2635079096,North Georgebury,FM,2024-09-17 19:53:52.158674
486,Virginia,Russell,david53@example.org,001-765-560-8899,New Natashatown,NE,2026-03-23 07:50:41.505203
487,Adam,Galvan,whitneymorris@example.org,+1-575-642-0698x0170,Smithfort,ME,2026-07-19 18:12:32.835196
488,Gavin,Bond,kimberly30@example.org,524.402.7974,Sarahmouth,WA,2025-09-03 06:55:29.939376
489,Randy,Patel,jenniferrasmussen@example.net,916.473.2146,Reynoldsport,NE,2025-01-16 08:21:04.318668
490,Alicia,Jackson,caleb08@example.com,+1-683-728-0868x54042,North Brucetown,TX,2024-10-20 11:19:37.634113
491,Bonnie,Yang,squinn@example.org,(716)956-1999x6619,Port Lauren,MO,2024-09-09 13:38:06.638913
492,Dawn,Ferguson,kristinjohnson@example.com,784.959.7989x2849,Mullinsside,TX,2024-10-02 12:36:30.054561
493,Jennifer,Garcia,owenssusan@example.com,950-462-4821,East Catherine,PA,2025-11-04 06:38:11.464588
494,Tracy,Torres,davisbradley@example.com,+1-302-617-7121x79301,New Rachelville,DC,2024-09-01 05:24:32.140725
495,Christopher,Ellis,erindrake@example.net,9206878486,Padillafurt,DE,2024-08-21 01:20:40.337323
496,Barry,Scott,opena@example.net,667.640.9409x52360,New Andrea,PA,2025-12-02 10:42:42.589008
497,James,Scott,mollywilliamson@example.com,001-720-270-1851x6076,East Douglas,IN,2025-11-28 23:33:20.541868
498,William,King,cking@example.net,001-800-217-7732x853,Lake Daniel,AL,2025-09-09 07:07:00.982343
499,Robert,Mitchell,vburgess@example.com,366-716-9462x049,South Marcburgh,VI,2026-03-18 15:17:00.259568
500,Sarah,Gomez,debra71@example.org,+1-710-446-0374,West Alan,MD,2025-05-04 14:09:25.003074
501,Ronald,Johnson,maria83@example.net,001-583-469-9980x492,Murrayview,NH,2025-08-03 15:44:36.115476
502,Wesley,Shaffer,rblack@example.com,972.837.0119x9893,Lake Margarettown,NC,2025-10-01 00:12:58.105333
503,Emily,Cabrera,christine83@example.net,001-855-490-4290x417,South Robertmouth,CT,2025-03-08 07:28:15.453927
504,Logan,Clark,lisahorn@example.com,+1-887-878-3606x8467,Katherinechester,HI,2025-07-10 16:09:34.390929
505,Tanya,Cruz,qmorgan@example.com,634.679.1215x17312,Garnerchester,NH,2025-03-26 21:18:36.573671
506,Thomas,Snyder,matthew78@example.org,667-235-9558x2692,Codyshire,MT,2024-12-13 21:12:30.946403
507,Jesse,Carrillo,leemadison@example.com,(696)682-1149x8366,West Jeffrey,NM,2025-01-31 06:23:03.868417
508,John,Meyer,aweaver@example.com,6232589374,Kimberlyside,MS,2025-08-09 05:42:56.373905
509,Leon,Davis,castillosamantha@example.net,475.853.7190x8012,South Lindaberg,SD,2025-02-08 05:10:06.449483
510,Caroline,Alexander,jason91@example.net,935.404.4632,Walkerstad,MN,2025-07-24 21:59:10.169494
511,Linda,Thomas,jbranch@example.org,(957)371-1735x139,Grayton,NE,2026-02-10 11:34:56.122323
512,Jocelyn,Andrews,hancockheather@example.net,(648)624-7635,Hallfort,GA,2025-11-30 07:32:54.889395
513,Michael,Owen,kevinjohnson@example.com,+1-262-519-0245,Joyceland,AS,2026-06-12 00:18:38.003124
514,Eric,Hall,jenniferdominguez@example.org,955-968-0311,Ronaldland,UT,2025-03-18 08:02:00.024810
515,Emily,Barnes,njones@example.org,475.534.8827x322,Lake Kathleen,DC,2025-05-28 23:32:24.046606
516,Joseph,Baker,jerome78@example.com,690-423-8240x688,Olsonchester,WI,2026-03-29 05:35:22.404640
517,Nicholas,Beasley,xsimmons@example.net,4129630094,Madisonborough,WA,2025-06-13 03:58:21.144998
518,Patrick,Lopez,tracy61@example.org,001-300-690-8282x0433,North Todd,MH,2025-04-10 07:07:17.377000
519,Aaron,Ramirez,kerrrachel@example.com,477.493.6020,Ferrellland,GU,2025-08-11 08:15:52.246082
520,Mary,Martin,lharrington@example.org,001-779-532-5489x88783,Porterfurt,NY,2025-12-15 18:06:47.243279
521,Tracey,Kelly,joygutierrez@example.net,246-612-0175,Davisfurt,IA,2025-11-05 04:46:02.648704
522,Sarah,Moody,cjohnson@example.net,+1-599-755-1574,Justinmouth,PR,2025-09-26 15:43:00.023673
523,Heidi,Adams,marshallwilliam@example.com,+1-218-850-4774,Abbottborough,CO,2024-12-23 23:46:21.154513
524,Aaron,Campos,fcallahan@example.com,+1-562-275-2226x58700,West Lorraine,AK,2024-08-31 15:43:44.760264
525,Chase,Wheeler,adamsrachel@example.com,+1-653-912-7838x1587,New Rhonda,UT,2026-03-23 17:00:55.111301
526,Melissa,Johnson,elizabeththompson@example.net,001-897-707-3564,North William,KS,2025-07-06 16:30:05.066462
527,Robert,Saunders,michelerobinson@example.net,(424)514-6417x8152,Roseport,OK,2024-10-12 06:24:34.503854
528,Katherine,Phillips,owood@example.org,943.255.5586x048,Wrightstad,GA,2025-08-06 09:35:36.360911
529,Jonathan,Downs,nroach@example.com,001-884-798-5931x417,Smithfurt,PW,2024-09-14 12:48:26.713255
530,Jessica,Bailey,hoodsamuel@example.org,001-636-645-9960x350,Jonesberg,NH,2026-01-01 20:59:58.174783
531,Jennifer,Brown,natalie12@example.org,001-832-605-0802x911,Port Maria,TN,2025-01-08 09:33:48.710306
532,Christopher,Cooper,patricia27@example.net,301-896-4660x029,East Toni,MS,2025-10-28 17:00:25.215830
533,Taylor,Hall,freemankenneth@example.org,667.889.5597x13222,West Matthew,MI,2025-02-23 21:55:15.376398
534,John,Smith,bishopnicholas@example.com,001-698-787-8910x6572,New Joseph,MD,2025-12-15 15:41:56.282280
535,David,Hatfield,meyersjoshua@example.com,+1-984-523-5685x36039,Lake Kelseyton,NE,2025-07-25 04:10:45.847647
536,Tina,Martin,michaelramsey@example.org,398-726-4013,West Patriciashire,NV,2026-01-12 20:54:10.541543
537,Mary,Jefferson,millermichelle@example.com,001-856-868-9101,South Kimberlyfurt,AS,2024-08-21 18:18:38.628533
538,Ryan,Willis,alexandra13@example.com,401.459.2928x70418,South Laurie,KY,2026-04-03 08:22:50.385288
539,Gabriella,Crawford,xanderson@example.com,+1-281-906-4118x003,Debratown,MI,2026-03-04 01:26:37.944970
540,Jamie,Thompson,isaiah41@example.net,321-635-3156,West Kenneth,CA,2026-03-25 15:54:00.273519
541,Carrie,Allen,poolesteven@example.net,294.762.2498x27055,Lake John,LA,2026-01-06 07:28:39.321230
542,James,Clements,iwilson@example.com,001-622-261-4147,Williamsburgh,WY,2025-05-05 12:46:53.097216
543,Catherine,Smith,christopherdavis@example.org,6557147522,Josephborough,MH,2026-04-06 22:30:30.619240
544,Olivia,Johnson,daniel64@example.net,660.644.7533,Michaelville,PW,2024-10-24 06:46:12.367084
545,Daniel,Ward,choisylvia@example.net,865.500.4296,Erinchester,NY,2026-06-10 11:46:01.955580
546,Brittney,Wilson,lindacoffey@example.net,455.409.9518,West Julieside,NC,2025-09-07 17:58:17.181546
547,Mark,Butler,davisemily@example.net,001-843-963-5340,Justinstad,TN,2025-04-02 23:08:27.528930
548,Mikayla,Hogan,nicholstimothy@example.org,+1-504-482-0238x183,Karenmouth,NY,2025-10-11 21:24:33.508420
549,Robert,Calderon,bryantamy@example.com,9225012358,Port Tammystad,FL,2025-01-07 22:53:15.838933
550,Christopher,Ramirez,travis23@example.net,575-398-9995,East Jennifer,NJ,2026-03-11 04:39:10.960606
551,Robert,Jones,weekssarah@example.net,296.528.2861,Stevensonchester,IA,2025-02-14 03:19:15.341422
552,Kathleen,Allen,jennifer00@example.com,001-240-958-2788x344,Joshuaside,LA,2025-05-04 08:47:43.261162
553,Shelly,Lee,nwebster@example.net,001-412-394-1536,New Ronald,MO,2026-01-31 03:27:48.480172
554,Arthur,Harrison,montgomerymark@example.net,750-494-9042x8200,Port Jefferybury,GA,2025-04-29 00:22:57.254163
555,Matthew,Colon,clinesherri@example.org,4125966164,Port Thomasview,ID,2026-03-20 15:53:54.314188
556,Stacy,Robles,vsullivan@example.net,001-335-819-1002x25828,New Charlotteport,CA,2024-11-27 15:01:59.798662
557,Michael,Taylor,christopher54@example.org,827.653.2371x7231,Dennisland,ID,2025-07-08 05:00:54.115346
558,Lisa,Gillespie,hholmes@example.net,956.298.9220,Williamsburgh,ND,2024-08-22 04:22:06.377944
559,Melissa,Mcbride,jorr@example.org,001-233-283-2835x718,North Cynthiabury,IN,2025-07-29 05:05:39.060183
560,Nicholas,Tucker,pjones@example.com,233.565.3453x042,Kimberlyside,AR,2025-08-25 08:56:19.894716
561,Nicholas,Olsen,bergjavier@example.org,752.492.0706x10917,Micheletown,IL,2026-07-29 22:51:57.604747
562,Briana,Collins,campbelldebbie@example.net,237-657-1894,Sarashire,NV,2025-03-05 17:11:06.867545
563,Jeffrey,Ray,johnsonbrad@example.com,5358725590,Kathrynfurt,HI,2025-11-25 10:25:42.633084
564,Robert,Williams,torreszachary@example.org,636.688.2049x80931,Millermouth,CA,2024-08-19 23:25:03.318634
565,Kevin,Boyd,brittany18@example.com,(709)915-7248x1498,West Angela,ID,2025-12-04 01:42:25.808788
566,Doris,Fisher,ramirezconnie@example.net,883-491-6802,East Danny,CA,2025-06-04 01:38:47.265049
567,Michelle,Mejia,iperkins@example.net,+1-932-983-0890x2696,West Benjaminfurt,MD,2026-08-12 19:05:01.677948
568,Jeremy,Newman,patriciaosborne@example.org,001-257-225-2764,North Michael,WV,2024-12-07 19:58:51.641471
569,Heidi,King,gonzalezrobert@example.org,703.542.3688,Smithchester,OK,2025-05-04 14:14:49.606991
570,Barbara,Holt,smontgomery@example.org,(950)216-0437x4730,North Lindatown,PA,2024-12-08 09:03:36.307243
571,Nicole,Cooper,sylvia27@example.net,8882997047,West Samantha,LA,2026-03-09 09:10:01.678658
572,John,Morrison,fwilliams@example.com,001-587-629-8869x581,West Thomas,ND,2026-03-23 10:04:15.232593
573,Tiffany,Baldwin,jennifer65@example.com,480.207.3668,Meganland,WA,2025-09-17 01:08:15.339541
574,Stephanie,Tapia,rebecca78@example.com,(717)652-5253,West Luistown,VA,2025-04-24 05:53:29.180699
575,Haley,Hall,gharris@example.net,589.876.7215x991,Port Chelseatown,OR,2025-09-22 19:23:30.906721
576,Brandon,Harrison,oscar03@example.net,+1-957-618-7796,Michaeltown,MS,2026-01-28 01:37:47.423734
577,Danielle,Martinez,russell26@example.net,(611)949-3603x7292,New Melindachester,SD,2024-11-14 15:11:21.241969
578,Jonathan,Robinson,deckerapril@example.com,7958534822,Webstermouth,GU,2025-08-18 05:14:25.777342
579,Tamara,Rollins,zacharymccarthy@example.org,793.311.1306x388,Andersonburgh,MA,2025-05-10 12:16:14.551790
580,Joshua,Goodwin,adamsuarez@example.com,528.366.9267x79047,North Melindahaven,AK,2026-05-21 11:21:51.649059
581,Derrick,Stephens,yvonnesmith@example.org,721.716.9264x41513,Powellview,NJ,2025-08-06 04:49:04.705767
582,Christopher,Boyd,sean69@example.com,659-315-0418,South Victoriaborough,GU,2025-05-30 13:22:08.359487
583,Justin,Roberts,thomas48@example.org,265.861.5391,Shannonton,MN,2026-05-11 15:37:45.191873
584,Jennifer,Rodriguez,nicholas69@example.com,001-831-878-6186x21474,Lake Hectorfort,MA,2025-02-02 02:11:25.213114
585,Samantha,Keller,laurajohnson@example.org,+1-466-892-8439x43536,West Nathanielville,MH,2024-10-10 20:23:51.013624
586,Sara,Fuller,williamscarla@example.org,552-667-2642x31196,Nguyenshire,ME,2025-01-02 11:50:24.925193
587,Bryan,Thomas,samanthaliu@example.org,332.579.8221x74564,Port Kathyview,PA,2024-11-28 16:53:10.322345
588,Laura,Graham,alan16@example.org,544.206.7774x764,South Timothyshire,OK,2025-06-18 08:12:22.461763
589,Christopher,Baker,williemartin@example.org,+1-912-426-9794x590,Blairmouth,GU,2025-02-05 20:03:27.093976
590,Michael,Perez,jeremy88@example.org,(808)294-0373x6991,West Nicholasport,AR,2026-08-04 11:45:02.856857
591,Steven,White,olsonjeremy@example.com,001-874-705-4650x59041,North Jacobside,RI,2024-10-01 11:14:59.597944
592,Matthew,Stephens,davischarles@example.com,405.444.3188x94994,Port Laurenhaven,UT,2024-10-23 02:34:41.929336
593,Nancy,Moore,paul52@example.net,752-910-5723,Jasonfort,SD,2025-06-09 08:25:49.271997
594,April,Webb,rodneyhuynh@example.net,940-302-1911x58465,Port Laura,NC,2025-10-16 02:37:56.271394
595,Meghan,Foster,matthewfreeman@example.com,+1-923-589-9879x9004,East Jessica,MN,2024-11-01 16:56:17.886653
596,Brian,Simon,bushrobert@example.com,8577644534,Mitchellport,WV,2025-04-16 19:23:51.359941
597,Craig,Roman,cohenclifford@example.net,867.402.8081x41639,Ambermouth,IN,2026-06-16 01:05:35.388178
598,Robert,Fields,wernermegan@example.com,(515)420-9196x302,Fergusonmouth,NH,2025-04-21 17:05:17.130128
599,Tanya,Bell,raymond30@example.net,483.742.5575x30836,East Thomasmouth,AK,2026-04-21 05:22:59.832154
600,Laura,Brown,nolancynthia@example.com,669.742.3998,New Tiffany,NH,2025-04-23 11:01:52.820152
601,Joshua,Valdez,edillon@example.net,528.912.3624,South Rebeccamouth,NY,2024-08-21 09:36:28.454867
602,Annette,Campbell,hernandezrobert@example.org,+1-873-994-7851x15497,East Jessica,DC,2024-11-09 05:07:25.609810
603,Austin,Jarvis,cheryljohnson@example.net,837.773.9334x971,Xavierberg,LA,2025-05-01 04:10:55.362765
604,Sandra,Armstrong,jaredbowers@example.net,955.464.7583,Jacobville,ND,2025-11-10 16:02:58.675629
605,Patricia,Gonzalez,natalie04@example.net,(307)653-7837x3248,South Timothy,CO,2024-08-24 21:03:04.737291
606,Robert,Campbell,shouston@example.org,541-917-3668x6954,Taylorview,GU,2024-12-30 11:20:06.602164
607,Olivia,Bradshaw,jacob08@example.org,682.397.7975x6323,North Isabellaside,AS,2025-12-19 22:29:18.329950
608,Kristi,Ramirez,tammy80@example.com,7983665781,Port Susanfort,UT,2025-01-13 15:54:48.243793
609,Monica,Sosa,breanna20@example.org,939.712.9619,Port Michelle,VI,2025-11-13 12:58:35.895826
610,Christopher,Roberts,meghan15@example.net,851-908-7860x8580,Barkermouth,PR,2026-08-08 09:43:23.438581
611,Jeffrey,Hicks,huntdarrell@example.net,249-636-9538,New Nathantown,NE,2025-07-18 05:50:27.579260
612,Diana,White,daniel94@example.org,961-509-3962x931,Smithmouth,NE,2024-12-24 15:50:10.796139
613,Pam,Romero,sherimartinez@example.org,902-543-4506,Hollandtown,VT,2026-04-06 09:36:16.992815
614,Barbara,Mathews,tyler80@example.org,598.728.8881,West Timothymouth,KS,2025-09-20 22:12:38.359161
615,Kristen,Mcclure,sullivanbrenda@example.org,964.949.6095x8257,Collinstown,DC,2025-02-07 11:43:52.245200
616,Peggy,Lambert,jamesmccoy@example.net,3955082046,Port Tomburgh,FL,2025-03-12 11:15:26.432890
617,Tricia,Peterson,kayla26@example.net,558-274-6762x361,South Maria,MH,2026-02-21 05:37:46.770656
618,Grant,Campbell,juliadunlap@example.net,(898)503-9030x54155,Lake Crystalshire,IN,2025-12-04 13:59:14.626866
619,Erin,Hernandez,ghamilton@example.org,996.677.7158,Stevenbury,WY,2025-10-05 18:50:35.008447
620,Gina,Vega,joshua86@example.net,001-548-466-5675x4439,New Debra,WY,2025-12-19 17:50:50.909596
621,Carolyn,Howell,kkent@example.com,+1-842-959-9635,Wheelerburgh,OH,2025-09-14 08:39:03.658173
622,Ryan,Fleming,kaylatate@example.net,954.624.5090,Nicoleborough,TN,2026-03-27 22:16:31.912686
623,Melanie,Perez,martindonald@example.org,001-359-608-5581x594,Armstrongland,TX,2024-10-11 21:17:08.460389
624,Amanda,Jenkins,dennis51@example.com,9656147662,Jamieside,FM,2025-04-03 13:35:22.452048
625,Christine,Moreno,brianjackson@example.net,833-637-5975x266,South Sandra,AK,2025-04-23 11:31:13.788370
626,Jason,Baker,peggyaguilar@example.net,617.362.3232x10465,Port Olivia,VA,2025-08-22 00:18:14.623360
627,Ann,Edwards,luismoon@example.org,(522)267-3232x86726,Bauerchester,MT,2025-03-05 04:49:26.695835
628,Danielle,Harper,mullinsjason@example.org,+1-918-987-1902x423,Jayland,GU,2025-10-17 16:02:39.610025
629,David,Warner,jeffersonjerome@example.org,(278)822-1542x62368,South Jessicafort,PW,2025-11-12 11:51:31.286173
630,Brian,Gonzales,josepholiver@example.net,736.228.5736x050,Wendyhaven,DC,2024-09-02 05:41:55.847842
631,Steven,Rosario,langemily@example.com,(832)533-0397x72342,New Kelseyshire,DE,2026-08-09 02:34:40.762384
632,Christina,Reyes,marylawson@example.net,(316)419-5012,Lake Destiny,NH,2025-12-09 22:44:06.076367
633,Susan,Perry,moyerjohn@example.org,745-676-9842x149,Tamaratown,FM,2025-07-12 04:23:22.891450
634,Megan,Robinson,perezsarah@example.org,+1-922-318-4017,East Cheryl,MH,2026-05-29 12:09:34.846016
635,Angela,Guzman,ereeves@example.net,001-611-405-2961x592,Monicaport,DE,2025-10-03 00:11:55.355797
636,Ryan,Alvarado,ttaylor@example.org,(907)231-9447x55815,Kyleshire,FM,2025-08-29 20:18:12.875452
637,Janice,Johnson,terrancemcfarland@example.org,(937)483-1054x521,South Michael,GU,2026-03-29 06:46:37.810579
638,Robert,Cox,blanchardtimothy@example.net,(994)456-9034x8613,Gilbertland,IL,2026-06-18 00:15:25.977704
639,John,Martin,jillpeterson@example.com,537.907.4945x880,Saramouth,PR,2025-01-03 09:16:03.601933
640,Cynthia,Keller,nicholsdonald@example.net,265.549.5469x277,Port Paulchester,NV,2026-05-16 01:57:46.205276
641,Natalie,Castillo,samanthaperez@example.com,001-299-999-6317x55960,Katherineborough,NY,2025-08-28 07:41:17.377129
642,Jeffrey,Nguyen,garciakenneth@example.com,901-555-0990x486,Port George,AS,2026-01-25 05:07:19.739793
643,Jessica,Franco,cliffordanderson@example.org,904.646.0585,South Micheletown,VI,2025-05-22 20:44:04.221968
644,Emily,Bell,xrose@example.net,+1-686-389-1133,Gloverchester,KS,2025-04-19 23:00:17.855443
645,Nicole,Kemp,browntimothy@example.com,395-665-2575x3354,Jeremyberg,PA,2026-03-07 13:06:13.706843
646,Susan,Howell,ksimon@example.net,914-498-4598x93450,East Sherri,CT,2024-09-28 20:05:03.019504
647,Curtis,Diaz,hendersonrobert@example.org,715-761-9009x9300,Ritastad,PR,2025-10-11 02:54:52.502104
648,Heather,Brooks,jacobanderson@example.com,(762)845-2633x69299,East Ellen,AL,2026-01-22 13:50:27.663945
649,Martin,Glass,cruznathan@example.net,816-534-9512x2946,Russellside,WA,2026-08-11 11:53:03.721498
650,Terri,Phillips,urobbins@example.org,001-525-909-5556,East Paultown,PW,2026-01-17 15:18:47.109649
651,Dalton,Warren,jim42@example.com,+1-216-702-6353x520,Brianton,ME,2026-03-16 04:18:03.399888
652,Sandra,Rodriguez,cclay@example.org,001-602-876-3508x88477,Hamptonburgh,NC,2025-08-04 13:02:35.495691
653,Brad,Beck,emcdonald@example.com,580.387.0821x94982,East Ashleyside,WV,2025-06-12 21:14:30.617746
654,Victoria,Waters,jeaton@example.net,(525)664-0556x255,Sarahfurt,KS,2025-10-01 15:20:10.200752
655,David,Davis,billygarner@example.org,(624)529-5866x26731,Smithport,NH,2024-09-15 09:17:20.676597
656,Brandon,Brown,sullivanstephanie@example.org,211.449.8780,Huffmouth,CT,2025-03-26 06:06:25.589646
657,Anthony,Mcbride,rodriguezrachel@example.org,001-804-365-9867,Tiffanymouth,DC,2026-06-12 06:13:29.040131
658,Eric,Spears,asmith@example.net,560-550-7871,Millerfort,AL,2026-03-17 15:29:15.045704
659,Bobby,Goodman,maxwellbailey@example.com,620.610.6955x067,Edwardsport,NY,2025-01-09 05:35:26.730991
660,Cameron,Allen,cassandra42@example.org,(300)234-9003x454,West Scott,OK,2025-02-19 01:35:14.254256
661,Justin,Ward,chandleranthony@example.com,001-960-843-9984,Autumnton,IL,2024-10-03 12:34:37.726813
662,Shannon,Johnson,aprilfigueroa@example.com,+1-339-580-3579x30264,Tamaraland,FL,2026-05-21 19:38:06.053429
663,Bryan,Rodriguez,donaldortiz@example.com,309-564-1125x21796,South William,FL,2024-08-22 23:27:14.026547
664,Karla,Cooper,leetracy@example.net,328.667.4333,Davisstad,PR,2025-08-01 00:10:49.961721
665,William,Wilson,sclark@example.net,001-721-489-6155,Josephfort,NC,2024-12-12 09:54:01.913910
666,Megan,Hill,nicolerodriguez@example.org,001-213-561-7495x94757,Jacobmouth,IL,2024-10-30 19:02:21.931931
667,Matthew,May,ilewis@example.com,(741)995-0563,Port Brittanymouth,GU,2026-06-21 00:05:16.225037
668,Dawn,Frye,awoods@example.net,001-527-651-9382x77039,Davisville,RI,2025-11-10 02:35:22.032278
669,James,Stewart,kyle34@example.net,969.756.0474,Jonesberg,MO,2025-11-06 19:33:56.012405
670,William,Welch,joan07@example.net,400-346-7479x062,Johnborough,IA,2026-07-30 21:44:27.825317
671,Mark,Soto,margaretsmith@example.org,+1-572-533-8506x4108,Russellland,NM,2026-05-21 07:55:07.391319
672,Nicholas,Santos,susan28@example.org,2536476454,Mialand,WV,2025-08-29 08:30:11.920386
673,Jennifer,Green,kyle45@example.com,001-325-324-3636x73983,East Jason,SD,2026-01-17 14:22:47.839219
674,Linda,Sullivan,gwilson@example.net,(973)457-4096x79563,Williammouth,VI,2025-12-15 01:10:31.783098
675,John,Castro,omadden@example.com,+1-294-731-7828x3420,East Preston,OH,2025-07-15 14:50:09.695105
676,Matthew,Perry,katrina96@example.com,412-387-4211x686,Port Elizabeth,CA,2026-06-28 12:08:48.705529
677,Kenneth,Davis,madelinevincent@example.net,236-311-8267x47757,Veronicaland,AS,2026-05-13 11:09:17.667067
678,Christopher,Strickland,mhernandez@example.com,361-361-4857x438,Port Laura,MS,2025-08-29 07:12:51.294346
679,Yolanda,Jones,elizabethvasquez@example.com,+1-871-853-3746x3655,Lawsonstad,VT,2025-11-24 16:54:39.524014
680,Abigail,Dominguez,lisa42@example.org,(851)590-0105,Dawnstad,TX,2024-11-28 00:12:51.673208
681,Jennifer,Olson,curtisashley@example.net,(266)859-6319x846,New Christopherfurt,WI,2025-06-20 06:23:52.151609
682,Brandon,Daniel,hillcameron@example.net,688-431-4768,Elizabethview,KS,2025-07-17 21:15:44.325466
683,Judy,Johnson,robinsonmichael@example.org,(559)807-9908,Garciashire,TX,2025-10-21 12:07:50.614552
684,Lisa,Rogers,williamspatrick@example.com,001-387-242-9788x2123,Hannaland,IN,2024-11-01 07:15:49.849156
685,Ronald,Sims,josebaker@example.net,001-865-212-5340,South Julie,TX,2025-01-30 08:31:10.339283
686,William,Thomas,james04@example.net,696.504.9802,Kevinmouth,FM,2025-02-28 01:57:02.904549
687,Bobby,Craig,allenmichele@example.net,+1-598-969-0176x085,Drewland,IN,2026-08-08 23:13:17.047645
688,Andre,Thompson,pbrandt@example.org,370-754-9028,New Patrick,WY,2026-06-03 13:41:37.923697
689,Thomas,Mann,pamela56@example.org,001-639-582-2025x4841,Port Joshua,NV,2026-01-22 03:40:52.992173
690,Helen,Owens,odiaz@example.org,227.695.6429,Port Maria,IL,2024-11-05 01:46:30.288569
691,Julie,Brown,tfox@example.com,785-972-9570x9844,New Stacyton,ND,2025-08-07 12:41:34.434491
692,Laura,Pineda,jacobrivas@example.org,+1-688-838-0235,North Brianland,NH,2024-10-26 22:38:14.312076
693,Wendy,Gonzalez,rachelwhitehead@example.com,(367)421-5478x67418,Lake David,NY,2025-06-18 03:37:11.216757
694,William,Ramos,ocook@example.com,+1-850-743-5629x0582,Heidiview,DE,2025-05-18 05:10:26.693627
695,Christopher,Rojas,herrerajames@example.org,990.935.0146x7059,West Stevenmouth,KY,2026-01-04 22:36:56.625240
696,Stephanie,Page,qevans@example.net,+1-559-388-2635x80543,Theodoreland,NV,2025-04-22 15:33:45.912063
697,Jason,Jones,colton04@example.com,429.711.4937,Castroborough,NY,2025-06-14 12:26:11.099648
698,Shaun,Fisher,toddcampbell@example.net,667-618-7561x7098,West Michael,NV,2026-08-01 03:31:58.332997
699,Angela,Walker,ttaylor@example.com,+1-635-715-8938x26894,Huntshire,PW,2025-06-24 13:07:13.491243
700,Bradley,Smith,william34@example.net,991-545-6129,South Dustinview,ME,2026-01-27 13:42:36.687666
701,Sara,Scott,michellegay@example.net,+1-982-407-7463x7304,Christopherside,NE,2025-02-02 18:57:43.438492
702,Heather,Schultz,davidstokes@example.net,729.895.7751x9134,East Ashley,OK,2025-07-10 23:39:07.618408
703,Susan,Alexander,karenwebster@example.com,+1-334-263-9977x14775,New Nicholasberg,MI,2025-02-22 00:45:58.944741
704,Mary,Diaz,jeffarnold@example.org,001-220-959-3898,Pamelamouth,MH,2025-08-17 13:09:36.089005
705,Jacob,Griffith,jonathanjohnson@example.com,316-570-6884x4542,New Patriciamouth,RI,2025-01-18 22:25:41.897381
706,Dale,Greene,kaitlin39@example.com,(709)567-9604x00913,East Sandra,OH,2026-07-16 14:54:04.541264
707,Richard,Thomas,fryedaniel@example.com,441-409-9886x29378,Javierfurt,NY,2026-03-05 23:52:39.241692
708,Tina,Whitaker,karenstewart@example.com,886-207-3534x1727,Shepardside,NV,2025-11-28 12:24:19.066795
709,Karen,Jackson,twright@example.org,349-826-4008x3590,Ryanshire,PW,2026-06-20 07:55:15.493526
710,Joshua,Smith,mckeejudy@example.net,+1-700-960-1691,Scottburgh,NV,2024-11-19 22:14:05.236245
711,Wendy,Rodriguez,petersenmatthew@example.com,001-922-261-5494x915,Sotofurt,CO,2025-04-24 16:18:09.746980
712,Joy,Church,jessica85@example.net,3595482240,Port Daniel,SC,2025-12-27 00:02:07.287135
713,Michael,King,joseph71@example.com,001-413-939-2160x1585,Lake Daniellefort,RI,2025-02-10 11:18:31.716653
714,Johnny,Shields,kingmichael@example.org,+1-622-896-6762x396,Lake Adrian,PW,2026-07-08 16:19:33.949690
715,Tina,Porter,timothy24@example.com,870.848.0192x98735,Robertsfurt,MS,2025-03-26 19:27:18.741751
716,Derek,Reynolds,kathleenallen@example.org,631-341-8022,East Jessica,MI,2025-04-30 17:24:53.369243
717,Vincent,York,catherine63@example.org,8652609642,South Allenstad,TN,2026-03-31 16:51:03.648717
718,Colleen,Gomez,xnichols@example.org,645.824.2602,Johnathanville,AS,2024-12-16 17:25:19.171652
719,Cassidy,Brown,markwalker@example.org,629.861.5361,Parkerport,MA,2025-09-27 00:33:59.326885
720,Raymond,Mack,mcdonaldelizabeth@example.com,465.290.5068x2623,Stephensburgh,GA,2025-01-15 13:59:54.082962
721,William,Singleton,mrocha@example.net,(912)305-5881,Leslieshire,OH,2024-10-30 09:35:41.749274
722,Cody,Daniels,jeffrey00@example.com,769-281-6619x2120,Lake Josephchester,IN,2025-06-05 10:18:01.615220
723,Yvette,Hernandez,lawrence19@example.org,+1-833-826-2932,Melissabury,NV,2025-05-23 16:42:25.940553
724,Leslie,Nelson,kwood@example.net,(613)481-6945x02079,North Nathantown,UT,2025-04-17 05:33:04.232412
725,Alec,Brown,williamrobbins@example.com,001-783-693-3957x0620,South Jamesport,MA,2026-07-01 03:30:11.457950
726,Chloe,Matthews,wrightfelicia@example.net,733.888.9947,West Tarastad,OR,2025-10-28 01:36:15.631417
727,Richard,Shields,zandrews@example.org,881-714-8847x934,Reginahaven,VA,2025-05-16 00:46:23.874016
728,Bradley,Jackson,juliakennedy@example.org,001-609-773-9182,Mckayville,AZ,2026-08-04 07:35:26.434254
729,Timothy,Wallace,donnawhite@example.net,9753004676,South Josephchester,AL,2026-03-19 03:50:49.967791
730,Sarah,Green,kathybrown@example.com,001-909-960-3633x9927,East Melindashire,KY,2025-11-10 11:22:43.363235
731,Wanda,Andrews,kmendoza@example.net,+1-558-496-3888x2080,New Ericabury,OH,2025-05-14 10:33:20.015612
732,Robert,Bennett,bradley57@example.net,677-541-9849x97838,Floydbury,MT,2025-02-14 14:23:31.666820
733,Julie,Peters,jestrada@example.net,894-732-3904x910,North Lindseyfurt,TX,2025-03-28 22:38:55.617408
734,Adam,Berry,davisrenee@example.net,(993)272-8482,Williammouth,MA,2025-06-20 19:16:12.325546
735,Todd,Wise,alibrittany@example.net,378.790.0839x149,Allisonchester,OK,2026-02-19 13:48:29.722367
736,Karina,Cruz,griffinisaiah@example.org,758-879-9017x91672,Grahamville,PW,2025-07-29 16:09:00.934984
737,Mary,Carson,ynavarro@example.com,2086024258,Shawnafort,NJ,2024-10-07 08:03:13.499282
738,Julia,Freeman,woodslinda@example.org,870.953.8162x16640,Thomaston,SD,2025-06-03 09:43:40.834013
739,Wendy,Cooper,jgregory@example.com,758-207-7528x9789,Davidburgh,DE,2025-12-29 06:15:20.314245
740,Danielle,Bennett,brianjohnson@example.com,+1-633-771-1878x788,Shawnfurt,AK,2024-10-05 14:27:16.822399
741,Denise,Robertson,weaveralejandro@example.org,+1-706-830-0817,Odonnellside,CT,2025-01-27 05:24:50.689487
742,Joshua,Park,lreese@example.net,778-295-5409x2626,East Sabrina,MI,2025-02-07 11:44:02.222141
743,Maria,Jackson,ericksonbrian@example.org,203.515.3885x087,Perezhaven,ME,2024-11-03 21:47:00.675975
744,David,Powers,iwoods@example.net,841.333.3764x372,Santiagomouth,WV,2026-07-23 15:41:28.677290
745,Courtney,Paul,jessicafisher@example.net,001-392-414-0952x31182,Smithmouth,NV,2024-10-10 06:12:01.677866
746,Katherine,Thomas,atkinsmiguel@example.net,(275)724-0408,Blairport,GA,2026-04-04 17:14:59.839120
747,Jeffrey,Hood,evelyn44@example.net,001-824-919-9385,New Adrian,UT,2024-10-01 06:41:55.513354
748,Christopher,Calderon,evanjackson@example.net,+1-379-208-8642x2387,Maryborough,WI,2025-09-11 12:43:36.111809
749,Jennifer,Morales,munozbrandon@example.org,495.995.4578,South Barry,LA,2024-09-02 20:47:50.448381
750,Nancy,Anderson,gerald49@example.org,(217)431-5093x50977,Oconnellmouth,NE,2024-08-29 15:33:49.959316
751,Amy,Collins,davidstafford@example.net,(993)632-8265x00403,North Scott,NV,2025-03-28 00:34:19.526704
752,Joseph,Gray,deborahgarcia@example.com,(950)907-8908x6839,Amandaborough,HI,2025-03-26 08:40:31.524436
753,Elizabeth,Jones,tanyawagner@example.net,557.630.3114x5484,Ellenchester,KS,2024-12-25 05:45:28.616793
754,Tyler,Clark,amorris@example.com,535-380-8115,Cookshire,FM,2026-07-29 10:44:00.996859
755,Jacqueline,Stewart,tmcguire@example.com,001-669-450-3038x90935,East John,ID,2026-01-13 15:45:02.106831
756,Elizabeth,Gardner,gabriel91@example.com,326.729.8221,Port Juan,HI,2025-07-17 07:07:39.507440
757,Amber,Romero,theresa96@example.org,+1-477-707-5850x668,North Tracieton,KY,2025-02-23 04:14:19.901998
758,Daniel,Rhodes,stephen94@example.net,403-663-1155,Chavezshire,MS,2025-08-27 20:42:50.281879
759,Cynthia,Holt,maria42@example.org,(779)200-0861,North Cynthia,PR,2024-08-15 23:26:34.506016
760,Kayla,Beard,harperalison@example.com,680-858-7106x24046,Bethanyhaven,WY,2024-12-16 07:37:00.521339
761,Lisa,Long,jimenezthomas@example.com,+1-888-879-7593x716,Jacquelinefurt,PW,2026-03-26 10:13:57.124342
762,Brittany,Gutierrez,acole@example.org,+1-286-891-3567x26912,South Chadmouth,SC,2025-11-06 06:20:51.135339
763,Jane,Valentine,sarah47@example.net,222.372.2043x8806,West Yolandaton,SC,2024-12-23 05:20:30.783354
764,Bruce,Brown,cmann@example.net,717.736.0376,Port Melissaview,NH,2026-03-27 19:55:17.875739
765,David,Brown,robert30@example.com,4879708754,Stephentown,ND,2026-04-15 02:17:13.003458
766,Jessica,Stevens,hernandezbrooke@example.net,001-493-766-5807x216,Dustintown,TN,2025-05-06 09:17:55.926925
767,Laura,Weiss,donaldbailey@example.net,(970)681-3342x4414,Mitchelltown,FM,2026-05-07 02:41:33.795067
768,John,King,martincody@example.com,545.258.5785x562,Francofort,AS,2025-03-12 09:48:08.205702
769,Christopher,Livingston,phendrix@example.net,225-678-6185x09478,Hoffmanview,SC,2025-04-07 07:21:55.854473
770,John,Pearson,ianmorgan@example.net,001-926-728-0129x147,Lake Mistytown,PA,2026-05-03 19:00:04.052828
771,Taylor,Flores,matthew77@example.net,221.378.3484x06175,South Sarah,AS,2024-10-30 23:33:48.972253
772,Michael,Smith,shieldstyrone@example.org,(962)799-4214x5704,West Kenneth,ME,2026-08-11 14:38:50.028739
773,Sabrina,Patterson,heather57@example.com,(275)847-3224x02169,Youngberg,MN,2024-09-06 02:57:10.535709
774,Kevin,Peck,zmartin@example.org,(239)747-1509,Port Tracyfort,KS,2025-08-13 08:37:38.036880
775,Susan,Jones,rachel72@example.com,+1-575-937-6533x018,New Joanna,UT,2024-10-07 21:31:00.643303
776,Kimberly,Powell,robingarrett@example.com,+1-569-771-0403x4873,Nicholasview,PR,2025-08-10 16:24:51.848860
777,Robert,Williams,wilsonmatthew@example.net,001-930-420-7095,Lake Raymond,AR,2025-08-07 08:05:39.702148
778,Andrew,Dawson,robinsonangela@example.com,001-447-291-4192x995,Sherryview,ME,2026-05-27 23:59:41.099312
779,Billy,Soto,william91@example.net,001-897-259-7492,West Juanborough,IL,2026-01-18 22:04:02.564112
780,Whitney,Harper,kellylopez@example.com,407-661-9613,Alexside,DC,2026-01-15 21:42:41.294868
781,Eileen,Ferguson,nelsonmichelle@example.com,(453)536-5114x442,East Susan,SD,2025-03-04 13:22:51.088720
782,Ashley,Miller,christian74@example.net,001-525-981-9923x2830,Natalieshire,NC,2026-06-01 07:43:04.050437
783,Vincent,Wallace,ugonzalez@example.net,542.879.2195x0600,Whiteside,PA,2025-07-09 02:30:06.126823
784,Todd,Ruiz,kpreston@example.com,001-905-865-3272x88314,Barnettton,NJ,2026-06-26 21:41:24.671205
785,Travis,Dyer,juliehenson@example.com,001-660-638-5383x7119,North Erinton,CO,2025-02-22 18:00:13.109252
786,Christine,Martin,lisa15@example.org,001-980-745-8842x3243,West Lisa,AR,2025-08-10 19:41:25.341071
787,Katelyn,Barton,andrewcastaneda@example.org,001-911-532-1571,Michelleborough,GA,2026-02-03 10:01:04.089242
788,Nicholas,Williams,tcoleman@example.com,375-539-1532x034,South Kevin,NJ,2026-01-02 23:19:46.938004
789,James,Smith,rhays@example.org,818.903.6715x754,Josephmouth,NJ,2024-09-13 06:30:22.686792
790,Paul,Ray,ryan06@example.org,(459)264-5235x13153,Karenmouth,VA,2025-01-30 22:10:51.043621
791,Danielle,Richardson,johnmorris@example.com,355-921-2283x2556,Robertville,WI,2026-04-30 19:25:23.423551
792,Troy,Berry,longcourtney@example.com,(420)599-7023x6404,Johnhaven,MI,2025-07-17 18:26:25.282642
793,Ryan,Holmes,lbrown@example.org,207.839.5723x803,West Nicoleview,ME,2025-03-30 23:20:22.484918
794,Brooke,Bright,sharpsarah@example.org,252-560-2128,Williamchester,NV,2026-03-20 10:21:44.645145
795,David,Snyder,christophertaylor@example.org,(839)814-8638,Tylerfort,UT,2026-01-29 15:12:12.010772
796,Colleen,Johnson,pinedaalexis@example.org,7408663334,Johnmouth,WV,2025-11-06 04:48:13.765298
797,Kayla,White,morrisonstephanie@example.com,379-984-7364x31000,Campbellmouth,NJ,2026-05-13 11:11:33.489541
798,Linda,Simpson,ellislisa@example.org,285.786.4881,Longtown,WV,2026-06-06 16:57:57.925844
799,Justin,Callahan,simpsonebony@example.net,278-502-4869,Deborahton,WI,2025-03-14 21:58:33.351394
800,Tracey,Williams,campbellspencer@example.org,(919)824-4753,South Danielle,NM,2025-01-10 17:31:19.230134
801,Edward,Carrillo,aguilartaylor@example.org,832-553-9227,Goldentown,KY,2026-03-08 06:06:23.469966
802,Wendy,Kim,fosterann@example.org,4389881044,Manningville,OK,2025-03-11 08:18:04.626137
803,Chelsea,Garcia,samuelgriffin@example.net,852-336-1474,Rodriguezberg,NH,2025-03-03 20:55:35.233977
804,Hunter,Ibarra,chadsanchez@example.com,(912)373-2536,Derekport,GA,2025-04-22 02:11:06.610065
805,Stacy,Williamson,simpsonadam@example.com,(926)464-4048,Mcphersonside,NY,2024-11-04 03:11:15.237057
806,Sherry,Blair,mkirby@example.com,(789)201-7952,North Jermaine,AR,2025-08-30 23:10:05.456191
807,Eric,Harris,qfoster@example.net,(658)792-4852,Daltonmouth,MT,2024-11-21 07:26:16.556187
808,Kristi,Thomas,christinamarsh@example.net,8392310598,Cantrellfurt,AR,2026-08-11 13:18:36.871450
809,Wendy,Foster,caleb63@example.com,001-691-434-0574,North James,ID,2025-10-08 21:19:29.081334
810,Jennifer,Mendoza,seth42@example.com,(403)753-6845x433,New Nicole,TN,2026-05-23 12:13:17.738079
811,Randy,Cervantes,robertcobb@example.net,001-299-962-0472x442,South Seanborough,MN,2025-02-09 13:34:32.896565
812,Danielle,Fowler,qhenry@example.com,6976757204,Maysshire,NY,2025-09-26 00:25:02.842139
813,Mike,Mcdonald,ebryant@example.org,215-422-5789x444,Nicoleshire,NM,2025-09-18 06:45:24.274483
814,Angela,Simmons,carpenterjose@example.com,567.615.7564x49935,East Michelleland,ND,2026-06-04 03:16:54.569041
815,Samantha,Pierce,lhaley@example.net,001-271-994-6275x251,Jacobstad,SD,2024-11-18 10:13:22.880801
816,Ronald,Davis,johnmorales@example.org,587-265-9372x797,Smithland,IL,2025-10-01 18:28:59.489704
817,Allison,Gonzalez,jasmine36@example.org,731-716-0767x3771,Port Garrett,MP,2025-08-30 14:12:03.449638
818,Douglas,Pena,jeffrey16@example.net,(561)350-4372,Port Allisonbury,CO,2026-06-29 19:30:24.242821
819,Dillon,Barnes,mary22@example.com,327.371.6425x5599,Port Tracy,DE,2024-08-14 13:20:48.686943
820,Jonathan,Clark,michelepowell@example.org,+1-514-545-2396x6443,West Sue,IL,2026-01-17 18:12:53.561930
821,Ana,Baker,charlenegray@example.com,+1-727-913-3284,Mcdonaldfort,MN,2026-05-12 21:44:58.065965
822,Jennifer,Sanchez,brandon74@example.net,(225)353-6721,Baileymouth,NH,2026-04-02 14:29:32.894393
823,Philip,Leonard,timothywillis@example.com,(935)519-3121x60703,East Thomasborough,WY,2025-10-31 00:10:02.801869
824,Juan,Benson,weberglenda@example.com,582.560.4439x83579,North Stephen,MT,2025-01-18 09:38:24.160171
825,Alyssa,Shaw,tiffany83@example.org,534.945.3157,Port Joseph,OH,2025-09-27 13:53:13.012571
826,Melanie,Davis,judy78@example.com,(846)768-6338x0460,Ashleyland,DE,2025-07-19 07:56:23.015556
827,Derrick,Sanders,cynthianichols@example.org,001-599-811-9124x5957,South Michael,GU,2025-05-27 05:44:01.220268
828,Sierra,Kennedy,marydyer@example.org,563.361.2097x7294,South Denisebury,AR,2026-07-27 08:00:48.290261
829,Mary,Foster,brianhubbard@example.org,947.687.4017x159,Huertafurt,WI,2025-07-24 14:22:49.679707
830,Christopher,Ramirez,williamsdebra@example.com,625-902-3377x48674,New Gordonfort,MO,2025-01-03 21:16:32.205910
831,Shane,Welch,james83@example.com,825-937-8195x288,East Jessicaside,VT,2026-07-26 15:03:52.946471
832,Michelle,Brown,brandyrogers@example.com,911.724.0992x62426,Rojasport,DC,2024-08-19 15:08:07.889066
833,Christopher,Harris,plee@example.org,+1-851-657-2150,West Bobbyville,VI,2026-01-27 08:39:16.548814
834,Kara,Phelps,hamiltonandrew@example.com,570-817-1035x744,Jamesborough,NM,2026-05-10 02:07:46.794581
835,James,Roman,carpentermisty@example.net,280.957.5172x325,North Charlesmouth,LA,2026-01-03 22:54:46.067680
836,Bruce,Medina,kristinejohnston@example.net,(718)616-8658,Kevinburgh,OK,2026-01-23 14:53:03.391902
837,Andrew,Jones,coleerin@example.org,3439877653,Garciabury,DC,2025-03-26 10:10:20.042125
838,Angela,Benson,davidrios@example.com,228-728-6493,North Stephaniefurt,NV,2026-05-06 00:54:11.465563
839,Christopher,Barnett,williamwhite@example.com,+1-365-929-4238x968,Lake Danielle,KY,2025-10-04 18:52:04.304905
840,Jason,Davis,brendamiller@example.org,+1-776-294-5704x4667,Johnfort,IL,2024-12-26 06:15:02.028676
841,Kendra,Krueger,reneecalhoun@example.com,+1-286-833-7318x7377,East Raymondton,ND,2025-09-10 15:05:02.305658
842,Michael,Sherman,guzmanteresa@example.org,001-607-323-5253x99526,Hortonport,MA,2025-01-09 19:07:00.910145
843,Dana,Weaver,jamiejohnson@example.com,001-888-717-7403,North Jeffrey,TX,2026-01-16 22:25:52.867543
844,Anthony,Jackson,lindsey67@example.org,+1-513-301-0053x3672,Davidmouth,OK,2026-08-05 18:03:44.510573
845,Donna,Lawson,rebeccawilliams@example.net,656-492-4503,East Kathy,MA,2025-12-08 03:04:23.244396
846,John,Kelley,whitescott@example.net,487.822.7260,Jameshaven,NE,2025-06-15 00:49:39.885455
847,Sonya,Jones,fosterelizabeth@example.net,+1-727-591-0756x754,North Michael,TN,2025-03-10 15:57:06.431890
848,Keith,Dominguez,melinda11@example.com,980-949-7634x6473,East Patriciaside,AK,2024-11-24 06:08:31.491308
849,Rebecca,Carey,ebruce@example.org,(930)251-7718x56967,Port Brian,MO,2025-07-14 20:29:22.328990
850,Jessica,Baxter,ncampbell@example.com,981-771-1738x9079,New Shannon,TN,2024-09-02 01:01:10.843324
851,Jeffrey,Simon,cruztheresa@example.net,(299)672-1911,Moniqueburgh,AR,2026-04-26 02:09:04.809565
852,Evelyn,Roy,danielle60@example.net,001-794-824-1139x73083,South Katie,MD,2026-02-09 17:30:27.780402
853,Ricky,Oconnor,waynesnyder@example.com,+1-374-284-6804x159,Zacharymouth,MS,2024-10-05 07:58:06.858370
854,Lisa,Burgess,rodriguezjocelyn@example.com,001-989-278-7395x373,Seanville,SC,2025-07-05 11:21:10.123536
855,Whitney,Nguyen,michaelmedina@example.net,790.691.0721x708,South Sabrinaburgh,CT,2024-08-30 16:04:02.428627
856,Jason,Fleming,krystalbrown@example.com,637.874.7744x0393,New Heidi,PA,2025-03-31 19:13:04.239704
857,Carl,Moore,brianna89@example.net,+1-362-370-3203x0968,Steelemouth,NM,2025-03-29 11:13:06.694086
858,Justin,Ford,julie33@example.com,+1-565-686-7682x680,Berryburgh,IL,2024-10-07 18:10:52.527065
859,John,Walker,gutierrezchristine@example.com,314-346-3077x306,South Jessicatown,ME,2025-06-23 15:20:48.108071
860,Joshua,Carter,garzacrystal@example.net,385-280-4324x0082,North Jeffreyside,ND,2024-10-10 02:56:02.203671
861,Jason,Short,lucerolauren@example.org,(768)867-6284x2140,Juareztown,NH,2026-07-05 20:37:04.104318
862,Daniel,Richardson,bgarcia@example.com,001-593-774-8105,Jasonhaven,AL,2025-05-06 01:12:05.897898
863,Marc,Bailey,john49@example.org,267.618.8180x84476,North Melinda,ID,2024-11-25 10:35:38.397458
864,Bryan,Potter,sydney25@example.org,(423)474-3749x08301,Parkerside,GU,2025-10-05 14:20:09.901665
865,Amber,Hughes,ronaldhaley@example.org,(709)644-8471x990,South Katherinefort,GU,2024-11-09 07:28:04.243866
866,Rhonda,Lucero,sara84@example.net,916.594.2793x72333,Hallshire,GA,2025-03-18 22:15:33.659260
867,Travis,Doyle,maria97@example.com,845-763-2258x715,Ericchester,NE,2026-07-09 21:22:40.560029
868,Grace,Bennett,karen59@example.net,+1-239-507-2764,Ericburgh,NJ,2026-05-11 15:51:18.411461
869,Lawrence,King,james46@example.com,(315)659-0808x43966,Angelatown,AK,2025-01-09 08:38:42.101386
870,Alexis,Richardson,acostacynthia@example.net,715.663.1741x2410,Rosalesshire,ME,2024-09-21 10:57:41.838393
871,Donald,Johnson,timothyobrien@example.org,201.684.2460x88093,North Monicafort,NV,2026-04-14 20:49:52.968975
872,Sandra,Roberts,igeorge@example.org,(452)657-3724,Adriantown,FL,2024-12-14 15:50:45.002335
873,Alicia,Johnson,hlopez@example.org,001-797-206-3834x5345,Port Gregstad,LA,2024-09-22 02:59:35.814896
874,Heather,King,rebecca61@example.org,(271)241-1737x590,New Adamton,KY,2026-01-28 03:29:18.135225
875,Mark,Johnson,marcusgallegos@example.org,+1-670-399-0336x69953,Maldonadofort,ID,2025-12-15 19:15:40.402113
876,Lisa,Christian,scottkimberly@example.com,207-940-4227x1456,Justinbury,IA,2025-11-23 10:21:02.551219
877,Kim,Allen,jeremiahmurillo@example.org,349.692.5361x29998,North Josephview,DE,2024-11-29 05:09:54.459257
878,Sherry,Hernandez,gregory43@example.net,429.996.7501x892,North Rachael,VI,2024-11-23 15:35:53.047070
879,Lauren,Ryan,ghouse@example.com,776-421-3499x6959,Jilliantown,IN,2025-03-08 05:51:12.773012
880,Kimberly,Gutierrez,vsanchez@example.com,001-533-407-6742x07615,West Matthew,FL,2025-06-24 23:43:39.559608
881,Wendy,Kelly,glenn90@example.com,+1-633-531-0327x908,Dawsonfurt,MA,2026-07-26 05:11:20.604055
882,Melissa,Roth,williamanderson@example.net,4472193823,Port Eric,MS,2026-04-12 13:03:55.342690
883,Larry,Miller,mhunt@example.net,400.679.2125x76171,Colemanmouth,LA,2025-06-22 18:42:07.074019
884,Anthony,French,qwilliams@example.com,+1-514-674-0662x6376,Hortonmouth,VA,2025-09-15 16:41:04.307717
885,Gary,Lloyd,hannahwagner@example.net,672.667.2808x001,East Kimberly,KS,2026-01-06 22:29:47.105013
886,David,Edwards,xdavis@example.org,583.484.4438x35921,New James,WV,2026-02-26 21:45:01.073494
887,Shane,Jackson,jasoncrawford@example.net,(594)565-4895,East Matthew,SD,2025-12-24 14:28:50.145617
888,Sarah,Martin,jacksonedward@example.org,638-341-0182x416,South Michaelview,PW,2024-12-29 00:28:23.898455
889,Michael,Patrick,jeffhall@example.com,833-676-6310,Riversshire,RI,2024-11-02 20:05:58.331720
890,Brian,Stewart,nmorris@example.net,001-753-593-9826,Brownview,OK,2025-08-23 09:48:30.286696
891,Olivia,West,mccartydale@example.org,+1-460-277-5081x841,Port Jennifer,PW,2025-02-14 00:49:31.853847
892,Malik,Hernandez,wilsonbrian@example.org,680.520.8987,Martinezhaven,NY,2025-10-03 12:18:07.375068
893,Monica,Fry,nmendez@example.net,7768441730,Morrisfort,MN,2025-04-12 23:40:00.092424
894,Claudia,Douglas,hernandezcharles@example.net,001-726-796-9776,Zacharychester,IL,2025-02-11 15:18:48.537156
895,Jacob,Nguyen,tanya27@example.com,2509608977,Port Davidtown,WA,2025-11-15 14:08:16.883056
896,Aaron,Wilson,xdickerson@example.com,(971)318-3449x80975,Port Kerry,FM,2026-07-04 19:34:56.447828
897,Michael,Evans,kimberlyspence@example.net,001-883-647-8715x1366,Deannaborough,AK,2026-05-15 03:30:19.986627
898,Alexis,Wright,shortderek@example.com,619.246.6885,East Michaelburgh,ND,2025-02-18 10:34:12.009001
899,Brandon,Nguyen,njones@example.net,381-471-6311x849,Joseton,AZ,2025-10-12 09:25:24.965182
900,Rachel,Ferguson,milesjoy@example.org,001-928-993-0341,Millsville,ND,2025-06-21 11:58:26.939582
901,Taylor,Bartlett,robinsonrobert@example.org,+1-204-343-5602,Rasmussenchester,OH,2024-09-13 04:32:02.925797
902,Savannah,Cervantes,jenniferanderson@example.net,6006160026,Port Tamaratown,UT,2025-08-30 01:06:44.286899
903,Jennifer,Schneider,kaylafitzgerald@example.net,(874)475-4164,Sharonfurt,NV,2024-10-19 16:46:27.365398
904,Victor,Mccormick,parkerstephen@example.net,001-979-474-9933x965,Davischester,NC,2026-01-02 05:35:41.900520
905,Tamara,Porter,ghill@example.com,+1-383-287-2184,West Morganmouth,SD,2024-09-17 01:50:49.364594
906,John,Saunders,vazqueztracy@example.org,889.865.5718x857,Karenfurt,MI,2026-05-22 19:09:22.350485
907,Jason,Wiley,urubio@example.com,392.803.9061x04251,Lake Vanessa,OR,2024-10-27 23:39:36.399393
908,Timothy,Edwards,blee@example.org,448.796.1336x46367,West Martha,CA,2026-04-28 21:15:34.617456
909,Ashley,Vazquez,paul63@example.net,642-477-2828x2768,Travisbury,TN,2025-06-28 16:57:39.620310
910,Richard,Hahn,randolphdoris@example.net,(463)364-3197,West Robertview,AK,2025-01-24 19:18:50.265657
911,Zachary,Weaver,andersonjacob@example.org,+1-752-748-3104x569,North Jenny,RI,2024-12-26 10:12:54.299913
912,Heather,Parker,kristinbell@example.org,835.301.4471,South Sherry,AR,2025-08-26 00:07:59.962964
913,Justin,Nelson,ywhite@example.com,736-826-5263,West Rhonda,GA,2024-11-19 03:00:29.462024
914,Lauren,James,crystal75@example.net,001-863-530-8137x439,Kevintown,GA,2025-08-16 21:03:54.015106
915,Lisa,Mendoza,fprice@example.com,797.495.6977x4655,Kimberlyborough,AL,2025-01-06 19:53:26.279967
916,Wendy,Arnold,johnreeves@example.com,(544)401-2333,Amandatown,AL,2025-11-13 00:09:32.602789
917,Jennifer,Perkins,xkim@example.com,(259)849-9459x016,Smithtown,MO,2026-01-14 15:48:24.583074
918,Kenneth,Higgins,ralphneal@example.net,001-975-439-2654x199,Thomasport,MP,2026-03-29 20:13:56.062371
919,Melissa,Burgess,andersondanielle@example.net,001-545-711-3337,East Frankville,GA,2026-06-30 13:04:43.388259
920,Ryan,Boyd,christina00@example.com,(388)439-8805,New Matthewton,DE,2024-11-15 22:58:00.846401
921,Joshua,Edwards,lindseyrivera@example.org,329-634-5270x24438,Kaitlinshire,TX,2026-04-22 05:27:09.809356
922,David,Thomas,alejandro39@example.org,+1-314-778-0410x482,Danielhaven,TX,2025-09-09 11:34:36.119585
923,Darren,Hart,catherineshelton@example.com,3317667953,South Christinaview,AL,2026-01-18 11:18:47.769948
924,Molly,Schmidt,jacobpotts@example.net,001-333-715-0185,Katelynbury,WY,2026-01-01 07:49:40.132407
925,Jeremy,Fields,twest@example.org,(348)416-5762x1631,New Joseph,IL,2025-06-02 21:18:15.281152
926,Jesse,Whitehead,john63@example.org,311-656-6649x1782,Michellechester,OK,2026-06-14 22:26:32.486097
927,Carrie,Rios,johngarcia@example.org,+1-412-372-3622,New Whitneyport,PW,2026-07-20 00:22:31.330062
928,Donald,Martin,kennethberg@example.com,(922)896-1200x93846,North Nicole,ND,2025-05-28 00:59:28.859741
929,Thomas,Oconnor,blevinsjacqueline@example.net,715-936-5528x17905,East Mason,PA,2025-06-17 09:55:27.589361
930,William,Reeves,ikelly@example.com,001-289-478-5298x3897,Johnmouth,CO,2025-07-24 02:06:42.757078
931,Austin,Gould,douglasmark@example.org,001-915-534-5430x0812,Tracystad,CO,2025-09-05 02:05:55.911348
932,Dylan,Beck,ericcastro@example.net,947-423-6962x1809,Kristyland,FM,2025-01-05 00:40:16.847213
933,Jennifer,Montes,amandarojas@example.net,437.272.6299x12766,Ronniechester,AL,2026-01-18 23:27:14.925914
934,Brittany,Garcia,blackcameron@example.com,439.975.5132,North Danny,NV,2026-05-01 05:25:53.808842
935,Kelsey,Gonzalez,ortegaelizabeth@example.org,001-469-683-1918x67400,Lake Amber,IL,2025-01-15 14:07:54.628628
936,Travis,Kelly,alicecarpenter@example.net,001-756-209-7798x009,South Matthewton,WA,2024-08-22 13:18:52.657628
937,Tyler,Mendez,groberts@example.com,+1-400-376-3263x9814,West Francesshire,TX,2026-01-17 13:28:21.982603
938,Rhonda,Wright,audrey51@example.org,817.352.2594x5070,Port Brookeshire,AZ,2026-08-05 14:53:10.776749
939,Jeffrey,Perez,eric03@example.net,+1-430-377-8315,Joshuaborough,IN,2025-03-20 03:59:28.021420
940,Gregory,King,johnstonlori@example.com,9614893928,Port Janettown,VI,2026-06-18 02:41:55.202217
941,Don,Moreno,elliottjennifer@example.com,+1-893-580-2253x3926,Ayalamouth,SC,2025-05-20 15:15:02.696334
942,Tracy,Hernandez,yjones@example.net,767-810-2788,East Alexander,MI,2025-03-06 23:10:07.264917
943,Marco,Martinez,amypalmer@example.org,(941)905-2637,Lisastad,HI,2024-09-21 13:49:22.383142
944,Shelly,Miller,richardsjason@example.net,(471)341-6448x43981,East Heathermouth,PR,2025-04-22 11:19:34.606586
945,Chad,Peterson,michaelbaker@example.net,+1-998-384-9401x943,Braunbury,TX,2025-07-13 08:15:26.741941
946,Samuel,Schultz,erichardson@example.net,426.642.8940,Port Samantha,TN,2025-04-29 12:45:03.147720
947,Sarah,Romero,smithvanessa@example.net,8015599223,Wandaberg,CA,2026-01-18 23:47:13.684054
948,Tanya,Brooks,ryan85@example.net,574.532.3328x14998,East Marieside,SD,2026-06-15 13:16:00.779850
949,Emily,Williams,palvarez@example.net,372-262-9025x799,Keyfurt,MT,2025-10-24 12:48:40.700236
950,Suzanne,Huff,davidcollins@example.com,979.731.1525x96291,Santanamouth,IL,2025-04-01 11:58:11.620452
951,Kathryn,Malone,prios@example.net,+1-947-235-6845x379,Michelleport,CT,2025-02-23 09:58:13.117782
952,Sarah,Sims,qgilbert@example.org,883-202-2584x91029,East Laura,MS,2024-09-05 20:01:19.592285
953,Charles,Vargas,garciajames@example.com,(929)991-9031,Fraziertown,NH,2025-05-09 05:41:01.399300
954,Madison,Sawyer,ssullivan@example.org,+1-420-561-7449x6189,South Richardton,NM,2025-03-26 02:52:25.019779
955,Karen,Ramos,teresamcgrath@example.org,+1-882-802-8596x3004,Williamview,FM,2025-03-26 11:19:27.358340
956,Jesus,Munoz,nmorrison@example.net,(812)834-4076,Brownmouth,MP,2025-10-11 01:30:48.965310
957,Michael,Fields,thomasflynn@example.org,7022423643,Medinastad,MO,2025-06-21 05:54:53.209776
958,Carmen,Harrison,kanderson@example.org,001-541-692-8433x03776,Michaelville,DC,2025-06-18 10:54:35.079458
959,Megan,Anderson,nathan57@example.net,+1-738-845-3273x225,Mccoybury,NV,2024-12-01 09:00:38.172322
960,Brian,Moran,srodriguez@example.com,001-235-760-3237x8309,West Nicholehaven,SC,2026-05-15 16:42:40.509937
961,Cory,Alexander,mbean@example.net,001-480-904-1888x2497,Johnsonville,CO,2025-05-26 23:34:43.224881
962,Lisa,Robertson,paguirre@example.org,878-482-0573x524,Tammyborough,IL,2025-03-27 20:05:26.185334
963,Denise,Mills,webstertracy@example.org,596-628-0655,East Daniel,MO,2025-03-10 12:22:35.831261
964,Michael,Bailey,ypatel@example.net,849.698.5486,North Susanport,VT,2025-03-18 21:44:11.691751
965,Michelle,Preston,darrelljones@example.com,4144510958,Paynemouth,AZ,2025-09-21 07:32:32.886199
966,Jerry,Miller,jordanrichard@example.net,001-207-232-1590x8242,Lake Melanie,CO,2024-09-14 14:23:28.545257
967,Tammy,Marks,tamara54@example.net,(532)888-9046,South Douglas,MN,2024-12-09 16:15:04.933908
968,Kevin,Perry,humphreymatthew@example.com,(243)257-3474,Amandaland,NY,2026-06-28 16:24:38.837615
969,William,Lane,daniel94@example.net,001-631-901-8940x240,Oliviaton,SD,2026-06-04 08:05:18.983403
970,Ronnie,Reyes,hmiller@example.net,+1-280-907-5739x820,Alyssaside,NJ,2026-03-13 22:27:48.325702
971,Corey,Li,sarahwatkins@example.com,+1-582-674-9958x042,Alexandershire,SC,2026-07-27 06:12:43.457582
972,Meghan,Taylor,melindaduncan@example.com,(409)944-0475,Lake Judyview,NY,2025-02-04 12:31:45.004879
973,Jason,Butler,nicholasmcdaniel@example.org,263.945.4965x728,New Christina,MO,2026-05-09 16:43:19.776904
974,Paul,Christensen,shelby42@example.org,729-208-0404,Camposhaven,KY,2025-12-07 08:55:06.788683
975,Shannon,Hernandez,kimberlycoleman@example.net,+1-973-799-9638x65060,Jenningsmouth,FL,2025-05-22 08:10:47.052505
976,Bradley,Carr,bruce68@example.org,001-502-794-1972x9576,Port Rebeccaview,PA,2025-05-22 19:43:28.116578
977,Justin,Martin,david93@example.org,678.600.9327x21914,Bethbury,MI,2024-08-26 14:46:44.244744
978,Jesus,Smith,samanthamyers@example.org,001-336-765-6916x7973,Port Yolanda,NH,2026-03-12 10:21:38.366505
979,Emily,Mcguire,josephramirez@example.org,(428)227-3182x86918,South Stephen,TN,2025-05-31 02:00:20.781260
980,Lisa,Hamilton,browningdonna@example.net,(527)656-0692x777,Brandonhaven,DC,2026-08-13 10:24:39.599185
981,Gina,Clark,scottphilip@example.com,313-713-1088,North Kayleeside,MS,2026-07-16 05:20:51.401088
982,Rose,Miller,lisafinley@example.org,001-268-386-7622x76131,Andrealand,NH,2025-09-09 18:26:09.757877
983,Jessica,Johnston,turnerfrank@example.org,001-343-246-1005,Myersmouth,MH,2024-11-19 23:26:15.673607
984,Jennifer,Rodriguez,barreraheidi@example.org,(678)980-6926x6995,Mckinneymouth,VT,2024-12-30 23:25:29.573604
985,Michael,Watkins,stacy32@example.org,001-342-937-9783,West Joshuaport,MI,2025-10-07 22:55:25.857975
986,Lynn,Bowen,ashley79@example.org,(902)249-1824x0908,Williamstown,LA,2026-05-26 06:34:41.732485
987,Dustin,Moore,jason42@example.org,+1-663-755-1019x176,Port Charlesborough,GA,2025-04-24 14:23:57.344157
988,Francis,Larson,elizabethwallace@example.org,447-493-3083x35159,New Alberthaven,WI,2026-04-28 15:27:50.997508
989,Ashley,Stephenson,richardcraig@example.com,001-352-223-6480x3657,Mitchellfurt,NE,2025-07-15 11:10:00.450217
990,Christopher,Cox,gracewalters@example.org,+1-797-994-7954x1212,Evansview,IL,2025-06-11 12:14:52.552526
991,Shawn,Abbott,david26@example.com,468-608-2443,Lake James,MO,2025-08-01 20:33:57.283575
992,Matthew,Anderson,kimcameron@example.org,+1-907-311-5435x86989,Amandaton,MS,2025-11-18 08:47:32.200916
993,Jesse,Young,taragaines@example.net,+1-515-975-1135x258,Cervantesshire,HI,2024-09-20 11:01:41.968344
994,Ruth,Jackson,justin07@example.com,001-640-380-9995x2980,East Alexanderchester,NC,2025-11-22 01:14:18.345268
995,Joseph,Watts,donald60@example.org,(947)815-9931x0955,Garrettberg,OH,2025-03-12 09:12:19.288649
996,Destiny,Turner,mikaylajohnson@example.com,661-240-4811x50772,Webbborough,VT,2025-02-18 17:39:31.869815
997,Lauren,Gomez,gwilliams@example.net,589-420-8382x755,Lake Emilymouth,HI,2026-05-05 13:26:37.261825
998,Darrell,Leonard,wolfpaul@example.net,747-496-9911x229,East Ronald,FM,2025-03-14 16:45:21.157211
999,Charlene,Moore,bmccann@example.net,975.241.6239x157,Palmershire,AZ,2025-12-21 11:05:59.710061
1000,Melanie,Smith,jimenezmichael@example.com,680-799-5601x629,North Debbie,PA,2024-08-21 18:43:16.559825
