order_id,customer_id,order_date,status
1,352,2026-01-04 05:40:43.884426,Cancelled
2,442,2025-09-27 05:51:54.099597,Processing
3,434,2026-02-04 12:20:08.424648,Processing
4,319,2025-09-16 13:02:09.994819,Shipped
5,264,2025-11-02 13:54:47.296849,Shipped
6,272,2025-09-15 12:37:01.104129,Delivered
7,513,2026-05-02 15:24:54.380800,Processing
8,744,2026-06-07 09:03:38.531416,Cancelled
9,553,2026-02-07 11:17:56.180122,Delivered
10,551,2025-08-07 14:29:46.680411,Cancelled
11,445,2026-05-06 22:37:16.139655,Cancelled
12,298,2025-09-10 21:16:16.889017,Shipped
13,865,2026-02-19 17:00:36.312077,Cancelled
14,557,2025-09-05 12:14:29.379298,Delivered
15,954,2026-03-20 22:40:14.605492,Processing
16,999,2026-01-21 23:26:09.305097,Delivered
17,242,2026-01-17 23:52:26.208894,Processing
18,805,2026-01-07 18:52:06.288682,Cancelled
19,534,2026-05-29 02:44:16.479980,Processing
20,238,2026-02-22 09:44:16.096703,Processing
21,800,2026-07-04 22:32:44.136139,Cancelled
22,69,2025-12-29 20:46:25.903007,Shipped
23,383,2025-09-17 23:31:31.667253,Processing
24,92,2025-10-19 17:31:43.444118,Delivered
25,546,2026-01-06 19:25:59.838040,Cancelled
26,819,2026-03-29 04:58:25.769307,Shipped
27,290,2025-10-02 22:03:49.487388,Delivered
28,622,2025-12-05 22:31:05.247323,Shipped
29,663,2025-11-30 13:34:49.277625,Shipped
30,268,2025-10-06 12:57:50.617538,Processing
31,959,2026-01-17 14:39:23.872347,Shipped
32,431,2025-09-23 03:56:45.496514,Delivered
33,711,2026-06-16 22:40:53.926530,Processing
34,807,2026-03-22 03:11:20.311154,Delivered
35,208,2025-10-10 14:39:36.046638,Delivered
36,612,2026-07-10 03:34:24.065499,Delivered
37,637,2025-09-24 03:06:43.341611,Shipped
38,539,2025-09-15 07:08:19.578194,Delivered
39,334,2025-12-08 11:09:45.417391,Delivered
40,998,2026-05-18 06:46:32.025456,Delivered
41,668,2025-10-07 23:24:35.457132,Delivered
42,143,2026-02-05 01:46:46.485412,Processing
43,38,2025-09-04 19:31:42.269464,Processing
44,686,2026-02-10 07:25:45.213293,Shipped
45,618,2026-05-29 16:14:04.214862,Shipped
46,246,2025-10-27 23:24:18.744141,Cancelled
47,848,2026-05-30 05:47:04.662701,Delivered
48,359,2025-10-14 11:55:35.466310,Delivered
49,845,2026-05-17 02:01:50.499063,Shipped
50,647,2025-10-17 12:43:46.739928,Shipped
51,587,2026-03-22 03:01:48.992687,Processing
52,812,2026-06-13 06:15:29.610142,Cancelled
53,499,2026-02-14 19:12:28.954162,Cancelled
54,891,2026-01-27 10:25:54.370852,Cancelled
55,72,2025-11-30 05:12:48.703225,Cancelled
56,443,2025-10-15 00:50:06.436742,Shipped
57,33,2026-02-20 01:30:57.969650,Shipped
58,540,2026-02-28 22:28:13.589426,Cancelled
59,609,2025-10-16 11:24:40.561765,Shipped
60,307,2026-06-17 15:14:17.782986,Processing
61,420,2026-05-26 08:51:39.428585,Shipped
62,976,2025-08-03 08:14:51.929693,Cancelled
63,726,2026-04-26 04:48:49.639580,Shipped
64,961,2026-06-24 05:02:47.083756,Processing
65,415,2025-12-04 07:11:21.362392,Shipped
66,479,2026-07-09 11:57:52.296662,Delivered
67,876,2026-07-03 07:33:31.415063,Delivered
68,370,2025-11-08 03:32:26.929447,Delivered
69,539,2026-01-27 17:51:24.027108,Processing
70,309,2026-04-05 20:51:59.017862,Shipped
71,142,2025-08-02 17:23:55.671026,Cancelled
72,902,2025-09-13 20:25:21.449124,Shipped
73,299,2026-03-02 13:33:36.843037,Delivered
74,398,2025-11-24 19:29:06.761939,Delivered
75,452,2025-09-08 03:17:04.266752,Processing
76,854,2026-03-07 08:52:54.884144,Delivered
77,137,2026-06-17 20:57:36.285756,Delivered
78,419,2025-08-31 06:55:02.814659,Cancelled
79,309,2025-08-11 02:52:41.557549,Delivered
80,62,2026-02-28 04:32:22.806828,Delivered
81,598,2026-07-03 07:56:08.187957,Delivered
82,479,2026-06-03 23:19:09.980721,Shipped
83,34,2026-01-30 19:06:09.589847,Processing
84,925,2026-04-19 04:50:20.972836,Cancelled
85,279,2026-06-04 09:02:19.810812,Shipped
86,584,2025-09-24 02:53:22.917720,Delivered
87,626,2026-01-09 12:51:56.283775,Cancelled
88,138,2026-03-13 20:26:53.208628,Shipped
89,55,2025-12-24 18:08:45.394053,Cancelled
90,61,2025-10-11 07:10:42.291806,Processing
91,601,2026-05-10 02:57:58.922347,Delivered
92,693,2026-05-20 02:23:05.245599,Processing
93,369,2025-10-26 04:21:41.593070,Delivered
94,250,2026-07-22 15:06:09.594760,Delivered
95,538,2025-12-02 17:30:16.990345,Shipped
96,313,2026-02-27 23:21:40.494278,Shipped
97,940,2025-10-22 18:59:07.436735,Delivered
98,933,2026-04-15 20:08:31.920795,Shipped
99,420,2025-12-31 21:23:01.737782,Cancelled
100,524,2025-10-14 07:13:02.801344,Processing
101,940,2025-12-02 23:54:07.688531,Cancelled
102,338,2025-09-08 14:28:00.437939,Processing
103,892,2026-07-03 20:33:41.955801,Shipped
104,622,2025-09-28 12:22:32.105089,Cancelled
105,805,2025-09-22 07:02:01.951226,Delivered
106,977,2025-09-18 01:28:24.486904,Processing
107,880,2026-05-15 22:52:16.918494,Cancelled
108,490,2025-08-17 15:05:23.462274,Processing
109,161,2025-11-08 12:16:03.123966,Cancelled
110,9,2026-04-04 14:07:25.439745,Cancelled
111,410,2025-10-17 09:51:21.749784,Processing
112,335,2026-07-10 15:26:30.842358,Shipped
113,664,2026-03-21 21:02:14.948259,Delivered
114,114,2026-03-24 16:27:49.903391,Cancelled
115,45,2025-10-20 21:01:56.816970,Shipped
116,648,2025-12-13 22:16:03.637197,Processing
117,882,2026-04-16 14:21:18.878418,Shipped
118,202,2026-04-14 07:31:50.530040,Processing
119,86,2026-06-28 07:30:35.457428,Shipped
120,602,2025-11-18 09:37:50.680882,Delivered
121,584,2025-10-18 16:26:25.481026,Cancelled
122,274,2025-12-15 20:02:19.474659,Shipped
123,831,2026-03-16 01:02:55.309914,Cancelled
124,776,2025-11-29 10:42:53.319823,Shipped
125,734,2025-10-31 08:17:46.234721,Cancelled
126,446,2025-09-15 15:41:33.914522,Delivered
127,168,2026-04-22 12:05:57.621169,Delivered
128,549,2025-11-19 04:13:47.090258,Shipped
129,345,2026-02-09 05:20:43.311269,Delivered
130,427,2026-01-17 23:15:34.586897,Cancelled
131,396,2026-03-05 12:23:29.992470,Cancelled
132,490,2026-01-12 16:02:50.203630,Processing
133,146,2026-01-14 14:25:33.444477,Cancelled
134,480,2026-03-24 15:12:18.274186,Processing
135,154,2026-06-20 01:11:18.328912,Cancelled
136,712,2026-01-29 17:34:29.082488,Processing
137,333,2026-01-20 18:01:57.461647,Delivered
138,741,2025-09-04 09:09:51.267590,Processing
139,472,2026-02-01 11:58:25.777479,Shipped
140,236,2025-12-29 21:04:51.624601,Shipped
141,719,2026-02-09 07:35:15.842534,Shipped
142,459,2026-04-19 17:43:06.580118,Cancelled
143,460,2026-06-18 00:20:49.035318,Shipped
144,670,2026-05-02 13:21:28.904714,Processing
145,618,2026-01-22 19:15:21.138129,Shipped
146,124,2026-02-28 18:57:03.597911,Cancelled
147,863,2026-06-21 19:37:59.017267,Cancelled
148,907,2025-08-30 06:18:40.934500,Cancelled
149,434,2025-11-12 16:51:54.415071,Shipped
150,600,2026-03-17 23:03:43.897176,Shipped
151,443,2026-02-10 20:57:08.136697,Shipped
152,123,2025-10-26 04:13:47.489779,Cancelled
153,708,2025-12-28 11:20:08.244081,Cancelled
154,723,2026-04-19 12:23:33.343143,Delivered
155,9,2025-10-31 00:39:05.416083,Shipped
156,729,2025-10-16 17:25:35.311926,Processing
157,450,2025-11-18 13:53:44.443883,Processing
158,572,2026-04-12 12:09:27.393925,Delivered
159,650,2025-12-06 11:14:18.218319,Processing
160,885,2025-11-07 23:59:36.181821,Processing
161,353,2026-01-22 06:35:59.574428,Cancelled
162,222,2025-08-25 11:29:29.872331,Cancelled
163,1,2026-04-28 21:17:13.172671,Processing
164,87,2025-09-10 13:43:20.844013,Shipped
165,727,2025-11-30 05:29:12.806523,Cancelled
166,77,2026-05-19 03:59:43.613579,Cancelled
167,880,2025-11-02 07:08:01.227363,Cancelled
168,980,2025-08-23 00:03:00.649569,Processing
169,589,2025-09-25 05:54:30.688931,Cancelled
170,586,2026-04-27 08:17:23.870789,Shipped
171,225,2025-10-14 02:42:54.818101,Cancelled
172,897,2025-09-14 21:47:22.542068,Delivered
173,409,2026-05-09 09:06:58.075843,Processing
174,181,2026-03-09 12:43:55.009376,Shipped
175,960,2025-08-28 09:42:41.844999,Processing
176,986,2026-06-01 04:29:39.260305,Cancelled
177,79,2026-03-26 14:42:45.102973,Delivered
178,98,2025-10-23 13:58:29.969537,Cancelled
179,123,2025-10-28 03:24:57.985709,Delivered
180,519,2026-06-14 18:18:52.171873,Processing
181,980,2025-10-27 19:05:47.038077,Delivered
182,878,2026-01-01 21:18:25.477910,Shipped
183,185,2026-05-05 13:39:47.925916,Processing
184,162,2026-06-24 00:45:21.798702,Cancelled
185,423,2026-05-04 02:50:51.816219,Processing
186,236,2025-10-10 12:06:11.970758,Processing
187,402,2025-10-10 11:14:51.514930,Processing
188,160,2025-11-04 02:46:42.941247,Shipped
189,799,2026-01-07 11:59:10.462440,Processing
190,746,2026-07-26 08:09:56.938969,Cancelled
191,741,2025-11-14 04:29:30.701426,Cancelled
192,456,2025-11-24 08:35:47.346042,Delivered
193,700,2026-05-30 00:58:05.500211,Cancelled
194,824,2025-12-26 07:50:54.011864,Cancelled
195,520,2025-10-07 09:49:29.498415,Cancelled
196,683,2026-03-24 23:21:44.170579,Delivered
197,864,2025-10-17 06:52:39.581245,Delivered
198,926,2026-01-22 05:08:28.745713,Cancelled
199,608,2025-12-31 08:51:36.450145,Shipped
200,467,2025-10-17 22:38:17.600127,Cancelled
201,976,2026-07-30 20:29:37.212581,Delivered
202,368,2026-05-18 17:27:30.943677,Delivered
203,511,2025-09-12 08:01:38.444014,Cancelled
204,373,2025-10-21 05:05:30.566283,Delivered
205,922,2026-02-18 17:18:09.658098,Shipped
206,529,2025-08-11 04:01:23.608396,Shipped
207,18,2026-06-28 16:25:49.489012,Processing
208,72,2025-10-15 10:49:40.956608,Delivered
209,701,2025-12-18 16:17:31.696682,Delivered
210,460,2025-12-12 10:25:30.715085,Processing
211,834,2026-06-16 13:11:03.859249,Shipped
212,689,2026-05-02 11:56:55.376212,Processing
213,39,2026-02-12 08:19:04.053331,Cancelled
214,904,2026-05-02 19:15:10.749176,Processing
215,725,2025-12-10 15:16:41.523542,Processing
216,255,2026-07-11 05:29:18.417057,Cancelled
217,686,2026-03-28 05:07:24.374422,Processing
218,123,2026-05-26 12:16:41.681324,Processing
219,675,2026-05-04 10:26:01.803576,Processing
220,53,2026-05-25 10:18:47.913862,Processing
221,201,2025-08-14 03:09:34.876987,Processing
222,598,2026-05-07 22:53:37.453809,Delivered
223,881,2026-03-02 18:05:22.293635,Cancelled
224,200,2025-08-06 13:59:43.005473,Delivered
225,506,2025-12-28 05:00:01.627367,Delivered
226,425,2026-07-13 07:10:36.827412,Delivered
227,489,2026-01-05 08:28:49.012177,Shipped
228,785,2026-07-14 13:40:24.769472,Cancelled
229,424,2026-07-19 05:11:56.634820,Shipped
230,488,2025-12-01 12:42:13.721478,Delivered
231,33,2026-07-12 02:40:12.214474,Shipped
232,454,2026-05-11 14:31:10.512154,Delivered
233,432,2025-10-12 19:54:27.776269,Shipped
234,623,2025-12-21 19:10:04.770958,Cancelled
235,561,2026-01-02 05:05:50.660246,Shipped
236,604,2025-09-19 12:30:26.738662,Shipped
237,900,2025-12-17 07:35:06.124506,Shipped
238,123,2026-01-12 10:33:49.460947,Cancelled
239,119,2026-04-10 00:39:44.624515,Delivered
240,182,2026-07-01 06:28:11.070228,Processing
241,821,2026-06-10 23:41:52.634737,Processing
242,117,2025-09-02 01:29:55.999805,Shipped
243,534,2026-04-28 00:19:02.088593,Shipped
244,390,2026-01-18 20:50:10.674752,Processing
245,8,2025-10-07 03:43:32.708091,Delivered
246,261,2026-02-07 03:39:47.061114,Cancelled
247,162,2026-02-12 01:32:58.054813,Processing
248,841,2025-08-04 04:04:38.913604,Delivered
249,571,2026-02-01 06:59:14.049759,Delivered
250,132,2026-06-17 15:28:26.948050,Processing
251,499,2026-01-06 15:50:26.235655,Processing
252,416,2025-09-29 11:51:25.210654,Shipped
253,489,2026-07-19 15:47:37.613595,Shipped
254,182,2025-09-15 16:36:07.321977,Shipped
255,26,2025-09-26 07:00:29.590789,Cancelled
256,476,2025-10-24 06:54:43.649479,Cancelled
257,821,2026-05-30 16:50:32.062641,Delivered
258,697,2026-05-04 10:14:30.577520,Processing
259,716,2026-01-11 00:00:58.485843,Delivered
260,308,2025-08-19 14:31:25.240509,Shipped
261,20,2025-12-18 20:37:29.953033,Shipped
262,733,2026-05-19 05:57:28.490673,Processing
263,476,2026-05-19 21:44:43.542799,Shipped
264,177,2026-01-19 19:21:51.026972,Cancelled
265,705,2025-09-25 23:17:09.355026,Shipped
266,682,2026-03-26 07:43:16.648180,Cancelled
267,645,2025-11-01 06:50:50.146183,Processing
268,398,2026-05-06 17:04:30.368889,Delivered
269,233,2026-02-09 17:02:00.689210,Shipped
270,927,2025-12-29 06:10:30.950528,Processing
271,990,2025-09-04 20:35:05.569972,Cancelled
272,381,2026-06-27 15:45:16.179805,Cancelled
273,106,2026-06-17 17:05:04.788026,Shipped
274,978,2025-09-16 14:10:59.523338,Cancelled
275,175,2026-06-07 05:35:00.649572,Shipped
276,759,2026-03-20 20:56:07.666396,Processing
277,494,2026-01-13 22:29:01.788370,Processing
278,258,2026-03-11 15:10:52.833457,Delivered
279,672,2026-07-13 15:13:51.530710,Processing
280,352,2025-11-02 08:04:04.546192,Delivered
281,991,2026-07-01 04:58:39.361226,Processing
282,258,2026-07-20 11:24:21.366796,Shipped
283,707,2026-05-12 08:12:03.495116,Delivered
284,960,2026-07-06 08:01:02.688181,Processing
285,847,2025-08-07 00:12:02.756737,Delivered
286,967,2026-06-19 09:56:23.693855,Cancelled
287,515,2025-10-11 15:43:35.686106,Shipped
288,398,2025-08-02 04:20:23.371842,Cancelled
289,839,2025-08-27 03:37:39.770299,Cancelled
290,528,2025-11-26 20:45:34.241633,Cancelled
291,441,2025-11-18 08:50:24.722802,Processing
292,845,2026-03-31 14:49:05.268110,Shipped
293,125,2026-04-04 01:54:02.460707,Cancelled
294,257,2026-07-24 04:39:34.039680,Shipped
295,274,2026-03-20 20:42:16.693795,Cancelled
296,47,2026-06-16 10:15:10.597591,Processing
297,624,2025-12-12 22:00:05.994104,Processing
298,922,2026-04-12 00:23:14.748853,Shipped
299,559,2025-12-27 21:18:16.015618,Cancelled
300,294,2025-09-17 08:07:06.671155,Shipped
301,345,2026-07-14 02:03:09.188394,Shipped
302,281,2026-01-29 17:48:05.634431,Processing
303,316,2025-10-29 19:28:34.025987,Cancelled
304,995,2026-03-05 16:58:03.431679,Cancelled
305,876,2026-03-17 23:00:53.564292,Cancelled
306,468,2026-02-18 04:57:12.234113,Cancelled
307,469,2026-06-28 02:05:08.482890,Delivered
308,154,2026-02-05 08:55:28.399432,Cancelled
309,627,2026-02-07 01:47:44.857680,Shipped
310,352,2025-10-26 22:57:56.652365,Cancelled
311,876,2026-05-19 12:38:39.292278,Shipped
312,98,2026-04-12 09:55:32.087003,Cancelled
313,36,2025-09-30 00:44:24.338051,Shipped
314,423,2025-10-05 12:00:50.477857,Cancelled
315,278,2026-01-22 19:54:49.166909,Cancelled
316,872,2026-02-04 14:47:55.342641,Cancelled
317,211,2026-07-04 11:17:51.348341,Processing
318,178,2025-12-05 14:59:50.894185,Shipped
319,138,2025-09-27 08:38:34.451306,Shipped
320,683,2026-02-18 09:14:14.234726,Cancelled
321,75,2026-05-31 19:59:43.842355,Cancelled
322,618,2026-03-16 05:14:09.634163,Delivered
323,990,2025-12-24 12:04:22.564358,Cancelled
324,664,2026-03-14 11:28:03.302502,Delivered
325,200,2026-03-31 10:57:10.271151,Processing
326,999,2026-07-23 01:30:00.224297,Delivered
327,597,2026-01-30 20:21:45.670621,Shipped
328,591,2026-01-09 22:44:52.697182,Processing
329,934,2026-06-05 07:06:39.138816,Shipped
330,27,2025-09-09 04:24:23.596414,Cancelled
331,228,2026-01-23 22:57:55.333080,Shipped
332,501,2025-08-21 12:52:13.638907,Cancelled
333,611,2025-10-01 22:11:51.170784,Processing
334,248,2025-08-19 06:33:23.155186,Cancelled
335,319,2026-05-24 20:12:58.098216,Cancelled
336,994,2026-05-29 00:04:11.008382,Delivered
337,882,2025-08-05 09:30:58.784472,Processing
338,256,2025-12-14 13:31:01.047973,Delivered
339,894,2025-10-08 02:08:14.060169,Cancelled
340,57,2026-01-20 17:34:19.645336,Delivered
341,972,2025-11-14 06:16:58.625277,Shipped
342,258,2026-06-10 23:32:17.513478,Delivered
343,186,2026-07-11 10:03:59.224327,Shipped
344,41,2025-12-05 09:53:48.128751,Cancelled
345,514,2026-04-22 07:21:47.577007,Delivered
346,272,2026-02-19 13:17:33.515603,Processing
347,540,2026-05-18 14:13:06.055794,Processing
348,391,2026-06-01 08:04:51.273368,Processing
349,518,2025-12-09 10:43:09.461156,Shipped
350,922,2026-01-05 15:49:59.511972,Shipped
351,596,2026-04-10 06:06:05.354066,Shipped
352,934,2026-03-04 10:09:54.740583,Processing
353,664,2026-01-10 01:25:31.111877,Cancelled
354,623,2026-01-22 14:15:24.302498,Processing
355,296,2026-06-15 05:30:29.123135,Cancelled
356,68,2026-03-03 16:44:54.557290,Delivered
357,343,2025-08-26 15:26:54.474725,Cancelled
358,951,2025-11-21 17:34:38.205936,Delivered
359,10,2026-01-21 01:18:01.184728,Shipped
360,721,2025-08-09 09:48:05.058885,Processing
361,745,2025-10-15 17:49:24.917315,Processing
362,398,2026-01-24 14:56:51.294389,Delivered
363,999,2026-01-24 13:25:37.556304,Processing
364,442,2025-12-29 17:23:10.993841,Shipped
365,660,2025-10-27 23:18:31.869520,Shipped
366,872,2025-10-01 19:25:00.585625,Processing
367,369,2026-03-15 17:14:44.198584,Delivered
368,536,2025-10-23 23:08:09.337068,Delivered
369,222,2026-06-17 08:09:50.325476,Shipped
370,426,2026-03-30 03:53:44.491462,Cancelled
371,456,2026-01-06 13:29:15.876271,Processing
372,437,2026-06-21 04:43:39.605473,Cancelled
373,636,2025-11-13 13:09:58.981475,Delivered
374,419,2026-05-03 11:18:25.702041,Processing
375,776,2025-11-12 16:27:04.042671,Delivered
376,485,2026-03-23 04:11:14.285845,Shipped
377,922,2026-02-11 19:18:09.690697,Shipped
378,969,2025-12-22 20:44:03.381599,Processing
379,940,2026-05-26 03:43:01.465801,Processing
380,258,2026-01-07 21:47:17.109657,Processing
381,539,2026-07-11 20:58:12.816299,Processing
382,121,2026-01-28 08:31:50.751168,Delivered
383,516,2025-10-31 15:13:01.083445,Delivered
384,168,2026-01-14 02:26:19.222632,Processing
385,813,2025-10-07 10:12:50.695127,Processing
386,906,2025-09-18 22:58:34.137093,Processing
387,868,2026-02-18 15:05:22.877693,Delivered
388,996,2026-07-04 02:40:45.692530,Delivered
389,132,2026-07-06 22:30:42.114248,Delivered
390,160,2026-04-09 19:49:27.822341,Cancelled
391,456,2026-02-24 17:13:57.998214,Shipped
392,133,2025-12-01 11:41:18.669354,Shipped
393,356,2026-05-04 04:11:51.578915,Processing
394,221,2025-09-21 18:31:38.584447,Processing
395,192,2026-03-26 23:58:19.544824,Processing
396,116,2026-06-09 20:05:22.985468,Processing
397,208,2026-02-15 09:14:27.459348,Delivered
398,739,2026-03-05 02:49:18.793767,Processing
399,768,2026-06-01 14:59:07.606925,Delivered
400,328,2026-03-05 12:43:54.838975,Shipped
401,499,2025-08-09 11:30:18.805631,Cancelled
402,938,2026-04-25 03:21:57.175500,Shipped
403,796,2026-02-10 15:39:07.720290,Processing
404,933,2025-11-05 14:24:44.883989,Shipped
405,207,2026-07-16 00:04:08.059683,Cancelled
406,347,2026-05-08 07:53:41.089541,Cancelled
407,620,2026-02-13 14:22:36.182946,Cancelled
408,801,2025-11-07 12:40:44.861681,Processing
409,865,2026-07-21 14:41:03.711758,Shipped
410,604,2026-01-01 11:44:04.050822,Cancelled
411,691,2026-02-28 06:17:20.857739,Cancelled
412,767,2025-11-04 10:03:41.581348,Shipped
413,853,2026-01-25 13:35:06.435672,Shipped
414,698,2026-07-28 11:54:56.946739,Processing
415,713,2026-04-13 02:13:32.769578,Shipped
416,672,2025-11-17 02:59:43.368376,Shipped
417,891,2026-02-04 22:53:24.924006,Shipped
418,389,2025-08-23 02:47:09.138159,Processing
419,713,2026-03-25 15:50:05.717863,Delivered
420,593,2026-04-10 20:22:38.224084,Shipped
421,143,2025-09-26 03:23:59.874364,Shipped
422,537,2025-12-09 04:58:12.520403,Cancelled
423,196,2025-12-28 02:54:13.034022,Cancelled
424,484,2025-10-19 11:25:12.531976,Shipped
425,701,2025-11-08 07:05:22.929243,Shipped
426,666,2026-06-06 09:29:43.136916,Delivered
427,54,2025-12-07 20:36:06.907761,Processing
428,397,2026-05-05 12:24:33.371578,Processing
429,103,2025-10-05 09:42:38.229980,Cancelled
430,875,2025-10-09 00:46:30.131865,Delivered
431,265,2025-08-11 05:49:21.792227,Processing
432,831,2026-04-20 00:34:20.308552,Delivered
433,846,2025-08-29 14:11:49.035488,Shipped
434,64,2025-08-28 19:45:19.617161,Cancelled
435,687,2025-10-03 05:25:48.441851,Processing
436,584,2025-08-05 04:46:27.921122,Shipped
437,315,2025-11-09 00:04:19.855253,Cancelled
438,678,2026-05-24 13:08:39.389587,Cancelled
439,840,2025-10-17 03:44:54.001496,Processing
440,77,2026-05-09 07:50:40.995003,Shipped
441,388,2026-04-17 00:29:08.561594,Shipped
442,498,2026-04-05 15:26:28.020983,Shipped
443,711,2025-10-19 17:49:04.671107,Shipped
444,381,2026-06-16 21:17:40.757005,Processing
445,686,2026-04-30 06:01:26.100482,Processing
446,853,2026-04-30 16:23:26.921657,Processing
447,378,2025-10-26 09:44:56.980600,Cancelled
448,620,2026-01-17 12:53:53.362750,Processing
449,410,2025-09-17 01:26:30.297115,Delivered
450,205,2025-09-10 03:37:21.386558,Processing
451,212,2026-06-02 09:12:47.104301,Cancelled
452,909,2025-10-24 08:13:02.135429,Shipped
453,627,2025-08-05 12:25:56.912461,Shipped
454,874,2025-08-11 19:38:06.220376,Cancelled
455,482,2025-11-03 02:56:02.294495,Shipped
456,799,2026-03-26 05:07:09.164877,Shipped
457,838,2026-06-15 01:53:03.484395,Processing
458,299,2026-05-01 15:25:42.436653,Cancelled
459,500,2026-05-30 19:28:47.155989,Processing
460,649,2025-12-07 02:54:09.956407,Delivered
461,776,2026-02-16 17:24:34.285715,Processing
462,405,2026-07-30 18:31:18.294084,Processing
463,849,2025-08-02 16:19:36.730829,Delivered
464,591,2025-11-18 01:11:48.850355,Delivered
465,918,2026-03-15 15:50:45.511060,Shipped
466,570,2025-08-27 10:45:37.879967,Delivered
467,512,2026-06-04 16:16:09.718426,Delivered
468,252,2026-05-02 06:58:20.627818,Processing
469,685,2025-09-01 15:20:04.865328,Delivered
470,357,2026-01-21 15:15:49.448537,Shipped
471,68,2026-06-10 05:52:09.284477,Cancelled
472,854,2025-08-10 12:52:58.684835,Cancelled
473,216,2025-10-25 23:12:39.906646,Delivered
474,381,2026-07-19 21:47:11.050266,Cancelled
475,532,2026-04-10 00:20:08.228591,Shipped
476,222,2026-05-29 19:58:55.213845,Processing
477,173,2025-09-15 10:45:15.943890,Processing
478,372,2026-04-06 14:11:53.824353,Cancelled
479,723,2025-12-18 19:26:33.129780,Processing
480,775,2025-08-21 09:25:37.541705,Processing
481,969,2026-05-05 01:25:50.762206,Processing
482,83,2025-11-17 13:08:19.529044,Processing
483,612,2026-05-22 05:19:09.601918,Shipped
484,788,2025-08-28 16:15:20.641084,Cancelled
485,279,2026-06-23 13:29:03.966866,Shipped
486,435,2026-02-22 07:33:35.765688,Delivered
487,189,2025-08-17 01:55:45.854759,Delivered
488,639,2025-12-31 06:57:17.329381,Delivered
489,236,2025-12-03 15:03:35.915454,Processing
490,453,2026-03-28 22:18:13.109854,Shipped
491,485,2026-06-06 20:49:35.050205,Cancelled
492,130,2025-11-04 20:01:43.416593,Processing
493,905,2026-06-26 23:22:23.423243,Delivered
494,551,2026-07-18 16:05:20.656660,Processing
495,256,2026-01-10 03:27:19.399536,Shipped
496,477,2026-03-27 07:03:41.172415,Cancelled
497,999,2025-09-24 04:27:26.916519,Cancelled
498,823,2026-05-04 04:54:40.701414,Delivered
499,778,2026-08-01 14:07:00.419241,Shipped
500,431,2025-08-21 03:59:02.329767,Processing
501,138,2025-11-06 11:57:23.638261,Processing
502,901,2025-12-08 12:26:49.296115,Shipped
503,267,2026-06-16 10:29:20.229305,Shipped
504,422,2025-08-11 11:13:14.465113,Processing
505,707,2026-08-01 22:14:37.940655,Shipped
506,987,2026-04-08 04:50:39.144203,Processing
507,527,2026-03-18 10:22:33.371350,Delivered
508,732,2025-12-30 03:11:17.107984,Cancelled
509,274,2025-10-07 22:19:25.970917,Shipped
510,583,2025-08-18 02:57:24.561855,Shipped
511,724,2026-01-06 18:39:50.217705,Processing
512,755,2025-08-06 10:56:35.725319,Shipped
513,962,2025-11-27 00:42:28.943080,Cancelled
514,816,2026-01-29 18:03:36.996801,Shipped
515,80,2026-02-01 16:32:51.175856,Shipped
516,676,2026-05-03 20:43:12.012835,Delivered
517,552,2026-06-26 14:50:23.987812,Delivered
518,889,2026-07-10 17:41:03.442783,Shipped
519,742,2026-04-04 22:43:34.423099,Delivered
520,586,2025-08-25 20:43:07.424472,Cancelled
521,664,2025-08-05 03:09:11.901985,Processing
522,900,2026-07-06 18:05:28.659895,Delivered
523,718,2026-05-16 06:12:39.833819,Cancelled
524,587,2026-03-18 11:33:38.479442,Shipped
525,475,2026-06-16 14:42:00.049614,Shipped
526,519,2026-04-10 18:53:10.127913,Delivered
527,15,2025-09-28 20:08:41.986650,Cancelled
528,706,2026-06-02 14:22:56.665904,Delivered
529,594,2025-10-09 15:23:40.831033,Delivered
530,355,2025-12-29 03:36:33.323373,Shipped
531,232,2026-06-15 02:11:00.484231,Cancelled
532,290,2026-02-17 05:32:12.935865,Processing
533,480,2025-12-23 06:06:07.487116,Shipped
534,759,2026-06-29 07:20:59.876284,Cancelled
535,742,2025-08-18 09:37:17.271108,Processing
536,416,2025-09-23 08:45:56.033447,Processing
537,50,2026-04-01 02:48:19.206745,Processing
538,286,2025-08-07 03:56:22.426241,Cancelled
539,531,2026-07-15 13:01:26.231232,Shipped
540,128,2025-11-22 19:20:35.542274,Delivered
541,433,2025-10-13 01:30:13.339862,Cancelled
542,955,2025-12-10 16:01:12.836168,Shipped
543,366,2026-07-09 15:58:13.842244,Delivered
544,537,2025-11-11 00:05:21.473940,Delivered
545,538,2025-08-31 16:22:56.372121,Cancelled
546,898,2026-03-16 06:43:34.572300,Processing
547,328,2026-04-04 07:15:39.400848,Shipped
548,805,2026-03-02 09:24:00.001003,Shipped
549,381,2025-08-03 10:02:49.015681,Cancelled
550,646,2025-11-30 12:20:26.789461,Shipped
551,288,2026-04-29 06:55:04.446675,Shipped
552,3,2026-07-15 09:02:01.389126,Shipped
553,788,2025-08-18 17:46:22.422723,Shipped
554,763,2026-05-26 18:38:49.827706,Cancelled
555,427,2026-01-14 09:27:14.329270,Processing
556,880,2026-06-21 13:03:49.294575,Processing
557,664,2025-08-16 03:53:18.345261,Cancelled
558,601,2026-06-13 12:17:33.858055,Processing
559,487,2025-10-01 04:07:48.315598,Shipped
560,248,2026-05-15 14:03:10.001454,Processing
561,724,2025-09-06 11:10:29.723779,Delivered
562,308,2025-10-15 14:54:39.723089,Shipped
563,152,2026-04-21 15:29:15.797067,Delivered
564,684,2026-01-23 16:17:23.345660,Processing
565,342,2025-10-17 09:26:32.406530,Cancelled
566,222,2025-09-18 12:11:03.868179,Delivered
567,519,2026-06-19 16:10:46.093254,Shipped
568,38,2026-03-26 15:55:57.646610,Delivered
569,184,2026-07-06 09:07:12.132837,Delivered
570,332,2025-12-09 21:30:44.627365,Cancelled
571,823,2026-05-13 14:50:13.914819,Delivered
572,1000,2025-10-02 02:37:20.816678,Processing
573,546,2026-03-09 08:53:54.072217,Processing
574,67,2026-07-16 05:14:49.859653,Cancelled
575,288,2026-06-05 01:13:00.058070,Delivered
576,492,2026-06-26 16:06:01.882714,Shipped
577,806,2026-04-13 03:20:26.869882,Cancelled
578,306,2025-09-30 18:17:19.656634,Cancelled
579,291,2026-01-19 03:54:00.235209,Processing
580,424,2026-06-16 13:45:16.821127,Cancelled
581,595,2026-01-02 20:27:51.436585,Shipped
582,183,2025-11-17 13:32:53.380207,Delivered
583,244,2026-03-23 03:42:29.338979,Delivered
584,879,2025-10-04 06:19:47.132594,Delivered
585,706,2025-11-06 01:56:28.613062,Delivered
586,957,2026-03-09 18:13:35.295456,Shipped
587,516,2025-08-25 12:35:30.072989,Cancelled
588,650,2026-02-21 05:57:25.539761,Processing
589,830,2026-01-16 07:21:31.013551,Processing
590,185,2026-06-16 14:26:19.088961,Processing
591,982,2025-09-13 16:34:27.024000,Processing
592,129,2026-07-15 21:37:30.367033,Processing
593,402,2025-09-25 14:45:21.178282,Cancelled
594,277,2026-07-10 05:19:08.423162,Delivered
595,90,2026-03-14 06:38:27.265663,Processing
596,138,2025-11-15 17:54:22.002368,Delivered
597,204,2025-08-19 01:47:57.465065,Processing
598,294,2026-03-21 17:33:59.433500,Shipped
599,86,2026-07-07 16:16:59.661969,Delivered
600,637,2026-04-03 23:36:13.776726,Cancelled
601,453,2025-12-21 18:55:38.791531,Shipped
602,51,2026-01-01 04:09:25.242586,Delivered
603,854,2025-10-18 01:48:21.237937,Cancelled
604,618,2026-06-13 14:56:13.282952,Cancelled
605,164,2025-11-14 13:17:58.224839,Shipped
606,111,2026-05-28 04:03:56.007093,Delivered
607,511,2026-04-03 01:12:15.857139,Shipped
608,599,2026-03-09 13:55:40.794475,Cancelled
609,562,2026-05-13 07:57:22.152613,Cancelled
610,110,2025-12-25 05:36:46.039715,Processing
611,544,2026-01-17 01:07:26.659385,Delivered
612,130,2025-09-12 07:49:14.325845,Cancelled
613,166,2026-06-19 02:19:47.394448,Cancelled
614,408,2026-01-08 08:55:58.119289,Processing
615,330,2025-10-01 01:33:21.854414,Processing
616,363,2025-08-26 20:31:09.890199,Processing
617,47,2025-10-31 19:48:19.016959,Delivered
618,526,2026-06-15 08:13:23.640580,Delivered
619,11,2026-01-01 05:49:23.591607,Cancelled
620,694,2025-08-18 04:32:19.868731,Cancelled
621,242,2025-12-13 18:24:57.404923,Shipped
622,737,2026-01-03 05:31:03.107034,Cancelled
623,593,2026-07-21 05:21:27.721380,Cancelled
624,241,2025-10-31 07:21:02.972517,Processing
625,668,2026-03-16 13:11:13.259830,Shipped
626,716,2025-12-31 10:06:01.394536,Processing
627,532,2026-02-23 00:27:16.467161,Processing
628,179,2025-08-21 16:16:00.305345,Delivered
629,298,2026-05-01 13:50:43.436578,Processing
630,951,2026-01-24 14:10:34.457388,Processing
631,606,2026-02-12 20:05:16.026453,Processing
632,312,2025-08-02 10:03:44.859907,Processing
633,221,2026-04-27 14:02:11.949515,Delivered
634,594,2025-11-15 16:51:58.399705,Delivered
635,646,2026-04-09 20:07:57.088321,Delivered
636,66,2026-05-10 19:55:06.336042,Shipped
637,634,2025-08-25 10:42:19.934947,Processing
638,495,2025-09-19 01:11:48.916434,Delivered
639,961,2025-10-19 23:26:38.623062,Cancelled
640,333,2026-04-11 12:26:46.571353,Delivered
641,918,2026-06-30 10:41:47.944923,Delivered
642,807,2026-06-10 12:09:54.163657,Cancelled
643,835,2026-03-27 13:56:50.842019,Cancelled
644,161,2025-09-29 00:11:40.964444,Cancelled
645,51,2026-05-03 13:35:17.994215,Processing
646,248,2025-09-04 08:40:43.457743,Delivered
647,992,2025-08-09 08:07:33.875067,Shipped
648,162,2026-06-26 03:54:29.682571,Delivered
649,981,2025-10-20 15:44:15.203166,Cancelled
650,426,2026-07-31 07:47:46.259609,Cancelled
651,694,2026-07-19 02:23:43.863958,Delivered
652,564,2025-10-15 05:52:56.570322,Shipped
653,303,2026-03-27 18:20:47.297511,Cancelled
654,271,2026-02-28 00:50:20.950435,Shipped
655,719,2025-12-18 00:41:58.020448,Processing
656,265,2026-01-05 01:00:15.008946,Delivered
657,846,2025-12-15 00:02:36.558891,Cancelled
658,496,2026-03-30 22:08:24.745682,Cancelled
659,516,2026-01-26 03:54:27.908554,Shipped
660,258,2025-10-25 13:24:23.968423,Shipped
661,780,2025-12-04 05:25:59.157637,Shipped
662,732,2025-11-06 03:44:05.866762,Shipped
663,439,2026-04-20 06:29:38.599124,Processing
664,677,2026-06-04 03:04:30.836402,Shipped
665,460,2026-07-24 13:19:27.964063,Delivered
666,93,2025-10-31 15:26:45.904713,Shipped
667,767,2026-03-05 01:55:10.602858,Cancelled
668,576,2025-11-17 05:51:20.640890,Processing
669,686,2025-12-26 13:59:21.676252,Delivered
670,291,2025-09-09 19:50:47.928013,Cancelled
671,638,2025-11-11 06:43:33.599533,Shipped
672,652,2026-04-04 01:20:53.671195,Shipped
673,179,2026-01-06 19:55:18.487810,Shipped
674,22,2025-08-08 18:03:53.231140,Shipped
675,71,2026-01-12 08:58:52.456292,Shipped
676,132,2026-02-11 08:59:48.163736,Processing
677,108,2025-08-31 12:17:59.423092,Delivered
678,389,2026-07-08 20:14:30.008235,Delivered
679,71,2026-06-08 01:57:24.816012,Cancelled
680,406,2026-02-05 09:38:06.084030,Cancelled
681,527,2026-03-28 09:30:13.963148,Processing
682,476,2026-06-19 03:14:32.216944,Processing
683,498,2026-03-11 00:35:58.045369,Shipped
684,820,2025-12-06 00:42:00.280288,Delivered
685,340,2026-03-05 16:03:04.021097,Delivered
686,386,2025-08-23 02:46:58.508395,Delivered
687,323,2026-06-02 04:41:33.957684,Delivered
688,915,2025-08-23 15:46:47.050392,Delivered
689,210,2025-09-27 09:25:37.548685,Cancelled
690,114,2025-12-09 07:28:00.513957,Cancelled
691,689,2026-02-21 23:30:26.097451,Cancelled
692,462,2026-04-28 07:23:57.454811,Processing
693,151,2026-01-22 12:40:34.551345,Shipped
694,690,2026-05-15 14:09:02.738981,Processing
695,231,2026-05-12 12:05:36.662279,Delivered
696,814,2026-01-26 07:48:02.394001,Cancelled
697,339,2026-01-27 19:59:54.717652,Delivered
698,707,2026-07-27 03:20:24.524250,Processing
699,161,2026-01-11 14:51:34.915265,Cancelled
700,230,2025-11-20 22:17:15.142590,Shipped
701,685,2026-06-20 20:43:18.779986,Shipped
702,521,2025-08-05 07:34:52.951863,Cancelled
703,11,2025-10-02 05:42:12.145577,Delivered
704,717,2025-08-27 14:01:44.423655,Cancelled
705,123,2025-11-15 23:29:58.548014,Cancelled
706,401,2025-10-14 16:07:26.761700,Delivered
707,89,2025-10-17 23:54:08.133334,Delivered
708,343,2025-12-25 20:31:39.741702,Cancelled
709,289,2026-05-27 08:20:22.889488,Shipped
710,274,2026-07-28 05:00:21.298188,Cancelled
711,332,2026-05-29 22:18:41.725662,Shipped
712,309,2026-05-08 05:53:38.663745,Delivered
713,713,2026-05-18 01:58:23.901247,Processing
714,606,2026-06-29 10:36:52.398732,Shipped
715,800,2026-07-22 01:51:45.763096,Processing
716,122,2026-01-06 12:40:57.353496,Cancelled
717,407,2025-10-19 21:19:04.699824,Cancelled
718,370,2025-08-06 11:54:35.227809,Delivered
719,845,2025-09-18 23:38:23.111908,Cancelled
720,297,2026-06-13 21:28:16.737039,Delivered
721,139,2026-07-25 15:48:47.634363,Delivered
722,728,2025-12-23 16:26:14.108857,Processing
723,30,2026-02-15 16:16:56.669300,Processing
724,774,2025-10-03 04:30:51.354686,Processing
725,921,2025-09-26 09:46:36.533350,Cancelled
726,620,2026-03-11 07:35:48.725900,Shipped
727,896,2025-09-13 22:13:05.894674,Cancelled
728,362,2025-11-09 14:34:08.368958,Processing
729,39,2025-12-06 22:36:06.471688,Delivered
730,156,2026-01-15 08:23:22.935886,Processing
731,277,2025-09-03 02:08:04.056393,Delivered
732,297,2025-12-19 02:28:17.033213,Delivered
733,407,2025-09-30 17:12:55.015250,Shipped
734,876,2026-07-09 16:17:30.701854,Cancelled
735,280,2025-11-03 23:46:45.549260,Cancelled
736,231,2025-12-23 10:14:50.948361,Delivered
737,338,2025-10-27 02:39:15.043320,Delivered
738,375,2026-03-04 11:54:16.531482,Shipped
739,831,2025-08-04 02:41:53.032513,Shipped
740,48,2026-05-30 12:25:41.962198,Processing
741,804,2026-01-30 09:17:02.549941,Cancelled
742,751,2025-10-14 13:42:34.888413,Delivered
743,178,2025-09-17 10:06:25.787364,Cancelled
744,244,2025-12-08 15:38:21.842694,Delivered
745,410,2025-11-19 22:02:04.520609,Cancelled
746,820,2026-02-14 20:15:41.149705,Shipped
747,588,2025-09-10 02:19:17.821831,Shipped
748,421,2025-09-04 11:48:50.122267,Shipped
749,132,2026-05-01 09:54:23.623769,Shipped
750,200,2025-08-28 14:14:48.956990,Processing
751,201,2026-01-24 11:09:16.115288,Processing
752,62,2026-07-28 15:40:13.478688,Cancelled
753,62,2026-02-11 20:56:45.217659,Processing
754,876,2026-01-24 21:43:51.266635,Cancelled
755,446,2026-01-05 09:38:44.731895,Delivered
756,364,2026-02-20 00:40:19.836036,Processing
757,363,2026-02-09 19:00:40.837947,Processing
758,933,2026-07-30 02:15:31.784918,Shipped
759,136,2025-08-09 11:06:58.022736,Shipped
760,196,2026-06-15 04:33:36.993951,Cancelled
761,799,2025-08-21 14:35:34.425131,Processing
762,911,2025-09-30 13:38:19.506305,Delivered
763,365,2026-03-26 07:41:07.318351,Delivered
764,527,2025-08-31 05:02:56.234637,Cancelled
765,505,2026-05-30 01:42:25.044267,Processing
766,354,2025-12-13 01:28:56.399984,Cancelled
767,587,2025-09-25 20:19:37.744406,Delivered
768,308,2025-10-01 05:15:29.932401,Shipped
769,948,2026-07-25 22:42:37.435539,Shipped
770,400,2026-02-11 15:35:55.991576,Shipped
771,536,2025-11-18 13:39:18.146985,Shipped
772,92,2026-04-28 03:22:58.259906,Cancelled
773,264,2025-08-14 19:11:19.847903,Processing
774,196,2026-02-22 02:05:03.610856,Cancelled
775,110,2026-04-13 13:55:12.214762,Delivered
776,574,2025-09-16 05:45:54.164446,Delivered
777,178,2026-02-09 01:28:44.828535,Processing
778,479,2026-03-12 13:36:57.444677,Shipped
779,530,2026-07-21 18:47:47.878627,Shipped
780,52,2026-05-20 00:43:15.452262,Cancelled
781,539,2026-05-20 14:36:00.650667,Shipped
782,361,2025-11-27 01:49:08.950556,Shipped
783,282,2026-02-06 04:44:39.639836,Delivered
784,826,2026-06-12 12:53:46.987440,Cancelled
785,407,2026-04-13 07:07:25.656769,Delivered
786,95,2025-12-06 10:25:27.062443,Delivered
787,123,2025-10-27 07:47:44.006893,Processing
788,554,2026-06-15 02:33:02.512345,Cancelled
789,216,2026-04-23 03:32:01.703286,Shipped
790,33,2026-05-07 16:18:06.944737,Shipped
791,861,2025-09-24 12:37:08.378712,Processing
792,373,2025-09-12 10:15:06.711335,Shipped
793,975,2025-08-19 16:33:22.042524,Cancelled
794,448,2025-09-22 14:17:39.677244,Cancelled
795,882,2026-04-06 01:39:50.176826,Delivered
796,901,2026-02-19 10:09:01.866845,Cancelled
797,471,2025-11-30 04:50:56.525141,Cancelled
798,128,2026-01-10 13:14:51.127528,Processing
799,309,2026-02-23 07:21:36.335763,Delivered
800,923,2025-08-22 18:17:18.595919,Processing
801,795,2026-03-22 21:52:53.874355,Processing
802,535,2026-05-28 08:53:21.062013,Delivered
803,124,2026-02-11 07:50:48.241101,Processing
804,946,2025-08-02 22:54:48.999551,Delivered
805,738,2026-02-02 13:50:13.545947,Delivered
806,777,2025-11-13 08:35:41.835879,Shipped
807,58,2026-07-28 01:13:47.864307,Cancelled
808,647,2026-07-01 11:14:45.255008,Shipped
809,118,2025-11-26 06:48:54.525863,Shipped
810,117,2026-03-17 11:46:02.011243,Cancelled
811,254,2026-02-25 06:29:37.203571,Processing
812,925,2026-01-09 17:21:22.108661,Cancelled
813,278,2025-10-24 18:39:17.381784,Processing
814,550,2026-07-07 16:08:53.143598,Delivered
815,875,2026-03-14 11:32:28.212822,Delivered
816,74,2026-03-12 23:04:15.159892,Cancelled
817,841,2026-04-09 23:17:43.126636,Cancelled
818,71,2026-02-04 14:45:26.433352,Delivered
819,447,2025-12-17 04:44:10.560731,Shipped
820,497,2026-02-05 15:05:56.063110,Delivered
821,442,2025-09-25 23:58:21.442729,Processing
822,179,2026-05-11 21:45:35.740091,Delivered
823,880,2026-03-17 19:50:50.884075,Cancelled
824,470,2026-04-06 18:30:49.488800,Shipped
825,293,2026-02-06 01:42:48.187437,Shipped
826,72,2025-10-20 06:20:54.920492,Processing
827,437,2025-10-29 13:15:36.379832,Cancelled
828,226,2026-05-11 14:58:57.209083,Shipped
829,188,2026-01-26 00:38:25.378075,Shipped
830,517,2026-02-03 07:03:31.974352,Processing
831,398,2026-05-18 02:58:07.031757,Processing
832,773,2026-07-01 03:19:20.319801,Cancelled
833,553,2026-01-02 08:14:57.232036,Processing
834,204,2026-06-02 10:42:58.691118,Processing
835,394,2026-03-02 15:07:02.178262,Delivered
836,426,2025-12-29 14:04:31.209647,Delivered
837,422,2026-01-23 01:01:32.906339,Shipped
838,250,2025-09-22 22:43:46.645880,Cancelled
839,319,2026-05-13 23:29:47.885709,Cancelled
840,886,2025-10-03 11:37:05.689459,Processing
841,902,2025-12-31 06:27:38.114838,Processing
842,140,2025-11-15 09:35:49.352384,Processing
843,51,2026-03-10 13:54:05.298873,Shipped
844,419,2026-03-29 13:15:33.333191,Delivered
845,796,2026-07-14 08:19:37.644389,Delivered
846,801,2026-01-31 02:08:33.282086,Processing
847,856,2026-07-16 17:24:13.232424,Processing
848,724,2026-04-25 21:54:31.389793,Cancelled
849,911,2025-10-25 01:49:33.822257,Shipped
850,76,2025-08-20 01:25:44.300324,Delivered
851,870,2025-11-12 17:45:45.015319,Processing
852,396,2026-03-17 22:24:00.976092,Shipped
853,878,2026-02-17 12:53:36.153458,Cancelled
854,94,2026-08-01 03:34:59.549788,Delivered
855,378,2026-02-12 15:54:23.451127,Cancelled
856,149,2025-12-27 17:26:29.121849,Delivered
857,965,2026-04-26 03:07:28.498765,Processing
858,878,2026-06-12 05:36:53.056906,Processing
859,626,2025-09-08 07:57:24.570396,Processing
860,615,2026-07-08 22:10:19.013383,Shipped
861,398,2026-04-07 19:35:32.882627,Cancelled
862,610,2026-01-07 07:46:36.305640,Cancelled
863,875,2025-08-15 15:47:35.069686,Cancelled
864,857,2026-06-18 00:51:58.930310,Delivered
865,623,2025-09-01 08:25:00.618832,Shipped
866,330,2026-04-05 14:34:50.280717,Processing
867,918,2026-07-08 15:00:01.059005,Delivered
868,795,2025-12-12 17:14:23.909329,Shipped
869,632,2025-11-07 04:14:25.439940,Cancelled
870,958,2025-10-19 04:11:41.865196,Processing
871,301,2026-02-08 06:00:04.236247,Shipped
872,156,2025-11-09 10:25:38.300200,Processing
873,614,2025-12-15 08:03:46.551004,Cancelled
874,850,2025-08-27 22:01:37.193533,Delivered
875,198,2026-07-13 07:05:03.280853,Cancelled
876,142,2025-12-07 04:50:44.874671,Shipped
877,989,2026-02-17 01:22:45.614495,Delivered
878,953,2026-03-30 18:30:51.700698,Delivered
879,816,2026-07-19 06:40:28.317153,Delivered
880,950,2026-05-18 19:06:57.755063,Shipped
881,112,2026-01-30 09:36:18.266496,Processing
882,728,2026-01-20 08:08:16.880830,Processing
883,282,2026-05-18 14:50:52.450823,Processing
884,708,2025-09-05 11:35:11.818908,Delivered
885,672,2026-03-22 11:29:54.895318,Cancelled
886,947,2026-05-06 15:59:10.912704,Cancelled
887,108,2026-03-18 06:36:01.708371,Cancelled
888,574,2025-11-20 14:23:05.254318,Cancelled
889,572,2026-05-05 21:50:44.041168,Shipped
890,798,2025-09-30 11:26:09.337979,Cancelled
891,868,2026-02-21 07:44:31.485468,Cancelled
892,507,2026-07-24 08:40:06.974336,Processing
893,689,2025-12-19 07:48:04.531893,Shipped
894,394,2025-10-26 08:33:35.001571,Shipped
895,723,2025-08-25 02:16:06.186126,Processing
896,117,2025-12-08 00:23:48.805897,Processing
897,538,2026-01-01 17:47:14.640419,Delivered
898,100,2026-07-26 07:30:38.155010,Shipped
899,404,2025-10-30 06:50:47.785682,Cancelled
900,200,2026-03-08 17:10:18.197649,Cancelled
901,255,2026-01-26 15:59:04.652735,Shipped
902,405,2026-04-12 06:45:04.483789,Cancelled
903,618,2025-09-17 23:11:57.223568,Shipped
904,448,2025-12-01 19:27:14.579611,Delivered
905,312,2026-07-16 16:39:56.214234,Cancelled
906,100,2026-02-17 21:02:37.790224,Shipped
907,10,2025-10-25 20:50:40.775555,Processing
908,655,2025-11-11 05:39:42.639908,Processing
909,28,2026-02-07 23:53:37.754011,Cancelled
910,180,2026-03-13 22:46:31.115649,Shipped
911,369,2026-04-13 10:16:15.122982,Cancelled
912,12,2025-11-25 14:48:39.927726,Delivered
913,848,2026-07-22 19:42:18.493636,Delivered
914,232,2026-07-27 14:33:35.538843,Processing
915,860,2026-05-28 23:56:38.959452,Delivered
916,342,2026-02-09 03:26:43.305588,Cancelled
917,423,2026-05-05 10:51:56.404472,Cancelled
918,929,2025-09-23 18:09:20.904090,Delivered
919,86,2025-08-04 13:02:35.257192,Cancelled
920,311,2026-04-05 14:06:08.614837,Cancelled
921,409,2026-01-03 08:59:10.668283,Delivered
922,803,2026-05-27 01:48:54.755849,Processing
923,447,2026-03-20 23:59:05.326927,Shipped
924,142,2025-10-29 17:15:04.123644,Processing
925,27,2026-01-07 18:52:04.553198,Delivered
926,651,2025-12-02 09:28:54.707085,Shipped
927,407,2025-10-18 15:22:59.215289,Delivered
928,507,2026-05-22 09:17:33.567132,Processing
929,206,2026-04-06 07:08:20.762128,Delivered
930,589,2026-05-19 07:06:13.101603,Shipped
931,927,2026-01-29 14:20:42.181586,Cancelled
932,540,2026-04-03 05:28:04.131132,Processing
933,908,2026-07-20 07:12:07.100349,Delivered
934,228,2025-09-22 00:25:01.909898,Processing
935,947,2025-10-20 06:34:48.544349,Cancelled
936,520,2025-10-22 10:36:42.483308,Processing
937,752,2025-09-18 10:13:40.456604,Shipped
938,290,2025-08-27 15:11:06.320933,Cancelled
939,761,2026-06-01 03:19:27.299137,Processing
940,543,2026-04-26 08:49:58.499880,Cancelled
941,291,2025-10-30 06:33:09.087280,Cancelled
942,80,2025-09-28 18:39:00.183875,Delivered
943,777,2026-06-03 02:22:13.452806,Shipped
944,897,2026-05-11 01:07:38.622634,Cancelled
945,149,2026-04-19 02:40:30.030920,Processing
946,426,2026-03-11 11:46:31.815628,Processing
947,758,2026-02-12 20:18:47.074820,Cancelled
948,607,2026-06-15 01:07:13.828750,Processing
949,839,2026-03-30 18:35:06.380826,Delivered
950,172,2026-04-09 01:09:45.034708,Cancelled
951,499,2026-07-30 23:15:06.508481,Cancelled
952,893,2026-04-17 13:57:33.941367,Delivered
953,28,2026-01-11 00:04:58.217052,Processing
954,918,2025-08-30 04:46:28.821452,Cancelled
955,39,2025-11-26 16:28:49.782186,Shipped
956,180,2026-07-17 11:57:45.337727,Delivered
957,318,2026-03-27 04:19:29.474457,Cancelled
958,618,2026-01-13 13:21:41.577341,Shipped
959,15,2026-03-02 01:12:10.376923,Cancelled
960,682,2025-11-24 14:10:38.091801,Delivered
961,961,2025-12-13 13:42:18.384394,Processing
962,790,2026-06-08 12:24:41.886024,Cancelled
963,618,2026-01-25 19:46:52.763432,Delivered
964,31,2025-08-14 15:11:15.937235,Delivered
965,37,2026-07-29 00:23:58.193596,Shipped
966,196,2026-07-15 07:38:43.936262,Cancelled
967,677,2026-01-10 05:45:51.426631,Shipped
968,201,2026-06-10 03:48:49.742338,Processing
969,519,2026-03-10 18:04:18.497360,Shipped
970,794,2026-03-05 11:54:45.405090,Delivered
971,11,2025-09-13 12:23:52.851940,Cancelled
972,103,2026-05-24 13:17:25.194805,Delivered
973,112,2026-03-19 13:09:10.383021,Shipped
974,819,2026-06-23 21:02:21.192245,Shipped
975,291,2026-05-22 01:51:32.266773,Processing
976,104,2026-01-08 01:38:32.999371,Processing
977,474,2025-12-02 08:58:17.563296,Processing
978,71,2025-10-22 20:44:24.545410,Delivered
979,162,2025-12-23 18:24:01.559095,Cancelled
980,282,2026-03-24 14:00:26.752798,Shipped
981,913,2026-01-07 22:39:04.947287,Cancelled
982,32,2026-07-16 10:15:19.285690,Shipped
983,488,2025-10-16 12:18:51.973414,Shipped
984,968,2026-04-24 11:20:46.684556,Processing
985,657,2025-12-17 14:08:00.940053,Delivered
986,537,2025-08-06 00:11:05.981493,Cancelled
987,697,2026-02-18 01:01:08.458386,Shipped
988,668,2026-03-31 21:53:26.293242,Cancelled
989,772,2025-10-08 08:22:11.198884,Processing
990,335,2026-01-11 06:02:06.667851,Shipped
991,913,2025-12-20 06:53:44.317678,Shipped
992,97,2026-05-13 04:43:58.446023,Cancelled
993,212,2026-06-22 01:16:58.086307,Cancelled
994,969,2025-08-27 08:11:17.358701,Delivered
995,356,2025-12-23 16:19:41.813488,Shipped
996,195,2025-08-03 16:57:04.068237,Delivered
997,804,2026-01-19 11:21:30.434811,Delivered
998,781,2026-02-08 05:11:28.176070,Delivered
999,21,2026-07-29 08:45:21.578345,Delivered
1000,905,2025-11-06 21:43:27.316592,Shipped
1001,534,2025-08-29 08:53:21.956809,Shipped
1002,398,2026-04-04 14:06:48.486072,Delivered
1003,686,2025-10-17 02:24:45.060117,Processing
1004,644,2026-03-05 01:04:09.644978,Delivered
1005,913,2025-11-15 14:31:22.597444,Delivered
1006,446,2026-04-30 02:55:47.725197,Shipped
1007,641,2026-02-19 19:22:33.075178,Shipped
1008,952,2026-07-12 12:05:38.980555,Cancelled
1009,51,2026-06-06 01:53:27.558497,Processing
1010,733,2026-02-17 13:09:09.634549,Processing
1011,93,2026-02-19 01:38:23.842188,Shipped
1012,658,2025-12-05 12:23:04.402512,Shipped
1013,829,2026-03-07 18:55:57.648296,Processing
1014,525,2026-04-22 17:35:36.547044,Cancelled
1015,816,2026-04-11 23:13:35.887331,Cancelled
1016,839,2026-07-27 07:09:27.474123,Delivered
1017,874,2025-09-12 18:21:32.385826,Processing
1018,106,2025-08-12 13:42:20.168774,Cancelled
1019,303,2026-01-02 07:10:03.032729,Shipped
1020,455,2025-08-05 18:15:44.281773,Shipped
1021,112,2026-06-25 04:05:10.303144,Shipped
1022,766,2025-08-17 06:05:04.302078,Delivered
1023,382,2026-04-24 15:42:24.311830,Shipped
1024,731,2026-03-18 01:57:33.563595,Shipped
1025,300,2026-03-24 05:02:08.210072,Cancelled
1026,774,2025-08-31 03:31:44.203545,Delivered
1027,713,2026-05-17 01:12:03.721863,Shipped
1028,922,2026-05-11 08:51:49.191116,Processing
1029,972,2026-06-28 04:00:25.515233,Processing
1030,767,2025-12-10 06:38:10.198492,Shipped
1031,502,2026-06-29 11:48:42.687611,Processing
1032,486,2025-08-18 05:22:27.136329,Shipped
1033,459,2025-12-17 08:31:43.892229,Shipped
1034,913,2025-09-28 01:37:31.359004,Cancelled
1035,289,2025-09-26 12:24:50.571467,Delivered
1036,346,2026-07-15 07:41:23.557796,Delivered
1037,607,2025-09-04 05:23:00.796176,Processing
1038,568,2025-12-09 00:52:17.909014,Processing
1039,599,2025-12-30 08:31:12.931106,Delivered
1040,101,2026-01-02 12:34:50.808046,Shipped
1041,819,2026-01-19 20:12:42.137434,Shipped
1042,983,2026-05-03 19:14:53.609083,Cancelled
1043,822,2025-10-25 03:18:30.782330,Cancelled
1044,568,2026-07-21 02:21:17.134183,Processing
1045,363,2025-09-05 19:01:02.401245,Cancelled
1046,956,2026-07-12 11:58:07.771289,Processing
1047,678,2026-06-24 22:20:08.270257,Shipped
1048,1,2026-05-11 20:59:51.495209,Processing
1049,328,2025-10-21 01:00:04.459939,Delivered
1050,491,2026-04-14 08:34:04.085140,Delivered
1051,559,2026-05-13 10:03:20.679758,Shipped
1052,936,2026-01-18 14:13:32.572598,Cancelled
1053,900,2025-09-28 16:42:47.831480,Processing
1054,442,2026-03-31 01:16:53.045449,Cancelled
1055,943,2026-05-21 10:31:12.115469,Processing
1056,106,2026-03-04 16:48:57.123369,Cancelled
1057,93,2026-06-28 21:41:11.440500,Shipped
1058,281,2026-05-31 04:03:43.192081,Cancelled
1059,178,2026-04-29 08:23:54.312206,Processing
1060,93,2025-11-15 09:26:55.920674,Processing
1061,627,2026-07-29 22:48:53.141367,Delivered
1062,343,2025-11-21 21:53:49.251511,Cancelled
1063,881,2026-05-08 08:47:34.040182,Delivered
1064,15,2025-09-29 08:32:33.661243,Processing
1065,535,2026-05-24 22:13:26.663332,Cancelled
1066,821,2025-09-13 14:42:06.864458,Cancelled
1067,516,2026-05-18 07:17:49.472655,Processing
1068,153,2026-06-15 13:41:15.726245,Shipped
1069,131,2026-05-31 20:15:15.430486,Processing
1070,474,2026-06-29 14:14:35.640847,Processing
1071,523,2026-04-13 14:30:02.820827,Processing
1072,161,2026-05-06 08:45:39.668993,Cancelled
1073,984,2026-07-27 21:50:07.955750,Delivered
1074,80,2026-04-14 11:07:40.437479,Delivered
1075,887,2026-05-18 19:18:16.091939,Delivered
1076,513,2025-11-11 19:36:29.648301,Delivered
1077,256,2026-01-30 15:33:56.790107,Processing
1078,661,2026-01-15 11:18:29.816087,Delivered
1079,160,2026-03-08 00:21:27.100397,Processing
1080,400,2026-01-13 20:03:06.672361,Delivered
1081,538,2026-05-12 04:35:14.620060,Processing
1082,234,2025-11-13 15:53:46.751433,Processing
1083,229,2026-01-13 19:57:20.278635,Delivered
1084,628,2026-07-18 08:55:49.866673,Processing
1085,699,2026-02-12 18:53:13.392452,Shipped
1086,311,2026-05-21 17:37:36.077145,Delivered
1087,756,2025-10-17 12:16:25.981005,Cancelled
1088,753,2025-10-22 22:38:14.427275,Cancelled
1089,540,2026-06-30 06:04:43.152419,Cancelled
1090,772,2025-12-09 04:52:07.564572,Cancelled
1091,176,2025-09-09 06:33:30.748040,Cancelled
1092,80,2026-07-30 01:16:35.184118,Processing
1093,942,2026-05-28 15:06:37.326936,Delivered
1094,837,2026-05-14 08:00:07.284276,Cancelled
1095,315,2026-01-07 09:55:43.624741,Delivered
1096,799,2026-06-09 09:00:26.052727,Processing
1097,285,2025-08-08 12:56:13.632862,Processing
1098,755,2026-03-27 07:07:47.352899,Processing
1099,414,2026-05-23 14:11:46.953263,Shipped
1100,607,2026-01-23 21:26:49.638421,Delivered
1101,819,2026-06-23 14:36:37.598135,Delivered
1102,913,2025-11-17 19:56:03.269448,Processing
1103,622,2026-03-08 13:22:47.751959,Shipped
1104,247,2025-12-01 15:00:25.753996,Shipped
1105,281,2026-01-18 02:39:56.578254,Delivered
1106,755,2026-02-15 07:38:54.899976,Shipped
1107,874,2025-10-23 08:21:43.515368,Delivered
1108,956,2026-01-18 02:33:29.967283,Delivered
1109,487,2025-11-27 05:30:22.869899,Cancelled
1110,680,2026-05-31 04:56:15.434916,Cancelled
1111,403,2025-11-14 06:34:28.002357,Cancelled
1112,504,2026-06-21 18:25:51.136827,Cancelled
1113,703,2025-08-14 19:12:55.347860,Processing
1114,86,2026-06-30 00:03:15.571118,Processing
1115,321,2026-04-02 15:56:23.723094,Delivered
1116,616,2026-02-12 01:08:11.582189,Shipped
1117,992,2026-02-21 16:10:40.187260,Delivered
1118,107,2026-06-17 03:12:55.059258,Cancelled
1119,136,2025-08-16 02:42:34.079403,Shipped
1120,401,2025-12-28 00:01:35.037207,Cancelled
1121,187,2025-11-28 22:10:53.604239,Delivered
1122,960,2026-03-09 19:41:46.457729,Processing
1123,920,2026-01-06 18:36:58.826837,Cancelled
1124,605,2025-10-16 14:14:07.489088,Delivered
1125,532,2026-07-20 01:21:07.588544,Delivered
1126,62,2026-03-02 00:37:26.360792,Shipped
1127,601,2026-04-01 20:01:11.148906,Cancelled
1128,117,2025-09-22 06:30:33.530891,Shipped
1129,428,2026-03-07 03:33:49.605385,Shipped
1130,496,2025-12-27 07:57:19.050992,Processing
1131,870,2026-02-13 19:04:32.307623,Processing
1132,48,2025-10-14 23:42:58.024109,Shipped
1133,379,2026-02-19 20:52:43.376987,Shipped
1134,198,2025-09-29 13:24:17.350417,Processing
1135,979,2025-12-08 12:06:23.716890,Processing
1136,423,2025-08-24 11:04:30.797972,Delivered
1137,320,2026-01-08 13:06:26.735906,Cancelled
1138,870,2025-11-16 05:48:02.845633,Shipped
1139,26,2026-06-14 12:26:49.776933,Cancelled
1140,891,2026-02-16 02:19:48.929116,Delivered
1141,258,2025-12-27 01:14:25.523744,Cancelled
1142,946,2025-12-14 16:44:27.465117,Cancelled
1143,612,2025-11-07 21:01:20.288641,Delivered
1144,373,2026-02-27 21:00:05.668793,Delivered
1145,838,2026-05-08 00:50:37.055765,Delivered
1146,411,2025-08-26 04:35:22.401291,Shipped
1147,726,2026-07-26 00:13:20.959122,Shipped
1148,507,2026-01-17 08:13:45.424637,Shipped
1149,909,2026-03-12 01:40:53.864100,Processing
1150,44,2026-01-11 06:06:27.863009,Cancelled
1151,856,2025-10-28 05:57:50.381363,Cancelled
1152,499,2025-12-26 20:22:01.558385,Shipped
1153,871,2026-02-21 21:08:38.885841,Cancelled
1154,689,2026-03-17 12:21:25.479951,Cancelled
1155,350,2026-05-21 20:28:09.650944,Shipped
1156,890,2026-06-08 09:03:10.283632,Processing
1157,69,2025-11-03 06:53:04.814320,Delivered
1158,633,2025-08-23 09:27:25.923124,Processing
1159,170,2026-05-27 02:49:17.644753,Delivered
1160,337,2026-06-10 07:35:01.511386,Processing
1161,401,2026-02-22 02:33:48.890872,Processing
1162,366,2025-12-03 23:13:03.802037,Processing
1163,274,2026-01-29 19:33:12.225236,Shipped
1164,590,2026-06-02 08:42:48.713420,Shipped
1165,413,2025-10-28 22:48:24.525944,Shipped
1166,764,2026-02-25 10:39:27.321553,Delivered
1167,704,2026-05-17 03:10:40.728063,Cancelled
1168,854,2026-02-24 19:54:02.003083,Shipped
1169,156,2025-09-25 07:36:01.019252,Processing
1170,343,2026-06-13 15:24:23.634190,Delivered
1171,21,2026-05-04 00:48:11.626292,Delivered
1172,956,2025-10-07 07:47:16.620038,Processing
1173,501,2026-06-08 03:02:42.167578,Processing
1174,560,2026-03-05 08:00:35.284227,Cancelled
1175,366,2025-08-05 01:02:03.604327,Shipped
1176,473,2025-10-12 04:41:16.602288,Delivered
1177,522,2025-08-27 06:11:20.913794,Shipped
1178,714,2026-03-22 14:07:18.432006,Processing
1179,589,2026-04-16 23:04:47.981751,Shipped
1180,748,2025-10-24 06:01:43.811515,Delivered
1181,781,2026-05-18 04:11:20.677104,Delivered
1182,770,2026-05-24 14:18:18.987828,Processing
1183,610,2026-05-17 14:45:08.884132,Shipped
1184,115,2025-09-28 10:53:26.679122,Delivered
1185,649,2026-04-27 14:22:18.653223,Delivered
1186,916,2025-11-21 14:55:57.137718,Cancelled
1187,759,2026-03-22 08:06:07.251742,Shipped
1188,975,2026-06-17 07:41:19.444864,Processing
1189,592,2025-11-17 11:06:11.470953,Processing
1190,604,2026-07-17 18:29:40.390626,Cancelled
1191,546,2026-04-14 12:44:40.176461,Processing
1192,83,2026-07-16 08:24:10.498239,Shipped
1193,5,2026-02-04 18:06:37.431798,Shipped
1194,764,2026-03-16 05:13:07.108953,Delivered
1195,821,2025-12-30 11:45:42.014144,Shipped
1196,30,2026-06-30 14:59:19.011682,Shipped
1197,364,2026-06-29 01:02:43.505333,Cancelled
1198,199,2025-10-06 03:05:37.727817,Shipped
1199,473,2026-04-08 07:57:25.838531,Delivered
1200,912,2026-07-10 23:56:17.003080,Delivered
1201,305,2025-09-20 22:48:27.912110,Processing
1202,934,2025-09-01 08:38:34.407941,Shipped
1203,806,2026-07-14 21:42:36.235485,Delivered
1204,561,2025-08-02 03:37:23.680448,Cancelled
1205,367,2026-03-17 21:57:23.534418,Shipped
1206,571,2026-06-17 15:14:58.263803,Processing
1207,146,2026-03-17 07:08:47.735533,Shipped
1208,10,2025-12-27 19:24:32.640391,Cancelled
1209,273,2025-12-13 20:40:40.550670,Delivered
1210,118,2025-12-17 01:15:56.814423,Processing
1211,402,2026-05-05 23:27:03.283589,Processing
1212,66,2026-03-28 02:11:35.541696,Shipped
1213,593,2026-06-10 18:26:30.452919,Delivered
1214,296,2025-10-24 22:54:47.507022,Processing
1215,464,2026-03-30 17:02:31.522990,Processing
1216,963,2026-03-12 00:47:44.549903,Shipped
1217,40,2026-04-08 02:14:07.072596,Cancelled
1218,119,2025-12-04 05:01:25.461239,Shipped
1219,250,2026-03-10 14:12:43.335009,Cancelled
1220,568,2026-05-06 20:23:40.536685,Cancelled
1221,645,2026-06-12 09:02:01.934338,Shipped
1222,468,2025-08-27 22:55:59.282549,Shipped
1223,678,2026-04-21 21:39:08.654951,Processing
1224,320,2026-03-10 19:20:13.667833,Cancelled
1225,406,2025-11-05 09:05:06.091123,Delivered
1226,954,2026-02-13 20:08:54.300550,Delivered
1227,435,2026-06-05 23:34:25.616210,Cancelled
1228,550,2026-07-07 00:44:19.545777,Shipped
1229,935,2025-12-18 07:17:30.061629,Cancelled
1230,820,2025-12-24 04:06:17.471488,Shipped
1231,975,2025-12-15 06:37:50.671331,Delivered
1232,506,2026-05-23 17:22:24.078002,Processing
1233,816,2025-09-04 05:15:34.670198,Delivered
1234,748,2025-10-28 08:54:46.713634,Processing
1235,37,2025-10-14 23:46:35.686906,Processing
1236,166,2026-04-24 13:34:17.158638,Shipped
1237,483,2026-06-24 08:00:51.462964,Delivered
1238,766,2026-06-27 14:27:15.350998,Shipped
1239,96,2026-01-29 02:23:47.382548,Processing
1240,938,2025-08-23 05:08:07.112038,Shipped
1241,635,2026-07-18 11:56:55.946595,Shipped
1242,960,2026-07-02 10:24:27.392449,Shipped
1243,326,2026-07-15 19:58:29.084698,Delivered
1244,231,2026-02-14 19:12:36.275834,Delivered
1245,537,2025-11-29 08:02:08.795444,Processing
1246,447,2026-01-05 21:59:19.934486,Shipped
1247,12,2026-01-31 13:17:25.532525,Cancelled
1248,523,2025-10-25 21:56:34.270119,Delivered
1249,218,2026-05-16 19:14:42.504536,Delivered
1250,231,2025-10-20 07:49:47.396191,Shipped
1251,631,2026-06-29 11:13:15.971038,Processing
1252,56,2026-04-12 12:57:34.058291,Processing
1253,113,2025-08-22 00:41:13.193584,Processing
1254,850,2025-11-17 02:33:50.312389,Cancelled
1255,497,2026-01-02 00:07:40.710190,Cancelled
1256,713,2025-08-20 14:32:44.863027,Processing
1257,624,2026-07-16 02:05:10.856121,Cancelled
1258,862,2026-02-25 17:55:43.519568,Processing
1259,67,2026-07-13 11:58:56.369970,Shipped
1260,800,2026-03-06 04:44:38.508389,Delivered
1261,993,2026-07-29 09:28:24.002973,Cancelled
1262,142,2025-12-22 23:53:48.729421,Shipped
1263,742,2025-11-14 04:28:44.784390,Shipped
1264,293,2026-06-18 23:32:55.992558,Cancelled
1265,592,2025-11-17 05:45:57.625411,Processing
1266,761,2025-11-07 08:06:13.760195,Cancelled
1267,339,2026-07-18 05:36:00.949334,Shipped
1268,632,2025-10-17 20:04:15.985272,Shipped
1269,454,2026-03-18 09:34:24.456531,Delivered
1270,721,2026-06-08 02:50:46.922704,Processing
1271,10,2025-11-28 20:55:43.882940,Delivered
1272,877,2025-11-16 20:36:41.339283,Processing
1273,209,2025-12-04 05:29:51.560555,Processing
1274,632,2025-10-02 00:59:27.781571,Cancelled
1275,884,2025-08-04 15:10:57.209926,Cancelled
1276,299,2026-01-30 19:00:40.955527,Cancelled
1277,406,2025-12-23 21:17:04.111822,Shipped
1278,812,2026-07-03 02:52:07.868726,Cancelled
1279,352,2025-11-04 23:15:10.220505,Shipped
1280,337,2026-02-20 16:06:36.814156,Cancelled
1281,38,2026-07-19 04:31:07.996526,Delivered
1282,872,2026-07-17 17:30:07.203733,Cancelled
1283,837,2025-12-11 02:33:34.439511,Processing
1284,646,2026-03-31 12:11:04.283543,Processing
1285,237,2026-03-21 09:57:16.506726,Shipped
1286,257,2026-02-08 15:35:02.954129,Cancelled
1287,532,2026-03-13 10:03:42.416314,Delivered
1288,55,2025-12-09 10:51:22.158607,Shipped
1289,560,2026-06-15 18:06:54.827147,Cancelled
1290,472,2026-01-16 05:05:46.374271,Processing
1291,701,2026-01-09 03:42:34.344769,Shipped
1292,748,2026-03-21 21:39:21.257620,Processing
1293,181,2025-10-10 02:55:58.707387,Cancelled
1294,590,2026-04-29 22:50:31.679045,Delivered
1295,554,2025-11-08 06:27:02.750920,Cancelled
1296,65,2026-04-07 13:04:05.805843,Cancelled
1297,236,2026-04-07 16:13:51.320492,Processing
1298,64,2025-12-20 20:03:34.278025,Delivered
1299,938,2026-07-08 10:04:51.580545,Delivered
1300,260,2025-12-26 20:05:56.059125,Delivered
1301,684,2025-10-07 14:50:08.520557,Shipped
1302,227,2025-08-19 01:50:11.544245,Delivered
1303,936,2026-03-13 00:43:22.148169,Cancelled
1304,446,2025-09-27 05:34:42.562856,Cancelled
1305,853,2025-09-08 17:46:37.774065,Cancelled
1306,898,2026-06-12 20:42:39.661872,Cancelled
1307,753,2025-10-20 21:36:28.108968,Shipped
1308,685,2025-10-04 13:47:09.259966,Delivered
1309,195,2026-04-20 18:29:17.569914,Shipped
1310,899,2025-09-19 01:12:12.352034,Processing
1311,340,2026-01-11 17:47:49.974366,Delivered
1312,339,2026-05-29 05:18:38.754678,Delivered
1313,354,2026-01-01 16:58:09.658923,Delivered
1314,3,2026-01-01 01:19:44.468271,Processing
1315,74,2026-05-24 21:12:33.621010,Shipped
1316,891,2025-08-06 19:54:41.101598,Cancelled
1317,492,2026-01-11 15:57:07.141187,Delivered
1318,102,2026-02-05 05:43:20.671194,Shipped
1319,724,2026-06-21 15:02:47.355114,Cancelled
1320,640,2026-04-28 15:47:30.906410,Shipped
1321,352,2026-07-17 07:30:29.179094,Cancelled
1322,385,2025-09-18 11:18:42.368880,Cancelled
1323,681,2025-11-13 05:28:15.704273,Processing
1324,817,2026-03-27 10:28:29.993247,Cancelled
1325,130,2026-01-08 01:44:11.514518,Cancelled
1326,861,2026-02-17 19:49:48.639135,Processing
1327,239,2026-03-04 02:00:38.589029,Cancelled
1328,330,2026-05-12 21:49:09.987747,Cancelled
1329,826,2025-08-30 19:35:59.121384,Processing
1330,441,2025-08-15 20:26:23.670293,Shipped
1331,805,2025-08-07 18:18:40.390212,Shipped
1332,819,2025-08-31 03:56:28.842853,Shipped
1333,993,2026-04-14 19:49:49.391098,Delivered
1334,30,2025-10-27 03:47:48.807250,Processing
1335,312,2026-04-07 13:52:32.189567,Shipped
1336,909,2026-03-29 21:11:09.454527,Delivered
1337,2,2026-05-31 06:18:00.669502,Processing
1338,646,2025-09-02 04:46:24.287286,Cancelled
1339,664,2026-06-16 08:54:22.813856,Cancelled
1340,969,2026-04-05 17:32:06.926378,Processing
1341,213,2025-12-29 20:44:37.022872,Delivered
1342,411,2025-08-08 12:42:31.337023,Cancelled
1343,763,2025-10-24 10:53:51.165572,Delivered
1344,811,2026-07-12 00:12:32.651716,Delivered
1345,547,2026-04-11 18:32:59.041069,Shipped
1346,428,2026-04-06 08:47:34.163323,Shipped
1347,69,2025-08-07 18:43:36.231296,Processing
1348,991,2025-08-25 05:37:30.987833,Delivered
1349,338,2026-04-05 13:51:10.746585,Cancelled
1350,344,2026-01-28 13:04:00.485289,Cancelled
1351,762,2026-05-19 18:22:16.221627,Processing
1352,51,2026-05-05 18:43:56.464714,Cancelled
1353,962,2025-10-02 16:53:03.185639,Shipped
1354,676,2026-02-06 16:29:58.611676,Processing
1355,808,2026-05-13 22:36:59.381664,Delivered
1356,367,2025-10-06 13:38:15.813587,Shipped
1357,492,2025-11-19 20:06:00.030990,Delivered
1358,596,2025-12-22 01:17:21.589565,Delivered
1359,118,2026-03-10 00:47:21.966045,Shipped
1360,594,2026-03-05 00:29:15.775569,Delivered
1361,746,2026-03-27 09:13:27.774788,Shipped
1362,694,2026-02-14 21:58:13.306476,Processing
1363,117,2026-03-07 12:33:17.804193,Shipped
1364,193,2026-07-07 03:25:24.464342,Cancelled
1365,42,2025-10-10 21:46:59.527523,Shipped
1366,207,2026-06-25 21:45:31.038547,Processing
1367,486,2026-06-28 22:45:21.401876,Shipped
1368,780,2026-04-11 15:27:32.215503,Delivered
1369,407,2026-03-18 11:29:05.637167,Processing
1370,496,2026-07-21 20:47:59.804970,Cancelled
1371,156,2026-03-20 04:21:30.226023,Cancelled
1372,86,2026-01-17 07:53:39.042498,Shipped
1373,869,2026-04-27 22:43:01.089012,Processing
1374,238,2025-12-19 11:50:57.506862,Processing
1375,700,2025-08-08 06:35:57.078542,Processing
1376,287,2026-01-03 12:59:18.949898,Cancelled
1377,199,2025-08-25 06:50:04.368908,Cancelled
1378,745,2026-07-06 19:04:03.224595,Processing
1379,928,2025-12-12 08:30:17.199901,Cancelled
1380,619,2026-03-06 17:39:12.331116,Processing
1381,525,2026-02-23 10:50:28.177460,Cancelled
1382,20,2026-07-01 02:41:03.527927,Shipped
1383,495,2026-01-30 11:25:21.815680,Processing
1384,739,2025-12-23 17:34:38.184975,Cancelled
1385,470,2026-04-04 19:29:44.401551,Processing
1386,57,2025-12-16 08:37:08.255321,Delivered
1387,126,2026-05-30 04:17:06.558526,Processing
1388,250,2026-01-07 06:54:45.328418,Shipped
1389,385,2026-01-04 17:27:18.586643,Cancelled
1390,803,2026-04-26 14:00:11.607034,Cancelled
1391,824,2025-10-02 15:26:02.727182,Delivered
1392,633,2025-12-13 01:09:09.582916,Processing
1393,617,2025-10-25 11:42:42.416062,Processing
1394,891,2025-10-25 02:26:21.270047,Processing
1395,311,2025-11-24 16:49:52.886073,Cancelled
1396,762,2026-04-11 01:05:10.648913,Shipped
1397,962,2025-12-16 00:25:34.895615,Delivered
1398,720,2025-08-11 15:18:43.635923,Delivered
1399,943,2025-09-03 11:57:02.184255,Processing
1400,382,2026-03-20 23:32:10.485380,Processing
1401,484,2025-10-16 08:48:41.557577,Cancelled
1402,1,2026-05-25 19:44:24.127342,Processing
1403,713,2026-05-09 02:18:28.087325,Shipped
1404,953,2026-07-15 08:04:45.064620,Shipped
1405,50,2026-02-25 23:56:28.079963,Shipped
1406,738,2026-05-21 10:22:04.206073,Shipped
1407,119,2026-02-17 21:19:58.075804,Cancelled
1408,682,2025-09-03 04:06:32.805972,Processing
1409,600,2025-09-09 14:05:47.106949,Cancelled
1410,473,2025-09-13 14:22:31.104189,Cancelled
1411,220,2026-06-08 22:33:39.118905,Processing
1412,1000,2026-05-16 03:43:27.400011,Processing
1413,408,2026-06-27 14:26:24.387140,Processing
1414,410,2026-02-18 06:52:57.592894,Cancelled
1415,130,2026-06-03 19:20:03.082555,Shipped
1416,498,2026-06-24 03:03:20.606238,Delivered
1417,392,2026-03-25 00:17:30.175832,Shipped
1418,895,2026-06-27 12:14:16.000978,Delivered
1419,98,2026-06-29 21:50:00.397487,Cancelled
1420,886,2026-07-16 22:02:25.860724,Delivered
1421,654,2026-01-30 09:08:59.783123,Shipped
1422,279,2025-12-07 12:43:19.784409,Processing
1423,793,2025-10-07 04:11:02.628674,Cancelled
1424,848,2025-12-17 12:53:18.864725,Delivered
1425,437,2026-05-05 09:34:22.751275,Delivered
1426,427,2025-10-24 15:54:32.501675,Processing
1427,129,2026-01-10 08:02:50.996737,Delivered
1428,987,2025-10-05 23:48:49.213834,Delivered
1429,583,2026-05-30 16:22:41.519489,Processing
1430,838,2026-03-16 09:13:38.698001,Shipped
1431,34,2025-12-18 14:29:54.640080,Processing
1432,554,2025-09-23 04:02:30.797459,Cancelled
1433,926,2026-02-17 00:41:34.071521,Processing
1434,548,2026-05-04 11:38:49.481132,Processing
1435,445,2026-02-18 19:08:38.803128,Delivered
1436,611,2025-08-28 20:34:37.107083,Cancelled
1437,98,2026-05-14 05:17:23.263804,Delivered
1438,532,2026-01-12 03:41:24.429047,Cancelled
1439,613,2026-06-06 01:15:58.358813,Shipped
1440,837,2025-08-27 23:26:15.435098,Delivered
1441,397,2026-04-15 09:01:47.733898,Delivered
1442,166,2025-09-16 15:05:19.912148,Cancelled
1443,761,2026-01-10 23:56:48.209145,Cancelled
1444,928,2026-07-02 10:11:01.098306,Processing
1445,531,2026-06-07 08:38:20.252383,Processing
1446,116,2025-12-20 14:01:47.180993,Cancelled
1447,37,2026-05-10 02:32:42.218568,Delivered
1448,757,2026-03-12 03:54:52.535860,Cancelled
1449,36,2026-04-20 09:14:00.823163,Processing
1450,104,2026-05-07 15:34:49.411290,Processing
1451,371,2025-09-27 19:04:42.001902,Processing
1452,424,2026-01-06 18:57:47.404979,Processing
1453,366,2025-08-03 04:21:40.686173,Processing
1454,555,2026-07-19 18:03:04.144632,Shipped
1455,862,2025-08-18 12:21:07.459438,Processing
1456,228,2026-03-15 11:47:26.308029,Shipped
1457,587,2026-03-03 17:07:50.182697,Shipped
1458,415,2025-11-19 04:48:36.471767,Delivered
1459,148,2025-08-13 17:20:29.500160,Cancelled
1460,690,2026-01-28 11:25:28.304605,Cancelled
1461,752,2026-03-11 21:34:31.740614,Shipped
1462,292,2026-04-23 09:04:52.025318,Delivered
1463,103,2026-05-01 12:46:26.135989,Processing
1464,444,2025-10-26 21:42:03.609180,Shipped
1465,525,2025-10-03 14:46:30.957191,Shipped
1466,575,2025-12-08 18:00:45.722497,Processing
1467,806,2026-06-03 19:54:02.222215,Processing
1468,632,2026-04-17 18:38:18.390371,Shipped
1469,728,2025-09-01 13:19:40.396083,Delivered
1470,965,2025-08-05 13:41:53.533162,Shipped
1471,195,2025-09-05 00:53:50.938954,Shipped
1472,373,2025-08-14 03:11:40.258932,Delivered
1473,740,2026-05-08 09:09:28.711253,Delivered
1474,50,2025-11-20 05:43:15.763230,Processing
1475,249,2026-01-19 00:31:25.851840,Processing
1476,563,2025-10-23 22:32:29.827483,Cancelled
1477,491,2026-04-04 05:19:31.006236,Delivered
1478,202,2025-12-03 22:52:05.512557,Cancelled
1479,844,2025-10-25 00:15:15.990357,Delivered
1480,22,2025-12-13 16:44:07.220903,Cancelled
1481,36,2026-01-27 22:03:27.524492,Delivered
1482,15,2025-11-12 11:29:36.347448,Shipped
1483,999,2025-10-17 00:07:44.822932,Shipped
1484,112,2026-05-14 07:04:41.072490,Delivered
1485,150,2025-08-05 15:33:44.882159,Cancelled
1486,967,2026-07-21 19:01:38.255132,Processing
1487,854,2026-03-23 23:29:31.568551,Shipped
1488,670,2026-03-18 01:35:54.871691,Delivered
1489,881,2026-04-21 21:32:33.416875,Delivered
1490,800,2026-05-30 06:34:16.023639,Processing
1491,970,2025-11-18 16:36:05.139700,Shipped
1492,786,2025-09-15 23:20:16.079405,Delivered
1493,964,2025-08-07 14:13:33.182643,Processing
1494,969,2026-07-21 17:21:03.737880,Cancelled
1495,960,2026-07-31 17:43:54.599395,Cancelled
1496,120,2026-03-20 17:54:02.393314,Cancelled
1497,636,2025-10-09 13:24:26.213843,Cancelled
1498,919,2026-01-14 07:59:55.086736,Delivered
1499,753,2026-06-19 22:19:54.559856,Delivered
1500,979,2025-11-29 01:08:47.054282,Cancelled
1501,873,2026-01-14 09:42:38.808628,Processing
1502,13,2026-05-08 04:32:33.259158,Cancelled
1503,459,2025-10-19 18:55:38.185191,Delivered
1504,988,2026-04-10 13:04:36.608470,Processing
1505,585,2025-10-07 10:20:26.900525,Shipped
1506,759,2026-07-06 06:52:22.590454,Processing
1507,299,2026-05-23 08:24:26.864519,Delivered
1508,898,2026-04-21 10:03:54.694017,Cancelled
1509,307,2026-07-24 13:59:25.638679,Processing
1510,59,2026-05-02 01:53:05.388728,Cancelled
1511,459,2025-08-24 00:01:27.743045,Processing
1512,903,2025-12-11 00:59:22.941343,Shipped
1513,425,2026-03-29 20:17:01.049598,Processing
1514,105,2026-04-08 15:04:04.622401,Cancelled
1515,584,2026-01-10 09:43:49.823182,Delivered
1516,515,2025-10-31 20:32:57.482958,Delivered
1517,385,2025-10-09 14:37:40.848215,Cancelled
1518,548,2026-06-03 19:46:03.533587,Shipped
1519,839,2025-12-17 13:54:49.460530,Shipped
1520,205,2025-10-19 22:59:32.769936,Delivered
1521,489,2026-05-22 04:17:28.204976,Cancelled
1522,512,2025-10-21 00:52:55.566633,Cancelled
1523,471,2026-04-13 08:41:41.976352,Cancelled
1524,327,2026-05-10 15:15:11.042479,Processing
1525,809,2026-03-01 00:20:37.044243,Cancelled
1526,61,2026-02-03 19:51:52.017581,Delivered
1527,360,2026-05-02 14:12:14.030462,Shipped
1528,46,2026-05-29 04:49:42.079442,Shipped
1529,575,2025-10-29 06:03:12.909049,Delivered
1530,147,2026-04-29 09:07:41.803254,Delivered
1531,70,2026-03-13 14:00:23.747872,Processing
1532,673,2025-09-19 15:11:58.024858,Cancelled
1533,736,2026-03-02 05:13:49.886674,Shipped
1534,186,2025-09-25 09:52:09.045195,Delivered
1535,800,2026-03-22 04:08:29.537316,Shipped
1536,912,2026-04-27 18:42:04.881050,Processing
1537,599,2026-07-20 00:32:34.515636,Delivered
1538,185,2026-04-20 08:50:30.347090,Cancelled
1539,387,2026-02-27 10:06:25.429704,Shipped
1540,58,2026-05-26 02:07:24.035395,Shipped
1541,659,2026-05-26 21:47:09.588135,Shipped
1542,741,2026-01-04 07:57:58.495876,Cancelled
1543,609,2025-09-05 10:16:18.761355,Shipped
1544,985,2026-02-04 05:50:23.074379,Shipped
1545,860,2025-10-24 08:44:24.216923,Cancelled
1546,620,2026-07-31 22:22:40.621417,Processing
1547,231,2026-03-07 12:07:12.961668,Delivered
1548,798,2025-09-05 22:52:43.357706,Processing
1549,327,2026-03-02 03:20:13.922613,Cancelled
1550,277,2025-11-23 22:47:07.315353,Processing
1551,809,2025-11-08 17:10:12.457645,Processing
1552,576,2025-10-05 10:40:12.409163,Processing
1553,349,2025-12-03 21:28:55.501623,Shipped
1554,677,2025-12-09 17:27:10.523293,Shipped
1555,948,2026-01-21 01:43:47.552913,Shipped
1556,261,2025-12-30 18:01:37.753227,Shipped
1557,623,2026-05-25 10:51:40.029676,Shipped
1558,974,2025-11-13 03:43:46.725269,Delivered
1559,297,2026-04-29 01:26:43.153488,Delivered
1560,176,2026-05-06 19:58:52.557699,Shipped
1561,639,2026-06-12 04:42:27.629243,Processing
1562,544,2026-01-30 00:42:59.162087,Delivered
1563,782,2026-05-28 10:08:06.514099,Delivered
1564,189,2026-01-30 08:37:14.445096,Processing
1565,305,2025-10-22 19:50:16.965741,Processing
1566,710,2025-08-11 05:18:52.690107,Delivered
1567,56,2026-02-06 08:21:55.607669,Cancelled
1568,746,2025-12-01 17:27:26.083865,Delivered
1569,447,2026-05-14 04:03:05.010049,Shipped
1570,496,2026-02-06 10:14:08.005803,Shipped
1571,1,2026-04-13 14:57:31.789092,Shipped
1572,321,2025-08-21 16:17:37.779404,Delivered
1573,481,2025-12-05 18:21:55.388620,Processing
1574,171,2026-05-11 03:27:59.193161,Cancelled
1575,148,2026-04-12 21:35:02.795418,Processing
1576,358,2026-07-17 14:40:12.503984,Cancelled
1577,857,2025-11-09 01:23:15.422302,Delivered
1578,820,2026-01-11 09:54:44.488267,Shipped
1579,439,2025-10-16 03:11:24.616122,Delivered
1580,362,2025-10-01 20:24:29.804443,Cancelled
1581,532,2026-01-16 08:31:05.516552,Cancelled
1582,851,2026-04-24 20:09:41.400313,Delivered
1583,577,2026-02-04 10:32:39.212290,Cancelled
1584,171,2025-10-09 09:29:35.363863,Processing
1585,182,2026-07-11 17:02:51.888450,Shipped
1586,391,2026-05-22 02:29:44.308689,Processing
1587,270,2026-06-15 04:53:51.391768,Processing
1588,236,2026-05-03 00:34:05.029753,Shipped
1589,777,2026-04-27 05:25:26.824229,Shipped
1590,692,2026-03-18 18:57:16.530918,Cancelled
1591,985,2026-07-29 20:03:31.118470,Shipped
1592,242,2026-06-06 10:52:54.616792,Shipped
1593,850,2025-10-20 23:36:57.870079,Shipped
1594,187,2025-11-13 01:46:42.342950,Delivered
1595,579,2026-04-27 09:35:37.901227,Processing
1596,440,2025-12-23 06:23:12.912759,Cancelled
1597,296,2025-09-15 05:23:12.769001,Processing
1598,441,2026-04-29 22:45:58.820052,Cancelled
1599,966,2026-01-14 00:15:25.705968,Processing
1600,66,2025-12-12 16:40:30.168079,Cancelled
1601,778,2026-01-24 08:41:34.136335,Shipped
1602,385,2025-12-14 12:24:53.421044,Delivered
1603,853,2026-04-22 21:23:04.229411,Delivered
1604,172,2025-10-04 17:19:45.853691,Processing
1605,227,2025-09-17 03:20:32.577071,Processing
1606,60,2025-10-21 02:58:44.777094,Delivered
1607,117,2026-01-31 12:59:42.973633,Shipped
1608,590,2025-08-15 07:59:05.776447,Cancelled
1609,678,2025-10-09 09:14:05.852042,Delivered
1610,945,2026-07-05 02:57:29.415964,Cancelled
1611,674,2026-01-06 12:02:12.356175,Processing
1612,646,2026-04-01 21:07:36.909867,Processing
1613,320,2025-12-14 03:01:07.375364,Cancelled
1614,568,2026-03-05 07:44:49.327066,Delivered
1615,853,2025-10-11 10:35:42.307048,Delivered
1616,777,2026-01-14 18:18:04.632289,Delivered
1617,643,2026-06-29 05:01:29.981326,Shipped
1618,376,2025-08-02 23:50:30.457240,Processing
1619,549,2026-03-09 21:21:39.806205,Delivered
1620,631,2025-08-15 07:04:26.458561,Delivered
1621,338,2026-03-18 02:45:23.415061,Shipped
1622,643,2026-01-01 18:30:58.219428,Shipped
1623,774,2025-08-05 02:13:45.315933,Delivered
1624,44,2026-01-16 20:33:53.306727,Processing
1625,944,2026-03-14 15:55:04.876912,Delivered
1626,576,2025-11-30 05:24:03.784014,Cancelled
1627,536,2026-02-25 10:55:18.702015,Processing
1628,592,2026-07-27 07:40:47.344906,Shipped
1629,945,2026-04-02 04:08:50.322292,Processing
1630,423,2026-02-20 05:48:02.249801,Cancelled
1631,566,2026-07-02 06:03:24.633331,Cancelled
1632,800,2025-11-17 08:10:20.760145,Shipped
1633,677,2026-01-10 14:59:14.279684,Cancelled
1634,541,2025-08-07 02:17:15.839485,Shipped
1635,980,2026-07-18 12:57:07.880102,Processing
1636,89,2026-02-06 20:34:50.444457,Cancelled
1637,679,2026-02-21 04:16:05.966971,Shipped
1638,77,2026-01-28 08:25:50.080161,Processing
1639,507,2026-03-23 21:04:27.346431,Delivered
1640,799,2026-03-20 06:22:40.662748,Delivered
1641,882,2026-05-28 04:37:12.632096,Shipped
1642,159,2026-04-16 10:05:07.368525,Processing
1643,453,2026-04-28 22:20:42.053474,Shipped
1644,517,2026-03-04 06:07:36.303606,Shipped
1645,147,2026-04-28 19:01:16.548079,Delivered
1646,578,2026-04-01 01:36:44.435640,Shipped
1647,970,2025-08-05 21:00:08.444642,Shipped
1648,762,2025-09-01 16:06:43.919108,Shipped
1649,450,2026-03-28 03:29:15.621895,Delivered
1650,628,2025-08-13 14:40:23.249884,Delivered
1651,725,2026-07-08 18:24:26.893079,Shipped
1652,727,2026-06-07 00:51:11.551007,Shipped
1653,547,2025-09-12 12:18:28.254239,Delivered
1654,173,2026-03-29 07:59:39.643882,Cancelled
1655,311,2025-11-08 15:27:38.930341,Delivered
1656,392,2026-06-26 06:32:33.902653,Shipped
1657,828,2026-07-12 18:59:21.312169,Delivered
1658,248,2026-05-24 09:03:24.958237,Shipped
1659,820,2026-04-06 11:20:58.113682,Shipped
1660,905,2026-05-26 21:46:42.335555,Cancelled
1661,498,2026-04-13 15:51:00.221293,Shipped
1662,224,2026-01-20 14:17:26.944015,Cancelled
1663,844,2025-10-04 00:10:32.678571,Shipped
1664,577,2025-09-21 17:09:18.480102,Cancelled
1665,766,2026-03-31 21:36:26.033512,Cancelled
1666,996,2026-03-03 13:31:41.502554,Delivered
1667,716,2025-11-03 13:18:50.079616,Shipped
1668,148,2026-01-26 22:25:11.997972,Cancelled
1669,946,2026-04-21 11:42:46.677455,Processing
1670,322,2025-12-11 16:39:40.544677,Cancelled
1671,446,2026-02-19 10:59:48.656267,Processing
1672,647,2026-06-24 02:56:10.273719,Cancelled
1673,356,2026-02-18 08:02:44.591153,Shipped
1674,939,2026-03-15 17:39:09.375302,Shipped
1675,1,2025-08-15 18:23:45.319709,Shipped
1676,548,2026-06-03 18:47:00.157418,Cancelled
1677,544,2025-08-29 06:59:56.501898,Cancelled
1678,773,2025-12-13 20:56:22.696613,Processing
1679,344,2025-11-12 01:03:28.872261,Cancelled
1680,696,2025-11-26 02:13:39.844916,Processing
1681,542,2026-04-01 03:12:18.776571,Cancelled
1682,29,2026-02-03 08:43:44.531344,Delivered
1683,765,2026-04-27 11:56:46.961909,Shipped
1684,302,2026-01-29 01:05:37.696631,Delivered
1685,543,2026-07-28 19:28:28.162333,Processing
1686,102,2025-09-24 08:47:59.500928,Cancelled
1687,785,2026-06-15 06:07:55.119866,Cancelled
1688,493,2026-01-01 22:12:37.164300,Shipped
1689,997,2026-04-05 05:04:25.278848,Processing
1690,380,2026-06-16 10:42:45.453822,Shipped
1691,811,2025-12-23 07:01:41.857370,Cancelled
1692,81,2025-12-04 17:30:18.529504,Shipped
1693,852,2025-09-05 12:34:12.048480,Shipped
1694,292,2026-05-06 21:45:42.306418,Shipped
1695,290,2026-03-25 05:03:25.575877,Cancelled
1696,890,2025-11-29 12:14:01.106672,Cancelled
1697,70,2025-09-10 10:13:33.136938,Cancelled
1698,210,2026-03-09 04:40:25.984804,Cancelled
1699,542,2026-06-10 10:17:48.009788,Delivered
1700,128,2025-12-21 21:57:30.279728,Cancelled
1701,201,2026-06-22 08:59:44.866513,Shipped
1702,312,2026-05-05 19:53:19.651864,Cancelled
1703,753,2026-01-23 08:02:02.554415,Shipped
1704,901,2026-05-30 11:58:17.219178,Shipped
1705,317,2025-09-16 23:29:57.458554,Delivered
1706,224,2025-11-25 13:04:09.423959,Cancelled
1707,409,2026-04-16 20:16:16.703122,Cancelled
1708,250,2026-01-25 15:12:34.919643,Processing
1709,219,2026-07-08 19:49:49.269841,Processing
1710,64,2026-03-18 15:28:53.843543,Delivered
1711,801,2025-11-09 07:15:27.483762,Cancelled
1712,798,2025-08-27 08:02:13.559115,Cancelled
1713,161,2026-04-17 11:44:58.955337,Cancelled
1714,168,2025-08-08 14:15:45.955557,Processing
1715,280,2025-10-30 13:16:24.958534,Shipped
1716,285,2025-08-17 15:51:02.718942,Processing
1717,704,2025-09-20 19:29:47.259306,Processing
1718,458,2026-01-12 06:54:53.768003,Shipped
1719,708,2025-12-14 18:15:03.808572,Delivered
1720,172,2026-01-07 00:43:03.751821,Delivered
1721,756,2026-03-23 16:21:11.789880,Shipped
1722,12,2025-09-23 09:49:46.917881,Shipped
1723,475,2025-08-26 00:12:16.782911,Cancelled
1724,413,2025-12-29 08:07:47.919172,Cancelled
1725,482,2026-07-25 16:22:26.801242,Cancelled
1726,210,2026-06-23 23:50:50.610783,Cancelled
1727,830,2025-12-20 14:59:16.169844,Processing
1728,327,2025-11-15 10:56:55.103247,Delivered
1729,884,2026-05-20 17:29:30.263058,Shipped
1730,564,2025-12-10 20:52:26.647933,Shipped
1731,809,2026-02-28 10:50:02.405340,Delivered
1732,372,2026-03-23 05:09:20.285758,Delivered
1733,167,2026-07-28 10:31:35.366601,Cancelled
1734,158,2025-10-18 14:04:32.595278,Shipped
1735,812,2025-08-24 21:56:39.476653,Delivered
1736,387,2026-05-10 22:11:59.507027,Delivered
1737,791,2025-11-06 21:24:30.023163,Shipped
1738,911,2026-05-18 06:20:04.394402,Cancelled
1739,791,2026-02-25 16:52:28.534534,Processing
1740,393,2025-10-29 19:39:38.869232,Delivered
1741,179,2026-05-10 23:42:25.866869,Cancelled
1742,823,2025-12-30 00:47:38.355729,Shipped
1743,268,2026-04-03 03:09:53.514424,Processing
1744,314,2026-05-18 09:03:00.617521,Delivered
1745,348,2025-12-30 05:45:17.958461,Shipped
1746,411,2025-10-25 22:03:08.513960,Cancelled
1747,329,2026-03-27 19:24:04.380023,Processing
1748,359,2026-07-13 23:08:41.953682,Cancelled
1749,20,2026-07-08 06:11:21.605016,Shipped
1750,265,2025-10-23 12:08:40.459913,Processing
1751,444,2026-01-05 19:50:40.802220,Processing
1752,395,2025-12-09 14:20:55.903446,Cancelled
1753,748,2025-08-30 01:44:35.966618,Cancelled
1754,673,2026-04-09 12:26:22.263143,Cancelled
1755,978,2025-12-27 03:24:30.312159,Shipped
1756,331,2026-07-21 22:38:21.197096,Cancelled
1757,368,2026-07-31 00:02:34.293501,Shipped
1758,193,2026-01-09 00:00:38.753418,Shipped
1759,733,2026-07-20 00:15:32.764229,Cancelled
1760,424,2025-10-26 01:12:53.392569,Shipped
1761,650,2025-09-04 00:04:20.288686,Cancelled
1762,712,2025-09-04 11:20:36.059990,Processing
1763,167,2025-12-05 17:17:14.158319,Cancelled
1764,834,2026-03-21 12:34:51.985709,Cancelled
1765,822,2026-06-26 18:41:51.220531,Shipped
1766,545,2025-09-12 13:15:45.259805,Delivered
1767,371,2026-04-17 22:46:52.180728,Delivered
1768,648,2026-06-15 22:37:35.872699,Shipped
1769,412,2026-04-04 18:06:41.439345,Delivered
1770,122,2026-02-03 15:37:02.818376,Shipped
1771,100,2025-09-12 06:15:15.417640,Processing
1772,976,2025-11-01 16:38:54.697856,Delivered
1773,169,2025-09-18 05:37:51.784983,Shipped
1774,473,2026-01-04 12:03:09.972878,Delivered
1775,326,2025-10-16 14:52:17.880737,Delivered
1776,118,2025-12-17 00:27:02.583014,Shipped
1777,651,2025-10-15 04:20:00.933357,Delivered
1778,902,2026-05-12 19:17:32.591396,Shipped
1779,924,2026-06-08 17:48:11.959681,Cancelled
1780,132,2025-11-17 15:22:37.196431,Delivered
1781,722,2025-10-25 01:42:58.773136,Cancelled
1782,848,2026-06-21 17:33:44.193111,Processing
1783,584,2025-11-09 23:47:30.050450,Delivered
1784,870,2025-09-30 03:23:27.532744,Processing
1785,202,2026-06-27 08:22:44.147980,Cancelled
1786,573,2026-03-30 09:38:02.438663,Delivered
1787,933,2025-08-11 10:04:50.930003,Shipped
1788,913,2026-01-26 16:15:47.340428,Delivered
1789,191,2026-07-06 07:23:05.371901,Delivered
1790,854,2025-10-21 07:16:26.253999,Delivered
1791,880,2026-01-13 16:10:54.615826,Cancelled
1792,864,2025-08-27 08:19:40.897167,Shipped
1793,460,2026-04-17 13:54:31.137761,Shipped
1794,619,2026-06-03 08:16:50.417101,Processing
1795,757,2026-02-24 10:59:44.461493,Shipped
1796,838,2026-06-02 23:46:03.098415,Processing
1797,19,2026-02-15 23:18:06.294647,Shipped
1798,119,2026-04-19 00:46:14.554369,Shipped
1799,44,2026-05-27 23:48:55.721731,Delivered
1800,553,2026-01-17 17:30:50.806297,Cancelled
1801,351,2026-07-30 17:53:38.632991,Shipped
1802,714,2025-08-07 22:22:10.935137,Delivered
1803,172,2025-12-30 14:53:46.409814,Shipped
1804,988,2026-07-06 20:05:06.372036,Shipped
1805,382,2025-09-03 10:45:58.938198,Cancelled
1806,845,2026-02-18 19:53:52.734349,Processing
1807,361,2026-03-27 02:19:08.002211,Cancelled
1808,368,2026-03-09 02:20:54.837365,Cancelled
1809,798,2026-02-23 06:57:59.065082,Processing
1810,695,2025-09-19 15:06:11.054917,Shipped
1811,34,2025-10-10 14:54:30.019448,Shipped
1812,690,2025-11-06 16:41:23.085073,Shipped
1813,54,2026-01-23 00:43:38.556470,Delivered
1814,819,2026-01-05 13:54:33.525045,Cancelled
1815,534,2026-01-30 20:06:36.676754,Processing
1816,51,2025-09-07 08:57:26.012712,Shipped
1817,17,2025-10-17 11:30:07.290510,Cancelled
1818,581,2025-10-18 00:46:47.073522,Cancelled
1819,15,2026-04-28 01:38:51.628158,Processing
1820,936,2025-09-02 11:34:33.024227,Cancelled
1821,379,2025-11-22 23:52:05.118913,Cancelled
1822,8,2025-11-23 16:56:27.255162,Cancelled
1823,598,2026-01-07 06:03:33.544010,Shipped
1824,583,2026-02-11 15:02:52.799311,Cancelled
1825,606,2025-12-19 05:43:40.513467,Delivered
1826,375,2025-12-27 19:42:36.123716,Cancelled
1827,705,2026-06-21 00:51:35.367142,Shipped
1828,690,2025-09-02 08:10:34.052560,Processing
1829,924,2026-01-10 12:11:23.971807,Delivered
1830,87,2026-01-29 10:31:36.480287,Cancelled
1831,83,2026-04-27 22:03:31.742632,Shipped
1832,817,2026-01-19 16:31:19.208770,Cancelled
1833,90,2025-08-07 19:28:07.514578,Cancelled
1834,907,2026-01-17 01:57:51.750442,Shipped
1835,522,2026-06-17 13:10:23.533532,Delivered
1836,508,2026-04-09 17:03:51.920879,Shipped
1837,202,2026-02-05 07:33:04.538157,Cancelled
1838,108,2025-12-04 23:18:39.350273,Delivered
1839,14,2025-10-28 09:24:47.390472,Cancelled
1840,65,2026-07-06 08:33:18.394405,Processing
1841,595,2026-07-20 16:29:01.237411,Processing
1842,579,2026-06-12 16:22:17.097140,Delivered
1843,922,2025-11-23 14:55:48.815890,Processing
1844,109,2026-05-21 22:11:23.204613,Shipped
1845,686,2026-03-28 17:24:14.364571,Cancelled
1846,985,2026-05-07 16:50:57.545481,Shipped
1847,837,2025-10-03 11:12:59.381863,Cancelled
1848,608,2026-05-02 18:32:20.659060,Processing
1849,775,2025-10-26 11:11:27.005870,Delivered
1850,895,2026-04-02 21:48:26.149308,Cancelled
1851,38,2026-01-22 21:59:29.081146,Cancelled
1852,920,2025-11-21 08:11:05.720217,Delivered
1853,120,2025-08-12 22:39:53.066702,Delivered
1854,741,2026-01-08 16:05:14.799457,Delivered
1855,270,2026-07-20 10:57:54.825028,Shipped
1856,673,2026-02-18 12:58:06.237537,Cancelled
1857,665,2025-11-07 12:19:14.888649,Delivered
1858,396,2026-04-09 18:16:05.331228,Shipped
1859,873,2025-09-26 11:25:09.022949,Cancelled
1860,836,2026-05-30 00:35:28.004185,Cancelled
1861,438,2026-05-28 10:23:34.149067,Processing
1862,30,2025-10-19 19:59:43.183165,Shipped
1863,680,2025-12-17 08:19:09.111141,Delivered
1864,174,2025-10-01 09:42:03.107795,Delivered
1865,550,2025-12-16 00:09:35.787172,Delivered
1866,24,2026-01-05 03:01:19.139012,Processing
1867,308,2026-02-06 18:39:14.308607,Delivered
1868,616,2026-01-25 03:46:36.412484,Delivered
1869,612,2025-12-07 05:36:07.615115,Cancelled
1870,393,2025-10-22 22:27:05.061329,Cancelled
1871,953,2025-12-29 15:59:32.505317,Delivered
1872,260,2026-05-28 07:49:40.988141,Cancelled
1873,44,2025-08-07 13:51:27.377361,Processing
1874,458,2026-04-06 08:35:24.257949,Processing
1875,830,2026-01-09 13:27:55.751212,Cancelled
1876,438,2025-08-05 19:11:39.213436,Processing
1877,397,2026-03-25 03:23:02.603986,Delivered
1878,949,2026-06-15 08:28:40.220795,Delivered
1879,999,2026-03-12 08:49:28.805252,Cancelled
1880,864,2025-10-14 19:10:53.499601,Shipped
1881,278,2025-10-21 12:04:37.065814,Cancelled
1882,547,2026-04-05 07:23:48.287591,Cancelled
1883,798,2025-08-26 15:12:50.074579,Delivered
1884,346,2026-04-08 01:23:22.975848,Processing
1885,164,2025-09-10 13:59:29.839418,Shipped
1886,523,2026-04-21 10:49:56.786551,Processing
1887,257,2026-02-22 11:22:14.336174,Delivered
1888,472,2025-11-30 12:37:22.241844,Delivered
1889,994,2026-07-12 21:39:59.772251,Processing
1890,560,2025-11-11 16:52:34.987126,Delivered
1891,301,2026-01-24 17:17:52.111935,Shipped
1892,147,2026-03-09 04:19:41.014959,Processing
1893,584,2026-03-14 08:27:48.111688,Processing
1894,766,2025-12-06 18:22:46.850501,Shipped
1895,121,2026-03-03 00:04:11.267496,Shipped
1896,702,2025-12-27 00:46:39.285716,Shipped
1897,977,2026-05-24 16:43:47.834315,Processing
1898,706,2026-05-10 08:48:11.746980,Shipped
1899,822,2026-02-27 06:49:16.221285,Delivered
1900,187,2026-05-12 02:59:42.623234,Cancelled
1901,875,2026-04-08 01:21:34.069778,Processing
1902,796,2026-01-28 12:11:13.012303,Shipped
1903,417,2026-05-01 11:28:20.362300,Delivered
1904,264,2025-11-23 09:07:43.227207,Shipped
1905,974,2025-09-16 11:50:26.828293,Processing
1906,319,2025-10-08 09:56:47.961451,Cancelled
1907,143,2026-05-13 11:45:38.386780,Delivered
1908,549,2026-06-05 02:24:40.325974,Cancelled
1909,219,2025-11-08 08:06:43.456408,Delivered
1910,420,2025-12-22 07:04:11.839223,Processing
1911,542,2025-10-31 19:45:57.358861,Delivered
1912,480,2025-12-24 10:48:12.203521,Processing
1913,532,2025-08-26 04:43:22.310794,Delivered
1914,111,2026-05-15 20:19:33.592978,Delivered
1915,252,2026-03-25 20:43:50.718627,Delivered
1916,737,2026-02-26 22:14:29.042943,Shipped
1917,447,2026-07-08 23:01:13.130299,Processing
1918,839,2025-11-18 00:40:27.791665,Processing
1919,768,2026-07-18 13:45:52.602207,Shipped
1920,121,2026-07-23 00:21:46.534479,Delivered
1921,999,2026-02-20 19:49:31.769055,Shipped
1922,224,2025-10-31 05:31:57.734426,Delivered
1923,720,2025-09-14 15:35:48.439272,Cancelled
1924,382,2025-11-03 09:37:28.367770,Processing
1925,488,2025-08-26 07:09:04.174640,Processing
1926,716,2025-11-25 19:35:32.294524,Processing
1927,646,2026-05-18 13:33:38.975725,Delivered
1928,755,2025-08-09 19:15:19.234686,Processing
1929,701,2025-12-31 21:29:57.475635,Processing
1930,778,2025-10-11 04:38:22.477785,Cancelled
1931,843,2025-09-23 14:21:25.993127,Processing
1932,877,2026-05-27 01:22:55.364044,Shipped
1933,356,2026-05-04 14:50:25.436479,Delivered
1934,748,2026-06-08 12:01:13.129188,Processing
1935,975,2026-01-24 04:43:02.133939,Processing
1936,872,2026-02-17 23:21:28.610890,Processing
1937,350,2026-05-09 01:35:27.530454,Cancelled
1938,955,2026-04-03 21:47:54.314278,Delivered
1939,593,2026-02-21 08:51:59.745313,Processing
1940,282,2026-02-19 13:52:29.305725,Delivered
1941,10,2026-06-28 01:11:40.869503,Cancelled
1942,789,2026-01-13 10:34:37.037687,Shipped
1943,19,2026-01-19 03:07:23.733162,Delivered
1944,201,2026-06-03 20:00:39.137692,Cancelled
1945,999,2026-06-29 02:34:32.169412,Shipped
1946,363,2025-11-07 13:23:16.274917,Cancelled
1947,230,2025-10-29 12:06:18.758643,Cancelled
1948,90,2025-09-02 17:45:07.723053,Processing
1949,742,2026-02-18 21:14:48.353660,Delivered
1950,985,2026-05-08 09:04:57.325311,Cancelled
1951,362,2025-09-29 18:09:17.900865,Cancelled
1952,515,2025-08-04 15:05:14.106717,Delivered
1953,18,2026-05-22 20:00:43.720617,Processing
1954,699,2026-06-27 02:19:54.988589,Shipped
1955,231,2026-01-04 09:13:23.190474,Delivered
1956,901,2026-07-24 04:26:18.179187,Delivered
1957,517,2025-08-10 16:54:45.780938,Processing
1958,394,2026-06-19 15:29:03.522688,Shipped
1959,520,2026-07-25 08:50:07.604168,Shipped
1960,672,2026-06-07 09:01:21.011512,Shipped
1961,833,2025-10-15 16:26:44.343780,Delivered
1962,866,2025-12-03 06:28:11.310577,Delivered
1963,232,2026-04-04 01:02:52.473197,Delivered
1964,105,2025-12-25 16:07:32.445659,Processing
1965,418,2026-07-16 08:12:44.382423,Processing
1966,448,2025-09-14 06:23:22.762706,Cancelled
1967,894,2026-07-06 05:58:08.989919,Delivered
1968,508,2026-02-25 12:38:10.163890,Delivered
1969,236,2025-11-21 15:14:35.091797,Processing
1970,582,2026-06-26 18:22:27.749779,Delivered
1971,959,2026-03-18 10:48:27.757960,Delivered
1972,786,2025-10-09 21:57:27.510513,Cancelled
1973,134,2026-06-24 15:09:42.454472,Cancelled
1974,240,2025-12-12 08:13:55.260603,Cancelled
1975,231,2026-06-08 13:23:30.250319,Cancelled
1976,327,2026-05-12 03:32:44.378019,Processing
1977,471,2026-03-09 02:00:04.415690,Delivered
1978,184,2025-12-19 10:34:04.069603,Cancelled
1979,259,2026-04-14 21:43:43.877574,Shipped
1980,424,2025-12-11 13:45:49.001388,Processing
1981,715,2026-07-12 04:25:26.863789,Processing
1982,681,2025-08-13 23:33:50.215318,Shipped
1983,376,2026-01-10 23:14:58.765119,Delivered
1984,206,2026-05-25 04:13:58.559577,Delivered
1985,486,2025-09-15 04:18:59.219670,Cancelled
1986,744,2026-03-09 23:15:48.053783,Processing
1987,872,2025-10-03 20:50:16.107148,Cancelled
1988,393,2025-11-07 01:14:32.616209,Cancelled
1989,687,2025-12-05 07:42:07.627246,Shipped
1990,311,2025-09-07 23:24:12.001518,Shipped
1991,316,2025-11-04 21:30:26.295303,Cancelled
1992,278,2025-08-16 17:06:35.331907,Shipped
1993,52,2025-08-28 21:27:22.431993,Processing
1994,581,2025-10-20 15:50:11.428211,Shipped
1995,586,2026-03-28 17:57:36.228761,Processing
1996,323,2026-05-14 18:22:47.541492,Delivered
1997,678,2026-05-26 16:23:43.112338,Delivered
1998,562,2026-06-23 06:14:33.412701,Cancelled
1999,897,2025-12-05 16:06:37.558682,Shipped
2000,446,2025-09-25 14:11:08.003622,Processing
2001,49,2025-08-29 18:36:23.732035,Delivered
2002,951,2026-03-27 04:12:58.649347,Delivered
2003,71,2025-09-10 22:50:56.254257,Delivered
2004,931,2025-08-07 03:04:49.913859,Processing
2005,799,2026-06-16 13:50:49.611090,Delivered
2006,12,2025-10-24 23:53:10.769834,Processing
2007,438,2026-01-12 22:58:18.805476,Cancelled
2008,405,2026-04-05 02:43:54.982219,Delivered
2009,13,2026-05-31 20:50:47.259593,Delivered
2010,799,2026-05-20 16:46:44.380223,Cancelled
2011,684,2026-04-15 11:47:51.136468,Processing
2012,458,2025-11-20 12:23:14.910104,Shipped
2013,614,2025-11-02 12:54:12.378853,Processing
2014,94,2025-12-31 18:36:14.773357,Shipped
2015,970,2026-03-16 22:52:03.807765,Cancelled
2016,118,2026-02-08 02:35:46.090585,Processing
2017,360,2025-08-24 06:21:45.567204,Shipped
2018,815,2026-03-07 17:34:23.356677,Delivered
2019,183,2026-03-17 22:04:10.989172,Shipped
2020,661,2026-05-04 11:35:44.755652,Shipped
2021,362,2025-08-25 00:38:28.930079,Delivered
2022,435,2025-10-09 15:07:44.201885,Processing
2023,969,2026-02-24 17:09:39.702734,Delivered
2024,954,2026-01-29 21:44:08.353596,Delivered
2025,229,2026-07-02 15:35:50.765089,Processing
2026,143,2026-04-11 23:17:58.249151,Cancelled
2027,325,2026-06-02 00:00:49.042798,Shipped
2028,206,2026-01-07 09:24:17.734285,Shipped
2029,829,2026-03-28 21:00:57.344344,Processing
2030,632,2026-05-04 20:17:45.546425,Processing
2031,615,2026-01-02 08:17:23.789239,Processing
2032,17,2026-02-02 03:56:51.560742,Processing
2033,265,2026-06-20 20:26:18.697829,Shipped
2034,927,2025-12-03 12:25:34.337203,Shipped
2035,409,2025-11-09 21:11:23.056469,Cancelled
2036,145,2026-01-02 00:45:19.955171,Processing
2037,363,2025-11-04 11:01:18.451359,Cancelled
2038,629,2026-05-11 22:02:27.107186,Cancelled
2039,725,2026-07-23 13:05:32.938909,Processing
2040,987,2026-02-19 01:52:23.127087,Shipped
2041,170,2026-05-22 01:46:35.734068,Cancelled
2042,31,2026-05-23 19:36:58.559707,Shipped
2043,723,2026-02-19 19:19:24.431448,Processing
2044,141,2026-04-07 14:59:47.584978,Processing
2045,12,2026-06-04 21:58:30.591743,Processing
2046,959,2026-04-25 07:59:27.229352,Cancelled
2047,216,2026-05-30 04:09:08.341961,Shipped
2048,656,2025-10-19 11:23:39.294489,Cancelled
2049,714,2025-08-18 14:06:03.044057,Delivered
2050,89,2026-04-06 12:36:39.016464,Delivered
2051,901,2026-06-21 21:34:34.615893,Cancelled
2052,818,2025-09-21 11:42:20.902237,Shipped
2053,327,2026-07-27 19:40:55.286128,Shipped
2054,364,2026-01-16 18:27:22.952922,Cancelled
2055,148,2026-05-14 03:16:34.350588,Processing
2056,500,2026-04-19 18:32:43.567190,Delivered
2057,248,2026-06-08 01:55:01.543293,Delivered
2058,158,2026-01-12 09:25:03.164936,Delivered
2059,824,2025-12-07 18:43:14.388269,Shipped
2060,401,2026-05-15 00:45:47.783639,Shipped
2061,349,2025-09-21 02:50:05.299543,Processing
2062,423,2026-07-07 18:26:37.799829,Delivered
2063,467,2026-02-26 18:31:55.937837,Processing
2064,128,2025-11-17 10:25:47.413414,Processing
2065,211,2025-08-09 17:37:59.521512,Cancelled
2066,425,2025-10-20 13:17:49.989421,Processing
2067,555,2026-04-12 12:07:35.582721,Shipped
2068,834,2025-11-21 05:30:08.530590,Cancelled
2069,348,2026-02-04 02:13:13.784661,Shipped
2070,932,2026-06-12 08:54:35.419758,Cancelled
2071,535,2025-12-06 04:03:52.296143,Cancelled
2072,450,2025-09-09 18:52:02.934023,Processing
2073,584,2025-12-29 16:27:44.227278,Processing
2074,192,2026-01-06 06:38:05.769145,Cancelled
2075,512,2026-03-04 14:12:42.569085,Shipped
2076,965,2026-03-13 07:50:11.043779,Shipped
2077,954,2025-12-02 20:30:52.262452,Shipped
2078,64,2026-05-04 12:25:46.447777,Processing
2079,267,2026-05-19 18:13:30.123244,Processing
2080,14,2025-10-10 10:29:31.128182,Shipped
2081,690,2026-02-11 23:30:28.502376,Shipped
2082,483,2025-12-24 08:21:42.249976,Processing
2083,648,2025-10-18 11:37:28.295413,Cancelled
2084,657,2026-03-06 23:26:09.994911,Shipped
2085,968,2026-03-13 16:13:03.644410,Cancelled
2086,557,2026-03-17 16:33:32.159761,Processing
2087,449,2026-07-31 02:18:54.135358,Cancelled
2088,745,2025-10-21 02:17:30.325330,Cancelled
2089,525,2025-12-24 23:32:21.464413,Cancelled
2090,321,2026-06-30 04:17:38.706311,Delivered
2091,343,2025-09-12 23:24:54.523052,Processing
2092,237,2026-05-28 23:47:57.145301,Delivered
2093,92,2025-12-10 18:01:25.863944,Processing
2094,661,2026-06-22 18:55:38.127837,Cancelled
2095,250,2026-04-02 01:46:46.169251,Cancelled
2096,520,2025-08-25 22:03:13.287801,Cancelled
2097,872,2025-08-09 08:04:25.113123,Processing
2098,691,2025-09-03 20:34:06.957171,Processing
2099,696,2025-10-13 05:57:43.979855,Cancelled
2100,226,2025-09-03 18:09:21.756164,Processing
2101,614,2025-12-27 13:11:27.870168,Processing
2102,747,2025-08-20 15:55:55.085403,Delivered
2103,874,2025-08-04 17:25:52.758134,Shipped
2104,455,2025-09-23 14:48:40.093428,Processing
2105,288,2026-03-16 17:52:45.629501,Shipped
2106,72,2025-10-27 17:03:26.135743,Cancelled
2107,675,2026-07-10 13:41:17.461736,Shipped
2108,118,2026-01-05 14:44:20.738209,Processing
2109,718,2026-01-15 00:40:09.917251,Delivered
2110,603,2025-10-17 12:59:25.292660,Delivered
2111,462,2025-11-24 00:52:12.023443,Processing
2112,992,2025-11-08 05:01:52.889691,Cancelled
2113,246,2025-08-03 10:25:03.341927,Shipped
2114,820,2026-04-03 22:48:16.844248,Cancelled
2115,40,2026-05-17 14:12:01.657572,Delivered
2116,736,2025-11-17 10:54:38.515798,Delivered
2117,244,2026-04-19 03:28:10.093081,Processing
2118,774,2026-05-31 13:15:36.074418,Cancelled
2119,890,2026-07-31 16:09:21.217646,Delivered
2120,351,2025-09-16 08:16:04.115903,Delivered
2121,865,2026-03-27 17:30:29.544335,Shipped
2122,836,2026-07-22 11:00:47.683306,Shipped
2123,985,2025-10-19 04:55:30.094691,Cancelled
2124,107,2026-04-16 03:23:09.265576,Shipped
2125,310,2026-07-16 19:41:07.024929,Delivered
2126,644,2026-07-09 05:39:37.648273,Cancelled
2127,758,2025-11-09 07:38:58.125201,Processing
2128,713,2025-08-15 13:10:38.528982,Shipped
2129,338,2026-07-25 17:21:56.588161,Processing
2130,770,2026-01-05 12:53:05.519100,Processing
2131,941,2026-06-23 10:05:52.785087,Processing
2132,708,2026-06-20 08:04:48.585334,Shipped
2133,356,2026-03-02 13:14:32.278270,Shipped
2134,883,2025-10-26 10:24:12.040390,Shipped
2135,467,2026-07-15 05:08:33.317971,Shipped
2136,159,2026-06-20 06:49:21.373827,Shipped
2137,689,2025-11-19 06:44:27.919222,Processing
2138,378,2026-07-04 00:18:06.794731,Cancelled
2139,593,2026-05-03 03:21:28.276611,Processing
2140,270,2026-03-23 16:02:30.450155,Processing
2141,341,2025-12-26 09:50:51.438740,Shipped
2142,367,2026-01-09 16:43:24.990746,Shipped
2143,102,2025-10-01 04:41:25.978026,Processing
2144,728,2025-10-22 15:30:36.318452,Delivered
2145,752,2025-08-16 00:11:49.698989,Shipped
2146,325,2025-08-28 11:58:58.619603,Processing
2147,132,2026-06-29 08:52:09.849831,Processing
2148,538,2025-09-23 01:59:20.166882,Cancelled
2149,154,2026-01-22 08:46:03.612696,Processing
2150,557,2026-04-10 02:28:23.476471,Cancelled
2151,829,2026-05-21 09:08:43.202671,Delivered
2152,938,2026-03-23 05:18:19.152458,Delivered
2153,528,2025-08-10 20:36:41.566890,Cancelled
2154,453,2026-05-02 05:35:18.136939,Delivered
2155,920,2025-11-14 06:47:04.668309,Cancelled
2156,589,2025-12-08 13:15:54.912672,Delivered
2157,228,2025-09-24 03:30:48.056230,Cancelled
2158,690,2026-06-09 12:30:19.977395,Delivered
2159,647,2025-08-27 03:14:00.678421,Delivered
2160,300,2025-11-23 16:25:15.704201,Delivered
2161,360,2026-02-10 09:39:29.116386,Delivered
2162,38,2026-04-09 03:01:48.593581,Delivered
2163,828,2026-01-30 10:48:20.746507,Processing
2164,5,2026-06-22 23:46:29.487174,Delivered
2165,172,2026-03-28 08:50:26.777927,Delivered
2166,589,2025-08-22 22:07:44.023148,Shipped
2167,432,2026-02-07 04:44:34.136388,Cancelled
2168,508,2026-07-21 08:59:59.256235,Shipped
2169,79,2026-02-20 21:24:19.866199,Cancelled
2170,323,2026-01-22 06:14:33.558147,Delivered
2171,143,2026-06-18 07:47:23.944115,Cancelled
2172,735,2026-06-25 23:51:51.138696,Processing
2173,229,2025-08-02 04:13:07.870580,Delivered
2174,805,2025-10-12 03:05:20.162964,Processing
2175,409,2026-05-18 13:30:49.956025,Processing
2176,104,2026-03-22 00:12:47.144243,Cancelled
2177,964,2026-05-12 02:58:25.420488,Processing
2178,512,2025-09-03 03:32:46.946351,Shipped
2179,461,2025-08-12 09:22:51.392735,Delivered
2180,126,2026-07-30 11:56:33.513321,Delivered
2181,547,2025-08-30 10:07:11.210113,Processing
2182,163,2025-10-25 20:20:10.059116,Delivered
2183,132,2026-01-03 08:05:11.416215,Cancelled
2184,494,2026-06-24 00:07:19.657827,Shipped
2185,370,2025-10-20 22:58:01.885571,Delivered
2186,979,2025-11-28 16:53:31.289475,Processing
2187,902,2025-11-19 09:35:43.348258,Cancelled
2188,969,2026-02-27 02:18:15.303093,Delivered
2189,959,2026-06-09 17:33:57.166128,Delivered
2190,93,2026-04-03 19:17:04.494711,Cancelled
2191,5,2026-06-19 20:16:22.345239,Cancelled
2192,940,2025-08-19 20:16:43.686961,Delivered
2193,754,2025-12-19 10:50:32.255296,Processing
2194,774,2025-12-22 16:54:40.802140,Shipped
2195,774,2026-01-20 19:53:18.501265,Shipped
2196,954,2026-07-28 09:30:49.971110,Cancelled
2197,729,2026-04-07 04:59:04.401156,Processing
2198,945,2026-05-23 14:37:49.789509,Processing
2199,292,2026-06-16 13:29:17.202277,Processing
2200,509,2026-04-19 06:49:52.950965,Shipped
2201,260,2025-09-17 22:08:25.746136,Cancelled
2202,483,2025-09-20 11:55:15.575703,Processing
2203,738,2025-10-20 20:16:17.051413,Processing
2204,940,2025-11-03 03:54:07.855923,Delivered
2205,205,2025-12-17 17:04:20.784156,Delivered
2206,852,2026-02-28 19:21:05.643365,Processing
2207,244,2025-09-03 18:37:54.073288,Processing
2208,871,2025-11-30 09:57:18.838555,Shipped
2209,38,2025-11-23 22:23:44.058159,Shipped
2210,858,2026-04-20 04:11:30.628989,Processing
2211,980,2026-03-11 15:30:50.079746,Shipped
2212,355,2025-08-11 05:42:32.545502,Delivered
2213,702,2026-02-10 11:40:27.371623,Delivered
2214,976,2026-01-29 14:58:24.478810,Delivered
2215,708,2026-02-09 22:45:17.571461,Delivered
2216,45,2025-10-16 23:22:58.195715,Cancelled
2217,398,2026-04-15 06:57:30.078079,Shipped
2218,242,2026-04-16 06:40:03.857148,Cancelled
2219,849,2026-05-31 05:04:05.353634,Shipped
2220,878,2025-11-13 15:55:03.448430,Delivered
2221,9,2025-11-28 01:50:30.423563,Processing
2222,337,2026-07-01 20:50:56.858259,Processing
2223,266,2026-07-04 05:20:47.425686,Shipped
2224,80,2026-06-06 14:54:27.607681,Cancelled
2225,180,2025-12-07 02:10:31.939551,Processing
2226,185,2025-10-21 17:05:49.303276,Delivered
2227,359,2025-08-13 13:04:05.526635,Cancelled
2228,333,2025-12-28 21:27:00.663183,Shipped
2229,85,2026-07-02 21:29:51.231494,Delivered
2230,833,2025-09-19 17:09:42.058850,Delivered
2231,237,2025-10-24 03:45:00.700879,Shipped
2232,206,2026-01-27 20:59:14.569859,Processing
2233,802,2026-01-10 09:39:50.280491,Shipped
2234,163,2025-11-02 09:46:41.470212,Delivered
2235,402,2026-06-10 13:28:31.617345,Delivered
2236,577,2026-03-18 07:53:00.939925,Shipped
2237,835,2025-10-08 21:12:27.350917,Processing
2238,985,2025-10-04 13:32:31.005651,Delivered
2239,921,2025-12-15 19:26:19.152976,Cancelled
2240,834,2026-03-01 13:58:36.697608,Shipped
2241,51,2026-01-06 19:35:37.446453,Delivered
2242,633,2026-01-26 08:31:17.710187,Processing
2243,214,2026-01-30 15:41:47.636252,Processing
2244,937,2025-10-24 16:20:42.609968,Cancelled
2245,487,2025-09-09 09:25:11.331306,Cancelled
2246,541,2025-12-04 21:46:11.590140,Processing
2247,491,2026-06-13 02:57:22.948363,Delivered
2248,659,2026-06-04 21:38:59.666286,Processing
2249,366,2025-12-07 08:55:51.171416,Cancelled
2250,864,2026-06-19 16:20:56.598470,Shipped
2251,946,2025-09-09 02:57:33.306190,Processing
2252,445,2025-08-23 04:24:22.780237,Cancelled
2253,728,2026-07-09 19:50:00.305836,Cancelled
2254,765,2026-07-23 03:14:03.599597,Shipped
2255,997,2026-02-10 19:55:00.797065,Cancelled
2256,715,2026-01-16 06:34:18.984654,Cancelled
2257,215,2026-04-06 19:24:48.413965,Delivered
2258,58,2025-09-19 12:47:35.791113,Processing
2259,857,2026-04-22 20:12:04.028116,Delivered
2260,575,2025-10-26 06:05:36.043382,Cancelled
2261,624,2025-11-24 11:03:19.160619,Processing
2262,25,2025-09-02 15:13:57.668968,Shipped
2263,348,2026-03-22 08:40:45.028389,Processing
2264,205,2025-11-06 18:55:25.157871,Shipped
2265,466,2025-10-19 01:16:16.065798,Cancelled
2266,162,2026-06-29 17:20:06.154012,Delivered
2267,986,2026-01-27 10:57:10.992826,Cancelled
2268,950,2025-11-18 09:24:05.959255,Delivered
2269,660,2025-09-25 03:56:55.170985,Processing
2270,961,2025-12-08 06:26:01.955184,Delivered
2271,769,2025-09-10 09:34:49.888961,Cancelled
2272,137,2025-08-23 22:54:35.661935,Processing
2273,382,2026-06-11 06:17:52.743114,Shipped
2274,181,2026-06-22 23:50:03.242511,Shipped
2275,334,2026-06-23 18:52:45.752761,Processing
2276,168,2026-06-19 18:15:24.260175,Processing
2277,124,2025-11-22 18:56:19.738877,Processing
2278,123,2025-08-10 01:54:29.619615,Processing
2279,94,2026-06-08 10:50:04.081479,Cancelled
2280,385,2025-12-31 18:15:03.293011,Delivered
2281,506,2025-09-26 18:23:25.970882,Shipped
2282,795,2026-02-01 16:24:38.681055,Cancelled
2283,617,2025-10-27 19:12:17.813298,Delivered
2284,247,2026-02-13 08:02:11.545825,Delivered
2285,196,2026-02-13 03:54:37.445235,Delivered
2286,646,2025-08-27 14:44:11.374033,Shipped
2287,320,2026-06-22 08:51:18.921617,Processing
2288,283,2025-10-24 23:15:07.142375,Delivered
2289,832,2026-05-30 04:30:25.451243,Cancelled
2290,381,2026-01-31 11:55:19.067355,Cancelled
2291,295,2026-05-02 20:01:21.505740,Delivered
2292,428,2026-05-01 00:03:22.366775,Shipped
2293,376,2025-09-13 17:24:34.223361,Cancelled
2294,244,2026-01-23 22:09:57.215061,Shipped
2295,366,2026-01-16 19:06:20.831382,Processing
2296,959,2026-07-17 11:34:01.221118,Delivered
2297,23,2025-12-31 05:55:28.295112,Delivered
2298,203,2026-02-25 00:09:38.343662,Shipped
2299,394,2026-02-06 15:16:43.164130,Delivered
2300,842,2026-06-09 19:02:30.938109,Shipped
2301,483,2026-07-31 07:05:30.817881,Processing
2302,712,2026-07-04 08:39:54.025244,Processing
2303,844,2026-01-16 10:06:34.469850,Delivered
2304,557,2025-10-12 10:32:18.764510,Shipped
2305,578,2026-01-05 12:06:38.776608,Delivered
2306,486,2026-01-25 16:57:08.945246,Shipped
2307,925,2026-04-16 02:57:28.873603,Shipped
2308,894,2025-10-15 12:35:08.162051,Shipped
2309,791,2026-01-26 00:26:57.756372,Shipped
2310,2,2026-05-07 16:21:37.822979,Cancelled
2311,721,2026-06-26 05:09:22.551708,Delivered
2312,206,2025-11-11 08:50:49.809601,Shipped
2313,813,2025-11-08 07:06:22.120506,Cancelled
2314,365,2026-03-23 22:16:16.914440,Cancelled
2315,446,2026-07-09 21:20:02.628740,Processing
2316,519,2026-01-14 20:25:51.133615,Cancelled
2317,741,2026-04-04 07:52:55.908340,Cancelled
2318,307,2026-02-10 16:06:47.655036,Processing
2319,789,2025-11-07 00:31:07.827634,Shipped
2320,901,2025-08-21 08:32:15.014865,Delivered
2321,362,2026-05-02 23:54:20.241039,Processing
2322,342,2026-02-21 19:22:46.403174,Shipped
2323,646,2026-07-17 22:36:17.221652,Delivered
2324,734,2025-11-29 09:02:15.597728,Shipped
2325,690,2026-01-20 03:49:53.690925,Delivered
2326,396,2026-06-09 13:35:15.240078,Cancelled
2327,254,2026-05-10 02:04:43.158281,Processing
2328,852,2026-04-14 00:52:19.052554,Delivered
2329,511,2025-09-24 08:20:30.140324,Shipped
2330,711,2025-09-23 23:36:54.714006,Processing
2331,257,2026-03-03 16:34:11.764942,Delivered
2332,986,2025-11-21 06:16:01.069781,Delivered
2333,239,2025-08-21 10:54:12.587701,Processing
2334,877,2026-01-26 11:35:27.099138,Shipped
2335,676,2025-12-16 06:52:00.358642,Processing
2336,368,2026-03-03 08:13:46.145669,Processing
2337,592,2026-04-05 09:45:43.135994,Processing
2338,936,2026-04-20 22:31:38.807184,Cancelled
2339,914,2025-10-29 13:02:02.262762,Shipped
2340,969,2026-06-05 20:46:03.621541,Delivered
2341,308,2026-07-31 14:35:08.975617,Delivered
2342,42,2025-12-20 15:49:48.220016,Shipped
2343,964,2026-05-12 01:39:41.872463,Shipped
2344,240,2025-09-21 17:36:18.141158,Shipped
2345,385,2025-11-19 04:45:00.344248,Processing
2346,250,2026-07-08 07:46:15.393736,Shipped
2347,197,2026-06-12 10:21:43.451519,Cancelled
2348,12,2025-12-30 07:18:09.095117,Cancelled
2349,735,2026-05-15 00:31:00.660942,Processing
2350,168,2026-04-29 23:08:27.425682,Shipped
2351,782,2025-10-18 05:53:48.073514,Shipped
2352,599,2026-06-08 00:19:52.997785,Shipped
2353,230,2025-10-19 23:52:58.992249,Shipped
2354,299,2026-06-02 23:10:25.996818,Cancelled
2355,397,2026-03-26 03:31:46.965065,Shipped
2356,73,2026-07-05 12:27:00.797670,Processing
2357,378,2025-09-18 18:24:50.153533,Processing
2358,330,2026-01-27 00:31:07.949908,Processing
2359,598,2026-05-24 11:54:13.299459,Delivered
2360,337,2026-07-12 21:56:25.511890,Delivered
2361,733,2026-05-27 22:32:01.816870,Shipped
2362,438,2025-11-07 13:39:43.998026,Processing
2363,769,2025-09-14 16:48:10.945595,Shipped
2364,905,2026-03-29 15:03:13.460025,Shipped
2365,840,2026-02-13 21:36:40.307520,Processing
2366,532,2025-10-12 04:08:41.981660,Delivered
2367,151,2025-09-14 16:36:48.585305,Cancelled
2368,752,2025-08-24 03:23:07.283690,Cancelled
2369,169,2026-01-30 00:35:36.019119,Shipped
2370,410,2026-05-17 20:57:26.923879,Processing
2371,291,2026-06-02 10:13:02.261033,Processing
2372,809,2026-05-15 01:02:46.203083,Processing
2373,483,2025-09-18 18:07:48.438296,Cancelled
2374,784,2026-03-21 11:39:50.745638,Shipped
2375,319,2026-05-16 22:39:00.365170,Cancelled
2376,698,2025-12-31 09:30:31.975531,Shipped
2377,251,2025-08-11 20:08:41.910684,Cancelled
2378,839,2026-02-23 08:59:51.891014,Cancelled
2379,767,2026-03-13 14:56:48.777244,Shipped
2380,908,2025-08-15 05:09:35.482757,Cancelled
2381,368,2025-09-02 18:04:30.880472,Processing
2382,646,2025-11-28 12:51:50.048743,Delivered
2383,360,2026-01-21 12:35:56.689230,Delivered
2384,636,2025-11-08 19:51:54.768270,Cancelled
2385,489,2026-04-04 14:16:19.462581,Shipped
2386,724,2026-06-29 00:38:56.338610,Shipped
2387,224,2026-06-23 09:16:31.786872,Cancelled
2388,318,2026-05-19 12:15:39.593042,Cancelled
2389,201,2025-09-11 13:59:05.943226,Delivered
2390,178,2026-02-11 00:09:44.684003,Shipped
2391,745,2025-12-12 10:43:41.663748,Cancelled
2392,19,2026-02-18 11:58:37.657956,Cancelled
2393,746,2026-05-11 16:28:06.395087,Delivered
2394,776,2026-01-31 14:13:36.022706,Cancelled
2395,689,2026-03-04 11:04:27.547043,Processing
2396,697,2026-02-24 17:21:04.952314,Processing
2397,528,2026-02-14 11:40:46.490498,Processing
2398,760,2025-08-24 16:39:08.147628,Processing
2399,352,2026-01-23 01:45:16.826720,Processing
2400,900,2025-09-09 04:29:29.424593,Delivered
2401,914,2025-10-21 06:49:04.119371,Delivered
2402,559,2026-03-29 08:55:42.731281,Shipped
2403,735,2026-01-03 04:43:18.226356,Cancelled
2404,862,2026-06-18 06:58:38.995670,Processing
2405,530,2026-07-05 20:39:04.560722,Shipped
2406,570,2026-04-26 11:57:43.579382,Processing
2407,725,2026-05-18 23:36:01.490074,Shipped
2408,219,2025-10-28 03:23:24.284490,Delivered
2409,308,2025-10-02 05:07:54.178633,Delivered
2410,481,2025-10-27 06:04:08.007531,Delivered
2411,52,2026-06-15 06:54:13.714488,Delivered
2412,26,2026-03-11 16:49:06.756907,Delivered
2413,605,2026-05-27 16:37:29.681266,Shipped
2414,222,2025-09-07 08:47:17.998639,Shipped
2415,688,2026-02-11 09:59:08.722911,Delivered
2416,637,2025-09-11 18:24:10.847928,Cancelled
2417,720,2026-05-29 13:39:35.899854,Delivered
2418,198,2026-04-23 04:03:18.942862,Processing
2419,723,2025-09-14 15:41:50.599169,Processing
2420,354,2026-01-10 21:52:11.741500,Cancelled
2421,759,2026-02-07 09:07:39.436753,Cancelled
2422,448,2026-03-14 09:14:01.896043,Cancelled
2423,165,2026-06-05 01:55:13.888670,Shipped
2424,936,2025-09-27 17:25:59.397258,Delivered
2425,874,2026-04-29 07:45:34.816864,Processing
2426,670,2025-12-24 03:14:23.570813,Shipped
2427,543,2025-08-01 20:15:02.866646,Delivered
2428,967,2026-02-21 00:26:59.922437,Delivered
2429,81,2026-01-13 07:27:09.652824,Delivered
2430,675,2026-04-23 13:30:32.807162,Cancelled
2431,911,2026-05-26 21:00:10.045430,Delivered
2432,22,2026-04-15 09:06:21.232451,Delivered
2433,973,2025-08-27 12:46:05.626492,Shipped
2434,443,2025-10-16 03:29:58.433715,Delivered
2435,659,2025-11-24 18:34:09.430212,Shipped
2436,979,2026-03-10 04:56:51.506541,Processing
2437,258,2025-11-23 12:05:25.780262,Cancelled
2438,715,2026-01-28 11:13:26.986670,Cancelled
2439,301,2025-12-27 20:32:50.142215,Shipped
2440,604,2026-06-27 12:37:36.629609,Cancelled
2441,216,2025-10-10 08:37:37.387593,Shipped
2442,833,2026-03-12 02:15:20.590471,Shipped
2443,352,2025-09-02 22:36:37.090496,Processing
2444,238,2026-01-01 00:07:51.693453,Delivered
2445,721,2025-10-31 13:50:53.881527,Delivered
2446,906,2026-07-13 13:31:50.617365,Shipped
2447,128,2025-10-04 01:37:29.898747,Cancelled
2448,23,2025-08-20 13:43:00.569063,Cancelled
2449,141,2025-08-22 21:45:27.632357,Delivered
2450,689,2025-12-11 23:01:19.950019,Shipped
2451,581,2025-10-27 21:16:36.626036,Shipped
2452,915,2026-07-16 12:27:52.155691,Delivered
2453,757,2025-11-20 13:13:20.416405,Shipped
2454,128,2025-10-13 00:40:24.619829,Cancelled
2455,746,2026-05-31 02:46:45.844702,Cancelled
2456,990,2026-02-17 21:24:43.803552,Delivered
2457,246,2025-12-02 16:44:05.738834,Processing
2458,240,2026-06-28 08:49:06.029344,Delivered
2459,695,2026-06-14 19:58:53.244247,Cancelled
2460,518,2025-12-13 19:50:19.562113,Delivered
2461,200,2026-06-22 12:49:37.190985,Processing
2462,741,2025-10-11 04:11:17.190063,Processing
2463,368,2026-01-07 23:28:03.082816,Processing
2464,50,2025-10-21 13:18:36.402917,Cancelled
2465,452,2026-01-14 20:01:00.739734,Processing
2466,10,2026-02-18 05:02:58.336538,Shipped
2467,748,2025-09-18 16:45:20.446782,Shipped
2468,111,2025-08-26 01:36:40.523211,Delivered
2469,655,2025-10-26 02:35:58.507474,Cancelled
2470,510,2025-10-11 21:27:48.560043,Shipped
2471,851,2026-05-11 11:02:51.247121,Delivered
2472,559,2026-05-30 20:49:29.763826,Cancelled
2473,262,2026-04-20 18:21:49.816958,Cancelled
2474,950,2025-09-04 12:43:47.523989,Cancelled
2475,469,2025-11-21 18:03:46.522033,Shipped
2476,308,2026-05-02 22:19:31.479154,Shipped
2477,598,2026-02-25 03:01:06.183184,Delivered
2478,617,2026-04-02 19:57:24.101281,Cancelled
2479,305,2026-01-07 03:13:09.154347,Shipped
2480,585,2026-06-19 07:15:34.048481,Delivered
2481,342,2026-01-12 09:33:57.149128,Shipped
2482,666,2026-07-14 03:13:19.177029,Cancelled
2483,40,2025-11-07 04:55:36.972955,Cancelled
2484,573,2026-04-10 07:08:21.390615,Processing
2485,761,2026-03-15 17:20:53.267908,Processing
2486,422,2026-05-06 06:08:20.459514,Cancelled
2487,561,2026-02-18 07:48:02.542951,Processing
2488,100,2025-09-09 14:21:21.910540,Cancelled
2489,242,2026-06-07 08:13:00.582273,Delivered
2490,382,2026-01-11 10:15:04.269786,Cancelled
2491,915,2025-08-21 23:02:12.910579,Delivered
2492,910,2026-06-24 08:17:14.179182,Delivered
2493,895,2025-09-20 00:21:07.505873,Processing
2494,961,2025-12-21 03:25:21.120649,Delivered
2495,575,2025-11-05 07:55:58.784033,Processing
2496,866,2026-02-19 22:41:30.537642,Delivered
2497,709,2025-10-04 20:31:50.133820,Shipped
2498,13,2026-05-06 07:18:42.834304,Shipped
2499,199,2026-02-03 18:12:04.344140,Cancelled
2500,978,2026-03-08 19:59:00.322886,Shipped
2501,994,2026-06-27 11:46:55.093528,Cancelled
2502,330,2025-11-05 19:01:33.205744,Shipped
2503,36,2026-03-31 12:19:26.774667,Cancelled
2504,124,2026-02-21 11:51:20.398517,Processing
2505,763,2025-10-23 07:04:35.509754,Shipped
2506,124,2026-06-10 10:25:09.450725,Processing
2507,844,2026-05-27 17:42:30.785815,Processing
2508,73,2025-09-12 01:59:41.840349,Delivered
2509,879,2026-06-20 21:48:37.898707,Shipped
2510,877,2026-02-12 22:09:41.775427,Shipped
2511,632,2025-12-07 00:13:01.694227,Processing
2512,613,2026-03-23 16:50:11.717810,Cancelled
2513,400,2026-07-21 04:58:46.634037,Cancelled
2514,741,2026-05-01 10:59:09.427683,Cancelled
2515,304,2025-11-28 03:04:27.199523,Delivered
2516,336,2026-02-25 01:32:40.570087,Shipped
2517,34,2026-07-06 06:47:46.316777,Cancelled
2518,62,2026-02-16 16:27:55.920650,Cancelled
2519,518,2026-04-25 00:36:03.982978,Shipped
2520,360,2026-06-29 18:00:15.481630,Cancelled
2521,53,2026-05-22 12:46:45.811947,Shipped
2522,918,2026-05-19 00:14:00.725651,Shipped
2523,463,2025-08-30 22:17:29.479405,Delivered
2524,568,2025-12-15 01:51:19.783501,Delivered
2525,559,2026-02-28 04:48:41.982629,Cancelled
2526,232,2025-08-08 23:44:30.871970,Delivered
2527,983,2026-04-17 18:49:43.344050,Cancelled
2528,10,2026-07-02 10:13:04.106039,Cancelled
2529,618,2026-03-18 06:36:53.191693,Processing
2530,964,2026-02-19 09:49:00.307080,Processing
2531,955,2025-10-26 22:48:57.574799,Shipped
2532,587,2026-04-13 14:36:43.997132,Shipped
2533,771,2026-06-23 11:23:30.051261,Delivered
2534,670,2025-09-10 05:21:11.841697,Processing
2535,722,2026-06-02 11:02:11.460223,Shipped
2536,140,2026-01-04 09:50:18.995874,Processing
2537,31,2025-09-17 09:49:14.985920,Processing
2538,79,2025-08-16 16:42:18.571203,Processing
2539,526,2025-12-17 22:29:04.172745,Shipped
2540,643,2025-09-06 17:01:56.228098,Shipped
2541,501,2026-04-12 22:22:27.329950,Delivered
2542,396,2026-07-09 10:49:49.877566,Delivered
2543,791,2025-11-10 19:36:37.918304,Processing
2544,337,2026-04-28 00:48:38.774459,Shipped
2545,546,2026-02-22 15:42:27.163046,Shipped
2546,941,2025-12-31 21:10:23.736303,Cancelled
2547,649,2026-05-09 19:59:57.744900,Cancelled
2548,718,2026-01-07 03:51:06.053859,Delivered
2549,372,2026-04-15 13:10:03.480502,Cancelled
2550,846,2025-11-13 14:33:36.676095,Shipped
2551,181,2025-11-04 22:46:33.029219,Processing
2552,218,2025-08-23 03:14:33.705085,Processing
2553,818,2025-12-07 18:17:46.200448,Cancelled
2554,71,2026-06-22 06:05:30.443705,Delivered
2555,732,2026-02-16 03:56:10.149210,Shipped
2556,47,2026-04-26 23:14:58.642946,Delivered
2557,915,2026-06-30 12:02:15.327219,Processing
2558,270,2026-02-02 22:55:49.700117,Processing
2559,661,2026-06-17 11:32:56.334625,Cancelled
2560,424,2025-10-04 06:35:37.768371,Cancelled
2561,441,2025-08-13 04:57:35.456943,Delivered
2562,935,2026-03-22 12:31:38.710783,Processing
2563,921,2026-05-25 20:35:16.116313,Shipped
2564,475,2025-10-27 18:31:11.226249,Cancelled
2565,612,2025-11-05 07:50:51.264199,Processing
2566,828,2026-01-02 22:15:33.022636,Delivered
2567,531,2025-08-31 11:16:49.521859,Shipped
2568,513,2026-01-26 21:06:17.425480,Processing
2569,864,2025-09-18 01:40:17.357222,Processing
2570,240,2026-05-24 05:37:41.378697,Delivered
2571,135,2026-02-08 04:09:46.981923,Delivered
2572,388,2025-09-27 16:14:31.876521,Processing
2573,150,2026-04-14 13:57:19.381037,Delivered
2574,246,2025-09-16 11:23:43.295468,Processing
2575,680,2025-10-13 14:58:54.811318,Cancelled
2576,251,2025-11-27 01:55:33.582235,Delivered
2577,160,2025-10-25 17:39:22.568822,Processing
2578,128,2026-05-08 20:55:53.513448,Shipped
2579,989,2026-06-16 07:29:59.396646,Delivered
2580,845,2026-04-20 22:33:09.961802,Processing
2581,784,2025-10-10 07:16:28.655675,Shipped
2582,909,2026-04-19 23:19:54.089966,Shipped
2583,941,2025-12-31 16:06:34.572109,Processing
2584,975,2026-07-23 06:20:55.855433,Cancelled
2585,548,2026-04-04 11:58:50.740068,Processing
2586,871,2026-07-18 23:12:24.888093,Shipped
2587,537,2026-06-09 03:57:41.973952,Processing
2588,293,2026-04-26 00:19:02.776206,Delivered
2589,881,2026-07-23 16:58:51.683484,Shipped
2590,687,2026-05-04 20:09:38.243814,Cancelled
2591,122,2025-08-21 23:09:39.026861,Processing
2592,914,2025-08-24 05:14:17.383757,Shipped
2593,25,2026-04-14 20:06:09.375756,Delivered
2594,628,2026-02-19 19:20:24.313761,Delivered
2595,776,2025-11-10 22:32:02.929693,Delivered
2596,763,2025-12-13 20:51:31.919322,Delivered
2597,947,2026-03-13 18:27:04.378538,Shipped
2598,959,2025-11-15 11:22:54.083001,Delivered
2599,738,2025-09-26 21:47:24.339275,Shipped
2600,127,2025-10-11 01:46:00.762583,Shipped
2601,222,2026-07-25 09:53:13.860501,Cancelled
2602,894,2026-03-11 11:00:08.995939,Processing
2603,296,2026-07-08 18:43:19.438706,Processing
2604,623,2026-05-21 05:18:38.343461,Delivered
2605,66,2026-01-21 09:50:49.187050,Delivered
2606,260,2025-09-28 03:53:28.186104,Delivered
2607,95,2025-08-24 03:19:55.370167,Processing
2608,859,2026-05-18 08:22:08.177194,Shipped
2609,478,2026-03-14 01:53:06.300971,Cancelled
2610,390,2026-05-08 09:04:38.375835,Shipped
2611,112,2026-03-01 21:17:32.806088,Processing
2612,209,2025-08-30 18:10:30.197572,Cancelled
2613,869,2025-09-05 03:42:26.174238,Delivered
2614,561,2026-07-12 06:47:58.644518,Shipped
2615,793,2026-05-26 17:26:41.887835,Processing
2616,318,2026-02-07 22:20:33.862563,Delivered
2617,907,2026-04-06 18:27:15.064601,Cancelled
2618,917,2025-11-24 10:58:08.847780,Delivered
2619,670,2025-12-24 01:44:30.979475,Delivered
2620,320,2025-11-05 21:50:51.820318,Processing
2621,840,2026-05-13 03:38:51.520319,Cancelled
2622,507,2025-08-19 01:48:25.748476,Delivered
2623,917,2026-03-06 06:06:03.480556,Processing
2624,952,2025-10-03 09:49:57.532529,Shipped
2625,263,2026-04-25 20:18:04.482721,Delivered
2626,825,2025-10-28 04:01:38.507773,Shipped
2627,780,2026-04-08 20:02:59.088393,Processing
2628,140,2025-09-21 02:34:30.025197,Shipped
2629,494,2026-06-17 17:28:55.692724,Processing
2630,652,2025-10-02 08:07:09.598538,Processing
2631,978,2025-11-20 21:16:34.487467,Processing
2632,563,2026-04-18 14:41:33.410355,Processing
2633,614,2026-06-12 14:15:31.784238,Processing
2634,142,2025-08-20 11:38:54.438268,Cancelled
2635,923,2026-03-01 07:49:38.198624,Processing
2636,392,2026-03-23 14:09:30.457444,Cancelled
2637,179,2026-06-10 18:59:19.223728,Processing
2638,429,2026-06-03 13:21:39.233011,Delivered
2639,724,2025-12-02 05:29:35.915317,Shipped
2640,917,2026-02-07 18:05:29.206703,Delivered
2641,551,2025-10-29 18:55:18.850910,Delivered
2642,656,2025-11-06 13:14:42.684730,Shipped
2643,601,2026-07-09 18:19:42.974899,Delivered
2644,152,2025-10-19 12:55:40.945090,Cancelled
2645,743,2025-12-13 22:29:46.785463,Cancelled
2646,265,2025-10-18 12:03:19.805402,Cancelled
2647,452,2026-06-05 00:01:48.600032,Processing
2648,790,2025-11-28 20:16:15.881127,Processing
2649,98,2026-02-13 02:53:34.703587,Delivered
2650,234,2025-11-20 18:50:29.130971,Processing
2651,688,2026-06-21 14:58:51.541824,Processing
2652,575,2026-04-12 04:42:13.976765,Cancelled
2653,260,2026-07-04 12:17:19.798885,Delivered
2654,589,2026-02-24 18:05:02.774539,Shipped
2655,289,2025-09-14 14:01:16.257310,Cancelled
2656,549,2025-09-16 09:35:08.976005,Processing
2657,444,2025-12-07 06:04:21.936932,Processing
2658,356,2026-07-08 23:21:54.489823,Delivered
2659,475,2025-09-12 09:47:00.523988,Delivered
2660,915,2026-02-07 18:58:16.060769,Processing
2661,773,2026-01-02 08:40:19.809650,Cancelled
2662,50,2026-04-16 02:57:33.244856,Shipped
2663,493,2026-06-01 06:33:16.899315,Shipped
2664,666,2026-06-30 03:06:21.147090,Cancelled
2665,316,2026-05-11 19:48:30.945256,Cancelled
2666,619,2026-06-03 07:48:36.046997,Processing
2667,213,2026-03-08 05:46:03.691846,Processing
2668,636,2026-03-27 21:44:28.734614,Cancelled
2669,464,2025-11-21 01:28:48.267927,Cancelled
2670,989,2025-12-14 05:15:11.627839,Cancelled
2671,599,2026-02-16 20:14:32.806531,Cancelled
2672,196,2026-02-07 02:45:43.278484,Cancelled
2673,636,2025-12-30 12:51:43.542825,Delivered
2674,260,2026-04-07 21:39:28.821147,Delivered
2675,585,2026-04-18 11:15:26.820232,Processing
2676,241,2026-07-24 06:46:26.033044,Delivered
2677,109,2026-05-27 13:06:04.314885,Shipped
2678,703,2026-05-15 11:55:59.358059,Shipped
2679,45,2025-09-13 08:51:41.262941,Shipped
2680,521,2026-02-14 07:25:01.555225,Shipped
2681,342,2025-10-18 07:45:04.705996,Cancelled
2682,149,2026-02-16 00:03:49.035724,Shipped
2683,453,2026-04-22 08:23:06.227056,Delivered
2684,506,2025-10-10 06:08:38.039767,Delivered
2685,187,2026-03-19 12:26:25.165928,Processing
2686,267,2026-05-20 19:26:52.239754,Shipped
2687,236,2026-02-07 04:50:43.721145,Processing
2688,463,2025-09-25 04:47:18.263859,Delivered
2689,739,2025-12-12 19:12:21.439542,Shipped
2690,505,2026-07-05 05:01:45.807069,Shipped
2691,789,2025-09-05 14:47:46.742167,Cancelled
2692,846,2026-03-30 19:24:13.849482,Shipped
2693,874,2025-09-16 04:47:01.175591,Cancelled
2694,249,2026-07-22 21:18:03.576762,Processing
2695,754,2026-04-20 06:00:16.969175,Shipped
2696,893,2026-04-28 23:31:05.076521,Delivered
2697,622,2025-10-06 13:24:48.991776,Delivered
2698,263,2025-11-11 15:00:23.554743,Shipped
2699,507,2025-08-09 14:06:07.371678,Processing
2700,178,2026-02-13 20:19:14.833838,Shipped
2701,691,2026-03-06 18:14:15.470959,Delivered
2702,941,2025-12-06 21:50:09.597948,Cancelled
2703,203,2025-11-01 14:00:59.743973,Processing
2704,131,2026-04-13 18:33:02.118240,Delivered
2705,227,2026-02-12 14:00:57.917818,Shipped
2706,883,2025-10-15 03:37:55.981035,Cancelled
2707,395,2025-08-24 02:39:28.731802,Shipped
2708,52,2025-12-02 06:36:25.163609,Shipped
2709,582,2026-04-03 22:37:49.675499,Delivered
2710,215,2026-06-08 16:29:26.495389,Delivered
2711,976,2026-03-08 07:12:17.052026,Delivered
2712,40,2026-02-15 20:47:54.829006,Cancelled
2713,15,2025-11-10 04:28:52.911758,Shipped
2714,582,2025-12-03 17:41:02.241856,Delivered
2715,137,2025-12-08 19:21:02.749811,Processing
2716,134,2026-05-30 09:04:26.631689,Delivered
2717,271,2026-01-13 16:10:43.402092,Delivered
2718,958,2025-11-21 21:49:05.918371,Cancelled
2719,504,2026-02-25 01:10:38.560594,Shipped
2720,291,2025-08-07 21:17:20.136138,Delivered
2721,543,2026-01-14 06:08:31.400439,Processing
2722,872,2026-06-15 21:15:44.110464,Processing
2723,934,2025-11-19 01:06:10.644847,Shipped
2724,842,2026-05-21 17:11:28.922875,Processing
2725,311,2026-05-21 00:32:01.300007,Processing
2726,527,2025-10-13 03:27:00.469855,Delivered
2727,588,2025-09-17 13:46:23.496274,Processing
2728,383,2025-08-10 15:35:21.784099,Delivered
2729,622,2025-08-06 13:40:38.745263,Processing
2730,516,2026-07-03 14:10:13.070142,Delivered
2731,434,2026-01-08 13:32:24.681226,Delivered
2732,532,2025-08-15 17:43:54.788768,Shipped
2733,643,2025-09-23 17:35:10.925808,Delivered
2734,888,2026-01-21 16:06:26.823043,Cancelled
2735,209,2025-12-15 19:09:27.487425,Delivered
2736,720,2026-04-26 03:13:10.755214,Processing
2737,787,2025-09-14 06:01:56.733337,Shipped
2738,654,2025-08-13 06:31:24.282404,Cancelled
2739,650,2026-07-19 09:01:30.781143,Processing
2740,186,2026-06-12 03:39:56.799769,Delivered
2741,130,2026-01-04 03:23:17.003250,Cancelled
2742,508,2026-02-08 02:57:03.357620,Shipped
2743,642,2026-02-06 02:39:09.590881,Shipped
2744,359,2025-12-05 22:59:58.261691,Processing
2745,952,2025-08-15 18:14:22.708534,Shipped
2746,579,2025-09-30 03:21:18.710976,Delivered
2747,151,2025-12-14 11:27:18.210009,Processing
2748,274,2026-01-10 18:37:17.267557,Delivered
2749,710,2025-09-26 17:27:21.592573,Cancelled
2750,58,2025-11-04 17:26:11.632634,Delivered
2751,974,2025-12-11 12:43:18.821793,Cancelled
2752,493,2026-01-10 03:57:54.412382,Cancelled
2753,215,2026-08-01 05:35:45.007596,Shipped
2754,830,2026-07-02 09:40:30.667638,Delivered
2755,295,2025-10-10 19:31:41.871566,Processing
2756,174,2026-01-04 18:30:20.947550,Delivered
2757,662,2025-10-04 06:00:17.136625,Shipped
2758,175,2026-04-30 08:16:48.313745,Cancelled
2759,243,2025-08-22 03:53:28.594560,Processing
2760,39,2026-04-09 12:01:45.708275,Delivered
2761,994,2026-01-22 09:41:01.394027,Cancelled
2762,48,2026-07-26 06:57:15.385637,Cancelled
2763,593,2025-11-29 12:28:02.499735,Processing
2764,5,2026-03-24 21:03:02.503275,Processing
2765,991,2026-05-21 06:17:36.741283,Processing
2766,430,2026-02-21 13:59:31.248860,Shipped
2767,782,2026-07-30 05:11:08.023140,Delivered
2768,655,2025-10-31 10:58:27.489872,Processing
2769,442,2026-07-03 07:26:22.438554,Shipped
2770,676,2026-04-08 05:58:25.687108,Cancelled
2771,741,2025-12-15 07:29:22.779027,Processing
2772,53,2026-03-04 06:52:37.639562,Delivered
2773,254,2026-01-14 00:54:18.463881,Processing
2774,336,2026-05-04 16:24:46.780014,Delivered
2775,365,2026-07-03 17:56:49.461637,Shipped
2776,601,2026-05-16 23:29:40.871151,Processing
2777,856,2026-07-05 12:26:56.455494,Cancelled
2778,974,2025-10-07 16:45:18.161662,Processing
2779,69,2026-05-29 19:33:49.917052,Shipped
2780,524,2026-06-21 13:27:55.331977,Shipped
2781,85,2025-08-11 12:06:24.736530,Processing
2782,93,2025-10-04 22:40:11.685061,Shipped
2783,121,2025-11-07 21:03:01.591412,Delivered
2784,456,2025-09-16 23:25:04.198197,Processing
2785,464,2026-03-17 16:34:41.873690,Cancelled
2786,381,2026-03-01 11:15:11.657861,Processing
2787,5,2026-06-21 20:41:13.041123,Cancelled
2788,529,2026-02-27 21:24:55.258770,Delivered
2789,734,2026-03-06 02:23:10.534365,Cancelled
2790,25,2025-10-23 18:04:54.062448,Processing
2791,460,2025-09-08 22:29:32.535932,Processing
2792,274,2025-08-08 16:18:09.259483,Processing
2793,205,2026-07-19 12:24:03.479394,Processing
2794,360,2026-01-25 01:46:45.460026,Shipped
2795,541,2026-07-28 10:46:37.980351,Shipped
2796,798,2025-11-30 08:15:47.271433,Cancelled
2797,668,2025-11-15 09:24:24.300433,Delivered
2798,85,2025-08-03 03:57:31.864533,Processing
2799,717,2026-04-17 19:40:13.661571,Processing
2800,644,2026-06-26 08:18:30.056911,Cancelled
2801,239,2025-10-15 08:14:14.977030,Shipped
2802,49,2026-03-14 15:36:23.813090,Shipped
2803,672,2026-02-27 17:30:01.810189,Delivered
2804,676,2025-11-25 10:22:18.499477,Delivered
2805,787,2025-11-09 21:10:42.498410,Processing
2806,645,2025-09-16 09:13:42.177027,Processing
2807,106,2026-07-21 08:01:22.047991,Delivered
2808,661,2025-09-12 20:05:17.565340,Shipped
2809,115,2026-06-21 08:54:54.560474,Shipped
2810,166,2025-11-14 01:49:24.564162,Delivered
2811,965,2025-10-02 08:33:17.813018,Shipped
2812,590,2025-12-29 12:43:52.447307,Shipped
2813,825,2025-09-11 23:06:21.702062,Delivered
2814,398,2025-08-01 18:30:06.756704,Processing
2815,126,2025-11-07 08:21:56.101365,Delivered
2816,447,2025-10-05 01:12:09.127603,Processing
2817,349,2026-01-02 12:10:50.999619,Processing
2818,93,2025-12-31 19:20:43.046449,Cancelled
2819,268,2026-07-22 21:33:50.061643,Processing
2820,353,2026-06-30 07:23:55.808214,Delivered
2821,204,2025-08-30 00:07:37.048729,Processing
2822,873,2026-04-15 09:27:00.913577,Cancelled
2823,648,2025-11-29 14:12:03.281355,Cancelled
2824,305,2026-06-10 12:59:11.222558,Processing
2825,545,2026-04-01 13:17:27.079779,Processing
2826,121,2026-03-16 00:37:42.909284,Shipped
2827,922,2026-02-03 16:03:13.389630,Processing
2828,562,2025-12-20 03:27:20.737029,Processing
2829,165,2026-01-30 16:29:19.030317,Processing
2830,176,2026-03-08 15:11:38.794630,Shipped
2831,819,2025-10-18 14:21:29.009565,Cancelled
2832,191,2026-07-29 08:06:36.645982,Shipped
2833,701,2025-10-03 13:51:47.505725,Delivered
2834,218,2025-12-06 19:01:18.680604,Processing
2835,934,2026-04-17 05:38:13.881123,Delivered
2836,969,2026-06-26 20:35:00.478195,Delivered
2837,532,2026-04-01 14:02:56.318614,Processing
2838,620,2026-06-23 05:58:48.242284,Shipped
2839,392,2026-01-27 04:33:03.618457,Processing
2840,517,2026-02-18 10:20:18.185965,Delivered
2841,927,2025-10-21 00:15:24.824965,Shipped
2842,37,2026-07-19 06:11:50.554173,Shipped
2843,489,2026-04-15 05:30:50.224703,Cancelled
2844,128,2025-09-26 06:14:03.481514,Processing
2845,348,2025-11-14 03:21:17.898454,Delivered
2846,430,2025-09-03 00:36:49.885642,Shipped
2847,309,2026-05-19 01:44:09.643259,Shipped
2848,867,2026-02-28 16:49:16.412000,Shipped
2849,904,2025-12-05 14:38:47.198311,Processing
2850,944,2025-09-09 20:49:38.620449,Cancelled
2851,804,2026-02-18 22:10:06.280493,Processing
2852,619,2026-06-10 23:35:13.202649,Cancelled
2853,424,2025-11-30 17:01:53.253592,Delivered
2854,753,2026-03-19 07:29:25.104726,Delivered
2855,141,2025-08-28 10:57:54.741977,Shipped
2856,994,2025-11-18 15:02:35.858731,Cancelled
2857,684,2026-05-30 20:34:34.639691,Shipped
2858,33,2026-01-25 13:03:43.843917,Shipped
2859,80,2025-10-24 19:53:24.885081,Processing
2860,254,2026-01-13 13:19:18.412241,Delivered
2861,633,2026-06-24 09:54:35.689175,Processing
2862,555,2026-01-13 09:36:46.749372,Cancelled
2863,678,2025-08-19 16:43:35.899570,Shipped
2864,458,2026-02-19 06:15:13.616359,Shipped
2865,640,2026-06-10 04:22:11.980391,Delivered
2866,524,2026-01-12 13:22:49.931630,Shipped
2867,969,2025-12-26 11:22:15.258636,Processing
2868,693,2025-12-31 23:18:45.615445,Processing
2869,190,2026-06-26 14:48:43.172224,Shipped
2870,919,2025-10-01 13:20:51.293547,Shipped
2871,318,2026-01-27 03:37:24.021618,Processing
2872,212,2026-03-09 00:31:34.967067,Processing
2873,403,2026-01-10 16:53:30.038180,Delivered
2874,614,2026-03-15 18:16:04.350238,Shipped
2875,236,2025-10-07 02:31:27.359350,Processing
2876,844,2026-02-08 19:25:00.759448,Delivered
2877,671,2026-02-14 03:50:10.931512,Processing
2878,539,2026-01-05 17:04:24.253610,Processing
2879,411,2026-03-10 00:15:32.108492,Cancelled
2880,223,2026-04-21 14:27:37.187601,Shipped
2881,540,2025-08-10 12:26:34.972995,Cancelled
2882,888,2026-02-28 15:51:05.168335,Cancelled
2883,337,2026-03-10 18:09:35.234967,Delivered
2884,283,2025-11-10 05:55:42.595695,Shipped
2885,788,2026-07-03 18:35:35.657056,Delivered
2886,806,2026-07-18 17:33:59.986991,Shipped
2887,956,2026-01-07 00:24:51.289768,Shipped
2888,746,2026-04-06 23:58:49.288798,Cancelled
2889,887,2025-10-02 20:05:42.905723,Processing
2890,53,2026-03-22 03:53:17.921375,Shipped
2891,529,2025-09-28 03:05:07.462169,Processing
2892,589,2026-03-04 05:50:02.377579,Cancelled
2893,886,2026-07-07 18:43:44.037868,Shipped
2894,285,2026-05-20 01:28:15.791770,Processing
2895,2,2026-07-26 11:56:29.705887,Shipped
2896,166,2026-04-16 13:16:19.789403,Delivered
2897,550,2025-11-14 03:25:06.553825,Delivered
2898,343,2026-07-13 05:13:46.467283,Cancelled
2899,252,2026-04-03 18:35:39.621540,Delivered
2900,560,2026-05-16 14:44:18.711878,Processing
2901,364,2025-09-27 02:10:30.492278,Processing
2902,848,2025-12-06 04:11:26.247861,Cancelled
2903,537,2025-11-26 14:52:23.198448,Shipped
2904,401,2026-03-08 10:50:39.891913,Cancelled
2905,497,2026-04-14 22:36:15.598036,Cancelled
2906,658,2026-01-02 13:34:46.365389,Delivered
2907,931,2025-08-06 12:36:33.830397,Processing
2908,491,2026-06-30 18:02:00.187081,Cancelled
2909,547,2025-09-18 01:45:26.229359,Cancelled
2910,550,2025-11-21 04:01:37.346256,Processing
2911,16,2026-07-13 10:21:18.634161,Processing
2912,713,2026-01-05 03:14:08.194318,Processing
2913,644,2026-06-03 07:08:31.890310,Shipped
2914,903,2025-10-04 16:45:27.543813,Delivered
2915,156,2026-04-14 23:45:29.935843,Delivered
2916,51,2026-03-13 13:21:27.554407,Shipped
2917,886,2025-11-17 13:36:04.393643,Cancelled
2918,797,2025-09-18 01:59:01.393737,Shipped
2919,588,2025-10-04 14:38:06.314318,Shipped
2920,95,2026-07-25 05:41:08.530253,Cancelled
2921,640,2025-11-16 18:25:55.780453,Shipped
2922,691,2026-06-22 17:17:53.979183,Processing
2923,436,2025-11-24 22:15:15.320040,Delivered
2924,842,2025-08-19 06:45:05.665173,Delivered
2925,66,2026-01-09 17:06:50.286619,Processing
2926,102,2025-08-30 00:13:55.704142,Processing
2927,808,2025-08-23 18:11:11.122171,Processing
2928,376,2026-07-11 01:00:38.404631,Shipped
2929,569,2025-12-26 15:08:49.534348,Delivered
2930,338,2025-12-31 23:24:43.001199,Processing
2931,467,2025-08-09 06:31:14.720535,Cancelled
2932,941,2025-10-13 05:00:44.239059,Cancelled
2933,714,2026-04-02 19:51:09.030399,Cancelled
2934,654,2025-12-26 17:35:50.975074,Shipped
2935,914,2025-12-18 12:00:58.465173,Cancelled
2936,591,2026-01-05 20:31:40.985682,Delivered
2937,673,2026-01-31 09:30:34.554818,Delivered
2938,983,2025-10-31 20:52:08.066001,Shipped
2939,249,2025-10-24 18:25:28.078963,Delivered
2940,796,2026-04-24 17:54:30.136055,Processing
2941,770,2026-05-05 17:51:18.532914,Processing
2942,417,2025-10-08 21:15:37.526971,Delivered
2943,798,2025-09-27 09:05:29.283103,Shipped
2944,787,2025-12-10 12:26:27.927501,Delivered
2945,111,2026-06-23 22:44:01.891644,Delivered
2946,427,2026-07-16 00:18:19.743028,Shipped
2947,380,2026-02-01 07:16:10.169126,Cancelled
2948,435,2025-12-17 23:55:12.612453,Processing
2949,909,2025-11-17 09:47:10.816992,Processing
2950,401,2025-09-19 20:13:05.943368,Processing
2951,291,2025-12-07 03:52:31.494951,Cancelled
2952,646,2026-07-15 20:51:38.482581,Processing
2953,99,2026-04-11 03:11:11.151844,Processing
2954,712,2026-05-13 10:49:17.056168,Delivered
2955,129,2026-01-01 07:42:46.813762,Shipped
2956,239,2025-11-07 02:01:41.977504,Delivered
2957,393,2026-01-21 16:13:54.309779,Processing
2958,566,2025-08-17 00:54:13.842319,Shipped
2959,468,2026-04-10 07:25:01.156231,Cancelled
2960,980,2025-12-08 08:40:59.137319,Delivered
2961,947,2025-10-17 04:28:32.308429,Processing
2962,205,2025-11-03 17:37:53.716629,Cancelled
2963,608,2026-06-05 22:58:53.102532,Processing
2964,381,2026-07-18 06:58:27.645467,Shipped
2965,758,2026-07-17 22:38:03.849852,Shipped
2966,664,2026-05-31 16:45:44.171299,Processing
2967,364,2025-08-29 17:12:59.304398,Processing
2968,652,2025-11-29 22:14:09.655800,Cancelled
2969,282,2026-03-04 14:38:24.567033,Shipped
2970,194,2026-02-07 21:51:20.228530,Shipped
2971,975,2026-04-02 14:05:51.605714,Processing
2972,622,2025-10-31 15:19:58.072964,Delivered
2973,689,2025-11-04 18:56:26.632035,Cancelled
2974,194,2026-05-04 09:12:12.398453,Shipped
2975,85,2026-06-18 03:03:58.736221,Cancelled
2976,261,2026-01-13 14:30:47.794894,Delivered
2977,349,2026-02-22 03:34:16.936113,Shipped
2978,491,2025-09-15 17:41:51.143700,Processing
2979,465,2026-03-06 01:06:03.744879,Shipped
2980,878,2026-01-25 11:56:43.291510,Shipped
2981,728,2026-01-26 20:36:31.845474,Cancelled
2982,622,2026-07-09 20:36:13.134509,Delivered
2983,122,2025-10-06 13:43:52.651090,Processing
2984,790,2025-10-22 11:28:45.254632,Shipped
2985,60,2025-08-19 04:46:01.752500,Cancelled
2986,385,2025-08-18 12:51:10.191815,Shipped
2987,356,2026-05-19 21:28:50.893070,Processing
2988,839,2026-02-02 08:13:13.770644,Cancelled
2989,471,2025-10-01 03:27:46.160246,Cancelled
2990,185,2025-09-28 10:49:34.802907,Shipped
2991,379,2026-03-05 19:25:06.395408,Cancelled
2992,201,2025-08-06 05:38:02.103653,Delivered
2993,14,2026-03-09 05:59:28.946038,Cancelled
2994,425,2025-12-10 17:46:17.631470,Shipped
2995,184,2025-09-27 07:42:18.476645,Shipped
2996,639,2025-08-18 17:28:41.127742,Cancelled
2997,362,2025-10-09 08:24:30.831916,Processing
2998,263,2026-05-22 16:42:14.130875,Processing
2999,71,2026-04-14 17:10:35.010704,Processing
3000,179,2026-01-23 13:07:49.177681,Delivered
3001,218,2026-03-25 00:29:04.773272,Cancelled
3002,966,2026-06-12 16:57:46.507239,Cancelled
3003,597,2025-09-12 12:24:50.437890,Delivered
3004,114,2026-03-09 10:13:40.287950,Cancelled
3005,943,2025-11-07 15:15:41.629698,Shipped
3006,553,2026-04-06 15:54:29.606472,Cancelled
3007,720,2025-10-14 12:22:49.212669,Delivered
3008,688,2026-05-24 00:25:59.634822,Delivered
3009,796,2025-11-27 04:45:30.522622,Shipped
3010,447,2026-04-06 00:30:53.222834,Cancelled
3011,288,2025-08-16 08:06:53.827192,Shipped
3012,199,2026-04-19 01:48:09.744441,Shipped
3013,922,2025-08-23 14:41:28.092944,Processing
3014,129,2025-11-24 07:28:57.699996,Cancelled
3015,735,2026-05-15 04:09:10.006445,Delivered
3016,737,2026-03-03 02:29:17.284894,Delivered
3017,183,2025-09-11 19:17:57.333783,Delivered
3018,356,2026-05-06 22:35:41.120465,Delivered
3019,236,2025-10-21 10:25:59.059499,Cancelled
3020,656,2026-04-15 18:48:39.674191,Processing
3021,654,2026-04-08 06:00:38.936621,Delivered
3022,605,2025-12-26 12:49:25.161173,Delivered
3023,503,2026-06-14 11:39:13.013812,Cancelled
3024,299,2025-11-19 09:09:26.719240,Delivered
3025,644,2025-12-15 11:12:32.358554,Shipped
3026,228,2025-11-13 00:20:03.320599,Processing
3027,694,2026-07-23 00:46:28.290548,Delivered
3028,705,2026-01-28 09:14:50.884324,Delivered
3029,189,2026-03-17 02:35:21.356607,Cancelled
3030,254,2026-03-15 16:53:35.544083,Cancelled
3031,41,2026-04-07 06:58:05.993787,Shipped
3032,75,2026-03-08 11:34:31.917211,Shipped
3033,57,2026-01-20 09:14:29.067468,Cancelled
3034,798,2026-05-07 02:26:50.698042,Cancelled
3035,984,2025-11-15 20:41:11.198324,Shipped
3036,870,2025-09-29 15:55:52.904360,Delivered
3037,87,2026-06-25 19:22:06.762068,Processing
3038,517,2025-11-24 04:29:03.898586,Processing
3039,497,2025-11-01 14:45:24.147923,Processing
3040,882,2026-07-16 08:18:29.479590,Processing
3041,769,2026-05-02 00:05:45.987824,Cancelled
3042,23,2026-03-29 18:36:58.989495,Shipped
3043,679,2025-09-10 02:48:28.192831,Delivered
3044,451,2026-03-10 00:15:06.695528,Processing
3045,116,2025-08-21 16:53:47.760991,Delivered
3046,511,2026-07-09 03:00:55.222338,Cancelled
3047,385,2025-10-19 01:11:49.286547,Processing
3048,704,2026-02-12 22:00:46.939903,Delivered
3049,217,2025-10-04 19:03:03.084044,Processing
3050,765,2026-04-21 00:19:09.076133,Processing
3051,567,2026-07-18 02:26:16.240730,Delivered
3052,128,2025-09-30 11:20:43.263581,Delivered
3053,263,2025-10-25 21:53:56.977565,Processing
3054,372,2026-07-26 04:35:10.112425,Processing
3055,567,2026-04-11 10:13:04.975019,Shipped
3056,187,2026-05-04 22:58:07.326021,Delivered
3057,515,2026-02-15 20:48:02.039694,Processing
3058,719,2025-08-05 00:58:37.892124,Shipped
3059,539,2025-12-15 08:00:04.258507,Shipped
3060,670,2026-06-01 06:35:13.347797,Cancelled
3061,564,2026-03-20 05:11:56.451194,Shipped
3062,95,2026-07-04 12:17:27.206713,Processing
3063,378,2025-09-05 22:34:33.912317,Cancelled
3064,280,2025-09-30 16:59:57.065545,Shipped
3065,625,2026-05-14 14:01:39.530828,Processing
3066,823,2025-11-16 05:27:24.456828,Delivered
3067,485,2026-02-11 02:44:49.591522,Delivered
3068,780,2026-06-28 03:13:52.995308,Delivered
3069,862,2025-11-18 07:26:48.674778,Delivered
3070,93,2026-04-11 13:24:39.068789,Cancelled
3071,729,2026-01-29 14:16:52.707155,Processing
3072,928,2026-05-02 12:25:24.420413,Delivered
3073,716,2026-06-07 22:27:17.321752,Shipped
3074,1000,2026-06-11 15:35:06.731214,Delivered
3075,56,2025-08-23 07:01:20.413673,Cancelled
3076,117,2026-07-23 11:03:54.903992,Delivered
3077,28,2025-09-05 16:50:27.162933,Shipped
3078,12,2025-10-16 13:52:59.525011,Shipped
3079,841,2025-09-22 01:21:49.743497,Cancelled
3080,403,2026-05-14 08:59:07.516680,Delivered
3081,68,2025-09-01 00:05:35.947962,Delivered
3082,740,2025-10-21 05:56:04.619820,Cancelled
3083,677,2026-07-08 19:20:22.773068,Delivered
3084,349,2026-02-12 15:24:50.449090,Processing
3085,568,2026-05-29 07:08:46.840483,Delivered
3086,834,2025-12-13 12:13:46.029405,Processing
3087,752,2026-07-31 11:02:51.964130,Delivered
3088,349,2026-05-29 11:22:56.961915,Delivered
3089,11,2026-06-11 04:53:25.950350,Delivered
3090,696,2026-05-11 00:12:30.402280,Processing
3091,318,2025-09-23 10:44:46.529793,Delivered
3092,389,2025-09-04 06:17:18.108267,Shipped
3093,203,2026-04-09 17:11:55.131723,Cancelled
3094,340,2026-03-09 20:40:30.545714,Processing
3095,794,2026-07-03 01:25:46.151528,Cancelled
3096,874,2026-01-03 17:12:23.241135,Cancelled
3097,433,2026-07-09 18:24:51.892747,Processing
3098,693,2026-04-14 02:23:20.542596,Processing
3099,549,2026-07-26 01:55:37.307035,Cancelled
3100,349,2025-10-12 16:39:20.894923,Delivered
3101,93,2025-10-26 12:06:12.380982,Shipped
3102,109,2026-01-09 06:54:16.390920,Delivered
3103,428,2026-01-03 22:06:44.586914,Shipped
3104,364,2026-02-09 20:44:57.305245,Cancelled
3105,549,2025-10-15 08:57:31.867151,Cancelled
3106,129,2025-09-01 17:50:41.842080,Processing
3107,591,2025-09-07 04:51:28.169577,Shipped
3108,580,2026-03-23 19:54:13.323354,Shipped
3109,730,2025-10-20 09:51:20.699318,Cancelled
3110,296,2026-07-23 06:14:57.289792,Cancelled
3111,123,2026-04-24 18:31:07.682560,Processing
3112,869,2025-08-19 10:15:58.540596,Cancelled
3113,729,2025-08-04 03:16:07.956057,Cancelled
3114,328,2025-10-23 21:39:02.442101,Shipped
3115,525,2025-11-28 11:45:41.628549,Delivered
3116,541,2026-05-28 10:05:56.178435,Delivered
3117,346,2026-01-20 17:29:46.679133,Cancelled
3118,564,2025-08-10 13:38:28.074524,Cancelled
3119,459,2026-03-23 12:18:39.059150,Delivered
3120,866,2026-07-19 05:17:22.905891,Processing
3121,652,2026-05-06 12:54:06.528574,Cancelled
3122,50,2025-10-18 21:11:47.910413,Delivered
3123,873,2025-10-09 12:56:12.942925,Shipped
3124,846,2025-08-08 22:20:44.713225,Processing
3125,980,2025-09-11 13:22:34.309614,Delivered
3126,840,2026-02-14 08:14:06.630857,Processing
3127,656,2025-11-08 00:19:57.748036,Shipped
3128,828,2025-12-31 23:52:12.368863,Shipped
3129,355,2026-06-15 15:44:15.361015,Shipped
3130,571,2025-11-03 01:24:59.972879,Delivered
3131,241,2026-06-17 11:11:32.909124,Cancelled
3132,65,2026-07-27 04:23:12.487694,Processing
3133,366,2026-06-25 11:26:16.162782,Shipped
3134,831,2025-09-24 18:52:54.457704,Processing
3135,919,2025-11-05 04:07:33.197691,Shipped
3136,259,2026-05-12 15:40:10.320680,Cancelled
3137,234,2025-10-30 08:11:34.453319,Cancelled
3138,462,2026-05-01 14:02:52.076014,Shipped
3139,464,2026-08-01 15:00:47.708090,Shipped
3140,845,2026-04-22 21:30:24.747635,Cancelled
3141,850,2026-02-21 17:24:52.963558,Delivered
3142,770,2025-12-29 00:30:26.067496,Shipped
3143,825,2026-02-26 08:27:44.349402,Shipped
3144,521,2026-05-09 02:45:58.002685,Shipped
3145,434,2025-11-10 09:36:46.153183,Cancelled
3146,646,2025-11-30 07:16:31.147331,Shipped
3147,559,2026-05-28 20:36:40.835826,Processing
3148,66,2025-09-24 10:28:37.988049,Shipped
3149,560,2026-04-05 12:40:50.156192,Cancelled
3150,412,2026-03-28 01:35:55.652874,Shipped
3151,507,2025-10-28 10:48:36.876436,Processing
3152,333,2025-09-20 00:23:10.753129,Cancelled
3153,726,2026-05-27 07:57:40.930664,Cancelled
3154,866,2026-07-29 00:27:52.069781,Shipped
3155,737,2026-05-22 23:53:55.020307,Cancelled
3156,155,2026-02-19 09:03:12.419323,Delivered
3157,845,2026-02-07 08:46:31.484975,Cancelled
3158,415,2026-01-12 09:13:04.328645,Delivered
3159,198,2026-04-03 03:41:31.406223,Shipped
3160,813,2026-01-07 15:56:37.208752,Shipped
3161,148,2025-12-17 07:55:45.026562,Delivered
3162,744,2025-09-26 19:43:11.392934,Processing
3163,269,2025-11-08 22:20:15.086952,Cancelled
3164,246,2026-06-12 12:55:36.892903,Cancelled
3165,926,2025-11-05 23:46:48.085386,Cancelled
3166,189,2026-07-12 23:47:08.858044,Delivered
3167,875,2026-01-25 06:24:31.338053,Processing
3168,210,2026-04-11 02:58:21.514989,Cancelled
3169,481,2026-01-15 03:24:12.144194,Delivered
3170,174,2026-03-06 07:27:58.134224,Cancelled
3171,229,2025-09-12 05:34:58.658183,Shipped
3172,921,2026-03-22 18:23:37.796705,Processing
3173,486,2025-08-17 20:16:07.590412,Cancelled
3174,26,2026-06-07 02:48:58.965976,Delivered
3175,768,2025-10-18 13:05:01.524645,Processing
3176,599,2025-11-01 16:22:52.773896,Shipped
3177,649,2025-08-16 15:04:08.650795,Shipped
3178,544,2025-08-11 09:07:10.076586,Cancelled
3179,358,2026-03-07 14:50:53.753728,Delivered
3180,458,2025-12-23 22:58:51.144661,Cancelled
3181,205,2026-07-29 01:30:49.609438,Cancelled
3182,773,2025-10-27 17:39:07.497086,Processing
3183,560,2026-07-12 16:47:19.771535,Processing
3184,675,2026-03-05 17:55:26.703567,Delivered
3185,876,2026-05-28 08:21:54.538035,Processing
3186,36,2026-04-08 10:32:04.572240,Delivered
3187,917,2026-02-05 02:07:25.056833,Delivered
3188,866,2026-05-20 04:58:24.152584,Shipped
3189,29,2025-10-06 17:27:27.282136,Delivered
3190,780,2025-10-01 18:45:02.924040,Cancelled
3191,151,2025-09-16 09:30:13.181103,Processing
3192,897,2026-07-03 03:51:45.540948,Shipped
3193,643,2026-07-09 02:45:14.065321,Cancelled
3194,221,2025-11-01 09:01:45.561906,Shipped
3195,20,2026-05-15 10:41:40.770693,Cancelled
3196,172,2025-12-21 17:44:49.813282,Delivered
3197,590,2026-04-14 15:26:17.401459,Delivered
3198,401,2025-10-04 05:28:10.539301,Cancelled
3199,675,2025-10-06 03:06:16.286577,Processing
3200,967,2025-11-25 18:13:12.195117,Delivered
3201,27,2026-06-09 10:37:47.943509,Processing
3202,880,2025-11-25 13:09:34.092227,Processing
3203,342,2026-03-03 18:01:48.354358,Processing
3204,206,2026-06-13 16:42:24.987288,Shipped
3205,914,2026-05-18 16:51:31.720641,Shipped
3206,335,2026-05-05 14:38:03.634095,Cancelled
3207,417,2026-06-21 11:53:18.218321,Processing
3208,100,2026-07-19 22:16:26.105130,Shipped
3209,752,2026-06-25 00:55:01.192730,Shipped
3210,985,2026-05-26 16:18:08.371181,Shipped
3211,349,2026-03-09 06:44:20.968437,Processing
3212,621,2026-07-24 23:46:06.474074,Processing
3213,947,2026-03-04 01:01:31.719137,Processing
3214,861,2026-01-08 17:15:13.247201,Shipped
3215,273,2025-10-10 08:25:22.052998,Shipped
3216,176,2026-05-25 04:14:43.432769,Delivered
3217,392,2026-02-12 04:36:33.002216,Cancelled
3218,503,2026-06-11 15:12:01.169424,Processing
3219,820,2026-05-31 01:52:18.792572,Shipped
3220,85,2025-09-07 19:18:28.346426,Cancelled
3221,426,2026-03-08 18:58:03.757633,Shipped
3222,111,2026-01-07 04:33:50.619105,Cancelled
3223,257,2026-06-27 16:43:45.077248,Delivered
3224,984,2025-09-21 06:08:17.892208,Delivered
3225,224,2025-11-26 00:45:27.244189,Delivered
3226,55,2026-04-06 17:18:26.928493,Shipped
3227,333,2026-07-31 19:36:13.485395,Cancelled
3228,326,2025-08-06 07:40:51.052713,Processing
3229,27,2026-06-28 05:14:40.386009,Shipped
3230,606,2026-04-30 22:05:18.266235,Shipped
3231,415,2026-03-10 03:16:25.785787,Processing
3232,569,2025-08-09 04:55:25.365194,Cancelled
3233,247,2025-11-30 19:22:23.558426,Delivered
3234,735,2026-06-18 17:14:07.958825,Processing
3235,480,2025-08-28 22:48:24.253261,Delivered
3236,501,2026-01-16 12:33:50.799590,Processing
3237,290,2026-05-29 11:00:34.074801,Delivered
3238,739,2025-08-24 05:10:03.840307,Cancelled
3239,521,2026-05-16 06:12:52.336676,Processing
3240,642,2026-05-23 22:35:53.616729,Delivered
3241,609,2025-10-31 06:40:08.422501,Processing
3242,815,2026-02-15 04:22:31.143545,Shipped
3243,470,2026-03-23 01:36:45.032105,Processing
3244,968,2026-07-05 18:51:13.754176,Processing
3245,382,2026-05-11 00:22:51.683300,Shipped
3246,192,2025-11-29 18:04:51.078487,Processing
3247,329,2025-09-14 11:07:47.975986,Shipped
3248,194,2025-08-18 04:14:11.115038,Shipped
3249,362,2026-02-05 21:32:32.682485,Delivered
3250,975,2025-12-10 03:19:39.759490,Cancelled
3251,818,2026-02-07 19:54:51.136088,Shipped
3252,815,2025-10-24 02:38:36.872630,Delivered
3253,469,2026-03-10 06:10:11.300355,Shipped
3254,669,2026-04-25 05:46:33.508678,Shipped
3255,606,2025-08-16 20:06:56.849889,Shipped
3256,84,2025-12-28 19:38:17.773720,Shipped
3257,440,2026-05-14 13:23:58.395599,Cancelled
3258,157,2026-06-22 00:10:26.708289,Cancelled
3259,124,2025-10-21 11:56:42.749255,Processing
3260,156,2026-02-20 09:50:46.640324,Processing
3261,381,2025-10-12 04:59:50.456206,Processing
3262,47,2025-12-22 19:34:13.027210,Processing
3263,337,2025-11-05 10:52:46.428880,Cancelled
3264,458,2026-06-30 19:23:17.010995,Delivered
3265,356,2025-11-15 21:48:37.302711,Delivered
3266,834,2026-03-02 10:56:16.416945,Shipped
3267,51,2025-12-26 05:50:19.027951,Shipped
3268,808,2026-03-27 01:44:17.811294,Cancelled
3269,876,2025-09-29 19:11:41.050152,Delivered
3270,347,2026-01-07 18:19:42.939715,Cancelled
3271,952,2026-01-17 10:57:11.194441,Processing
3272,787,2026-05-17 06:20:55.570200,Shipped
3273,312,2026-02-17 01:11:42.590396,Processing
3274,976,2025-10-13 09:21:47.535707,Shipped
3275,1000,2025-09-22 20:25:05.157953,Delivered
3276,917,2025-09-18 11:04:34.281036,Shipped
3277,660,2026-03-20 06:49:30.334791,Cancelled
3278,32,2026-03-04 22:14:15.428131,Processing
3279,754,2026-07-12 20:59:01.110168,Delivered
3280,381,2026-01-13 21:23:32.928214,Cancelled
3281,327,2026-04-05 01:46:01.189119,Cancelled
3282,370,2026-01-19 23:16:49.972654,Shipped
3283,86,2025-11-09 01:41:28.117698,Cancelled
3284,113,2025-11-18 23:18:05.356248,Processing
3285,365,2026-04-06 00:00:41.011612,Cancelled
3286,696,2025-09-05 14:51:33.284590,Shipped
3287,166,2026-06-30 03:53:38.563305,Shipped
3288,775,2026-03-15 16:51:20.378507,Shipped
3289,165,2026-06-28 12:36:15.081157,Shipped
3290,107,2025-10-18 20:26:34.788627,Cancelled
3291,815,2025-11-17 10:56:58.699769,Shipped
3292,187,2025-12-31 20:46:01.089608,Processing
3293,490,2026-05-06 03:47:42.957044,Processing
3294,95,2025-10-22 17:34:16.629743,Processing
3295,863,2025-11-09 06:29:15.616452,Shipped
3296,603,2025-08-21 00:39:24.672438,Processing
3297,403,2026-01-02 09:55:06.455037,Shipped
3298,384,2026-03-02 01:52:08.039522,Shipped
3299,492,2026-04-15 22:19:09.233617,Cancelled
3300,374,2025-10-31 21:31:52.010967,Delivered
3301,377,2025-12-31 04:27:26.591104,Delivered
3302,840,2026-05-28 19:18:34.694499,Processing
3303,826,2025-08-27 12:14:07.636729,Shipped
3304,35,2026-04-21 06:04:01.939071,Shipped
3305,896,2026-04-13 07:47:44.750192,Cancelled
3306,671,2026-03-26 19:16:42.966236,Cancelled
3307,914,2026-02-25 15:51:48.613278,Delivered
3308,305,2026-04-14 03:53:45.752846,Cancelled
3309,432,2025-08-02 15:13:20.056236,Shipped
3310,703,2025-09-22 02:50:44.642241,Cancelled
3311,998,2025-08-17 07:01:08.853082,Shipped
3312,465,2026-01-11 10:21:23.849275,Processing
3313,499,2025-11-06 00:25:27.413606,Processing
3314,234,2025-08-20 12:37:50.142743,Shipped
3315,118,2025-09-05 21:39:06.801153,Cancelled
3316,272,2026-04-14 00:29:49.191026,Delivered
3317,729,2025-09-05 23:56:43.334820,Cancelled
3318,881,2026-02-28 12:06:19.479215,Processing
3319,381,2026-03-16 22:44:56.639970,Processing
3320,671,2026-05-25 14:32:34.893762,Cancelled
3321,50,2025-11-20 16:31:02.937681,Cancelled
3322,258,2025-10-31 23:28:00.089296,Shipped
3323,302,2026-04-27 11:23:14.607075,Shipped
3324,837,2026-04-06 18:53:15.415707,Processing
3325,817,2026-01-19 18:21:24.564919,Delivered
3326,447,2025-09-30 16:44:12.055815,Shipped
3327,295,2026-01-23 04:51:25.865309,Cancelled
3328,395,2025-12-20 04:17:41.368576,Delivered
3329,531,2026-03-12 08:37:37.108461,Delivered
3330,179,2026-03-26 21:40:24.288482,Processing
3331,553,2026-03-20 10:14:02.965630,Processing
3332,99,2026-02-11 18:57:38.416908,Delivered
3333,891,2026-04-23 18:45:26.341418,Processing
3334,747,2026-06-26 00:18:29.510722,Delivered
3335,94,2025-12-26 18:35:16.981041,Shipped
3336,224,2026-03-09 00:15:17.412111,Cancelled
3337,852,2026-03-26 21:30:30.492105,Shipped
3338,848,2025-11-08 10:08:27.141288,Cancelled
3339,58,2025-11-09 00:12:53.650625,Cancelled
3340,821,2025-10-19 12:11:24.630408,Processing
3341,303,2025-10-05 13:45:50.153745,Cancelled
3342,640,2026-07-02 13:01:10.460831,Processing
3343,132,2026-04-19 17:36:17.842061,Cancelled
3344,231,2025-12-06 03:38:33.640893,Delivered
3345,433,2026-05-23 12:47:58.670867,Cancelled
3346,583,2025-08-12 22:21:55.719785,Shipped
3347,540,2026-06-27 15:22:08.468549,Delivered
3348,709,2026-02-15 18:07:08.291394,Cancelled
3349,214,2025-12-31 00:35:44.666994,Shipped
3350,918,2026-07-28 11:54:39.652360,Processing
3351,326,2026-02-03 14:18:11.182156,Delivered
3352,787,2026-02-22 06:48:29.793395,Processing
3353,859,2025-11-01 11:37:45.818423,Processing
3354,997,2026-06-14 01:40:25.495866,Shipped
3355,823,2026-05-24 08:51:28.934110,Shipped
3356,117,2025-09-17 06:18:04.258438,Cancelled
3357,705,2025-12-02 04:50:10.929310,Cancelled
3358,804,2025-09-18 16:08:03.547737,Delivered
3359,923,2025-12-30 05:52:51.022247,Processing
3360,536,2025-08-16 09:21:24.482991,Processing
3361,172,2025-10-07 11:55:50.134371,Delivered
3362,231,2026-06-09 14:01:38.086357,Shipped
3363,504,2026-05-06 08:19:50.825795,Cancelled
3364,86,2025-10-20 03:32:56.141397,Processing
3365,894,2025-10-11 23:49:13.717150,Cancelled
3366,851,2026-07-12 00:31:48.189156,Shipped
3367,695,2025-10-03 14:32:32.026368,Processing
3368,663,2025-11-30 00:43:47.590166,Shipped
3369,410,2025-10-08 13:24:05.544645,Delivered
3370,26,2026-05-02 09:55:29.029693,Delivered
3371,380,2026-01-01 10:35:12.679291,Cancelled
3372,778,2025-08-12 14:57:31.791226,Cancelled
3373,791,2025-11-17 11:55:29.813554,Delivered
3374,563,2026-04-07 00:32:22.595042,Processing
3375,492,2026-07-19 20:03:25.224509,Shipped
3376,332,2026-02-24 19:14:32.679454,Cancelled
3377,343,2025-11-20 03:49:05.066625,Processing
3378,404,2026-06-11 04:02:58.583834,Cancelled
3379,954,2026-02-19 08:56:16.693669,Cancelled
3380,430,2025-11-10 19:26:47.995527,Delivered
3381,533,2025-10-12 00:36:36.758928,Processing
3382,890,2025-09-13 12:32:40.769037,Processing
3383,863,2026-06-23 18:09:20.713047,Cancelled
3384,322,2026-05-22 21:47:17.288462,Cancelled
3385,65,2025-11-17 13:19:01.537916,Shipped
3386,844,2025-12-19 00:48:23.695472,Processing
3387,485,2026-05-30 01:26:17.404373,Delivered
3388,749,2026-04-13 20:47:17.971882,Shipped
3389,3,2025-12-23 13:14:12.660757,Processing
3390,396,2026-02-04 14:11:00.166485,Cancelled
3391,686,2025-09-22 13:04:53.130404,Delivered
3392,832,2025-12-25 04:25:00.362929,Cancelled
3393,580,2026-07-30 07:45:48.171387,Shipped
3394,857,2025-10-29 16:56:59.142249,Shipped
3395,252,2026-04-24 14:29:57.703245,Cancelled
3396,447,2025-12-26 09:36:50.168490,Delivered
3397,404,2025-12-10 01:47:56.709499,Delivered
3398,977,2025-08-15 12:13:19.943617,Processing
3399,109,2026-06-12 01:41:53.981723,Cancelled
3400,730,2026-07-19 20:14:22.650337,Processing
3401,322,2025-09-30 13:09:53.316610,Shipped
3402,717,2026-05-15 03:24:23.844448,Cancelled
3403,147,2026-03-26 12:09:42.173126,Shipped
3404,803,2026-05-11 09:11:06.244452,Shipped
3405,32,2026-05-19 05:43:53.130060,Shipped
3406,661,2026-05-29 02:20:55.303865,Delivered
3407,701,2026-03-18 06:02:44.727776,Cancelled
3408,686,2026-04-10 13:53:57.833826,Delivered
3409,343,2026-07-04 00:39:11.321990,Cancelled
3410,323,2026-03-02 10:29:34.332607,Delivered
3411,383,2026-07-19 03:12:15.434822,Cancelled
3412,626,2025-12-25 21:54:43.443933,Processing
3413,855,2026-05-23 03:08:04.069268,Delivered
3414,438,2025-11-21 17:10:07.724413,Cancelled
3415,949,2026-07-29 03:47:33.216587,Cancelled
3416,112,2026-01-12 14:56:08.744788,Cancelled
3417,862,2025-12-26 08:37:51.212416,Cancelled
3418,675,2025-10-22 12:24:02.666070,Processing
3419,266,2026-01-11 01:24:16.506248,Cancelled
3420,536,2025-12-31 16:57:44.482347,Shipped
3421,411,2025-11-01 09:04:01.138114,Delivered
3422,192,2025-10-09 22:47:01.552140,Shipped
3423,100,2026-05-01 19:59:41.362793,Cancelled
3424,220,2026-03-22 01:06:33.850197,Delivered
3425,152,2026-01-15 20:59:18.451819,Cancelled
3426,372,2025-09-02 04:20:51.177138,Shipped
3427,153,2026-07-23 00:03:53.323563,Delivered
3428,323,2025-09-13 03:06:14.725799,Processing
3429,1,2025-10-27 22:08:23.677535,Delivered
3430,621,2025-12-19 18:12:49.928949,Shipped
3431,568,2026-04-21 03:12:29.519632,Shipped
3432,741,2025-10-14 21:19:04.099032,Shipped
3433,3,2026-04-08 13:58:38.877468,Cancelled
3434,467,2025-10-17 12:51:49.105895,Cancelled
3435,240,2026-04-27 16:31:03.745025,Cancelled
3436,383,2026-05-12 04:04:13.879522,Processing
3437,291,2026-01-15 10:22:06.362594,Processing
3438,84,2026-03-20 17:51:44.713865,Cancelled
3439,446,2025-09-22 11:55:54.785533,Delivered
3440,418,2025-08-10 03:58:35.852195,Shipped
3441,526,2025-12-27 03:46:05.709804,Shipped
3442,580,2026-01-07 21:24:34.532186,Processing
3443,758,2026-03-22 21:24:10.583455,Delivered
3444,185,2026-07-03 18:16:30.377486,Shipped
3445,194,2025-08-13 21:40:00.489984,Cancelled
3446,974,2026-02-11 03:58:45.530597,Shipped
3447,947,2026-06-14 22:36:57.571476,Cancelled
3448,989,2026-07-05 11:53:02.262541,Processing
3449,84,2025-10-16 02:49:32.112281,Processing
3450,586,2026-02-20 11:09:35.728626,Shipped
3451,644,2025-12-09 10:07:11.574649,Delivered
3452,709,2026-01-04 22:55:32.304688,Delivered
3453,557,2026-06-11 20:29:11.799766,Shipped
3454,917,2026-01-02 01:12:01.364231,Shipped
3455,326,2025-10-25 01:59:11.231202,Processing
3456,854,2025-10-06 20:04:57.421846,Shipped
3457,734,2026-03-13 15:24:52.113414,Processing
3458,99,2026-04-25 01:41:46.451015,Cancelled
3459,752,2026-04-08 09:37:17.866884,Shipped
3460,194,2025-10-21 12:40:16.736678,Cancelled
3461,18,2025-08-07 20:02:42.704321,Delivered
3462,820,2026-02-11 14:11:51.235134,Shipped
3463,293,2026-05-03 08:36:57.252202,Shipped
3464,650,2026-07-19 22:36:52.492310,Processing
3465,658,2026-02-28 21:24:44.024503,Delivered
3466,464,2025-12-14 16:41:22.787730,Shipped
3467,809,2025-08-17 01:38:36.198239,Processing
3468,379,2026-07-07 16:08:47.777096,Shipped
3469,843,2026-06-12 05:56:04.390282,Delivered
3470,893,2026-07-02 23:48:27.848614,Delivered
3471,36,2025-12-18 06:11:05.849734,Cancelled
3472,592,2026-01-17 02:16:03.567296,Shipped
3473,365,2025-12-29 01:23:29.826544,Shipped
3474,353,2025-10-15 11:03:40.972206,Shipped
3475,696,2026-01-16 16:52:20.383620,Shipped
3476,360,2025-09-08 01:10:57.594876,Delivered
3477,37,2026-03-22 13:15:32.947529,Shipped
3478,334,2026-01-09 01:30:44.804042,Shipped
3479,549,2026-02-12 05:35:48.862719,Processing
3480,84,2025-08-24 22:19:51.471540,Processing
3481,825,2026-06-23 11:56:02.673493,Delivered
3482,438,2025-10-17 00:04:24.141979,Cancelled
3483,243,2026-04-24 05:02:30.635648,Shipped
3484,293,2025-10-05 08:54:42.673219,Cancelled
3485,535,2026-05-14 19:56:12.244473,Processing
3486,444,2025-08-27 19:39:50.241679,Cancelled
3487,146,2025-10-27 23:54:39.263143,Cancelled
3488,99,2026-04-03 23:40:32.853324,Processing
3489,564,2026-06-09 09:19:22.245385,Delivered
3490,335,2025-08-06 22:48:31.128059,Delivered
3491,516,2025-12-20 12:55:19.244531,Shipped
3492,749,2026-06-08 01:31:00.681187,Cancelled
3493,481,2026-06-10 12:19:48.332021,Shipped
3494,89,2026-06-28 23:20:01.284761,Shipped
3495,512,2026-07-06 11:55:23.337149,Processing
3496,260,2025-09-08 11:37:03.536361,Cancelled
3497,828,2025-12-31 15:16:13.269955,Shipped
3498,790,2026-01-16 22:51:44.835893,Shipped
3499,725,2026-02-07 22:51:22.426235,Cancelled
3500,732,2025-12-02 19:25:15.340472,Cancelled
3501,394,2026-01-07 08:01:22.264833,Shipped
3502,434,2025-09-18 01:25:44.668717,Shipped
3503,238,2026-02-15 23:29:17.845834,Processing
3504,998,2025-08-31 11:35:47.305383,Shipped
3505,941,2025-12-31 15:40:06.558125,Shipped
3506,386,2026-01-08 21:59:03.520749,Cancelled
3507,401,2025-08-11 16:46:28.008875,Delivered
3508,401,2026-07-30 15:39:08.633385,Processing
3509,963,2025-09-26 06:09:12.891379,Cancelled
3510,315,2026-03-07 10:10:42.360093,Cancelled
3511,625,2026-01-10 18:39:13.711795,Delivered
3512,365,2026-06-22 22:26:02.037603,Processing
3513,753,2026-06-23 01:55:26.229240,Delivered
3514,608,2025-08-13 21:35:38.364387,Cancelled
3515,138,2026-01-21 20:50:50.266280,Processing
3516,518,2025-12-26 22:40:59.517763,Cancelled
3517,201,2026-05-03 13:29:28.285006,Cancelled
3518,277,2026-05-14 15:28:43.435206,Shipped
3519,914,2026-01-17 06:06:16.174789,Processing
3520,505,2026-01-14 20:52:34.291806,Shipped
3521,427,2025-10-09 13:02:17.311966,Processing
3522,607,2025-11-30 03:21:35.637290,Processing
3523,119,2026-06-12 10:19:27.779924,Shipped
3524,162,2026-03-30 05:44:52.817117,Shipped
3525,362,2026-01-24 02:18:47.726801,Shipped
3526,410,2026-03-28 05:22:32.384798,Delivered
3527,455,2025-12-01 21:42:15.448140,Shipped
3528,78,2026-01-03 08:13:17.784627,Cancelled
3529,180,2025-12-18 11:20:26.419854,Delivered
3530,829,2026-02-01 16:12:22.165527,Shipped
3531,771,2025-09-14 18:10:11.571536,Shipped
3532,280,2026-07-14 09:13:57.950727,Cancelled
3533,239,2025-09-18 19:18:07.403426,Delivered
3534,818,2025-11-06 19:20:27.383880,Shipped
3535,674,2025-09-01 22:46:23.212616,Shipped
3536,766,2026-06-12 04:43:29.690656,Processing
3537,935,2026-02-27 08:57:12.619706,Shipped
3538,769,2025-08-13 23:36:34.297059,Delivered
3539,838,2026-06-10 21:25:15.329010,Processing
3540,398,2025-09-06 03:09:04.879150,Cancelled
3541,188,2026-01-02 05:35:57.583595,Delivered
3542,744,2026-04-05 21:29:20.320293,Cancelled
3543,4,2026-04-14 18:39:18.784063,Processing
3544,592,2026-02-26 07:29:01.350132,Delivered
3545,86,2025-11-23 11:37:53.642699,Shipped
3546,895,2025-10-07 18:11:38.970732,Processing
3547,784,2026-07-23 16:29:38.794264,Cancelled
3548,481,2026-01-28 08:10:52.858877,Shipped
3549,513,2025-08-09 04:22:27.129361,Shipped
3550,915,2026-01-08 11:21:43.037452,Delivered
3551,392,2026-02-20 04:52:43.461516,Delivered
3552,944,2026-01-06 12:06:53.026745,Delivered
3553,311,2026-07-01 17:52:19.100076,Processing
3554,418,2026-02-28 15:56:49.934707,Delivered
3555,459,2026-05-09 23:13:57.232300,Cancelled
3556,244,2026-02-17 23:46:17.775066,Delivered
3557,95,2026-07-08 08:14:31.093802,Cancelled
3558,27,2026-07-26 01:50:27.286248,Delivered
3559,548,2026-02-04 03:44:53.614974,Cancelled
3560,809,2026-05-23 18:18:29.395594,Processing
3561,219,2025-12-03 06:12:50.144766,Processing
3562,891,2025-10-01 14:07:16.753409,Shipped
3563,278,2026-06-20 17:46:32.900806,Shipped
3564,607,2025-09-13 19:04:59.947887,Shipped
3565,733,2026-06-25 11:54:25.057246,Cancelled
3566,285,2026-07-31 12:07:59.295316,Processing
3567,619,2025-10-27 23:24:06.681081,Cancelled
3568,214,2026-06-25 09:02:52.462155,Shipped
3569,929,2026-06-10 03:27:04.859286,Processing
3570,939,2026-05-01 10:16:43.192870,Cancelled
3571,122,2025-09-23 12:46:08.275184,Shipped
3572,888,2025-12-09 18:24:07.649558,Shipped
3573,616,2026-06-24 04:16:13.210738,Processing
3574,512,2026-02-21 03:23:26.051629,Cancelled
3575,159,2026-07-24 14:44:43.899501,Delivered
3576,342,2026-01-25 14:04:25.378776,Delivered
3577,932,2025-12-26 13:36:20.316655,Cancelled
3578,30,2026-06-01 19:52:36.740533,Cancelled
3579,338,2026-06-13 00:30:29.034593,Cancelled
3580,456,2026-01-16 12:32:01.164978,Processing
3581,395,2026-04-23 12:50:19.143922,Delivered
3582,320,2026-02-20 22:38:31.881871,Processing
3583,2,2025-10-28 13:31:32.255252,Cancelled
3584,77,2025-11-24 23:37:52.692920,Cancelled
3585,110,2026-04-04 08:18:20.755415,Delivered
3586,300,2025-08-22 18:38:34.947743,Cancelled
3587,334,2026-07-14 12:51:10.496682,Processing
3588,404,2025-12-09 00:51:11.546458,Cancelled
3589,275,2026-03-24 17:30:13.609667,Shipped
3590,370,2026-02-24 00:43:41.545731,Delivered
3591,81,2025-08-15 10:57:49.137621,Shipped
3592,115,2026-05-13 18:46:14.586461,Cancelled
3593,706,2026-04-26 22:03:38.538970,Delivered
3594,252,2026-03-24 06:45:36.383579,Processing
3595,943,2026-04-27 13:04:14.186632,Processing
3596,812,2025-11-02 20:06:20.014724,Shipped
3597,594,2025-10-10 20:19:59.774101,Cancelled
3598,862,2026-03-24 11:28:06.687675,Delivered
3599,339,2026-02-28 15:10:35.225421,Delivered
3600,694,2026-07-13 03:33:31.282282,Shipped
3601,714,2026-02-06 18:01:36.885606,Cancelled
3602,81,2026-05-30 03:56:35.151705,Processing
3603,628,2025-09-11 09:55:51.844651,Shipped
3604,839,2026-07-27 18:03:58.894778,Shipped
3605,962,2026-07-14 06:55:02.872839,Processing
3606,408,2026-06-16 22:26:04.909418,Delivered
3607,898,2025-12-14 17:31:08.513766,Shipped
3608,13,2025-12-31 04:14:07.572410,Shipped
3609,363,2026-04-10 11:34:01.421524,Processing
3610,221,2025-11-12 17:38:12.049536,Processing
3611,152,2025-08-09 18:07:42.153496,Shipped
3612,140,2026-04-04 19:12:16.382098,Delivered
3613,614,2026-07-29 01:41:59.812569,Delivered
3614,86,2026-07-23 12:17:16.765674,Shipped
3615,318,2025-08-17 10:43:07.537470,Processing
3616,663,2025-08-20 06:34:45.338153,Shipped
3617,383,2025-10-24 23:59:51.869403,Delivered
3618,458,2025-09-07 08:40:36.731690,Shipped
3619,556,2026-04-17 00:43:22.216285,Delivered
3620,768,2026-06-03 00:02:47.567223,Shipped
3621,252,2026-03-29 13:59:51.606883,Processing
3622,9,2025-12-14 02:09:04.989244,Delivered
3623,519,2025-09-14 04:27:02.318542,Shipped
3624,630,2025-11-26 04:43:11.336413,Shipped
3625,233,2025-08-03 16:06:34.160719,Cancelled
3626,541,2025-10-15 19:09:41.489111,Processing
3627,560,2025-11-11 02:44:05.098486,Shipped
3628,751,2026-01-13 11:56:58.189176,Cancelled
3629,301,2026-03-20 03:53:30.726552,Processing
3630,260,2026-07-08 16:56:01.833790,Delivered
3631,953,2026-01-02 20:19:07.205294,Processing
3632,66,2025-11-07 17:25:45.936397,Delivered
3633,563,2025-11-22 04:04:31.063067,Delivered
3634,510,2026-05-18 20:23:42.159791,Delivered
3635,511,2025-10-29 13:56:45.456256,Cancelled
3636,946,2025-09-27 03:31:18.158687,Cancelled
3637,52,2026-04-02 19:35:34.066648,Processing
3638,270,2025-11-18 08:33:08.958233,Cancelled
3639,620,2025-09-24 23:23:43.525660,Shipped
3640,181,2026-04-27 01:46:15.795231,Cancelled
3641,28,2026-02-18 17:11:33.912314,Shipped
3642,147,2026-04-05 16:14:44.226214,Cancelled
3643,278,2025-10-25 10:24:55.507148,Shipped
3644,397,2026-04-18 12:25:54.914859,Shipped
3645,541,2025-12-04 05:50:19.952230,Delivered
3646,658,2026-05-07 09:34:23.221231,Cancelled
3647,34,2026-01-03 02:09:33.742120,Shipped
3648,938,2025-10-08 14:22:10.981757,Delivered
3649,889,2026-03-07 01:25:41.639571,Shipped
3650,181,2025-11-29 11:50:37.030920,Shipped
3651,634,2026-07-22 16:26:13.808146,Processing
3652,870,2026-06-23 03:09:25.226943,Shipped
3653,814,2025-12-24 18:16:55.323948,Delivered
3654,102,2025-10-31 21:46:30.317617,Cancelled
3655,903,2026-02-13 00:52:26.848405,Delivered
3656,109,2025-12-02 21:42:14.404426,Delivered
3657,588,2026-06-10 00:11:35.094601,Processing
3658,690,2026-05-07 17:17:30.465361,Processing
3659,263,2026-01-25 19:32:14.056216,Processing
3660,295,2026-04-15 11:47:54.664786,Processing
3661,664,2025-12-20 18:08:01.897683,Shipped
3662,350,2026-02-22 23:49:16.008821,Delivered
3663,337,2025-10-07 17:09:24.297588,Cancelled
3664,911,2025-08-27 03:32:27.043948,Shipped
3665,901,2025-12-03 03:24:54.433107,Delivered
3666,143,2026-04-13 06:17:43.337715,Cancelled
3667,370,2026-05-07 17:41:17.490024,Processing
3668,136,2026-04-26 10:41:33.767938,Shipped
3669,662,2025-08-19 22:38:06.049660,Delivered
3670,586,2025-11-13 14:30:55.374503,Shipped
3671,645,2025-08-11 00:23:36.128618,Cancelled
3672,86,2026-07-10 09:38:00.978810,Processing
3673,485,2025-10-06 06:55:52.430053,Processing
3674,358,2026-04-04 21:09:08.611686,Processing
3675,231,2026-05-07 10:59:13.800056,Shipped
3676,793,2026-07-17 03:40:48.542867,Delivered
3677,798,2025-08-09 09:05:32.008936,Shipped
3678,913,2025-10-31 08:23:56.591747,Shipped
3679,462,2026-05-18 17:45:05.098010,Delivered
3680,404,2026-07-13 04:08:43.137068,Shipped
3681,198,2025-09-02 20:52:51.247381,Processing
3682,730,2025-10-11 09:47:34.009706,Shipped
3683,17,2025-12-29 00:26:19.853304,Delivered
3684,248,2026-05-08 23:44:36.511555,Processing
3685,669,2025-10-18 17:24:08.777958,Cancelled
3686,206,2025-10-08 15:12:12.526572,Cancelled
3687,910,2026-01-23 12:49:57.796311,Processing
3688,566,2026-03-23 15:13:19.457889,Shipped
3689,202,2025-12-16 20:36:17.112057,Shipped
3690,854,2025-11-07 19:16:36.411593,Cancelled
3691,925,2026-02-11 03:29:01.410543,Processing
3692,919,2026-02-12 00:26:21.578486,Delivered
3693,794,2025-12-31 06:02:24.915339,Delivered
3694,631,2025-09-05 01:23:33.126900,Shipped
3695,704,2026-02-18 06:01:24.049471,Delivered
3696,377,2025-08-30 00:53:45.527535,Shipped
3697,32,2026-04-28 09:16:23.450852,Processing
3698,384,2026-05-10 07:10:15.003058,Delivered
3699,862,2025-12-23 17:16:57.750230,Processing
3700,495,2025-10-31 14:43:02.496789,Processing
3701,731,2026-05-18 08:38:00.045664,Processing
3702,939,2026-05-20 11:19:14.024722,Delivered
3703,777,2026-06-07 10:22:55.037630,Shipped
3704,377,2026-01-20 02:16:37.006544,Cancelled
3705,550,2025-12-17 11:25:43.938647,Cancelled
3706,645,2026-06-27 01:28:57.048842,Delivered
3707,306,2026-07-28 17:53:47.201097,Shipped
3708,731,2026-01-21 17:13:44.222665,Delivered
3709,61,2026-07-11 14:05:12.852021,Shipped
3710,822,2026-06-17 07:31:43.051129,Delivered
3711,409,2026-05-15 01:19:09.320768,Delivered
3712,627,2026-06-08 12:12:00.083323,Shipped
3713,370,2026-05-26 18:32:23.545714,Delivered
3714,712,2026-07-04 13:43:16.525922,Processing
3715,7,2026-04-14 03:25:16.379167,Processing
3716,319,2025-08-04 03:13:18.839658,Cancelled
3717,896,2026-06-25 13:55:29.114039,Delivered
3718,844,2026-02-26 03:45:52.817214,Delivered
3719,192,2026-04-10 04:30:18.866865,Cancelled
3720,61,2025-12-04 13:56:59.283048,Shipped
3721,717,2026-02-03 20:07:21.370502,Cancelled
3722,668,2026-04-05 13:19:56.314726,Cancelled
3723,507,2025-10-28 03:59:00.347140,Shipped
3724,134,2026-04-22 08:28:37.149366,Cancelled
3725,628,2025-10-29 10:33:07.176870,Delivered
3726,298,2026-06-28 04:51:27.302720,Processing
3727,411,2025-09-21 21:23:52.344030,Processing
3728,603,2026-07-26 03:47:48.294363,Delivered
3729,349,2026-06-17 13:25:09.516008,Processing
3730,809,2025-11-17 07:40:32.905451,Shipped
3731,305,2026-05-26 02:46:13.058206,Processing
3732,250,2025-11-12 10:24:11.142631,Cancelled
3733,858,2026-02-04 05:26:52.094490,Shipped
3734,881,2026-06-06 05:45:39.493529,Shipped
3735,403,2026-03-17 01:45:22.931811,Shipped
3736,745,2025-09-03 02:08:08.866971,Processing
3737,605,2026-03-02 02:10:54.129345,Delivered
3738,322,2026-07-04 02:33:38.653753,Cancelled
3739,77,2026-07-06 13:04:02.464421,Shipped
3740,30,2026-05-26 08:52:54.026673,Cancelled
3741,597,2025-11-13 14:45:04.572780,Processing
3742,301,2026-07-06 06:07:08.690199,Delivered
3743,445,2025-12-06 06:03:15.007374,Delivered
3744,959,2025-10-24 10:42:28.577406,Cancelled
3745,114,2025-12-06 21:15:42.646510,Cancelled
3746,526,2025-08-27 11:20:11.761363,Delivered
3747,742,2026-06-19 13:29:40.142129,Cancelled
3748,310,2026-03-02 10:56:23.161703,Cancelled
3749,944,2026-07-26 13:38:41.710686,Processing
3750,972,2025-10-26 05:45:20.498785,Shipped
3751,317,2026-06-01 21:27:22.857517,Shipped
3752,420,2025-10-28 13:28:03.291557,Delivered
3753,398,2025-08-02 03:34:02.436178,Delivered
3754,493,2026-03-25 22:33:21.945592,Shipped
3755,989,2026-05-14 21:09:41.978737,Cancelled
3756,626,2026-04-29 07:04:04.228534,Cancelled
3757,415,2025-09-08 22:15:56.591198,Cancelled
3758,950,2026-05-09 07:10:52.771735,Shipped
3759,267,2026-01-25 12:17:32.978050,Cancelled
3760,883,2025-11-06 08:17:47.916942,Processing
3761,780,2026-07-13 21:32:52.930721,Processing
3762,996,2026-06-04 05:27:41.073737,Processing
3763,280,2026-03-07 23:35:38.825673,Delivered
3764,111,2026-07-08 03:59:20.070309,Cancelled
3765,901,2026-05-04 01:27:30.837923,Cancelled
3766,518,2026-03-18 05:46:47.077876,Shipped
3767,813,2026-05-13 09:16:36.876257,Delivered
3768,523,2026-07-12 04:04:46.838025,Processing
3769,47,2025-12-29 12:56:27.753796,Delivered
3770,305,2026-02-25 20:06:36.399960,Delivered
3771,525,2025-10-24 18:51:06.197462,Shipped
3772,95,2026-01-06 06:37:08.078687,Processing
3773,877,2026-04-01 04:02:28.160262,Shipped
3774,503,2025-12-16 05:47:06.121489,Shipped
3775,137,2026-01-26 14:17:27.492809,Processing
3776,206,2026-04-18 08:12:49.593670,Cancelled
3777,774,2026-02-21 02:29:57.431710,Delivered
3778,388,2026-02-08 12:51:07.548157,Cancelled
3779,934,2026-02-27 09:24:24.627631,Shipped
3780,612,2025-12-09 04:48:58.695703,Processing
3781,293,2025-08-16 20:18:03.609958,Shipped
3782,577,2026-01-21 17:09:50.656024,Shipped
3783,791,2026-05-17 03:19:31.425601,Cancelled
3784,494,2025-10-04 18:53:46.370681,Cancelled
3785,464,2025-12-03 10:08:33.255951,Processing
3786,883,2025-11-01 00:18:23.721301,Shipped
3787,7,2025-08-31 08:41:51.127329,Cancelled
3788,227,2026-02-02 13:02:26.891860,Delivered
3789,989,2026-06-13 22:12:17.463331,Delivered
3790,579,2026-03-17 00:42:33.034785,Cancelled
3791,31,2026-02-25 00:41:32.386055,Shipped
3792,828,2026-06-17 14:34:47.729063,Processing
3793,180,2026-01-17 07:44:47.526881,Delivered
3794,56,2026-07-14 18:24:28.846429,Processing
3795,55,2025-09-15 00:06:18.049076,Delivered
3796,816,2025-10-19 10:06:53.497679,Delivered
3797,384,2026-01-18 10:26:49.377839,Shipped
3798,922,2025-11-22 18:09:26.648717,Cancelled
3799,648,2026-05-08 02:47:45.161846,Delivered
3800,33,2025-10-05 19:51:59.390318,Shipped
3801,143,2025-10-11 11:27:26.879039,Delivered
3802,317,2026-02-02 17:25:14.923933,Processing
3803,959,2026-01-12 01:42:09.226697,Shipped
3804,894,2026-02-01 05:54:41.113110,Delivered
3805,681,2025-08-28 04:26:02.044233,Processing
3806,659,2026-02-23 21:39:04.395924,Delivered
3807,743,2025-10-23 03:48:26.628205,Delivered
3808,643,2026-04-14 04:29:10.328300,Shipped
3809,681,2026-04-29 00:51:55.349280,Shipped
3810,575,2026-01-20 22:21:48.344479,Cancelled
3811,366,2026-07-24 06:05:48.037706,Delivered
3812,896,2025-12-11 03:17:47.997040,Delivered
3813,756,2026-01-28 00:20:12.826715,Delivered
3814,744,2025-09-12 06:47:34.493722,Delivered
3815,579,2026-07-27 12:41:49.112471,Processing
3816,562,2026-02-23 05:50:41.407675,Delivered
3817,688,2026-01-13 19:37:22.363998,Processing
3818,626,2026-05-22 14:45:40.733608,Delivered
3819,853,2025-09-29 06:36:58.783447,Cancelled
3820,888,2025-09-28 18:09:48.889232,Processing
3821,320,2025-09-23 02:55:47.462178,Shipped
3822,599,2025-08-11 14:01:15.354862,Processing
3823,82,2026-07-14 02:02:34.213418,Processing
3824,262,2025-10-01 15:00:21.516427,Cancelled
3825,55,2025-08-28 04:47:37.394423,Shipped
3826,459,2026-04-20 22:37:59.416161,Processing
3827,268,2025-10-21 09:46:59.623602,Cancelled
3828,857,2026-05-05 21:27:53.703046,Shipped
3829,462,2026-05-15 07:34:48.911714,Processing
3830,233,2026-03-03 12:28:50.167601,Shipped
3831,424,2025-09-25 11:53:22.711329,Processing
3832,416,2025-10-16 17:17:42.032766,Shipped
3833,889,2026-06-11 06:20:28.970750,Cancelled
3834,517,2025-11-07 13:14:36.317782,Processing
3835,828,2026-02-28 18:04:54.076914,Processing
3836,562,2025-08-30 07:39:02.680397,Cancelled
3837,897,2026-07-31 05:06:29.800002,Delivered
3838,669,2026-06-16 09:47:36.500659,Shipped
3839,436,2026-05-25 13:13:26.410812,Cancelled
3840,606,2026-06-01 03:38:53.792983,Delivered
3841,713,2026-03-22 12:15:30.971137,Shipped
3842,11,2026-05-05 15:02:58.823408,Delivered
3843,915,2026-08-01 18:55:59.923668,Cancelled
3844,886,2025-09-01 05:38:26.086171,Shipped
3845,507,2026-07-14 11:02:51.165905,Processing
3846,672,2025-08-26 08:53:59.132167,Shipped
3847,885,2025-10-28 07:37:46.062718,Shipped
3848,345,2025-12-15 02:12:49.225924,Shipped
3849,355,2025-09-11 09:13:24.042791,Shipped
3850,391,2025-09-08 00:39:43.219628,Cancelled
3851,889,2025-09-09 04:19:13.616673,Processing
3852,595,2025-12-15 01:09:54.406340,Cancelled
3853,424,2026-07-16 15:41:48.112595,Cancelled
3854,24,2026-05-25 11:44:41.491075,Delivered
3855,451,2025-10-23 13:55:28.441059,Cancelled
3856,729,2025-10-17 17:51:33.685099,Delivered
3857,657,2026-03-07 01:19:15.967749,Processing
3858,744,2025-11-02 05:54:35.789293,Cancelled
3859,119,2025-08-01 21:05:58.139508,Delivered
3860,332,2026-05-04 01:36:17.632088,Delivered
3861,275,2025-08-02 00:16:47.056242,Processing
3862,789,2026-04-11 02:14:52.379328,Cancelled
3863,46,2025-09-12 07:29:22.365790,Shipped
3864,544,2026-06-25 10:44:37.495374,Shipped
3865,641,2025-11-26 02:41:37.682143,Cancelled
3866,722,2025-08-08 22:38:02.996507,Shipped
3867,454,2026-04-21 11:34:15.076682,Delivered
3868,839,2026-07-13 18:19:00.801352,Processing
3869,404,2026-02-09 16:18:08.665682,Shipped
3870,228,2026-03-08 05:08:39.070959,Cancelled
3871,101,2026-02-20 08:32:56.326397,Cancelled
3872,189,2026-03-13 08:55:14.258815,Processing
3873,971,2025-11-14 21:51:55.541617,Shipped
3874,381,2025-12-12 03:36:35.059833,Processing
3875,275,2025-10-14 14:23:46.020617,Processing
3876,574,2026-01-14 09:14:21.560423,Processing
3877,144,2026-07-01 12:26:29.616818,Shipped
3878,260,2026-07-14 06:08:32.868554,Cancelled
3879,952,2026-07-11 21:23:37.905919,Processing
3880,658,2026-05-20 12:09:08.207853,Processing
3881,867,2025-08-05 08:30:11.397388,Processing
3882,111,2026-05-02 05:32:07.217141,Processing
3883,210,2026-02-03 09:16:30.115500,Delivered
3884,45,2025-10-31 18:15:21.624429,Delivered
3885,933,2026-06-04 07:34:11.319399,Cancelled
3886,801,2025-11-19 09:27:52.742409,Processing
3887,965,2026-04-12 01:17:25.286641,Delivered
3888,311,2025-10-10 02:30:07.043649,Delivered
3889,664,2025-10-05 07:02:41.240211,Processing
3890,150,2026-05-28 09:14:02.838994,Processing
3891,838,2026-06-19 10:40:38.459779,Cancelled
3892,397,2025-08-30 04:37:15.630738,Delivered
3893,314,2026-06-09 12:21:28.794815,Cancelled
3894,490,2025-11-13 09:05:35.062006,Cancelled
3895,863,2026-03-16 09:25:18.580221,Cancelled
3896,437,2026-03-14 13:37:40.872300,Cancelled
3897,82,2025-10-07 00:40:24.283983,Cancelled
3898,977,2025-11-27 07:38:01.168896,Shipped
3899,27,2026-04-13 08:22:42.690124,Processing
3900,952,2026-05-22 18:13:12.633148,Delivered
3901,957,2026-04-12 21:18:31.204057,Cancelled
3902,3,2025-09-26 09:58:51.975542,Shipped
3903,290,2025-10-02 19:56:13.849694,Processing
3904,5,2025-10-23 03:11:49.208858,Processing
3905,339,2026-03-19 01:05:54.736723,Delivered
3906,4,2026-06-12 15:17:00.412905,Cancelled
3907,688,2026-03-11 04:03:04.568563,Shipped
3908,713,2026-07-13 04:53:44.783281,Shipped
3909,447,2026-07-10 22:22:54.180691,Delivered
3910,96,2026-02-26 20:45:39.905391,Delivered
3911,696,2025-09-11 08:40:06.433946,Processing
3912,324,2026-06-09 17:51:14.755639,Cancelled
3913,226,2025-08-20 09:06:33.308013,Delivered
3914,358,2026-02-14 08:26:15.383074,Processing
3915,565,2025-11-24 09:20:16.290699,Shipped
3916,653,2026-07-06 03:38:38.578859,Shipped
3917,137,2025-08-27 08:04:14.920636,Cancelled
3918,273,2025-10-03 17:03:28.826395,Processing
3919,815,2026-07-08 06:38:05.592150,Shipped
3920,526,2026-07-05 21:12:08.233939,Delivered
3921,851,2026-07-02 22:47:15.126554,Shipped
3922,674,2026-04-09 01:32:33.332793,Shipped
3923,578,2025-12-12 00:36:17.699069,Delivered
3924,692,2026-01-21 15:26:00.200464,Shipped
3925,982,2025-08-21 05:33:15.636066,Shipped
3926,305,2025-08-25 11:51:52.924587,Shipped
3927,395,2026-02-28 05:29:44.711961,Delivered
3928,255,2025-10-08 13:41:01.609437,Delivered
3929,152,2026-02-24 06:18:22.977496,Cancelled
3930,556,2025-08-15 20:53:28.396643,Cancelled
3931,365,2026-02-24 21:51:22.322934,Delivered
3932,534,2026-02-25 05:22:38.922327,Delivered
3933,549,2026-03-28 03:27:24.785398,Shipped
3934,116,2025-08-16 22:09:31.914746,Processing
3935,187,2026-04-19 18:31:40.404549,Processing
3936,618,2025-08-28 19:40:16.403821,Delivered
3937,732,2026-04-19 00:21:39.431598,Delivered
3938,670,2026-05-04 10:26:04.640965,Cancelled
3939,552,2025-12-10 23:36:57.477590,Cancelled
3940,577,2026-01-27 15:09:57.650048,Cancelled
3941,292,2026-03-20 22:43:55.470041,Shipped
3942,938,2026-01-15 12:02:51.134434,Delivered
3943,432,2026-04-08 05:57:37.656845,Delivered
3944,782,2025-12-29 21:54:09.235096,Processing
3945,154,2025-11-07 04:03:27.180688,Delivered
3946,939,2025-12-07 00:35:04.281560,Delivered
3947,94,2026-08-01 10:47:08.180313,Delivered
3948,706,2026-04-23 23:39:47.105009,Shipped
3949,388,2026-03-30 00:13:32.064114,Processing
3950,70,2026-06-15 11:58:10.472129,Shipped
3951,292,2026-07-08 07:14:33.960237,Delivered
3952,478,2026-06-03 13:22:26.812665,Processing
3953,614,2026-04-08 22:49:13.570063,Shipped
3954,856,2026-02-28 22:05:02.018850,Cancelled
3955,257,2026-02-22 14:40:37.562812,Cancelled
3956,531,2025-12-20 22:16:11.394741,Shipped
3957,496,2026-07-22 15:05:39.001587,Processing
3958,689,2025-11-09 01:30:23.965190,Delivered
3959,38,2026-04-06 07:27:16.960186,Delivered
3960,35,2026-06-14 16:04:00.121157,Delivered
3961,374,2025-10-11 15:34:27.615120,Shipped
3962,363,2026-04-10 14:16:24.157090,Processing
3963,486,2026-05-30 23:32:14.129289,Processing
3964,206,2026-03-27 04:01:50.822082,Processing
3965,618,2025-11-24 17:18:41.084616,Delivered
3966,235,2026-01-22 12:39:04.510822,Cancelled
3967,16,2025-10-01 15:08:37.744051,Delivered
3968,402,2025-12-30 03:35:32.925869,Shipped
3969,731,2026-04-24 22:00:17.835164,Processing
3970,546,2025-12-13 03:33:50.100239,Cancelled
3971,774,2025-08-13 13:47:27.101257,Cancelled
3972,392,2026-03-03 21:28:47.686780,Delivered
3973,229,2026-03-22 02:30:44.051441,Delivered
3974,390,2026-03-17 19:09:50.271984,Cancelled
3975,707,2025-11-07 18:52:24.316149,Cancelled
3976,538,2025-08-31 00:17:49.871534,Processing
3977,379,2026-02-19 11:12:54.380478,Shipped
3978,579,2026-04-10 11:39:58.064894,Processing
3979,874,2025-08-02 08:42:19.731007,Delivered
3980,410,2025-10-19 10:48:51.713719,Cancelled
3981,512,2026-07-20 07:34:11.687109,Delivered
3982,536,2026-04-03 21:46:11.735754,Delivered
3983,302,2025-10-15 20:35:51.547129,Processing
3984,969,2025-12-11 17:32:44.061451,Processing
3985,874,2026-05-28 13:40:23.795128,Delivered
3986,184,2025-09-26 20:34:01.248925,Processing
3987,263,2026-06-01 07:47:04.012585,Processing
3988,825,2025-12-02 12:26:22.926158,Delivered
3989,823,2025-11-18 09:05:26.050248,Cancelled
3990,562,2026-04-28 14:42:12.969657,Delivered
3991,785,2026-06-20 00:44:33.153248,Cancelled
3992,86,2025-11-01 00:12:49.141746,Processing
3993,285,2025-10-15 11:14:09.700553,Delivered
3994,845,2026-04-24 13:52:45.342437,Shipped
3995,576,2026-01-29 08:26:23.265683,Processing
3996,254,2025-09-09 18:46:42.553475,Cancelled
3997,941,2025-10-21 03:31:42.421383,Shipped
3998,516,2026-02-09 12:04:17.437476,Shipped
3999,521,2025-09-04 23:17:32.626006,Cancelled
4000,623,2025-11-30 06:22:10.400547,Delivered
4001,463,2026-02-03 04:35:26.642941,Delivered
4002,945,2026-06-05 09:30:11.443888,Shipped
4003,62,2025-10-23 05:03:03.687520,Cancelled
4004,219,2025-10-08 20:56:44.692286,Cancelled
4005,420,2026-05-16 07:55:54.926492,Delivered
4006,218,2025-11-26 08:00:57.445354,Shipped
4007,303,2026-06-07 11:23:10.186117,Delivered
4008,225,2026-04-25 03:08:27.510791,Processing
4009,418,2026-03-27 15:03:34.111381,Processing
4010,9,2025-10-28 22:16:15.837725,Delivered
4011,842,2026-02-23 13:37:51.711897,Delivered
4012,809,2026-04-23 19:21:43.538393,Processing
4013,955,2026-07-28 15:29:32.982727,Delivered
4014,790,2026-01-21 04:29:46.645209,Processing
4015,501,2026-03-22 05:48:27.792376,Cancelled
4016,681,2025-09-29 16:15:54.911618,Cancelled
4017,13,2025-08-07 04:05:56.629616,Shipped
4018,765,2026-06-15 01:27:22.848481,Shipped
4019,471,2025-08-19 01:42:44.981603,Cancelled
4020,15,2026-02-15 10:50:41.218616,Processing
4021,599,2025-10-13 02:56:54.891220,Delivered
4022,307,2026-05-27 02:15:31.708174,Cancelled
4023,847,2025-12-25 18:18:19.288030,Cancelled
4024,12,2026-04-19 03:09:51.392549,Processing
4025,934,2026-03-25 09:55:41.270394,Delivered
4026,400,2026-05-18 01:26:50.361592,Delivered
4027,408,2025-11-30 03:30:16.893317,Processing
4028,738,2025-12-24 13:21:37.254416,Delivered
4029,377,2025-09-16 19:46:14.293577,Cancelled
4030,985,2026-06-18 14:42:54.062807,Processing
4031,845,2026-03-11 00:00:50.824159,Processing
4032,64,2025-08-24 11:02:49.494340,Cancelled
4033,427,2026-06-01 14:08:24.874461,Delivered
4034,24,2026-06-28 02:42:10.588104,Processing
4035,993,2026-08-01 08:37:43.549140,Shipped
4036,868,2026-07-13 10:12:22.050815,Processing
4037,88,2026-01-22 00:22:45.103015,Cancelled
4038,790,2026-06-04 23:07:06.121883,Processing
4039,155,2026-01-11 12:52:25.047984,Shipped
4040,782,2025-10-19 20:24:47.200025,Delivered
4041,729,2025-12-14 23:21:38.938219,Cancelled
4042,732,2025-08-25 20:20:46.510899,Shipped
4043,716,2026-02-23 16:30:24.659956,Cancelled
4044,179,2026-02-08 01:04:32.094171,Processing
4045,941,2026-06-26 22:19:01.197809,Processing
4046,83,2026-01-26 11:29:53.674223,Shipped
4047,454,2026-05-29 12:34:03.248709,Shipped
4048,415,2026-07-13 18:09:48.149502,Cancelled
4049,50,2026-02-01 02:43:04.687977,Processing
4050,269,2026-04-06 02:11:22.696945,Shipped
4051,402,2026-06-04 07:36:18.361929,Delivered
4052,457,2026-05-28 08:05:35.017767,Processing
4053,159,2025-11-03 00:20:22.007618,Cancelled
4054,638,2026-05-13 14:18:44.802718,Processing
4055,145,2026-02-07 13:02:56.901355,Cancelled
4056,156,2025-11-26 12:31:15.947147,Processing
4057,43,2025-11-11 07:04:54.423151,Shipped
4058,257,2026-01-19 11:14:57.022194,Shipped
4059,15,2026-05-30 14:40:53.502172,Shipped
4060,122,2025-09-17 02:49:06.120531,Shipped
4061,589,2026-06-24 20:00:30.610461,Processing
4062,100,2026-02-15 22:02:07.188838,Delivered
4063,562,2025-09-04 12:55:55.027862,Delivered
4064,434,2025-09-14 12:35:06.205949,Shipped
4065,119,2026-07-27 21:47:39.366331,Shipped
4066,378,2025-10-12 05:24:37.302769,Delivered
4067,778,2026-01-28 10:19:11.588196,Processing
4068,679,2026-02-10 00:58:13.347999,Shipped
4069,1000,2026-06-18 20:31:39.696938,Cancelled
4070,941,2025-11-19 13:32:59.703555,Cancelled
4071,734,2025-09-23 09:36:08.563570,Delivered
4072,687,2026-01-31 20:12:58.422057,Shipped
4073,725,2025-11-08 07:06:35.924948,Delivered
4074,398,2025-08-04 23:37:48.360985,Processing
4075,101,2025-11-29 23:01:43.466842,Delivered
4076,834,2025-08-27 03:10:44.201554,Shipped
4077,424,2026-03-17 21:31:22.300191,Cancelled
4078,418,2026-07-10 05:46:19.587099,Cancelled
4079,580,2025-08-19 15:45:32.907753,Shipped
4080,267,2025-12-08 02:36:44.914591,Delivered
4081,302,2026-04-03 02:44:18.794247,Processing
4082,230,2026-04-25 03:33:18.208655,Shipped
4083,203,2026-03-31 05:30:52.278084,Delivered
4084,659,2026-05-07 05:56:40.422049,Delivered
4085,994,2026-04-26 15:08:39.024002,Processing
4086,687,2025-12-18 11:46:17.862550,Cancelled
4087,216,2026-03-25 00:46:51.569298,Delivered
4088,310,2025-12-29 03:58:23.219386,Delivered
4089,914,2026-02-16 03:29:29.704765,Delivered
4090,388,2026-07-30 15:39:55.207872,Delivered
4091,363,2025-10-22 07:35:37.537118,Delivered
4092,706,2025-09-03 19:12:09.432747,Shipped
4093,269,2025-10-15 11:31:23.696793,Shipped
4094,4,2026-03-14 00:47:44.661422,Cancelled
4095,142,2026-04-12 08:12:40.511379,Cancelled
4096,626,2026-02-15 08:48:28.421515,Processing
4097,927,2025-12-09 18:50:37.351690,Cancelled
4098,422,2026-01-02 23:35:10.243701,Shipped
4099,280,2025-09-13 00:03:26.749293,Cancelled
4100,346,2026-02-15 23:00:26.121136,Delivered
4101,845,2026-03-09 15:29:24.848744,Processing
4102,631,2026-01-17 08:36:46.579284,Delivered
4103,900,2026-05-01 23:47:11.108332,Delivered
4104,939,2025-09-12 01:38:57.639614,Processing
4105,61,2026-07-02 11:21:27.605498,Delivered
4106,15,2026-01-23 08:02:50.484499,Processing
4107,979,2025-09-13 18:17:37.352535,Delivered
4108,418,2026-03-09 19:11:23.202653,Shipped
4109,460,2026-05-04 10:42:44.235453,Cancelled
4110,659,2026-03-02 17:36:44.498794,Cancelled
4111,636,2026-01-20 20:05:51.405351,Delivered
4112,337,2026-06-06 16:52:58.077238,Processing
4113,53,2025-08-28 22:43:22.287668,Delivered
4114,669,2026-04-12 12:05:56.635423,Shipped
4115,907,2026-01-16 04:59:32.036648,Shipped
4116,968,2025-08-22 17:19:18.082738,Shipped
4117,561,2026-01-05 05:17:02.875247,Delivered
4118,955,2025-09-28 07:45:01.450700,Processing
4119,958,2025-09-12 10:34:17.695006,Processing
4120,991,2025-08-12 11:35:49.080892,Cancelled
4121,117,2026-07-08 04:06:46.131169,Processing
4122,577,2026-01-09 12:38:50.621487,Cancelled
4123,241,2025-09-27 12:09:25.670135,Cancelled
4124,661,2025-10-27 15:15:56.480372,Processing
4125,753,2026-05-05 16:31:08.575061,Shipped
4126,692,2026-01-12 10:11:43.040434,Delivered
4127,170,2026-06-21 16:32:42.064219,Shipped
4128,897,2026-04-17 08:50:01.260352,Processing
4129,595,2026-02-15 18:21:56.563704,Processing
4130,695,2026-05-02 09:44:20.388190,Processing
4131,125,2025-12-31 23:11:51.754082,Shipped
4132,305,2026-02-03 10:30:25.956114,Shipped
4133,216,2025-12-15 11:22:48.266437,Delivered
4134,523,2025-09-13 19:56:40.199513,Cancelled
4135,918,2026-02-12 15:35:16.047260,Processing
4136,570,2026-04-13 13:35:12.491944,Processing
4137,626,2026-04-24 21:38:52.912185,Processing
4138,889,2026-07-07 12:25:07.255913,Delivered
4139,283,2025-12-18 01:20:32.932033,Shipped
4140,846,2026-05-03 00:03:59.435166,Processing
4141,29,2026-01-01 03:04:02.936241,Cancelled
4142,671,2026-05-18 08:33:03.492877,Cancelled
4143,332,2025-08-04 06:20:25.928333,Delivered
4144,56,2025-11-09 13:43:45.027895,Shipped
4145,355,2026-01-07 09:50:07.211808,Delivered
4146,10,2025-08-22 03:04:45.237254,Processing
4147,710,2026-07-16 08:35:25.329091,Shipped
4148,884,2026-01-12 21:02:03.820846,Delivered
4149,756,2026-01-13 19:46:57.346203,Cancelled
4150,687,2025-09-17 16:28:08.224688,Processing
4151,579,2026-01-15 01:09:29.218974,Delivered
4152,725,2026-02-04 03:10:47.974080,Processing
4153,902,2026-02-11 12:10:11.852844,Delivered
4154,415,2026-03-10 16:46:59.035821,Cancelled
4155,162,2026-04-07 03:06:17.082165,Delivered
4156,880,2026-06-14 20:07:28.086607,Delivered
4157,977,2026-05-18 18:46:13.986855,Processing
4158,582,2026-02-10 02:45:56.386752,Shipped
4159,327,2026-07-28 20:41:22.334990,Delivered
4160,497,2026-04-13 13:52:40.381739,Processing
4161,236,2026-03-20 11:59:07.151850,Delivered
4162,799,2026-06-18 12:30:50.758870,Shipped
4163,989,2026-04-16 04:57:50.904020,Shipped
4164,490,2026-02-09 02:29:29.309587,Processing
4165,637,2025-10-01 12:45:17.530121,Processing
4166,107,2026-08-01 03:20:21.457845,Delivered
4167,366,2026-03-03 06:27:37.023288,Processing
4168,698,2025-09-28 20:04:40.328390,Cancelled
4169,916,2026-01-09 19:43:35.808980,Shipped
4170,117,2026-03-15 19:01:17.784486,Delivered
4171,619,2026-04-28 18:50:49.645911,Cancelled
4172,182,2026-07-31 22:13:15.029536,Cancelled
4173,372,2026-01-23 08:35:08.057492,Processing
4174,472,2026-06-12 02:51:41.006828,Processing
4175,879,2025-12-12 09:39:44.678286,Delivered
4176,369,2025-12-06 17:15:19.423249,Cancelled
4177,131,2026-02-27 17:42:56.413481,Shipped
4178,266,2026-07-24 01:26:32.260777,Shipped
4179,219,2026-04-09 03:40:25.383766,Cancelled
4180,581,2025-10-23 20:51:12.188511,Cancelled
4181,670,2026-06-01 15:11:25.662911,Processing
4182,527,2026-01-28 19:28:27.842072,Processing
4183,374,2025-10-14 13:58:39.761939,Cancelled
4184,28,2026-02-16 12:38:14.180824,Cancelled
4185,957,2026-06-07 06:53:07.263177,Shipped
4186,804,2025-11-11 19:43:41.664559,Processing
4187,138,2026-06-20 02:16:18.971734,Cancelled
4188,185,2025-09-21 01:00:34.142539,Processing
4189,860,2025-11-25 02:57:48.677083,Shipped
4190,613,2026-04-25 11:15:52.073646,Processing
4191,758,2026-02-03 17:17:50.417357,Processing
4192,539,2025-12-02 22:50:33.815926,Processing
4193,894,2026-04-11 17:27:36.325128,Processing
4194,58,2026-07-29 18:27:46.471764,Cancelled
4195,246,2025-11-24 05:24:53.177170,Processing
4196,439,2025-12-26 14:21:47.350871,Shipped
4197,474,2026-05-28 09:25:29.559035,Delivered
4198,854,2026-01-19 14:47:38.554816,Shipped
4199,293,2025-09-08 15:50:11.069928,Processing
4200,174,2026-01-25 16:04:46.537982,Shipped
4201,743,2025-09-25 05:43:59.828162,Cancelled
4202,92,2026-07-26 14:25:58.756773,Cancelled
4203,27,2025-11-20 16:46:24.372036,Delivered
4204,791,2025-10-08 03:54:34.409419,Shipped
4205,749,2026-03-30 03:16:01.219171,Delivered
4206,461,2026-02-27 23:11:55.084617,Delivered
4207,984,2025-08-16 07:10:17.245131,Cancelled
4208,946,2026-07-14 06:40:10.107743,Delivered
4209,720,2026-02-27 05:04:31.034674,Shipped
4210,235,2025-09-18 04:05:17.105162,Cancelled
4211,215,2026-06-06 10:52:24.538719,Delivered
4212,277,2026-03-23 12:02:17.572601,Processing
4213,958,2026-04-01 03:34:39.194823,Cancelled
4214,454,2026-05-23 20:42:58.362265,Processing
4215,641,2026-03-18 01:12:17.018872,Shipped
4216,354,2026-07-17 21:19:43.987404,Shipped
4217,360,2026-03-29 14:47:03.442852,Cancelled
4218,929,2025-08-13 14:46:12.033821,Shipped
4219,138,2025-10-14 10:41:04.672082,Shipped
4220,191,2026-04-11 04:26:50.079810,Processing
4221,466,2025-08-08 21:01:24.346892,Delivered
4222,382,2025-10-29 22:11:29.723622,Processing
4223,102,2026-07-27 04:46:48.833431,Cancelled
4224,988,2025-12-15 06:46:09.703993,Shipped
4225,197,2025-12-04 22:57:40.564276,Cancelled
4226,532,2025-11-27 01:13:26.737683,Cancelled
4227,379,2026-05-01 21:59:19.276424,Cancelled
4228,57,2025-10-30 10:51:42.398980,Delivered
4229,747,2026-02-15 09:22:58.527837,Processing
4230,639,2026-03-25 20:07:31.977799,Cancelled
4231,14,2025-09-28 10:13:17.613923,Processing
4232,732,2025-12-10 22:31:33.677577,Delivered
4233,426,2026-07-01 16:18:09.393220,Shipped
4234,142,2026-07-08 04:31:43.182945,Delivered
4235,51,2026-03-21 05:33:51.555817,Delivered
4236,423,2025-10-24 04:12:58.749765,Delivered
4237,172,2025-10-07 21:55:45.199554,Cancelled
4238,883,2025-09-25 12:24:44.070258,Shipped
4239,708,2025-08-23 09:15:55.768076,Delivered
4240,88,2025-12-03 11:26:24.000053,Shipped
4241,71,2026-07-09 01:18:22.977157,Cancelled
4242,845,2026-01-05 02:15:39.916022,Shipped
4243,81,2026-06-17 04:49:50.105406,Shipped
4244,211,2025-12-14 02:40:20.467156,Shipped
4245,508,2026-03-11 19:04:14.272228,Cancelled
4246,695,2026-02-17 13:05:02.121445,Delivered
4247,335,2026-02-11 22:27:54.566627,Cancelled
4248,923,2026-07-16 05:36:34.246657,Processing
4249,990,2025-12-31 10:56:59.710058,Cancelled
4250,366,2026-04-17 06:20:08.492321,Delivered
4251,30,2026-07-24 05:03:38.482501,Cancelled
4252,976,2026-01-30 16:43:13.632424,Cancelled
4253,638,2026-07-06 08:09:46.078247,Shipped
4254,475,2025-10-03 00:40:57.306603,Shipped
4255,287,2026-05-24 16:18:52.929792,Cancelled
4256,129,2026-06-02 13:51:58.531614,Delivered
4257,499,2026-05-09 19:59:25.100488,Cancelled
4258,174,2026-02-11 12:58:47.477076,Delivered
4259,494,2026-01-26 07:58:34.747613,Delivered
4260,183,2026-01-05 07:58:51.840224,Delivered
4261,159,2026-01-25 07:04:24.906010,Processing
4262,450,2026-05-09 04:31:07.215783,Delivered
4263,536,2026-07-28 22:26:53.160666,Shipped
4264,530,2025-11-05 02:03:00.695426,Delivered
4265,823,2025-11-21 20:52:10.950538,Shipped
4266,322,2026-06-06 22:10:10.496908,Shipped
4267,8,2026-02-07 07:15:23.819834,Cancelled
4268,437,2026-04-11 02:04:06.790161,Cancelled
4269,385,2026-02-02 13:27:36.420599,Processing
4270,889,2026-05-21 01:15:03.310351,Processing
4271,158,2026-07-03 18:01:54.150958,Shipped
4272,652,2026-05-20 10:21:24.989544,Cancelled
4273,872,2026-06-12 10:59:56.370084,Cancelled
4274,204,2025-09-14 03:43:19.699884,Cancelled
4275,437,2026-05-18 06:07:40.899383,Shipped
4276,913,2025-10-21 02:18:16.892432,Processing
4277,266,2026-07-19 18:53:40.619557,Shipped
4278,180,2025-12-21 20:09:32.213360,Cancelled
4279,815,2025-10-26 00:55:51.176646,Delivered
4280,647,2026-04-28 01:52:54.427545,Processing
4281,384,2025-08-02 03:31:45.277295,Shipped
4282,103,2026-02-10 02:51:26.389349,Cancelled
4283,986,2025-08-14 08:44:17.854524,Processing
4284,739,2025-10-06 11:00:11.842865,Delivered
4285,596,2025-11-13 11:16:21.862108,Processing
4286,168,2026-03-29 13:44:14.660878,Delivered
4287,37,2026-01-15 15:30:00.479613,Processing
4288,174,2026-01-27 15:27:53.979215,Processing
4289,394,2026-03-06 02:41:17.404318,Cancelled
4290,772,2025-12-23 00:30:35.532581,Cancelled
4291,201,2025-09-12 02:05:14.348498,Shipped
4292,802,2026-02-24 17:53:00.234401,Cancelled
4293,507,2026-03-06 06:11:19.748116,Cancelled
4294,171,2026-03-19 15:03:15.534902,Processing
4295,165,2025-10-30 12:30:02.672351,Delivered
4296,811,2025-08-06 07:42:09.163303,Processing
4297,136,2026-03-19 09:54:22.573922,Processing
4298,703,2025-10-01 21:54:31.570873,Cancelled
4299,530,2026-07-03 03:41:03.383744,Processing
4300,955,2025-08-07 06:04:03.307639,Cancelled
4301,623,2026-04-26 19:29:29.498224,Delivered
4302,677,2025-08-25 13:38:44.395639,Delivered
4303,575,2025-08-05 19:44:50.820909,Delivered
4304,36,2025-10-17 23:32:07.837239,Shipped
4305,611,2026-07-13 08:47:51.118998,Shipped
4306,533,2025-12-15 18:48:26.367916,Shipped
4307,714,2026-04-26 18:49:23.067699,Shipped
4308,476,2025-11-08 14:46:26.648548,Cancelled
4309,815,2026-04-22 04:24:04.727529,Delivered
4310,339,2026-04-05 19:04:08.594696,Shipped
4311,474,2026-02-22 06:12:22.309550,Delivered
4312,887,2026-06-30 21:18:08.366343,Shipped
4313,384,2025-10-17 01:25:15.547019,Delivered
4314,48,2025-11-18 04:32:56.916297,Shipped
4315,739,2025-11-05 18:41:46.255582,Shipped
4316,321,2026-03-15 00:00:04.166554,Cancelled
4317,344,2025-12-18 21:21:08.433684,Delivered
4318,950,2025-12-12 16:34:14.012255,Shipped
4319,220,2025-12-25 21:38:01.909296,Shipped
4320,586,2025-12-08 19:08:31.796760,Shipped
4321,713,2025-08-24 05:24:48.451175,Cancelled
4322,314,2026-07-20 00:59:00.848433,Cancelled
4323,904,2026-07-16 20:12:30.483036,Delivered
4324,458,2026-06-10 23:22:06.355296,Shipped
4325,655,2026-05-14 08:58:44.922865,Shipped
4326,244,2026-01-23 16:19:31.675941,Shipped
4327,108,2025-08-13 12:28:53.844513,Delivered
4328,419,2025-10-27 12:21:44.583171,Shipped
4329,133,2026-02-18 01:26:24.639574,Processing
4330,336,2025-11-28 10:07:55.417599,Processing
4331,71,2025-09-24 22:10:05.238391,Shipped
4332,886,2025-10-01 06:35:00.438105,Cancelled
4333,489,2026-02-27 03:36:33.090903,Processing
4334,269,2026-06-01 10:42:19.704364,Shipped
4335,802,2025-08-13 11:39:28.850998,Delivered
4336,293,2026-04-07 14:57:26.398542,Delivered
4337,187,2026-05-14 07:31:52.542509,Delivered
4338,676,2026-03-15 01:27:40.528788,Delivered
4339,836,2026-03-04 22:47:38.995496,Shipped
4340,279,2026-07-09 20:16:19.350981,Shipped
4341,756,2026-05-05 12:34:03.838438,Delivered
4342,268,2026-02-27 22:22:32.520768,Delivered
4343,541,2025-09-19 19:56:55.152659,Shipped
4344,316,2026-05-17 22:12:59.479466,Processing
4345,372,2025-12-19 22:16:18.616483,Processing
4346,165,2026-02-06 18:43:25.597401,Shipped
4347,374,2026-01-13 08:25:28.894492,Shipped
4348,318,2026-06-21 18:23:57.559522,Delivered
4349,304,2026-02-09 09:48:04.324590,Processing
4350,513,2026-01-27 21:24:01.630494,Processing
4351,198,2026-07-23 07:42:48.269287,Delivered
4352,683,2026-03-19 04:06:42.492648,Cancelled
4353,560,2026-03-31 10:51:52.372870,Processing
4354,137,2026-04-21 23:41:17.601285,Processing
4355,286,2025-11-22 18:21:05.827938,Cancelled
4356,140,2026-05-08 08:19:34.065157,Cancelled
4357,262,2026-02-21 03:25:24.676952,Shipped
4358,594,2025-08-28 02:34:55.198657,Cancelled
4359,627,2025-12-03 18:58:38.613030,Processing
4360,257,2025-10-29 16:14:27.042593,Processing
4361,345,2026-03-29 00:56:54.918349,Processing
4362,224,2026-07-28 18:04:49.492008,Processing
4363,664,2026-01-29 18:48:59.104790,Processing
4364,634,2025-10-18 01:44:07.457805,Delivered
4365,411,2026-07-30 23:07:21.853534,Processing
4366,59,2025-08-09 16:33:59.648317,Delivered
4367,683,2025-11-07 17:20:38.156888,Shipped
4368,864,2026-06-29 08:53:57.782831,Cancelled
4369,328,2026-01-27 23:23:54.892301,Shipped
4370,578,2026-03-25 06:28:05.131797,Cancelled
4371,951,2026-03-24 06:35:18.735082,Processing
4372,206,2025-11-09 22:05:42.939801,Processing
4373,293,2026-05-12 17:44:52.129234,Shipped
4374,22,2025-12-22 18:19:50.474108,Delivered
4375,133,2025-12-17 22:16:31.256488,Delivered
4376,226,2026-05-29 14:45:33.841457,Shipped
4377,491,2026-02-02 14:47:05.354791,Cancelled
4378,393,2025-09-12 07:18:28.572560,Delivered
4379,9,2025-12-23 06:59:58.411021,Delivered
4380,784,2025-08-02 21:52:21.545584,Cancelled
4381,356,2026-05-20 23:57:26.944726,Delivered
4382,661,2026-02-15 21:54:12.603263,Cancelled
4383,147,2025-12-12 21:25:53.078703,Delivered
4384,95,2025-12-05 00:13:09.801561,Delivered
4385,935,2026-04-28 19:30:40.564315,Delivered
4386,11,2025-09-05 04:17:52.092595,Delivered
4387,804,2026-06-20 15:06:18.038856,Shipped
4388,83,2025-09-15 09:28:18.442945,Cancelled
4389,505,2026-06-22 04:52:15.521759,Processing
4390,257,2026-01-29 06:02:54.483074,Delivered
4391,892,2025-10-01 07:32:35.670972,Delivered
4392,694,2025-11-13 15:18:59.812719,Delivered
4393,279,2026-05-30 02:47:52.395754,Cancelled
4394,405,2026-01-06 03:07:28.953869,Cancelled
4395,526,2025-12-17 18:17:16.524202,Cancelled
4396,579,2026-06-03 01:40:49.593089,Cancelled
4397,979,2026-05-17 03:48:47.001795,Processing
4398,142,2025-10-02 22:40:32.709414,Cancelled
4399,853,2026-02-06 05:01:25.080889,Delivered
4400,280,2026-03-11 07:00:25.292178,Shipped
4401,613,2026-05-23 03:16:44.898600,Shipped
4402,776,2025-12-16 16:58:05.762882,Delivered
4403,961,2026-02-04 05:07:14.928614,Delivered
4404,271,2026-03-11 13:35:42.560625,Cancelled
4405,282,2025-08-23 05:33:50.179521,Processing
4406,599,2025-12-31 08:51:36.159387,Processing
4407,954,2025-08-10 14:00:59.929719,Cancelled
4408,439,2026-07-28 05:41:59.938180,Cancelled
4409,246,2026-06-05 21:17:45.511121,Shipped
4410,417,2026-01-14 09:28:20.229465,Shipped
4411,135,2026-07-28 07:13:58.637931,Cancelled
4412,2,2025-10-17 23:45:17.146366,Delivered
4413,985,2026-07-19 23:37:23.837321,Shipped
4414,709,2026-02-13 17:11:44.603869,Shipped
4415,455,2026-06-12 20:52:45.541666,Delivered
4416,106,2026-03-24 03:49:34.448980,Delivered
4417,631,2026-01-20 03:53:21.336923,Cancelled
4418,144,2026-05-06 18:38:48.166814,Delivered
4419,758,2026-01-25 15:56:39.411465,Shipped
4420,480,2026-07-16 21:39:00.248748,Shipped
4421,696,2026-06-22 13:04:55.825742,Processing
4422,665,2026-02-12 13:33:14.523043,Delivered
4423,627,2026-06-18 17:49:00.808341,Delivered
4424,915,2025-12-12 02:38:02.845211,Processing
4425,22,2025-12-24 01:14:09.943875,Processing
4426,957,2025-12-28 21:08:16.964793,Processing
4427,674,2025-08-18 06:11:01.890463,Cancelled
4428,931,2026-06-29 15:09:58.703516,Processing
4429,326,2025-09-27 14:04:32.488474,Shipped
4430,343,2026-04-13 01:52:13.129468,Cancelled
4431,292,2026-02-15 18:59:21.856264,Processing
4432,109,2026-04-11 09:15:27.711802,Shipped
4433,72,2026-01-01 00:24:10.366036,Shipped
4434,468,2026-03-21 05:32:36.185880,Processing
4435,497,2025-08-01 23:42:08.413665,Shipped
4436,122,2026-03-28 09:02:56.602736,Shipped
4437,971,2026-01-14 13:43:08.436544,Delivered
4438,780,2025-12-19 09:15:21.011917,Delivered
4439,326,2026-05-16 14:33:56.744505,Cancelled
4440,929,2026-01-21 07:30:01.553289,Shipped
4441,271,2025-10-23 18:48:01.554775,Delivered
4442,959,2026-06-25 19:45:59.814083,Cancelled
4443,914,2026-07-26 02:26:42.060531,Processing
4444,237,2026-07-24 16:20:51.398058,Cancelled
4445,493,2026-04-15 17:15:39.410595,Cancelled
4446,430,2026-06-23 20:45:36.283074,Processing
4447,74,2025-09-29 23:26:25.179531,Delivered
4448,331,2026-07-06 03:19:18.387932,Shipped
4449,180,2026-06-03 04:36:02.674016,Shipped
4450,706,2025-12-12 09:47:43.264973,Shipped
4451,472,2025-09-04 12:57:33.446795,Shipped
4452,153,2025-10-16 14:56:44.216664,Delivered
4453,293,2026-04-18 05:10:52.623660,Delivered
4454,266,2025-08-08 02:46:12.710152,Cancelled
4455,54,2026-07-19 13:41:23.597739,Cancelled
4456,268,2025-08-08 20:04:05.670338,Delivered
4457,749,2026-01-16 12:52:03.515360,Delivered
4458,2,2026-06-11 08:23:52.221950,Cancelled
4459,448,2025-08-11 01:30:29.147394,Processing
4460,607,2026-06-01 07:38:18.819546,Cancelled
4461,458,2025-12-13 15:30:40.121893,Shipped
4462,573,2025-10-25 04:45:20.368204,Delivered
4463,742,2026-03-15 02:27:46.942949,Processing
4464,576,2026-01-13 03:55:06.774587,Delivered
4465,442,2026-06-04 17:00:55.867449,Processing
4466,385,2025-08-14 05:22:45.774642,Processing
4467,433,2025-11-11 18:13:59.853387,Processing
4468,208,2025-09-07 16:45:32.810628,Shipped
4469,650,2026-02-07 16:53:43.381006,Processing
4470,537,2026-03-09 01:44:33.791392,Cancelled
4471,931,2025-12-10 13:22:07.383295,Cancelled
4472,643,2025-09-27 10:33:31.997261,Processing
4473,611,2026-02-04 07:04:41.142040,Delivered
4474,712,2025-12-11 16:35:38.204237,Cancelled
4475,742,2025-11-09 01:34:41.581300,Cancelled
4476,956,2026-07-13 21:17:47.202089,Processing
4477,981,2026-03-06 09:24:39.916669,Processing
4478,756,2026-04-08 08:01:29.361975,Shipped
4479,764,2026-07-07 23:30:57.337273,Cancelled
4480,204,2026-02-27 21:45:35.626211,Shipped
4481,934,2025-11-29 10:10:49.563518,Delivered
4482,155,2026-06-24 23:45:04.401759,Processing
4483,275,2025-11-01 23:26:44.056255,Cancelled
4484,976,2025-11-06 06:30:56.255695,Delivered
4485,82,2026-05-25 17:25:24.037034,Processing
4486,349,2025-09-19 21:13:05.215801,Cancelled
4487,940,2025-11-06 18:05:35.438534,Shipped
4488,828,2026-06-27 12:36:54.227171,Shipped
4489,960,2026-03-01 16:43:17.994899,Cancelled
4490,488,2026-05-11 14:58:38.159619,Delivered
4491,352,2026-06-26 03:17:03.412431,Shipped
4492,13,2026-04-16 11:42:56.275923,Cancelled
4493,654,2026-04-19 16:28:29.562230,Processing
4494,199,2025-09-08 18:24:02.163664,Processing
4495,269,2025-10-04 19:26:49.694260,Shipped
4496,15,2026-05-20 23:57:52.898354,Cancelled
4497,137,2025-12-17 12:06:56.959239,Cancelled
4498,120,2025-08-24 18:18:09.814347,Processing
4499,287,2025-09-26 05:58:03.548774,Delivered
4500,583,2025-09-07 13:56:08.443146,Cancelled
4501,753,2026-03-28 19:01:16.956945,Delivered
4502,733,2026-07-15 00:22:24.503884,Delivered
4503,417,2025-09-26 04:18:28.485971,Processing
4504,94,2026-05-17 17:44:55.769091,Cancelled
4505,261,2026-03-18 00:21:03.871977,Cancelled
4506,66,2025-11-04 18:52:12.312513,Cancelled
4507,887,2026-02-06 20:24:39.342454,Cancelled
4508,240,2026-03-16 05:12:19.770542,Delivered
4509,954,2026-06-18 05:03:08.116891,Cancelled
4510,560,2025-08-07 18:32:27.275079,Shipped
4511,906,2026-05-03 03:07:18.955710,Cancelled
4512,800,2026-02-11 04:56:26.172493,Delivered
4513,110,2026-05-13 19:27:45.440376,Delivered
4514,269,2026-07-16 06:00:30.187643,Cancelled
4515,717,2026-05-12 02:00:11.597913,Delivered
4516,212,2025-08-24 01:11:30.010520,Shipped
4517,656,2025-10-22 12:41:43.019301,Processing
4518,900,2026-03-18 06:16:00.193846,Cancelled
4519,34,2025-08-04 08:49:28.400775,Delivered
4520,476,2026-06-25 09:42:58.008948,Cancelled
4521,157,2025-10-05 20:37:02.253837,Delivered
4522,38,2026-03-09 18:07:22.760076,Processing
4523,448,2026-07-23 04:43:21.687965,Delivered
4524,804,2025-12-21 21:52:39.827412,Shipped
4525,896,2025-12-13 17:09:19.775465,Delivered
4526,587,2026-02-26 05:03:39.220536,Shipped
4527,424,2025-12-23 20:55:29.342992,Delivered
4528,296,2026-04-03 18:38:36.819646,Delivered
4529,503,2025-09-19 05:12:59.221056,Cancelled
4530,709,2025-11-24 05:22:51.628701,Cancelled
4531,716,2025-11-09 20:29:37.867903,Delivered
4532,22,2026-04-21 22:02:51.495544,Shipped
4533,176,2025-12-10 09:35:22.721989,Processing
4534,377,2026-06-28 15:48:55.324978,Processing
4535,100,2026-01-01 17:36:02.904605,Shipped
4536,929,2026-01-04 07:43:27.007933,Cancelled
4537,273,2026-02-22 20:36:40.914155,Cancelled
4538,614,2025-10-07 01:50:10.302045,Shipped
4539,299,2025-10-17 14:40:40.753704,Delivered
4540,119,2026-07-24 10:58:18.477174,Delivered
4541,329,2025-09-29 02:56:06.536755,Delivered
4542,648,2026-07-11 05:29:06.317189,Shipped
4543,559,2026-03-04 07:05:29.900042,Processing
4544,463,2026-06-15 13:42:36.201653,Shipped
4545,845,2025-11-19 23:14:12.424633,Processing
4546,136,2025-12-17 14:53:31.407060,Shipped
4547,249,2026-06-03 04:16:52.221887,Processing
4548,186,2025-12-08 19:52:13.242182,Processing
4549,205,2025-08-30 00:28:12.324968,Cancelled
4550,610,2025-09-14 13:06:09.060076,Delivered
4551,386,2025-08-08 00:34:50.637364,Delivered
4552,521,2026-01-10 21:44:16.995332,Processing
4553,144,2025-08-04 20:52:40.860964,Delivered
4554,792,2025-11-13 13:02:03.135696,Delivered
4555,271,2025-08-07 17:51:42.369030,Delivered
4556,860,2026-05-25 13:29:12.193977,Cancelled
4557,585,2025-10-30 05:41:36.605838,Delivered
4558,18,2026-07-10 18:11:50.007771,Processing
4559,596,2026-06-24 14:06:34.779746,Shipped
4560,823,2026-07-21 08:37:02.983894,Processing
4561,999,2025-09-08 09:50:03.908282,Processing
4562,979,2025-09-07 05:32:37.119347,Cancelled
4563,738,2025-12-21 04:57:09.566433,Processing
4564,763,2026-06-18 11:04:24.702583,Delivered
4565,248,2025-10-19 02:18:10.463494,Delivered
4566,778,2026-01-25 05:32:44.680856,Shipped
4567,889,2025-11-25 00:58:32.090440,Processing
4568,775,2025-12-21 15:53:24.291582,Delivered
4569,869,2026-01-06 18:00:41.630276,Processing
4570,784,2025-08-18 23:11:48.897254,Cancelled
4571,54,2026-03-18 10:34:19.450535,Processing
4572,31,2025-09-16 05:37:24.292128,Shipped
4573,466,2026-01-10 01:46:33.215342,Cancelled
4574,647,2026-01-10 21:44:59.205539,Processing
4575,443,2026-06-05 21:18:36.759904,Processing
4576,953,2026-06-21 16:18:06.698866,Processing
4577,115,2026-07-03 10:45:29.533331,Processing
4578,270,2026-01-26 20:08:38.039158,Processing
4579,944,2026-02-26 05:31:35.728317,Processing
4580,683,2026-02-19 01:14:19.173397,Cancelled
4581,349,2025-08-25 17:36:39.832017,Processing
4582,393,2026-04-24 00:09:27.257034,Cancelled
4583,28,2025-08-14 23:44:55.752599,Delivered
4584,908,2026-04-02 11:22:42.083650,Cancelled
4585,586,2026-05-28 05:36:51.850993,Processing
4586,942,2026-02-11 21:30:22.256477,Delivered
4587,824,2026-03-02 02:26:53.666306,Cancelled
4588,343,2025-08-09 14:20:44.760864,Cancelled
4589,432,2025-12-06 03:11:57.150224,Cancelled
4590,308,2025-09-20 00:12:14.450703,Cancelled
4591,571,2026-07-13 15:16:54.992162,Cancelled
4592,283,2025-11-04 23:38:07.540302,Delivered
4593,71,2026-04-05 17:45:59.232235,Cancelled
4594,43,2026-06-21 20:26:24.438287,Cancelled
4595,659,2025-09-11 20:03:05.542806,Cancelled
4596,246,2025-12-09 10:01:31.961510,Processing
4597,672,2026-04-09 13:36:40.334761,Shipped
4598,683,2026-04-08 16:06:54.531716,Processing
4599,418,2025-08-10 15:44:12.099916,Processing
4600,342,2025-08-16 00:26:46.975601,Delivered
4601,248,2026-07-09 21:49:42.595217,Shipped
4602,160,2025-10-14 21:45:24.023803,Shipped
4603,500,2026-01-31 04:50:07.583017,Delivered
4604,618,2025-10-12 21:31:11.052942,Processing
4605,1000,2025-08-26 06:53:45.174757,Processing
4606,981,2025-11-19 14:15:19.940376,Cancelled
4607,417,2026-01-01 13:45:10.031324,Cancelled
4608,725,2026-07-20 05:29:37.186374,Delivered
4609,791,2026-05-16 03:58:40.878567,Delivered
4610,265,2026-07-10 09:49:59.069777,Processing
4611,657,2025-12-22 15:50:50.460547,Processing
4612,194,2026-07-11 08:58:58.386404,Cancelled
4613,934,2026-01-30 20:50:35.493469,Cancelled
4614,916,2026-04-07 23:33:15.300694,Cancelled
4615,312,2025-11-11 03:12:31.876289,Delivered
4616,618,2026-06-07 10:23:37.989868,Cancelled
4617,295,2026-05-03 15:16:54.480775,Shipped
4618,107,2025-12-15 11:56:01.416227,Delivered
4619,498,2025-11-24 22:10:02.407320,Processing
4620,518,2026-04-22 21:06:56.785148,Shipped
4621,915,2026-01-12 23:43:08.661226,Processing
4622,75,2025-12-20 21:59:28.425544,Cancelled
4623,362,2026-07-15 19:05:57.882828,Processing
4624,45,2025-11-03 04:07:20.485217,Delivered
4625,593,2026-03-12 23:13:25.686662,Cancelled
4626,50,2026-03-10 16:06:50.833384,Processing
4627,400,2026-06-17 03:35:16.111531,Shipped
4628,519,2026-02-22 14:41:10.254929,Processing
4629,471,2026-05-01 01:03:19.068238,Processing
4630,651,2025-09-04 17:10:35.498644,Shipped
4631,718,2025-11-25 19:45:56.650987,Processing
4632,967,2026-05-16 14:21:03.642488,Delivered
4633,148,2026-03-21 12:00:27.786208,Delivered
4634,544,2025-11-05 18:10:06.546683,Cancelled
4635,345,2026-01-19 20:15:41.301308,Processing
4636,756,2026-02-20 20:19:35.352274,Shipped
4637,328,2026-02-09 17:17:04.193902,Cancelled
4638,95,2026-03-17 07:55:18.749367,Delivered
4639,663,2026-07-27 11:35:20.466586,Cancelled
4640,587,2026-05-05 23:24:03.536632,Delivered
4641,942,2026-03-02 08:41:14.840905,Processing
4642,551,2026-03-14 05:11:52.806609,Shipped
4643,306,2026-05-22 18:36:12.753249,Delivered
4644,918,2026-03-11 21:26:53.509189,Processing
4645,144,2026-07-17 15:25:40.849828,Cancelled
4646,70,2025-12-11 15:09:36.800273,Shipped
4647,853,2026-02-02 04:37:00.034472,Delivered
4648,842,2026-01-23 10:31:28.175980,Shipped
4649,473,2026-07-04 04:28:18.829705,Cancelled
4650,337,2026-03-11 16:20:45.805459,Delivered
4651,160,2026-02-07 20:58:33.073287,Delivered
4652,273,2026-07-20 12:16:33.933506,Delivered
4653,462,2026-04-16 16:56:57.520878,Processing
4654,23,2025-08-25 04:12:52.837001,Cancelled
4655,663,2025-10-27 05:55:49.240928,Processing
4656,783,2026-07-09 21:35:38.461033,Processing
4657,843,2026-03-14 12:45:40.757418,Shipped
4658,344,2026-06-22 04:14:50.998749,Processing
4659,248,2025-12-26 14:35:15.388807,Cancelled
4660,299,2025-09-26 22:24:29.989987,Delivered
4661,510,2025-10-21 23:35:32.472030,Shipped
4662,970,2025-09-07 21:47:29.248151,Processing
4663,934,2026-05-01 21:47:29.806088,Cancelled
4664,292,2025-09-11 06:39:24.735284,Delivered
4665,416,2026-07-31 10:55:18.588389,Shipped
4666,41,2026-03-17 12:31:48.863610,Cancelled
4667,133,2026-01-03 16:45:50.655871,Delivered
4668,527,2026-02-15 01:42:42.699337,Processing
4669,598,2026-01-05 18:57:12.333310,Processing
4670,286,2025-09-13 18:03:30.657722,Delivered
4671,415,2026-06-17 18:21:40.384732,Processing
4672,32,2026-03-11 02:21:40.780817,Cancelled
4673,763,2026-06-03 02:32:13.168975,Cancelled
4674,88,2026-03-11 19:26:30.232977,Cancelled
4675,203,2025-08-07 22:49:34.374997,Shipped
4676,495,2026-06-11 02:30:48.490102,Processing
4677,753,2026-06-08 13:42:30.497193,Delivered
4678,638,2025-11-28 13:01:21.977038,Delivered
4679,19,2026-05-27 03:46:30.636207,Delivered
4680,142,2026-01-18 03:13:39.231769,Delivered
4681,157,2025-10-27 10:08:53.280347,Shipped
4682,8,2026-03-13 23:02:45.616621,Cancelled
4683,538,2026-01-23 11:19:01.486541,Shipped
4684,625,2025-11-01 02:28:15.574863,Processing
4685,517,2025-08-09 00:14:27.128395,Delivered
4686,371,2026-06-22 13:40:37.782048,Cancelled
4687,983,2026-04-29 02:54:35.513571,Shipped
4688,213,2025-09-09 15:39:04.750639,Processing
4689,701,2025-08-12 07:58:17.565444,Processing
4690,542,2026-07-25 21:35:46.840892,Shipped
4691,117,2026-06-02 21:04:24.134988,Shipped
4692,919,2026-06-17 11:28:26.126354,Delivered
4693,4,2026-05-10 14:57:26.529672,Processing
4694,524,2026-07-12 12:36:17.943232,Cancelled
4695,598,2026-07-19 10:16:20.387946,Delivered
4696,882,2026-01-15 04:59:16.539119,Shipped
4697,264,2026-08-01 09:52:38.863796,Processing
4698,132,2026-04-08 14:57:16.566280,Processing
4699,597,2025-12-04 17:56:25.102370,Processing
4700,259,2026-02-22 09:26:22.131916,Cancelled
4701,525,2026-03-22 14:37:10.543260,Processing
4702,701,2026-03-15 09:16:59.078233,Cancelled
4703,947,2026-03-19 19:36:15.964179,Shipped
4704,755,2026-05-02 10:14:02.006162,Processing
4705,216,2026-07-13 05:14:04.253417,Processing
4706,987,2026-01-25 05:24:18.227849,Cancelled
4707,319,2025-12-12 08:55:25.342545,Delivered
4708,958,2025-10-03 20:03:22.505566,Processing
4709,189,2025-09-08 00:28:40.654536,Delivered
4710,959,2026-02-20 17:33:14.737530,Cancelled
4711,530,2026-01-14 04:49:38.015692,Shipped
4712,150,2025-10-18 00:02:51.023394,Shipped
4713,509,2025-10-30 20:05:49.875506,Processing
4714,314,2026-01-01 18:31:54.899357,Cancelled
4715,734,2026-02-05 17:52:45.924283,Shipped
4716,684,2025-08-05 19:20:29.126772,Delivered
4717,106,2025-09-06 21:33:21.910219,Cancelled
4718,949,2025-10-26 18:25:32.870179,Delivered
4719,577,2026-06-01 08:22:39.016817,Cancelled
4720,143,2025-12-19 07:07:33.026392,Processing
4721,991,2026-05-20 02:25:42.842826,Delivered
4722,997,2025-08-21 19:13:28.492824,Processing
4723,171,2025-10-19 14:36:26.293643,Cancelled
4724,335,2025-11-16 18:00:27.055123,Processing
4725,612,2026-06-27 08:37:01.216513,Delivered
4726,231,2026-04-17 02:14:13.821099,Processing
4727,499,2025-10-21 00:55:23.020962,Shipped
4728,893,2026-05-02 01:12:02.667301,Shipped
4729,663,2026-07-19 22:00:47.840735,Processing
4730,238,2026-04-03 10:39:52.854891,Processing
4731,359,2025-12-03 16:00:38.750294,Shipped
4732,992,2025-08-07 02:42:31.251207,Shipped
4733,607,2026-01-12 05:42:46.171089,Processing
4734,827,2026-05-27 11:26:13.974186,Cancelled
4735,683,2025-09-18 09:29:24.649050,Cancelled
4736,344,2026-06-14 17:59:16.071781,Shipped
4737,91,2025-12-05 10:48:40.406087,Cancelled
4738,139,2025-10-01 02:20:06.938487,Processing
4739,883,2026-04-01 12:42:28.021328,Delivered
4740,641,2026-03-21 17:29:06.618848,Delivered
4741,158,2025-09-24 05:35:27.182425,Delivered
4742,49,2026-07-13 13:05:57.921150,Delivered
4743,19,2026-07-30 11:36:43.586167,Delivered
4744,236,2025-12-27 21:48:21.023549,Delivered
4745,393,2025-12-07 16:15:11.349165,Shipped
4746,826,2026-07-16 10:31:27.674433,Delivered
4747,365,2026-03-12 21:08:07.893110,Shipped
4748,683,2025-12-09 03:03:50.493235,Cancelled
4749,567,2025-11-04 19:15:49.946434,Processing
4750,205,2025-12-15 19:45:33.779228,Delivered
4751,314,2026-02-15 05:39:54.929789,Shipped
4752,714,2026-07-07 09:01:55.758193,Processing
4753,262,2025-10-25 23:34:56.687633,Delivered
4754,834,2026-05-26 04:38:46.681207,Delivered
4755,468,2025-12-26 06:01:45.553802,Cancelled
4756,445,2026-06-05 18:01:13.416835,Cancelled
4757,72,2026-03-08 23:59:18.799047,Cancelled
4758,703,2026-03-12 11:51:45.331326,Delivered
4759,102,2026-04-18 18:15:58.429780,Cancelled
4760,99,2026-05-11 01:25:57.633969,Cancelled
4761,698,2025-12-25 09:09:51.622063,Processing
4762,369,2025-09-14 12:13:47.238520,Delivered
4763,163,2025-11-18 18:09:44.823011,Delivered
4764,76,2026-01-27 05:25:36.332386,Delivered
4765,155,2026-05-11 01:49:06.377984,Processing
4766,470,2026-03-29 00:14:35.118244,Processing
4767,481,2025-11-28 02:30:38.894747,Shipped
4768,414,2025-12-19 14:56:27.304401,Delivered
4769,729,2025-12-22 08:21:06.658626,Shipped
4770,876,2025-08-10 04:50:01.941076,Shipped
4771,384,2026-02-19 21:58:17.568580,Cancelled
4772,477,2025-10-26 14:49:02.124792,Cancelled
4773,74,2026-04-17 06:31:50.414468,Delivered
4774,477,2025-08-15 19:20:56.274086,Delivered
4775,926,2025-08-05 16:47:43.596967,Cancelled
4776,349,2026-02-01 12:39:52.422140,Delivered
4777,44,2026-04-29 18:01:18.511574,Processing
4778,718,2025-10-27 03:37:25.668638,Cancelled
4779,296,2026-07-13 10:31:52.352956,Cancelled
4780,143,2025-12-24 05:42:41.230601,Processing
4781,566,2026-03-22 12:17:07.338685,Shipped
4782,125,2026-05-23 17:33:24.718377,Shipped
4783,91,2025-10-11 15:39:24.485722,Processing
4784,475,2025-11-28 16:09:31.420066,Cancelled
4785,602,2026-07-20 20:09:49.780171,Delivered
4786,901,2026-04-16 15:57:10.182847,Processing
4787,328,2025-11-27 10:26:38.178046,Cancelled
4788,394,2025-12-21 10:48:01.835608,Cancelled
4789,771,2025-12-13 14:27:46.695928,Delivered
4790,103,2026-06-21 08:05:31.412670,Delivered
4791,752,2025-10-18 06:42:20.271293,Delivered
4792,241,2026-04-06 08:02:04.983644,Processing
4793,583,2026-06-21 12:09:42.892688,Shipped
4794,87,2026-06-22 16:18:45.521218,Processing
4795,128,2025-08-07 12:19:02.540833,Delivered
4796,788,2026-04-05 15:40:12.758957,Shipped
4797,834,2026-01-06 01:40:22.389463,Delivered
4798,390,2026-04-01 05:11:42.918781,Shipped
4799,274,2026-07-13 01:33:53.077532,Processing
4800,906,2026-01-05 10:19:54.780850,Processing
4801,661,2026-07-21 14:42:28.815605,Shipped
4802,279,2025-12-14 20:34:47.907303,Processing
4803,518,2026-07-01 19:56:22.729876,Delivered
4804,952,2026-03-13 18:35:46.442715,Shipped
4805,450,2025-09-04 23:53:23.475933,Delivered
4806,324,2025-10-16 10:35:58.011760,Shipped
4807,205,2026-01-19 12:14:34.709400,Delivered
4808,585,2025-08-24 16:07:55.337566,Processing
4809,42,2025-09-28 02:01:06.860535,Delivered
4810,79,2026-06-07 15:39:53.483364,Delivered
4811,643,2026-06-14 20:45:38.872422,Processing
4812,814,2025-12-22 02:21:40.011170,Processing
4813,290,2025-08-03 12:08:19.785707,Cancelled
4814,368,2026-01-27 20:52:38.550278,Processing
4815,150,2025-09-03 12:44:24.675080,Shipped
4816,123,2026-05-14 21:10:47.062116,Cancelled
4817,131,2026-06-27 01:46:59.903947,Delivered
4818,322,2026-05-16 09:13:05.571010,Shipped
4819,914,2026-06-18 07:30:47.742238,Processing
4820,391,2025-10-27 00:12:51.931505,Shipped
4821,593,2026-07-30 07:59:35.519016,Processing
4822,705,2025-11-12 20:59:08.111408,Delivered
4823,886,2026-05-27 16:39:03.646761,Processing
4824,810,2026-06-02 09:55:02.928995,Cancelled
4825,754,2026-04-22 06:16:05.190240,Cancelled
4826,54,2026-05-31 09:05:58.911322,Shipped
4827,21,2026-05-22 20:34:04.713270,Delivered
4828,622,2025-12-01 04:53:08.130187,Shipped
4829,840,2025-11-07 07:02:07.997449,Delivered
4830,351,2026-01-02 18:53:42.447813,Shipped
4831,881,2025-11-24 22:01:07.468575,Processing
4832,469,2026-03-03 04:03:39.662637,Delivered
4833,309,2026-05-03 00:13:18.007448,Delivered
4834,649,2026-06-05 01:56:59.685107,Cancelled
4835,351,2026-01-10 06:56:38.538669,Cancelled
4836,651,2026-05-25 01:17:27.585443,Processing
4837,68,2026-01-04 17:33:44.111711,Shipped
4838,342,2025-10-25 04:31:48.370368,Cancelled
4839,359,2026-07-22 15:33:48.329616,Processing
4840,812,2025-10-27 09:08:37.153788,Shipped
4841,205,2026-04-22 00:52:27.883502,Processing
4842,895,2026-02-04 05:34:29.449516,Processing
4843,991,2026-04-20 14:02:05.957853,Cancelled
4844,564,2026-02-19 04:50:06.221176,Cancelled
4845,929,2026-07-26 00:13:12.401071,Cancelled
4846,675,2026-03-24 16:58:18.628627,Cancelled
4847,998,2025-12-16 19:31:12.586902,Delivered
4848,659,2025-10-06 18:49:06.957929,Cancelled
4849,561,2026-05-11 17:13:24.485315,Processing
4850,450,2026-06-17 18:50:17.024823,Processing
4851,478,2026-03-23 23:48:13.632403,Processing
4852,731,2026-07-08 03:06:41.474126,Cancelled
4853,232,2026-07-25 00:17:21.991831,Cancelled
4854,198,2025-08-01 20:39:40.395409,Cancelled
4855,940,2025-09-17 04:50:57.748432,Cancelled
4856,607,2025-08-21 19:35:54.219434,Shipped
4857,159,2026-06-21 05:55:53.141592,Cancelled
4858,895,2026-04-29 06:30:31.954829,Cancelled
4859,958,2025-12-17 13:41:49.996007,Cancelled
4860,417,2026-05-23 09:09:01.859639,Processing
4861,75,2026-01-31 04:57:43.051448,Cancelled
4862,74,2026-02-18 08:54:50.330712,Processing
4863,722,2026-01-04 01:46:23.586390,Cancelled
4864,679,2025-10-25 07:38:19.091917,Delivered
4865,168,2026-07-29 08:58:17.691660,Delivered
4866,708,2026-02-27 19:50:05.178362,Cancelled
4867,62,2026-04-19 22:16:51.898017,Processing
4868,381,2025-10-20 23:35:18.218058,Delivered
4869,360,2026-07-23 15:35:05.344804,Shipped
4870,748,2025-11-01 08:01:38.243034,Delivered
4871,830,2026-05-26 00:25:05.626728,Cancelled
4872,117,2025-11-13 19:57:08.191385,Processing
4873,594,2025-11-19 18:24:21.529887,Delivered
4874,66,2025-10-27 23:49:43.225033,Cancelled
4875,179,2026-04-17 21:59:58.734348,Shipped
4876,753,2025-11-29 19:27:21.197255,Shipped
4877,376,2026-03-27 04:46:05.006804,Processing
4878,711,2026-06-27 18:24:34.445577,Shipped
4879,487,2025-09-07 17:14:51.367669,Delivered
4880,739,2026-06-29 01:22:34.448381,Shipped
4881,134,2026-06-10 12:31:54.439537,Shipped
4882,327,2025-08-27 18:14:46.355409,Processing
4883,770,2026-01-15 13:01:06.936201,Shipped
4884,206,2025-08-23 10:49:29.929467,Cancelled
4885,102,2026-04-17 13:14:13.248364,Processing
4886,274,2025-08-25 01:33:47.138367,Cancelled
4887,126,2025-11-23 14:08:45.675417,Shipped
4888,127,2025-10-15 00:59:57.672111,Cancelled
4889,591,2025-12-01 20:48:38.816313,Cancelled
4890,313,2026-05-05 14:38:30.883335,Shipped
4891,50,2025-09-19 08:23:11.455279,Cancelled
4892,902,2025-08-17 04:14:09.554211,Cancelled
4893,257,2026-01-15 19:33:46.647113,Cancelled
4894,868,2025-09-23 07:52:44.533356,Delivered
4895,568,2025-10-11 03:45:46.960124,Shipped
4896,832,2025-09-23 00:25:38.779979,Cancelled
4897,582,2026-04-28 15:11:35.756891,Cancelled
4898,321,2025-12-31 11:29:18.462531,Shipped
4899,977,2026-06-22 01:35:29.170529,Delivered
4900,501,2025-09-15 18:28:50.443767,Shipped
4901,399,2026-05-15 19:14:28.248024,Shipped
4902,49,2025-11-02 21:55:42.036931,Cancelled
4903,682,2025-08-05 05:04:53.093182,Cancelled
4904,867,2026-05-03 10:14:42.965762,Processing
4905,212,2025-12-23 04:56:29.315419,Cancelled
4906,112,2025-12-25 15:52:34.176747,Processing
4907,738,2025-09-08 13:30:52.076225,Cancelled
4908,408,2025-11-04 08:14:09.330000,Processing
4909,578,2026-01-30 11:42:51.003330,Shipped
4910,462,2026-04-07 18:14:18.592850,Delivered
4911,840,2026-02-08 00:57:19.593495,Shipped
4912,918,2026-07-25 13:54:21.239296,Processing
4913,718,2026-01-12 14:46:47.493723,Shipped
4914,72,2026-06-06 11:00:32.796544,Cancelled
4915,526,2025-09-10 21:23:52.987328,Shipped
4916,763,2025-10-23 23:08:53.976271,Cancelled
4917,913,2025-12-17 02:26:58.548638,Delivered
4918,561,2026-06-04 13:24:02.864274,Delivered
4919,945,2026-04-20 07:33:41.522089,Cancelled
4920,723,2026-03-12 18:19:45.949020,Shipped
4921,372,2026-04-07 00:49:51.063294,Shipped
4922,976,2026-05-28 14:52:18.482015,Cancelled
4923,360,2025-11-12 04:33:31.883441,Shipped
4924,40,2026-06-16 06:49:25.657625,Shipped
4925,81,2025-12-29 23:39:49.027432,Delivered
4926,599,2025-08-30 09:27:28.922324,Delivered
4927,118,2025-09-17 20:29:37.988765,Delivered
4928,746,2026-05-27 12:37:57.184016,Processing
4929,777,2026-01-13 15:40:25.400990,Delivered
4930,364,2025-11-24 20:11:12.982823,Shipped
4931,801,2025-08-23 19:56:27.099610,Processing
4932,782,2025-10-05 03:48:28.356603,Shipped
4933,47,2026-01-16 18:23:15.281474,Cancelled
4934,566,2026-06-18 11:43:20.409248,Processing
4935,972,2026-05-27 09:41:51.181243,Shipped
4936,335,2026-05-22 21:24:35.141610,Delivered
4937,429,2025-12-17 18:12:19.395418,Shipped
4938,18,2025-09-12 17:16:02.648773,Cancelled
4939,362,2026-07-26 16:52:18.378573,Delivered
4940,611,2026-03-03 02:21:56.172795,Delivered
4941,774,2026-01-26 07:35:23.332240,Processing
4942,33,2025-09-15 04:27:14.654060,Processing
4943,779,2026-06-13 06:11:54.235932,Shipped
4944,490,2026-07-15 21:18:16.939920,Delivered
4945,899,2026-03-01 20:43:18.180880,Shipped
4946,101,2025-09-02 03:21:02.057439,Cancelled
4947,482,2026-04-15 06:15:51.153613,Cancelled
4948,161,2026-07-02 15:00:29.980495,Shipped
4949,157,2026-06-13 00:09:09.415957,Delivered
4950,396,2026-05-26 23:07:36.238431,Shipped
4951,614,2025-09-13 23:25:36.958377,Processing
4952,673,2026-07-03 07:24:11.622209,Processing
4953,603,2026-01-31 21:36:20.908092,Shipped
4954,347,2026-03-06 03:47:12.144772,Delivered
4955,520,2025-11-11 02:08:48.165802,Delivered
4956,766,2026-05-15 23:02:31.452805,Cancelled
4957,67,2025-11-20 21:40:48.614032,Delivered
4958,55,2026-03-11 02:36:27.682569,Processing
4959,789,2025-11-20 21:28:34.445939,Cancelled
4960,508,2025-12-06 02:39:39.663154,Cancelled
4961,784,2026-03-31 07:25:24.486414,Processing
4962,189,2026-03-27 13:25:19.348711,Shipped
4963,301,2025-11-16 21:35:57.814408,Delivered
4964,962,2026-02-11 12:12:39.526830,Cancelled
4965,492,2025-08-17 16:17:13.534922,Delivered
4966,17,2026-07-10 08:50:26.679442,Processing
4967,870,2025-12-17 00:51:00.906297,Shipped
4968,597,2026-02-25 18:32:35.836462,Shipped
4969,292,2025-11-18 02:23:47.365610,Cancelled
4970,922,2025-08-24 22:33:38.698518,Processing
4971,956,2025-12-11 07:38:50.862503,Delivered
4972,440,2025-10-05 04:52:41.621273,Delivered
4973,491,2026-07-28 13:56:15.162726,Processing
4974,309,2026-01-07 01:43:32.155174,Shipped
4975,465,2025-12-28 05:30:06.438677,Cancelled
4976,115,2025-10-06 13:28:54.662588,Shipped
4977,346,2026-01-15 16:26:12.252304,Processing
4978,481,2025-09-24 14:30:11.760595,Shipped
4979,99,2025-12-20 23:19:17.564727,Shipped
4980,697,2026-07-30 07:08:44.010222,Cancelled
4981,7,2025-10-26 10:21:28.699260,Delivered
4982,242,2025-10-31 02:53:17.539874,Shipped
4983,770,2026-05-05 05:20:47.802324,Cancelled
4984,627,2025-09-30 19:38:02.109996,Cancelled
4985,553,2025-12-12 15:43:34.920055,Delivered
4986,355,2025-12-01 02:52:31.679588,Processing
4987,212,2026-06-22 00:20:47.225578,Delivered
4988,893,2026-01-03 17:33:29.737504,Delivered
4989,992,2025-10-24 15:10:35.772470,Cancelled
4990,942,2025-08-13 09:40:51.396222,Delivered
4991,989,2025-12-28 08:11:16.395231,Processing
4992,929,2025-08-14 10:56:50.863760,Processing
4993,995,2026-05-15 20:04:14.672536,Processing
4994,205,2026-05-14 00:06:56.395997,Delivered
4995,632,2026-07-03 03:13:04.589267,Processing
4996,382,2026-03-24 13:46:47.630608,Shipped
4997,242,2026-01-20 12:45:00.516084,Delivered
4998,389,2025-08-11 21:01:11.116588,Shipped
4999,387,2026-07-24 20:38:46.301569,Processing
5000,915,2025-12-16 00:50:45.467416,Cancelled
