order_item_id,order_id,product_id,quantity,unit_price
1,1,12,3,2203.19
2,1,28,3,1944.42
3,1,39,1,1007.34
4,1,24,1,995.09
5,2,11,1,664.17
6,2,9,3,615.62
7,2,35,1,1308.17
8,3,11,2,664.17
9,3,38,1,1595.02
10,3,14,1,2467.06
11,3,33,2,1331.91
12,3,32,3,31.92
13,4,14,2,2467.06
14,5,30,3,1422.18
15,5,28,1,1944.42
16,5,23,1,556.61
17,5,9,1,615.62
18,5,2,3,1179.75
19,6,28,1,1944.42
20,6,30,3,1422.18
21,7,11,3,664.17
22,7,4,2,2029.54
23,8,17,3,2384.83
24,8,28,3,1944.42
25,8,15,3,118.33
26,8,1,3,2433.7
27,9,38,2,1595.02
28,10,33,3,1331.91
29,10,16,2,1223.3
30,11,8,2,1311.65
31,11,15,3,118.33
32,11,30,2,1422.18
33,12,30,3,1422.18
34,12,5,2,1174.24
35,12,9,2,615.62
36,12,11,1,664.17
37,12,33,2,1331.91
38,13,33,1,1331.91
39,13,8,3,1311.65
40,13,4,1,2029.54
41,14,5,3,1174.24
42,14,10,2,482.47
43,14,38,1,1595.02
44,15,31,1,1716.1
45,16,27,3,285.56
46,16,10,3,482.47
47,16,29,3,2411.43
48,16,35,3,1308.17
49,17,17,3,2384.83
50,17,13,1,2446.23
51,17,36,3,87.7
52,17,20,2,364.82
53,17,21,3,1211.35
54,18,19,1,592.91
55,18,13,2,2446.23
56,18,31,1,1716.1
57,18,5,3,1174.24
58,19,10,2,482.47
59,19,40,1,469.27
60,19,34,3,90.62
61,19,30,1,1422.18
62,19,4,3,2029.54
63,20,4,3,2029.54
64,20,36,2,87.7
65,20,23,1,556.61
66,20,20,3,364.82
67,21,29,1,2411.43
68,21,18,3,732.4
69,21,3,1,2060.53
70,22,27,2,285.56
71,22,26,2,2411.16
72,22,31,1,1716.1
73,22,6,3,2402.91
74,23,8,1,1311.65
75,24,28,3,1944.42
76,25,14,2,2467.06
77,25,22,2,2088.57
78,25,31,1,1716.1
79,26,9,3,615.62
80,26,12,1,2203.19
81,26,36,1,87.7
82,26,28,2,1944.42
83,27,3,2,2060.53
84,28,28,2,1944.42
85,28,35,2,1308.17
86,28,40,3,469.27
87,28,4,2,2029.54
88,28,9,3,615.62
89,29,39,2,1007.34
90,29,38,2,1595.02
91,29,9,1,615.62
92,30,30,2,1422.18
93,30,6,1,2402.91
94,31,16,1,1223.3
95,32,32,2,31.92
96,32,19,3,592.91
97,32,8,3,1311.65
98,32,9,2,615.62
99,32,22,2,2088.57
100,33,20,2,364.82
101,33,27,2,285.56
102,34,31,1,1716.1
103,34,34,3,90.62
104,34,38,3,1595.02
105,35,21,2,1211.35
106,35,26,2,2411.16
107,35,32,1,31.92
108,36,6,3,2402.91
109,36,32,1,31.92
110,37,14,2,2467.06
111,38,36,2,87.7
112,38,6,2,2402.91
113,38,26,3,2411.16
114,38,16,2,1223.3
115,39,4,2,2029.54
116,39,15,2,118.33
117,39,7,1,1335.9
118,39,27,2,285.56
119,39,40,3,469.27
120,40,21,2,1211.35
121,41,16,2,1223.3
122,41,33,1,1331.91
123,41,11,1,664.17
124,41,27,1,285.56
125,42,2,3,1179.75
126,43,21,1,1211.35
127,43,10,2,482.47
128,43,39,3,1007.34
129,43,33,3,1331.91
130,43,20,3,364.82
131,44,23,2,556.61
132,44,36,3,87.7
133,44,3,3,2060.53
134,44,29,2,2411.43
135,45,24,3,995.09
136,45,5,1,1174.24
137,45,40,1,469.27
138,45,4,2,2029.54
139,46,19,3,592.91
140,46,2,1,1179.75
141,47,40,3,469.27
142,47,3,3,2060.53
143,47,18,3,732.4
144,47,16,1,1223.3
145,48,21,2,1211.35
146,48,30,3,1422.18
147,48,29,1,2411.43
148,48,35,2,1308.17
149,49,13,1,2446.23
150,49,39,3,1007.34
151,49,24,3,995.09
152,49,23,3,556.61
153,50,14,3,2467.06
154,50,22,1,2088.57
155,50,1,2,2433.7
156,50,33,2,1331.91
157,51,21,2,1211.35
158,51,10,2,482.47
159,51,12,1,2203.19
160,52,13,2,2446.23
161,52,32,2,31.92
162,52,31,1,1716.1
163,53,36,3,87.7
164,54,28,1,1944.42
165,54,2,2,1179.75
166,54,9,2,615.62
167,54,15,2,118.33
168,54,8,3,1311.65
169,55,26,1,2411.16
170,56,17,3,2384.83
171,56,35,1,1308.17
172,57,36,1,87.7
173,57,19,3,592.91
174,58,1,3,2433.7
175,59,37,3,933.72
176,59,1,1,2433.7
177,59,38,2,1595.02
178,59,27,1,285.56
179,59,10,1,482.47
180,60,25,1,871.54
181,60,30,3,1422.18
182,61,24,3,995.09
183,61,23,2,556.61
184,61,30,2,1422.18
185,62,25,3,871.54
186,62,38,1,1595.02
187,62,23,3,556.61
188,63,26,3,2411.16
189,64,12,1,2203.19
190,64,14,1,2467.06
191,64,27,1,285.56
192,65,14,3,2467.06
193,66,25,2,871.54
194,66,22,3,2088.57
195,67,13,2,2446.23
196,67,9,1,615.62
197,67,2,3,1179.75
198,67,29,2,2411.43
199,68,33,2,1331.91
200,68,32,1,31.92
201,68,21,1,1211.35
202,68,7,2,1335.9
203,69,20,3,364.82
204,69,12,3,2203.19
205,70,39,3,1007.34
206,70,35,3,1308.17
207,70,18,2,732.4
208,71,18,3,732.4
209,72,6,3,2402.91
210,72,5,3,1174.24
211,72,23,1,556.61
212,72,19,2,592.91
213,73,1,3,2433.7
214,73,26,2,2411.16
215,73,3,1,2060.53
216,73,12,3,2203.19
217,74,33,3,1331.91
218,74,9,3,615.62
219,74,7,1,1335.9
220,74,36,1,87.7
221,75,29,1,2411.43
222,75,6,2,2402.91
223,75,38,3,1595.02
224,75,10,1,482.47
225,75,12,1,2203.19
226,76,9,2,615.62
227,76,30,2,1422.18
228,76,23,1,556.61
229,77,10,1,482.47
230,77,12,1,2203.19
231,77,29,1,2411.43
232,78,26,1,2411.16
233,79,26,3,2411.16
234,79,4,1,2029.54
235,79,16,1,1223.3
236,79,18,2,732.4
237,80,6,2,2402.91
238,80,9,2,615.62
239,80,27,3,285.56
240,81,35,3,1308.17
241,82,2,2,1179.75
242,82,33,3,1331.91
243,82,12,1,2203.19
244,82,19,2,592.91
245,83,16,2,1223.3
246,83,35,1,1308.17
247,84,39,1,1007.34
248,84,8,1,1311.65
249,84,25,2,871.54
250,84,26,2,2411.16
251,84,7,2,1335.9
252,85,25,2,871.54
253,85,21,2,1211.35
254,85,22,3,2088.57
255,86,10,2,482.47
256,86,37,1,933.72
257,86,32,3,31.92
258,87,24,3,995.09
259,87,23,2,556.61
260,87,39,3,1007.34
261,87,5,3,1174.24
262,87,30,1,1422.18
263,88,13,1,2446.23
264,88,8,2,1311.65
265,88,18,2,732.4
266,89,33,3,1331.91
267,89,18,3,732.4
268,89,8,2,1311.65
269,90,16,2,1223.3
270,90,40,3,469.27
271,90,22,3,2088.57
272,90,31,2,1716.1
273,90,2,3,1179.75
274,91,19,1,592.91
275,91,35,1,1308.17
276,91,12,2,2203.19
277,91,25,3,871.54
278,92,38,2,1595.02
279,92,5,2,1174.24
280,92,9,2,615.62
281,92,2,3,1179.75
282,93,19,3,592.91
283,93,29,3,2411.43
284,93,38,2,1595.02
285,94,10,3,482.47
286,94,21,3,1211.35
287,95,28,2,1944.42
288,95,26,3,2411.16
289,95,22,3,2088.57
290,95,15,3,118.33
291,95,23,2,556.61
292,96,26,1,2411.16
293,97,22,2,2088.57
294,97,23,2,556.61
295,97,27,3,285.56
296,97,19,2,592.91
297,97,31,3,1716.1
298,98,18,2,732.4
299,98,7,1,1335.9
300,99,6,1,2402.91
301,100,33,1,1331.91
302,100,36,1,87.7
303,100,14,3,2467.06
304,100,22,3,2088.57
305,101,33,2,1331.91
306,101,31,2,1716.1
307,102,31,3,1716.1
308,102,28,3,1944.42
309,102,17,1,2384.83
310,102,2,2,1179.75
311,102,36,1,87.7
312,103,15,1,118.33
313,104,8,3,1311.65
314,104,15,1,118.33
315,104,22,1,2088.57
316,105,4,2,2029.54
317,105,10,3,482.47
318,106,10,3,482.47
319,107,30,1,1422.18
320,107,20,2,364.82
321,108,17,1,2384.83
322,108,27,2,285.56
323,108,18,3,732.4
324,108,23,2,556.61
325,109,34,3,90.62
326,110,22,2,2088.57
327,110,23,3,556.61
328,111,32,3,31.92
329,111,37,1,933.72
330,111,1,2,2433.7
331,112,38,3,1595.02
332,112,39,3,1007.34
333,113,25,3,871.54
334,113,5,1,1174.24
335,113,8,1,1311.65
336,114,2,3,1179.75
337,115,20,3,364.82
338,115,12,2,2203.19
339,115,4,2,2029.54
340,115,8,3,1311.65
341,116,15,2,118.33
342,117,35,2,1308.17
343,118,28,3,1944.42
344,118,17,3,2384.83
345,119,15,3,118.33
346,119,23,2,556.61
347,119,18,1,732.4
348,119,17,3,2384.83
349,120,37,1,933.72
350,120,6,3,2402.91
351,120,39,3,1007.34
352,120,5,2,1174.24
353,121,11,2,664.17
354,121,5,3,1174.24
355,121,29,3,2411.43
356,122,20,2,364.82
357,122,6,2,2402.91
358,123,14,1,2467.06
359,123,13,1,2446.23
360,123,15,3,118.33
361,124,16,2,1223.3
362,124,12,2,2203.19
363,124,9,1,615.62
364,124,5,1,1174.24
365,124,13,2,2446.23
366,125,10,3,482.47
367,125,14,2,2467.06
368,125,19,3,592.91
369,125,32,2,31.92
370,126,8,2,1311.65
371,126,25,1,871.54
372,126,15,1,118.33
373,127,29,1,2411.43
374,128,5,1,1174.24
375,128,34,1,90.62
376,128,36,2,87.7
377,129,18,3,732.4
378,130,12,3,2203.19
379,130,25,3,871.54
380,130,10,1,482.47
381,130,39,3,1007.34
382,131,4,2,2029.54
383,131,29,1,2411.43
384,131,8,3,1311.65
385,132,27,2,285.56
386,132,7,2,1335.9
387,132,34,2,90.62
388,132,10,1,482.47
389,133,9,1,615.62
390,133,10,2,482.47
391,133,36,3,87.7
392,134,12,2,2203.19
393,134,27,1,285.56
394,134,24,2,995.09
395,134,23,1,556.61
396,135,2,3,1179.75
397,135,14,3,2467.06
398,135,4,1,2029.54
399,136,19,2,592.91
400,136,23,1,556.61
401,136,10,3,482.47
402,136,24,3,995.09
403,136,30,1,1422.18
404,137,20,2,364.82
405,137,17,2,2384.83
406,137,4,3,2029.54
407,138,35,2,1308.17
408,138,16,3,1223.3
409,138,7,2,1335.9
410,138,29,1,2411.43
411,139,37,3,933.72
412,139,32,2,31.92
413,139,39,1,1007.34
414,139,18,1,732.4
415,140,8,3,1311.65
416,140,37,3,933.72
417,141,6,2,2402.91
418,141,40,1,469.27
419,142,31,2,1716.1
420,142,7,1,1335.9
421,142,34,3,90.62
422,143,12,2,2203.19
423,143,20,2,364.82
424,144,9,2,615.62
425,144,17,2,2384.83
426,144,14,3,2467.06
427,144,24,3,995.09
428,144,34,2,90.62
429,145,27,1,285.56
430,145,21,3,1211.35
431,145,39,1,1007.34
432,146,33,3,1331.91
433,146,7,2,1335.9
434,146,13,3,2446.23
435,146,37,2,933.72
436,147,29,3,2411.43
437,147,5,2,1174.24
438,148,3,3,2060.53
439,148,29,3,2411.43
440,148,21,3,1211.35
441,148,15,3,118.33
442,149,1,2,2433.7
443,149,35,1,1308.17
444,149,36,2,87.7
445,149,11,3,664.17
446,150,38,1,1595.02
447,150,4,1,2029.54
448,150,8,1,1311.65
449,151,3,3,2060.53
450,151,5,1,1174.24
451,151,36,3,87.7
452,151,32,2,31.92
453,151,1,1,2433.7
454,152,20,1,364.82
455,152,11,2,664.17
456,152,32,3,31.92
457,152,40,2,469.27
458,152,33,3,1331.91
459,153,11,2,664.17
460,153,18,1,732.4
461,153,13,3,2446.23
462,153,4,1,2029.54
463,153,8,3,1311.65
464,154,11,3,664.17
465,154,9,2,615.62
466,154,34,2,90.62
467,155,34,2,90.62
468,155,5,2,1174.24
469,155,13,3,2446.23
470,155,38,2,1595.02
471,155,23,1,556.61
472,156,9,1,615.62
473,157,16,2,1223.3
474,157,39,1,1007.34
475,157,18,1,732.4
476,157,28,1,1944.42
477,157,15,2,118.33
478,158,13,3,2446.23
479,158,35,1,1308.17
480,158,3,3,2060.53
481,158,24,2,995.09
482,159,2,3,1179.75
483,160,5,1,1174.24
484,161,34,1,90.62
485,161,31,2,1716.1
486,161,24,2,995.09
487,162,34,3,90.62
488,162,2,1,1179.75
489,162,11,3,664.17
490,163,4,2,2029.54
491,164,20,2,364.82
492,164,13,1,2446.23
493,164,1,1,2433.7
494,164,3,3,2060.53
495,165,16,3,1223.3
496,165,11,2,664.17
497,165,2,1,1179.75
498,165,7,2,1335.9
499,166,32,2,31.92
500,166,7,2,1335.9
501,167,11,3,664.17
502,168,34,1,90.62
503,168,32,3,31.92
504,168,35,2,1308.17
505,169,12,2,2203.19
506,169,24,1,995.09
507,169,35,1,1308.17
508,169,33,3,1331.91
509,169,16,3,1223.3
510,170,5,2,1174.24
511,170,33,1,1331.91
512,170,29,1,2411.43
513,170,36,1,87.7
514,171,27,1,285.56
515,171,9,2,615.62
516,172,32,1,31.92
517,173,16,2,1223.3
518,173,19,3,592.91
519,174,28,2,1944.42
520,174,31,2,1716.1
521,175,5,2,1174.24
522,176,11,3,664.17
523,176,4,2,2029.54
524,176,10,1,482.47
525,177,18,2,732.4
526,178,4,3,2029.54
527,178,10,1,482.47
528,178,12,1,2203.19
529,179,38,1,1595.02
530,179,10,3,482.47
531,179,16,1,1223.3
532,179,40,1,469.27
533,180,38,3,1595.02
534,180,19,2,592.91
535,180,12,3,2203.19
536,180,23,1,556.61
537,180,7,2,1335.9
538,181,30,2,1422.18
539,181,5,3,1174.24
540,182,26,1,2411.16
541,182,31,2,1716.1
542,182,28,2,1944.42
543,183,39,2,1007.34
544,183,23,2,556.61
545,183,6,2,2402.91
546,183,25,2,871.54
547,184,11,1,664.17
548,184,23,1,556.61
549,184,33,2,1331.91
550,184,30,2,1422.18
551,184,17,2,2384.83
552,185,23,1,556.61
553,185,36,3,87.7
554,186,7,1,1335.9
555,186,14,1,2467.06
556,186,33,2,1331.91
557,187,19,3,592.91
558,188,32,3,31.92
559,188,8,1,1311.65
560,189,10,2,482.47
561,190,28,2,1944.42
562,190,22,3,2088.57
563,190,21,3,1211.35
564,190,10,1,482.47
565,190,9,2,615.62
566,191,20,1,364.82
567,191,38,1,1595.02
568,192,17,1,2384.83
569,192,21,3,1211.35
570,192,23,1,556.61
571,193,9,1,615.62
572,193,13,2,2446.23
573,193,5,3,1174.24
574,193,3,1,2060.53
575,193,40,2,469.27
576,194,40,3,469.27
577,194,1,1,2433.7
578,194,22,2,2088.57
579,194,24,3,995.09
580,195,7,3,1335.9
581,195,27,1,285.56
582,196,20,3,364.82
583,197,9,3,615.62
584,197,15,3,118.33
585,197,30,1,1422.18
586,197,37,2,933.72
587,197,34,3,90.62
588,198,25,2,871.54
589,199,1,3,2433.7
590,199,3,1,2060.53
591,199,26,2,2411.16
592,200,9,3,615.62
593,201,12,1,2203.19
594,201,24,3,995.09
595,202,3,1,2060.53
596,203,23,1,556.61
597,203,11,2,664.17
598,204,39,3,1007.34
599,204,19,1,592.91
600,205,21,3,1211.35
601,205,5,3,1174.24
602,205,17,2,2384.83
603,205,4,1,2029.54
604,206,12,1,2203.19
605,206,8,1,1311.65
606,206,1,2,2433.7
607,206,9,1,615.62
608,207,34,2,90.62
609,207,37,3,933.72
610,208,3,1,2060.53
611,208,11,1,664.17
612,209,12,1,2203.19
613,209,1,1,2433.7
614,210,3,2,2060.53
615,210,38,3,1595.02
616,210,28,3,1944.42
617,210,30,3,1422.18
618,211,20,3,364.82
619,211,28,2,1944.42
620,211,38,1,1595.02
621,211,9,1,615.62
622,211,21,2,1211.35
623,212,19,2,592.91
624,212,11,1,664.17
625,212,17,2,2384.83
626,212,5,1,1174.24
627,213,1,3,2433.7
628,213,36,3,87.7
629,213,16,3,1223.3
630,213,9,3,615.62
631,213,18,1,732.4
632,214,7,2,1335.9
633,214,19,2,592.91
634,214,5,1,1174.24
635,215,3,3,2060.53
636,215,34,2,90.62
637,215,21,1,1211.35
638,216,18,1,732.4
639,217,5,1,1174.24
640,217,19,1,592.91
641,217,6,2,2402.91
642,218,21,3,1211.35
643,218,28,3,1944.42
644,218,17,1,2384.83
645,219,30,1,1422.18
646,219,10,1,482.47
647,219,8,2,1311.65
648,219,25,1,871.54
649,220,11,2,664.17
650,220,26,1,2411.16
651,220,34,1,90.62
652,221,37,1,933.72
653,221,33,2,1331.91
654,222,7,1,1335.9
655,222,33,3,1331.91
656,222,28,3,1944.42
657,222,25,1,871.54
658,222,22,2,2088.57
659,223,40,3,469.27
660,223,29,3,2411.43
661,223,33,3,1331.91
662,223,26,3,2411.16
663,223,2,2,1179.75
664,224,33,1,1331.91
665,224,35,1,1308.17
666,224,29,2,2411.43
667,225,6,2,2402.91
668,226,6,1,2402.91
669,226,36,1,87.7
670,226,38,1,1595.02
671,226,13,2,2446.23
672,226,31,1,1716.1
673,227,29,2,2411.43
674,228,22,3,2088.57
675,229,4,1,2029.54
676,229,22,2,2088.57
677,229,15,2,118.33
678,230,4,3,2029.54
679,231,39,1,1007.34
680,232,15,3,118.33
681,233,3,2,2060.53
682,233,28,3,1944.42
683,234,16,3,1223.3
684,234,35,1,1308.17
685,234,8,1,1311.65
686,234,32,2,31.92
687,234,19,2,592.91
688,235,6,1,2402.91
689,235,26,1,2411.16
690,235,1,3,2433.7
691,235,37,1,933.72
692,235,34,1,90.62
693,236,40,3,469.27
694,237,26,2,2411.16
695,238,40,2,469.27
696,238,5,2,1174.24
697,238,26,1,2411.16
698,239,35,3,1308.17
699,239,6,1,2402.91
700,239,15,1,118.33
701,239,39,3,1007.34
702,240,14,3,2467.06
703,240,38,2,1595.02
704,240,2,3,1179.75
705,241,25,1,871.54
706,242,34,3,90.62
707,242,1,1,2433.7
708,243,40,1,469.27
709,244,25,3,871.54
710,244,4,2,2029.54
711,245,26,2,2411.16
712,245,9,3,615.62
713,245,1,2,2433.7
714,246,34,2,90.62
715,246,23,1,556.61
716,246,22,1,2088.57
717,246,25,3,871.54
718,246,19,1,592.91
719,247,26,2,2411.16
720,247,27,2,285.56
721,247,11,3,664.17
722,248,13,2,2446.23
723,248,39,3,1007.34
724,249,15,1,118.33
725,249,37,1,933.72
726,249,7,3,1335.9
727,250,33,2,1331.91
728,250,15,2,118.33
729,250,7,1,1335.9
730,250,22,3,2088.57
731,250,25,2,871.54
732,251,26,1,2411.16
733,251,28,1,1944.42
734,251,12,3,2203.19
735,251,1,3,2433.7
736,252,13,2,2446.23
737,252,31,3,1716.1
738,252,6,3,2402.91
739,253,18,2,732.4
740,253,29,2,2411.43
741,253,26,2,2411.16
742,254,35,1,1308.17
743,254,2,2,1179.75
744,254,23,1,556.61
745,254,10,1,482.47
746,255,40,3,469.27
747,255,15,1,118.33
748,256,33,1,1331.91
749,256,25,1,871.54
750,256,26,1,2411.16
751,257,16,3,1223.3
752,257,38,1,1595.02
753,257,22,3,2088.57
754,257,26,2,2411.16
755,257,6,1,2402.91
756,258,10,2,482.47
757,258,7,3,1335.9
758,259,39,3,1007.34
759,259,6,3,2402.91
760,259,38,2,1595.02
761,260,37,3,933.72
762,260,4,2,2029.54
763,260,11,1,664.17
764,261,7,2,1335.9
765,261,25,3,871.54
766,261,33,1,1331.91
767,262,17,3,2384.83
768,262,38,3,1595.02
769,263,12,3,2203.19
770,263,16,1,1223.3
771,263,32,3,31.92
772,263,37,1,933.72
773,264,36,2,87.7
774,264,23,3,556.61
775,264,15,2,118.33
776,264,4,3,2029.54
777,265,7,2,1335.9
778,265,1,2,2433.7
779,265,16,3,1223.3
780,265,5,3,1174.24
781,266,22,1,2088.57
782,266,28,1,1944.42
783,266,7,1,1335.9
784,266,37,2,933.72
785,267,33,2,1331.91
786,267,40,2,469.27
787,268,2,2,1179.75
788,268,8,3,1311.65
789,268,11,2,664.17
790,268,10,1,482.47
791,268,25,2,871.54
792,269,4,2,2029.54
793,269,28,3,1944.42
794,269,25,1,871.54
795,269,14,1,2467.06
796,269,35,1,1308.17
797,270,6,2,2402.91
798,270,7,2,1335.9
799,270,23,1,556.61
800,270,27,1,285.56
801,270,24,1,995.09
802,271,30,3,1422.18
803,271,38,3,1595.02
804,271,35,1,1308.17
805,272,14,2,2467.06
806,272,30,3,1422.18
807,273,6,3,2402.91
808,273,12,1,2203.19
809,273,25,3,871.54
810,273,8,1,1311.65
811,273,9,3,615.62
812,274,19,1,592.91
813,274,35,1,1308.17
814,275,18,2,732.4
815,275,6,3,2402.91
816,275,27,1,285.56
817,275,2,2,1179.75
818,275,10,3,482.47
819,276,30,1,1422.18
820,276,28,2,1944.42
821,276,18,2,732.4
822,277,31,2,1716.1
823,278,20,2,364.82
824,278,23,3,556.61
825,278,40,2,469.27
826,279,14,3,2467.06
827,279,22,3,2088.57
828,279,38,2,1595.02
829,279,15,2,118.33
830,279,36,1,87.7
831,280,38,1,1595.02
832,280,37,2,933.72
833,280,28,2,1944.42
834,281,13,2,2446.23
835,281,3,2,2060.53
836,282,34,3,90.62
837,282,10,3,482.47
838,282,32,3,31.92
839,282,27,3,285.56
840,282,21,2,1211.35
841,283,16,3,1223.3
842,283,14,3,2467.06
843,283,35,2,1308.17
844,283,10,1,482.47
845,284,39,1,1007.34
846,284,25,3,871.54
847,284,34,3,90.62
848,285,24,3,995.09
849,285,8,1,1311.65
850,285,27,3,285.56
851,286,35,3,1308.17
852,286,26,3,2411.16
853,286,19,2,592.91
854,287,17,1,2384.83
855,287,28,2,1944.42
856,287,8,1,1311.65
857,287,26,2,2411.16
858,288,38,3,1595.02
859,288,19,3,592.91
860,288,28,2,1944.42
861,289,2,2,1179.75
862,289,25,3,871.54
863,289,10,2,482.47
864,290,4,3,2029.54
865,290,14,3,2467.06
866,291,7,3,1335.9
867,291,14,2,2467.06
868,291,5,2,1174.24
869,291,29,3,2411.43
870,292,34,3,90.62
871,293,18,3,732.4
872,293,20,1,364.82
873,294,10,3,482.47
874,294,13,3,2446.23
875,294,12,3,2203.19
876,294,22,3,2088.57
877,294,18,1,732.4
878,295,23,1,556.61
879,296,6,1,2402.91
880,297,4,1,2029.54
881,297,32,3,31.92
882,297,20,1,364.82
883,297,23,1,556.61
884,297,8,1,1311.65
885,298,20,3,364.82
886,299,20,3,364.82
887,299,39,2,1007.34
888,299,13,2,2446.23
889,299,1,3,2433.7
890,300,28,1,1944.42
891,300,22,1,2088.57
892,300,27,3,285.56
893,300,4,3,2029.54
894,300,16,3,1223.3
895,301,4,3,2029.54
896,301,33,3,1331.91
897,301,20,2,364.82
898,301,28,1,1944.42
899,301,29,2,2411.43
900,302,15,1,118.33
901,302,11,1,664.17
902,302,1,3,2433.7
903,303,4,1,2029.54
904,303,27,1,285.56
905,303,1,2,2433.7
906,303,17,1,2384.83
907,304,24,3,995.09
908,304,14,1,2467.06
909,304,32,1,31.92
910,304,1,2,2433.7
911,304,36,2,87.7
912,305,23,1,556.61
913,305,31,3,1716.1
914,306,20,2,364.82
915,306,31,1,1716.1
916,306,15,1,118.33
917,306,36,2,87.7
918,306,17,3,2384.83
919,307,12,2,2203.19
920,307,15,3,118.33
921,307,16,3,1223.3
922,307,23,3,556.61
923,307,8,1,1311.65
924,308,30,2,1422.18
925,308,18,1,732.4
926,308,40,2,469.27
927,309,21,3,1211.35
928,310,35,1,1308.17
929,310,11,3,664.17
930,310,34,3,90.62
931,310,24,2,995.09
932,310,39,3,1007.34
933,311,11,2,664.17
934,311,15,3,118.33
935,311,37,2,933.72
936,311,9,3,615.62
937,312,32,2,31.92
938,312,27,1,285.56
939,313,17,2,2384.83
940,313,12,2,2203.19
941,314,32,3,31.92
942,314,5,1,1174.24
943,314,17,1,2384.83
944,314,26,1,2411.16
945,314,1,1,2433.7
946,315,7,1,1335.9
947,315,35,1,1308.17
948,315,25,1,871.54
949,315,17,1,2384.83
950,316,34,2,90.62
951,317,22,2,2088.57
952,317,20,1,364.82
953,317,30,2,1422.18
954,317,34,3,90.62
955,318,3,3,2060.53
956,318,37,1,933.72
957,318,29,2,2411.43
958,318,31,3,1716.1
959,319,15,1,118.33
960,319,5,1,1174.24
961,320,36,1,87.7
962,320,35,3,1308.17
963,320,13,1,2446.23
964,320,28,2,1944.42
965,320,16,3,1223.3
966,321,7,1,1335.9
967,321,20,1,364.82
968,322,23,3,556.61
969,322,25,3,871.54
970,322,21,3,1211.35
971,323,14,1,2467.06
972,323,31,1,1716.1
973,323,32,2,31.92
974,323,29,3,2411.43
975,323,3,3,2060.53
976,324,3,1,2060.53
977,324,20,3,364.82
978,324,8,2,1311.65
979,324,25,3,871.54
980,324,31,1,1716.1
981,325,36,3,87.7
982,326,16,3,1223.3
983,326,38,3,1595.02
984,326,28,3,1944.42
985,327,3,1,2060.53
986,328,27,2,285.56
987,328,12,3,2203.19
988,328,14,3,2467.06
989,329,36,2,87.7
990,329,33,2,1331.91
991,329,30,3,1422.18
992,329,26,3,2411.16
993,329,4,3,2029.54
994,330,12,2,2203.19
995,330,38,1,1595.02
996,330,6,2,2402.91
997,330,28,2,1944.42
998,331,11,1,664.17
999,332,12,3,2203.19
1000,332,4,2,2029.54
1001,332,23,2,556.61
1002,333,3,2,2060.53
1003,333,8,1,1311.65
1004,333,6,3,2402.91
1005,334,36,2,87.7
1006,334,8,2,1311.65
1007,334,2,1,1179.75
1008,334,11,3,664.17
1009,334,31,1,1716.1
1010,335,27,3,285.56
1011,335,23,1,556.61
1012,336,1,1,2433.7
1013,336,9,3,615.62
1014,336,24,3,995.09
1015,336,40,3,469.27
1016,337,22,2,2088.57
1017,337,1,3,2433.7
1018,337,4,3,2029.54
1019,337,23,2,556.61
1020,337,25,1,871.54
1021,338,35,3,1308.17
1022,338,7,1,1335.9
1023,338,28,3,1944.42
1024,338,13,2,2446.23
1025,338,23,2,556.61
1026,339,2,2,1179.75
1027,339,35,1,1308.17
1028,339,9,3,615.62
1029,340,15,1,118.33
1030,341,10,3,482.47
1031,341,35,2,1308.17
1032,341,8,1,1311.65
1033,342,36,1,87.7
1034,343,37,3,933.72
1035,343,21,3,1211.35
1036,343,35,2,1308.17
1037,344,20,3,364.82
1038,344,3,1,2060.53
1039,344,19,1,592.91
1040,344,11,1,664.17
1041,345,17,1,2384.83
1042,345,25,1,871.54
1043,345,18,3,732.4
1044,345,31,1,1716.1
1045,346,37,3,933.72
1046,346,39,1,1007.34
1047,347,37,3,933.72
1048,347,15,3,118.33
1049,347,7,1,1335.9
1050,347,20,2,364.82
1051,347,35,2,1308.17
1052,348,17,1,2384.83
1053,349,38,2,1595.02
1054,349,9,1,615.62
1055,350,4,1,2029.54
1056,350,38,2,1595.02
1057,350,24,2,995.09
1058,351,27,1,285.56
1059,351,26,2,2411.16
1060,351,24,1,995.09
1061,351,32,2,31.92
1062,352,12,1,2203.19
1063,353,34,3,90.62
1064,353,37,3,933.72
1065,353,33,2,1331.91
1066,354,27,2,285.56
1067,354,38,3,1595.02
1068,354,18,2,732.4
1069,354,6,2,2402.91
1070,354,31,1,1716.1
1071,355,5,1,1174.24
1072,355,34,1,90.62
1073,356,24,1,995.09
1074,356,37,1,933.72
1075,356,1,2,2433.7
1076,356,28,2,1944.42
1077,356,31,3,1716.1
1078,357,20,1,364.82
1079,358,32,3,31.92
1080,358,1,1,2433.7
1081,359,15,3,118.33
1082,360,39,1,1007.34
1083,360,29,1,2411.43
1084,360,38,2,1595.02
1085,361,29,3,2411.43
1086,361,31,2,1716.1
1087,361,4,2,2029.54
1088,361,15,3,118.33
1089,362,9,3,615.62
1090,362,5,3,1174.24
1091,362,35,1,1308.17
1092,362,27,3,285.56
1093,363,36,2,87.7
1094,363,40,2,469.27
1095,363,13,3,2446.23
1096,364,36,3,87.7
1097,365,29,3,2411.43
1098,366,33,3,1331.91
1099,366,16,3,1223.3
1100,366,34,3,90.62
1101,367,9,1,615.62
1102,367,35,3,1308.17
1103,367,13,1,2446.23
1104,367,8,3,1311.65
1105,368,21,2,1211.35
1106,369,23,3,556.61
1107,369,32,3,31.92
1108,369,34,2,90.62
1109,370,35,3,1308.17
1110,370,31,3,1716.1
1111,370,29,2,2411.43
1112,371,24,1,995.09
1113,371,12,2,2203.19
1114,372,3,1,2060.53
1115,373,7,3,1335.9
1116,373,14,3,2467.06
1117,373,9,3,615.62
1118,374,38,2,1595.02
1119,375,7,3,1335.9
1120,376,29,1,2411.43
1121,376,39,3,1007.34
1122,376,25,1,871.54
1123,377,17,1,2384.83
1124,377,6,3,2402.91
1125,377,18,2,732.4
1126,378,18,2,732.4
1127,378,35,3,1308.17
1128,379,32,3,31.92
1129,379,37,3,933.72
1130,379,38,3,1595.02
1131,380,12,3,2203.19
1132,380,1,3,2433.7
1133,380,38,2,1595.02
1134,380,19,2,592.91
1135,380,32,2,31.92
1136,381,1,1,2433.7
1137,381,4,3,2029.54
1138,381,16,1,1223.3
1139,381,14,2,2467.06
1140,381,29,2,2411.43
1141,382,2,1,1179.75
1142,382,19,1,592.91
1143,382,18,2,732.4
1144,382,3,2,2060.53
1145,382,28,2,1944.42
1146,383,6,2,2402.91
1147,384,40,3,469.27
1148,384,10,3,482.47
1149,384,6,3,2402.91
1150,385,5,1,1174.24
1151,386,21,2,1211.35
1152,386,24,2,995.09
1153,387,19,1,592.91
1154,387,36,1,87.7
1155,387,23,2,556.61
1156,387,22,1,2088.57
1157,388,26,3,2411.16
1158,388,32,2,31.92
1159,388,3,3,2060.53
1160,388,18,1,732.4
1161,388,15,3,118.33
1162,389,26,3,2411.16
1163,390,4,1,2029.54
1164,390,32,2,31.92
1165,390,9,2,615.62
1166,391,26,3,2411.16
1167,391,39,2,1007.34
1168,392,29,2,2411.43
1169,392,28,3,1944.42
1170,392,22,3,2088.57
1171,392,6,1,2402.91
1172,392,4,1,2029.54
1173,393,7,2,1335.9
1174,393,9,3,615.62
1175,393,2,2,1179.75
1176,393,12,3,2203.19
1177,394,9,2,615.62
1178,395,31,3,1716.1
1179,396,20,2,364.82
1180,396,32,2,31.92
1181,397,36,3,87.7
1182,397,12,1,2203.19
1183,397,28,1,1944.42
1184,398,19,2,592.91
1185,398,36,1,87.7
1186,399,14,2,2467.06
1187,399,31,1,1716.1
1188,400,13,2,2446.23
1189,400,31,1,1716.1
1190,400,40,2,469.27
1191,400,35,3,1308.17
1192,400,16,2,1223.3
1193,401,10,3,482.47
1194,401,38,1,1595.02
1195,401,5,3,1174.24
1196,402,29,2,2411.43
1197,403,39,3,1007.34
1198,403,13,1,2446.23
1199,403,8,3,1311.65
1200,403,28,1,1944.42
1201,403,37,2,933.72
1202,404,25,1,871.54
1203,404,3,2,2060.53
1204,404,4,1,2029.54
1205,405,16,3,1223.3
1206,405,40,1,469.27
1207,405,26,3,2411.16
1208,406,38,3,1595.02
1209,406,29,3,2411.43
1210,407,5,2,1174.24
1211,407,8,1,1311.65
1212,407,4,1,2029.54
1213,408,33,3,1331.91
1214,408,8,1,1311.65
1215,408,1,3,2433.7
1216,408,34,2,90.62
1217,408,37,3,933.72
1218,409,30,3,1422.18
1219,409,27,3,285.56
1220,409,21,1,1211.35
1221,409,1,2,2433.7
1222,410,1,3,2433.7
1223,410,10,1,482.47
1224,410,27,1,285.56
1225,410,11,2,664.17
1226,410,39,2,1007.34
1227,411,7,2,1335.9
1228,412,39,1,1007.34
1229,413,7,3,1335.9
1230,414,1,2,2433.7
1231,414,20,3,364.82
1232,415,32,2,31.92
1233,415,16,1,1223.3
1234,415,13,1,2446.23
1235,416,7,3,1335.9
1236,416,34,3,90.62
1237,417,28,2,1944.42
1238,417,34,1,90.62
1239,417,10,1,482.47
1240,417,39,3,1007.34
1241,418,33,2,1331.91
1242,418,13,1,2446.23
1243,418,27,1,285.56
1244,419,28,1,1944.42
1245,419,39,2,1007.34
1246,419,16,2,1223.3
1247,419,37,2,933.72
1248,419,30,3,1422.18
1249,420,10,3,482.47
1250,421,23,2,556.61
1251,421,18,3,732.4
1252,422,1,2,2433.7
1253,423,8,3,1311.65
1254,423,23,3,556.61
1255,424,34,1,90.62
1256,425,37,3,933.72
1257,425,9,1,615.62
1258,425,3,1,2060.53
1259,425,22,2,2088.57
1260,425,7,1,1335.9
1261,426,11,2,664.17
1262,426,24,1,995.09
1263,426,19,3,592.91
1264,427,30,2,1422.18
1265,427,11,1,664.17
1266,427,27,1,285.56
1267,428,20,2,364.82
1268,429,39,3,1007.34
1269,429,38,2,1595.02
1270,429,33,2,1331.91
1271,430,39,3,1007.34
1272,430,37,3,933.72
1273,430,34,2,90.62
1274,431,19,3,592.91
1275,431,12,2,2203.19
1276,431,1,2,2433.7
1277,432,36,1,87.7
1278,432,14,3,2467.06
1279,432,24,2,995.09
1280,432,16,1,1223.3
1281,432,21,2,1211.35
1282,433,31,3,1716.1
1283,433,7,3,1335.9
1284,433,14,3,2467.06
1285,433,35,3,1308.17
1286,434,16,1,1223.3
1287,434,29,1,2411.43
1288,434,3,2,2060.53
1289,434,1,1,2433.7
1290,434,17,2,2384.83
1291,435,19,1,592.91
1292,436,35,3,1308.17
1293,436,5,2,1174.24
1294,436,15,1,118.33
1295,436,7,2,1335.9
1296,437,37,3,933.72
1297,438,10,1,482.47
1298,438,13,2,2446.23
1299,439,32,1,31.92
1300,439,39,1,1007.34
1301,439,26,2,2411.16
1302,439,40,2,469.27
1303,439,27,1,285.56
1304,440,33,2,1331.91
1305,440,34,1,90.62
1306,441,16,2,1223.3
1307,441,9,3,615.62
1308,442,24,3,995.09
1309,442,21,1,1211.35
1310,442,3,1,2060.53
1311,442,25,3,871.54
1312,443,34,2,90.62
1313,443,1,1,2433.7
1314,443,25,3,871.54
1315,443,21,3,1211.35
1316,444,35,3,1308.17
1317,444,23,3,556.61
1318,444,33,2,1331.91
1319,444,16,2,1223.3
1320,444,26,1,2411.16
1321,445,15,2,118.33
1322,445,39,1,1007.34
1323,445,30,2,1422.18
1324,446,19,3,592.91
1325,446,12,1,2203.19
1326,446,2,2,1179.75
1327,447,33,3,1331.91
1328,447,9,3,615.62
1329,448,34,2,90.62
1330,448,21,2,1211.35
1331,448,38,3,1595.02
1332,448,5,2,1174.24
1333,448,6,3,2402.91
1334,449,12,2,2203.19
1335,450,13,1,2446.23
1336,450,31,1,1716.1
1337,451,31,2,1716.1
1338,452,16,1,1223.3
1339,452,3,2,2060.53
1340,452,29,1,2411.43
1341,452,11,1,664.17
1342,452,1,1,2433.7
1343,453,35,1,1308.17
1344,453,25,2,871.54
1345,453,36,3,87.7
1346,454,5,1,1174.24
1347,455,20,3,364.82
1348,455,40,3,469.27
1349,455,18,3,732.4
1350,455,28,1,1944.42
1351,456,13,1,2446.23
1352,456,18,3,732.4
1353,456,34,3,90.62
1354,456,21,1,1211.35
1355,456,24,2,995.09
1356,457,2,1,1179.75
1357,458,26,1,2411.16
1358,459,38,1,1595.02
1359,459,28,1,1944.42
1360,459,29,3,2411.43
1361,460,28,3,1944.42
1362,460,16,3,1223.3
1363,460,27,1,285.56
1364,460,18,1,732.4
1365,460,31,1,1716.1
1366,461,3,2,2060.53
1367,461,33,2,1331.91
1368,461,40,2,469.27
1369,461,31,3,1716.1
1370,461,12,2,2203.19
1371,462,24,3,995.09
1372,463,11,1,664.17
1373,463,21,2,1211.35
1374,463,26,1,2411.16
1375,464,22,1,2088.57
1376,464,11,2,664.17
1377,464,29,3,2411.43
1378,464,26,1,2411.16
1379,465,2,1,1179.75
1380,465,25,2,871.54
1381,465,13,1,2446.23
1382,466,40,3,469.27
1383,466,21,2,1211.35
1384,466,3,2,2060.53
1385,466,11,3,664.17
1386,467,38,3,1595.02
1387,467,16,1,1223.3
1388,468,20,3,364.82
1389,468,31,1,1716.1
1390,468,39,2,1007.34
1391,469,27,1,285.56
1392,469,6,1,2402.91
1393,469,38,2,1595.02
1394,469,12,2,2203.19
1395,470,2,1,1179.75
1396,470,8,3,1311.65
1397,470,11,2,664.17
1398,470,14,2,2467.06
1399,471,37,2,933.72
1400,471,14,2,2467.06
1401,472,35,1,1308.17
1402,472,13,3,2446.23
1403,472,30,1,1422.18
1404,472,26,2,2411.16
1405,473,18,2,732.4
1406,473,31,3,1716.1
1407,473,32,3,31.92
1408,473,25,3,871.54
1409,474,7,2,1335.9
1410,475,10,1,482.47
1411,475,31,2,1716.1
1412,475,25,1,871.54
1413,476,8,1,1311.65
1414,477,4,1,2029.54
1415,477,33,2,1331.91
1416,477,20,1,364.82
1417,477,6,1,2402.91
1418,478,7,1,1335.9
1419,478,24,3,995.09
1420,479,40,2,469.27
1421,479,24,1,995.09
1422,479,20,2,364.82
1423,480,33,1,1331.91
1424,480,37,1,933.72
1425,480,27,2,285.56
1426,480,10,2,482.47
1427,480,1,3,2433.7
1428,481,35,3,1308.17
1429,481,17,2,2384.83
1430,482,13,1,2446.23
1431,482,25,1,871.54
1432,482,15,3,118.33
1433,482,9,2,615.62
1434,483,35,2,1308.17
1435,483,14,3,2467.06
1436,483,28,2,1944.42
1437,483,5,3,1174.24
1438,483,1,1,2433.7
1439,484,37,2,933.72
1440,485,35,1,1308.17
1441,485,10,2,482.47
1442,485,11,1,664.17
1443,485,28,2,1944.42
1444,485,33,2,1331.91
1445,486,40,3,469.27
1446,486,17,1,2384.83
1447,486,2,1,1179.75
1448,486,22,2,2088.57
1449,486,30,3,1422.18
1450,487,31,3,1716.1
1451,487,7,1,1335.9
1452,487,5,3,1174.24
1453,488,27,1,285.56
1454,488,23,3,556.61
1455,488,17,3,2384.83
1456,488,38,1,1595.02
1457,488,22,2,2088.57
1458,489,27,1,285.56
1459,490,12,1,2203.19
1460,490,25,2,871.54
1461,490,33,2,1331.91
1462,491,40,1,469.27
1463,491,24,1,995.09
1464,492,21,3,1211.35
1465,492,26,1,2411.16
1466,492,34,1,90.62
1467,493,36,2,87.7
1468,493,23,3,556.61
1469,494,17,3,2384.83
1470,495,28,2,1944.42
1471,495,21,1,1211.35
1472,496,16,1,1223.3
1473,496,22,3,2088.57
1474,496,4,1,2029.54
1475,497,33,1,1331.91
1476,497,31,1,1716.1
1477,498,15,1,118.33
1478,498,24,2,995.09
1479,498,31,3,1716.1
1480,498,26,2,2411.16
1481,499,29,3,2411.43
1482,499,14,3,2467.06
1483,499,26,1,2411.16
1484,500,33,3,1331.91
1485,500,5,1,1174.24
1486,501,4,3,2029.54
1487,501,15,3,118.33
1488,501,8,1,1311.65
1489,502,28,2,1944.42
1490,503,1,3,2433.7
1491,504,34,3,90.62
1492,504,22,3,2088.57
1493,505,11,3,664.17
1494,505,31,2,1716.1
1495,505,36,3,87.7
1496,505,26,1,2411.16
1497,506,5,2,1174.24
1498,506,25,2,871.54
1499,506,6,3,2402.91
1500,506,13,3,2446.23
1501,506,4,3,2029.54
1502,507,34,2,90.62
1503,507,38,3,1595.02
1504,507,22,3,2088.57
1505,507,3,1,2060.53
1506,507,26,2,2411.16
1507,508,37,3,933.72
1508,508,32,3,31.92
1509,508,8,2,1311.65
1510,508,40,1,469.27
1511,509,29,1,2411.43
1512,509,28,1,1944.42
1513,509,16,3,1223.3
1514,510,25,2,871.54
1515,510,21,2,1211.35
1516,510,7,3,1335.9
1517,510,1,2,2433.7
1518,510,32,3,31.92
1519,511,20,3,364.82
1520,511,6,1,2402.91
1521,511,12,2,2203.19
1522,512,39,3,1007.34
1523,512,26,2,2411.16
1524,512,2,1,1179.75
1525,513,27,1,285.56
1526,514,16,3,1223.3
1527,515,40,1,469.27
1528,515,23,1,556.61
1529,515,10,1,482.47
1530,515,33,3,1331.91
1531,515,15,1,118.33
1532,516,20,2,364.82
1533,516,17,1,2384.83
1534,516,5,3,1174.24
1535,516,16,3,1223.3
1536,517,34,1,90.62
1537,517,5,1,1174.24
1538,517,4,1,2029.54
1539,517,32,1,31.92
1540,518,13,3,2446.23
1541,519,37,3,933.72
1542,519,1,3,2433.7
1543,519,33,1,1331.91
1544,519,28,2,1944.42
1545,520,15,2,118.33
1546,520,26,1,2411.16
1547,521,29,1,2411.43
1548,521,17,2,2384.83
1549,521,16,3,1223.3
1550,521,13,2,2446.23
1551,521,37,2,933.72
1552,522,6,1,2402.91
1553,522,3,3,2060.53
1554,522,37,2,933.72
1555,522,20,2,364.82
1556,523,29,3,2411.43
1557,523,25,1,871.54
1558,523,35,1,1308.17
1559,523,3,2,2060.53
1560,523,4,2,2029.54
1561,524,29,3,2411.43
1562,524,10,2,482.47
1563,524,1,1,2433.7
1564,524,25,1,871.54
1565,525,35,3,1308.17
1566,525,40,3,469.27
1567,525,27,1,285.56
1568,525,11,3,664.17
1569,526,7,3,1335.9
1570,527,37,3,933.72
1571,527,17,3,2384.83
1572,527,20,3,364.82
1573,528,20,1,364.82
1574,528,14,1,2467.06
1575,529,25,3,871.54
1576,529,13,2,2446.23
1577,529,12,2,2203.19
1578,529,1,1,2433.7
1579,530,34,3,90.62
1580,530,28,2,1944.42
1581,530,17,2,2384.83
1582,530,27,2,285.56
1583,531,40,3,469.27
1584,531,33,3,1331.91
1585,531,26,3,2411.16
1586,531,38,3,1595.02
1587,532,5,3,1174.24
1588,532,17,3,2384.83
1589,532,25,1,871.54
1590,533,19,1,592.91
1591,534,38,2,1595.02
1592,534,16,3,1223.3
1593,535,18,3,732.4
1594,535,22,2,2088.57
1595,536,21,3,1211.35
1596,536,27,3,285.56
1597,536,34,2,90.62
1598,536,30,3,1422.18
1599,537,21,3,1211.35
1600,537,37,2,933.72
1601,538,13,2,2446.23
1602,538,1,2,2433.7
1603,538,19,1,592.91
1604,538,15,1,118.33
1605,538,32,3,31.92
1606,539,22,2,2088.57
1607,539,25,2,871.54
1608,540,29,3,2411.43
1609,540,18,2,732.4
1610,540,39,2,1007.34
1611,540,27,3,285.56
1612,541,27,3,285.56
1613,541,3,3,2060.53
1614,541,13,3,2446.23
1615,541,1,3,2433.7
1616,541,6,1,2402.91
1617,542,33,2,1331.91
1618,542,23,1,556.61
1619,542,38,2,1595.02
1620,543,35,3,1308.17
1621,543,36,3,87.7
1622,544,22,3,2088.57
1623,545,36,2,87.7
1624,545,14,1,2467.06
1625,546,31,3,1716.1
1626,547,38,2,1595.02
1627,547,4,2,2029.54
1628,547,7,2,1335.9
1629,547,6,1,2402.91
1630,547,25,3,871.54
1631,548,8,2,1311.65
1632,548,15,3,118.33
1633,549,6,3,2402.91
1634,549,29,2,2411.43
1635,549,11,3,664.17
1636,549,24,1,995.09
1637,549,30,3,1422.18
1638,550,6,3,2402.91
1639,550,22,2,2088.57
1640,551,25,3,871.54
1641,551,12,1,2203.19
1642,551,18,2,732.4
1643,551,15,3,118.33
1644,551,35,3,1308.17
1645,552,6,2,2402.91
1646,552,29,3,2411.43
1647,552,38,2,1595.02
1648,552,10,2,482.47
1649,552,13,3,2446.23
1650,553,12,2,2203.19
1651,553,33,2,1331.91
1652,553,24,1,995.09
1653,553,31,3,1716.1
1654,553,4,2,2029.54
1655,554,21,2,1211.35
1656,554,19,2,592.91
1657,554,31,3,1716.1
1658,555,31,1,1716.1
1659,555,16,2,1223.3
1660,555,6,1,2402.91
1661,556,36,3,87.7
1662,556,18,3,732.4
1663,556,23,2,556.61
1664,557,40,2,469.27
1665,557,34,3,90.62
1666,557,20,2,364.82
1667,557,18,3,732.4
1668,557,35,2,1308.17
1669,558,31,3,1716.1
1670,558,9,1,615.62
1671,559,13,2,2446.23
1672,560,24,2,995.09
1673,560,23,2,556.61
1674,560,38,2,1595.02
1675,561,28,2,1944.42
1676,561,16,1,1223.3
1677,562,30,3,1422.18
1678,562,5,2,1174.24
1679,562,14,3,2467.06
1680,562,11,1,664.17
1681,563,5,1,1174.24
1682,563,10,3,482.47
1683,564,11,2,664.17
1684,564,26,2,2411.16
1685,565,6,1,2402.91
1686,565,22,2,2088.57
1687,566,4,3,2029.54
1688,567,9,2,615.62
1689,567,11,2,664.17
1690,567,29,1,2411.43
1691,568,19,2,592.91
1692,568,35,2,1308.17
1693,569,25,2,871.54
1694,569,14,1,2467.06
1695,570,21,2,1211.35
1696,570,15,2,118.33
1697,571,6,3,2402.91
1698,571,34,2,90.62
1699,571,18,1,732.4
1700,571,8,2,1311.65
1701,572,14,3,2467.06
1702,572,25,3,871.54
1703,572,17,3,2384.83
1704,572,19,1,592.91
1705,572,26,2,2411.16
1706,573,13,3,2446.23
1707,573,11,2,664.17
1708,573,39,1,1007.34
1709,574,39,2,1007.34
1710,574,26,1,2411.16
1711,574,8,2,1311.65
1712,575,14,3,2467.06
1713,575,31,2,1716.1
1714,575,3,3,2060.53
1715,576,29,1,2411.43
1716,576,14,2,2467.06
1717,576,38,1,1595.02
1718,576,22,2,2088.57
1719,577,10,3,482.47
1720,577,15,3,118.33
1721,577,34,2,90.62
1722,578,6,1,2402.91
1723,578,9,2,615.62
1724,579,37,2,933.72
1725,579,36,1,87.7
1726,580,34,2,90.62
1727,580,18,3,732.4
1728,581,5,1,1174.24
1729,582,27,3,285.56
1730,582,32,1,31.92
1731,582,25,2,871.54
1732,582,40,3,469.27
1733,582,5,2,1174.24
1734,583,14,3,2467.06
1735,583,36,3,87.7
1736,584,36,1,87.7
1737,584,1,1,2433.7
1738,584,12,3,2203.19
1739,584,9,3,615.62
1740,584,28,1,1944.42
1741,585,10,2,482.47
1742,585,21,2,1211.35
1743,585,18,3,732.4
1744,585,2,2,1179.75
1745,585,4,3,2029.54
1746,586,6,1,2402.91
1747,586,19,3,592.91
1748,586,25,2,871.54
1749,586,5,3,1174.24
1750,587,7,1,1335.9
1751,588,21,3,1211.35
1752,588,28,1,1944.42
1753,588,5,3,1174.24
1754,589,32,3,31.92
1755,589,23,2,556.61
1756,589,6,3,2402.91
1757,589,7,1,1335.9
1758,589,35,2,1308.17
1759,590,15,2,118.33
1760,591,33,2,1331.91
1761,591,21,2,1211.35
1762,591,10,2,482.47
1763,592,36,3,87.7
1764,592,18,3,732.4
1765,592,25,3,871.54
1766,592,14,1,2467.06
1767,592,26,1,2411.16
1768,593,6,2,2402.91
1769,593,16,2,1223.3
1770,593,33,3,1331.91
1771,593,14,3,2467.06
1772,593,29,2,2411.43
1773,594,13,2,2446.23
1774,595,27,3,285.56
1775,595,31,2,1716.1
1776,595,21,3,1211.35
1777,596,40,3,469.27
1778,596,7,3,1335.9
1779,597,29,1,2411.43
1780,597,21,2,1211.35
1781,597,1,1,2433.7
1782,597,39,1,1007.34
1783,598,37,1,933.72
1784,598,5,2,1174.24
1785,598,23,2,556.61
1786,598,26,1,2411.16
1787,598,25,1,871.54
1788,599,17,1,2384.83
1789,599,1,2,2433.7
1790,599,15,3,118.33
1791,599,5,2,1174.24
1792,599,23,3,556.61
1793,600,13,2,2446.23
1794,600,37,1,933.72
1795,600,1,1,2433.7
1796,600,39,3,1007.34
1797,600,15,3,118.33
1798,601,7,3,1335.9
1799,602,12,1,2203.19
1800,602,29,3,2411.43
1801,603,22,2,2088.57
1802,604,39,3,1007.34
1803,605,4,3,2029.54
1804,605,23,1,556.61
1805,605,26,1,2411.16
1806,605,37,3,933.72
1807,606,22,1,2088.57
1808,607,6,2,2402.91
1809,607,5,2,1174.24
1810,607,29,1,2411.43
1811,608,28,1,1944.42
1812,608,17,2,2384.83
1813,608,23,1,556.61
1814,608,21,2,1211.35
1815,609,5,2,1174.24
1816,609,7,3,1335.9
1817,609,33,2,1331.91
1818,609,32,3,31.92
1819,610,38,2,1595.02
1820,610,6,1,2402.91
1821,611,4,1,2029.54
1822,611,15,1,118.33
1823,611,31,1,1716.1
1824,611,20,1,364.82
1825,611,6,3,2402.91
1826,612,10,2,482.47
1827,612,24,3,995.09
1828,612,4,1,2029.54
1829,612,6,2,2402.91
1830,612,34,1,90.62
1831,613,22,1,2088.57
1832,613,6,3,2402.91
1833,613,14,3,2467.06
1834,614,30,1,1422.18
1835,614,35,2,1308.17
1836,615,8,3,1311.65
1837,615,25,3,871.54
1838,615,16,3,1223.3
1839,616,21,2,1211.35
1840,616,28,2,1944.42
1841,616,40,3,469.27
1842,616,18,2,732.4
1843,617,22,2,2088.57
1844,618,9,3,615.62
1845,618,28,3,1944.42
1846,618,12,1,2203.19
1847,618,3,3,2060.53
1848,619,19,2,592.91
1849,619,27,1,285.56
1850,619,2,1,1179.75
1851,620,9,1,615.62
1852,620,20,2,364.82
1853,620,36,1,87.7
1854,620,5,1,1174.24
1855,621,19,2,592.91
1856,621,15,2,118.33
1857,621,32,3,31.92
1858,621,18,3,732.4
1859,621,12,1,2203.19
1860,622,33,2,1331.91
1861,622,13,2,2446.23
1862,623,15,1,118.33
1863,623,34,1,90.62
1864,623,27,3,285.56
1865,623,9,2,615.62
1866,623,16,3,1223.3
1867,624,11,2,664.17
1868,625,24,3,995.09
1869,626,15,3,118.33
1870,626,27,2,285.56
1871,626,32,1,31.92
1872,626,31,2,1716.1
1873,626,4,1,2029.54
1874,627,23,1,556.61
1875,628,33,3,1331.91
1876,628,38,3,1595.02
1877,628,39,3,1007.34
1878,629,23,1,556.61
1879,629,25,3,871.54
1880,629,17,3,2384.83
1881,629,36,1,87.7
1882,629,10,1,482.47
1883,630,40,2,469.27
1884,630,31,1,1716.1
1885,630,30,3,1422.18
1886,631,40,1,469.27
1887,631,20,2,364.82
1888,632,26,2,2411.16
1889,633,17,3,2384.83
1890,633,15,2,118.33
1891,633,29,3,2411.43
1892,633,25,2,871.54
1893,634,37,3,933.72
1894,634,15,2,118.33
1895,634,20,2,364.82
1896,634,4,1,2029.54
1897,634,38,1,1595.02
1898,635,37,2,933.72
1899,635,23,1,556.61
1900,636,34,3,90.62
1901,636,3,2,2060.53
1902,637,33,3,1331.91
1903,637,37,2,933.72
1904,637,24,1,995.09
1905,638,12,3,2203.19
1906,638,8,2,1311.65
1907,638,11,3,664.17
1908,638,37,1,933.72
1909,638,39,3,1007.34
1910,639,30,2,1422.18
1911,639,1,1,2433.7
1912,639,19,3,592.91
1913,640,25,1,871.54
1914,640,1,2,2433.7
1915,640,10,3,482.47
1916,640,26,1,2411.16
1917,641,27,1,285.56
1918,641,20,3,364.82
1919,641,33,1,1331.91
1920,641,10,3,482.47
1921,642,1,3,2433.7
1922,642,4,1,2029.54
1923,642,26,1,2411.16
1924,642,20,3,364.82
1925,643,1,3,2433.7
1926,643,2,1,1179.75
1927,643,8,1,1311.65
1928,643,4,3,2029.54
1929,644,32,3,31.92
1930,645,17,3,2384.83
1931,645,14,1,2467.06
1932,646,25,1,871.54
1933,646,34,1,90.62
1934,646,15,1,118.33
1935,646,33,2,1331.91
1936,646,17,2,2384.83
1937,647,39,2,1007.34
1938,647,9,2,615.62
1939,648,9,2,615.62
1940,648,21,2,1211.35
1941,648,18,1,732.4
1942,648,10,1,482.47
1943,649,30,2,1422.18
1944,649,9,3,615.62
1945,649,29,1,2411.43
1946,650,1,1,2433.7
1947,650,23,3,556.61
1948,650,12,1,2203.19
1949,650,32,3,31.92
1950,650,40,3,469.27
1951,651,38,1,1595.02
1952,651,8,3,1311.65
1953,651,13,3,2446.23
1954,651,34,2,90.62
1955,651,24,2,995.09
1956,652,35,1,1308.17
1957,652,21,3,1211.35
1958,652,37,1,933.72
1959,652,31,2,1716.1
1960,652,6,3,2402.91
1961,653,27,2,285.56
1962,653,36,1,87.7
1963,653,21,1,1211.35
1964,654,14,1,2467.06
1965,655,6,1,2402.91
1966,655,29,3,2411.43
1967,655,34,2,90.62
1968,656,33,2,1331.91
1969,656,32,2,31.92
1970,656,19,3,592.91
1971,656,38,2,1595.02
1972,657,37,1,933.72
1973,657,34,2,90.62
1974,657,12,2,2203.19
1975,658,25,2,871.54
1976,658,40,3,469.27
1977,658,4,1,2029.54
1978,659,5,3,1174.24
1979,659,19,3,592.91
1980,659,26,3,2411.16
1981,659,31,1,1716.1
1982,659,38,1,1595.02
1983,660,1,3,2433.7
1984,660,39,1,1007.34
1985,660,27,2,285.56
1986,660,38,2,1595.02
1987,661,9,2,615.62
1988,661,24,1,995.09
1989,661,4,1,2029.54
1990,661,34,2,90.62
1991,662,39,1,1007.34
1992,662,30,2,1422.18
1993,662,11,3,664.17
1994,662,20,1,364.82
1995,662,6,1,2402.91
1996,663,39,3,1007.34
1997,663,15,1,118.33
1998,663,29,2,2411.43
1999,663,22,2,2088.57
2000,664,31,2,1716.1
2001,664,15,1,118.33
2002,665,24,1,995.09
2003,666,5,3,1174.24
2004,667,11,2,664.17
2005,668,36,2,87.7
2006,668,22,3,2088.57
2007,668,15,1,118.33
2008,668,27,1,285.56
2009,669,29,3,2411.43
2010,669,9,1,615.62
2011,669,7,1,1335.9
2012,669,39,2,1007.34
2013,670,38,1,1595.02
2014,671,11,2,664.17
2015,671,2,1,1179.75
2016,671,34,2,90.62
2017,672,15,2,118.33
2018,672,25,3,871.54
2019,673,10,2,482.47
2020,673,11,1,664.17
2021,673,12,3,2203.19
2022,673,18,1,732.4
2023,674,1,3,2433.7
2024,674,12,3,2203.19
2025,674,17,3,2384.83
2026,675,40,2,469.27
2027,676,34,3,90.62
2028,676,4,1,2029.54
2029,677,33,3,1331.91
2030,677,14,1,2467.06
2031,678,38,1,1595.02
2032,678,3,1,2060.53
2033,678,32,1,31.92
2034,678,23,2,556.61
2035,679,18,1,732.4
2036,679,2,2,1179.75
2037,679,17,1,2384.83
2038,679,6,3,2402.91
2039,679,16,3,1223.3
2040,680,38,2,1595.02
2041,681,8,3,1311.65
2042,681,16,2,1223.3
2043,681,35,1,1308.17
2044,681,40,2,469.27
2045,682,25,3,871.54
2046,682,33,3,1331.91
2047,683,2,2,1179.75
2048,683,5,1,1174.24
2049,683,6,1,2402.91
2050,683,34,3,90.62
2051,684,16,1,1223.3
2052,684,13,1,2446.23
2053,685,14,1,2467.06
2054,685,1,2,2433.7
2055,686,30,3,1422.18
2056,686,24,3,995.09
2057,686,16,1,1223.3
2058,686,38,3,1595.02
2059,687,6,3,2402.91
2060,687,22,1,2088.57
2061,687,5,3,1174.24
2062,688,22,2,2088.57
2063,688,27,2,285.56
2064,688,13,1,2446.23
2065,688,21,2,1211.35
2066,689,21,3,1211.35
2067,689,12,3,2203.19
2068,690,27,1,285.56
2069,690,36,2,87.7
2070,691,13,1,2446.23
2071,691,32,1,31.92
2072,691,10,3,482.47
2073,691,26,2,2411.16
2074,691,14,2,2467.06
2075,692,4,3,2029.54
2076,692,29,3,2411.43
2077,692,32,3,31.92
2078,693,38,3,1595.02
2079,694,1,3,2433.7
2080,694,3,2,2060.53
2081,694,11,3,664.17
2082,694,34,1,90.62
2083,695,11,2,664.17
2084,696,23,2,556.61
2085,697,21,1,1211.35
2086,697,37,3,933.72
2087,698,9,2,615.62
2088,698,19,1,592.91
2089,699,30,3,1422.18
2090,699,3,2,2060.53
2091,699,19,3,592.91
2092,700,13,1,2446.23
2093,701,5,3,1174.24
2094,701,23,3,556.61
2095,702,1,3,2433.7
2096,703,32,2,31.92
2097,704,33,2,1331.91
2098,704,8,1,1311.65
2099,704,24,1,995.09
2100,704,36,3,87.7
2101,705,24,2,995.09
2102,705,17,2,2384.83
2103,705,7,2,1335.9
2104,706,12,1,2203.19
2105,706,3,2,2060.53
2106,706,11,3,664.17
2107,706,9,2,615.62
2108,707,39,1,1007.34
2109,707,25,1,871.54
2110,708,9,3,615.62
2111,708,37,1,933.72
2112,708,28,2,1944.42
2113,708,25,3,871.54
2114,709,37,3,933.72
2115,710,21,2,1211.35
2116,710,6,1,2402.91
2117,710,1,3,2433.7
2118,711,4,3,2029.54
2119,712,18,2,732.4
2120,712,12,2,2203.19
2121,712,30,3,1422.18
2122,713,17,3,2384.83
2123,713,7,3,1335.9
2124,713,27,3,285.56
2125,714,39,2,1007.34
2126,714,23,1,556.61
2127,714,4,1,2029.54
2128,715,5,1,1174.24
2129,715,36,3,87.7
2130,716,34,1,90.62
2131,716,3,2,2060.53
2132,716,12,2,2203.19
2133,716,36,1,87.7
2134,716,10,3,482.47
2135,717,36,3,87.7
2136,717,11,1,664.17
2137,717,5,3,1174.24
2138,717,1,2,2433.7
2139,717,40,2,469.27
2140,718,22,3,2088.57
2141,718,24,1,995.09
2142,718,5,1,1174.24
2143,718,8,2,1311.65
2144,719,30,1,1422.18
2145,719,15,3,118.33
2146,719,40,2,469.27
2147,720,7,3,1335.9
2148,720,31,3,1716.1
2149,721,33,2,1331.91
2150,721,9,1,615.62
2151,721,1,2,2433.7
2152,721,19,3,592.91
2153,722,39,2,1007.34
2154,722,14,1,2467.06
2155,722,8,1,1311.65
2156,722,27,2,285.56
2157,722,2,2,1179.75
2158,723,15,1,118.33
2159,723,29,3,2411.43
2160,723,23,3,556.61
2161,723,22,2,2088.57
2162,724,10,3,482.47
2163,724,19,2,592.91
2164,725,4,2,2029.54
2165,725,18,1,732.4
2166,726,16,3,1223.3
2167,726,30,2,1422.18
2168,726,18,3,732.4
2169,726,38,2,1595.02
2170,726,21,3,1211.35
2171,727,3,1,2060.53
2172,727,36,2,87.7
2173,727,33,2,1331.91
2174,727,21,3,1211.35
2175,728,25,2,871.54
2176,728,6,2,2402.91
2177,728,40,2,469.27
2178,729,13,2,2446.23
2179,729,4,3,2029.54
2180,729,27,3,285.56
2181,730,16,1,1223.3
2182,731,23,3,556.61
2183,731,36,3,87.7
2184,731,21,2,1211.35
2185,732,25,1,871.54
2186,732,4,2,2029.54
2187,732,7,2,1335.9
2188,733,20,2,364.82
2189,734,28,3,1944.42
2190,734,10,2,482.47
2191,734,15,3,118.33
2192,734,27,1,285.56
2193,735,32,2,31.92
2194,735,16,3,1223.3
2195,735,5,2,1174.24
2196,735,9,2,615.62
2197,736,1,1,2433.7
2198,736,11,2,664.17
2199,736,31,3,1716.1
2200,737,5,1,1174.24
2201,737,11,1,664.17
2202,737,13,3,2446.23
2203,738,9,1,615.62
2204,738,31,2,1716.1
2205,739,18,2,732.4
2206,739,30,2,1422.18
2207,740,24,2,995.09
2208,740,26,3,2411.16
2209,740,12,1,2203.19
2210,740,35,2,1308.17
2211,740,28,2,1944.42
2212,741,40,1,469.27
2213,742,11,3,664.17
2214,742,9,2,615.62
2215,743,30,1,1422.18
2216,743,20,1,364.82
2217,743,3,3,2060.53
2218,744,4,2,2029.54
2219,744,10,1,482.47
2220,744,40,2,469.27
2221,745,7,2,1335.9
2222,745,22,3,2088.57
2223,745,15,1,118.33
2224,745,20,2,364.82
2225,746,6,2,2402.91
2226,746,2,3,1179.75
2227,746,3,2,2060.53
2228,746,10,3,482.47
2229,747,13,2,2446.23
2230,747,2,3,1179.75
2231,747,6,3,2402.91
2232,748,16,1,1223.3
2233,748,18,2,732.4
2234,749,9,3,615.62
2235,749,19,3,592.91
2236,749,33,1,1331.91
2237,750,5,3,1174.24
2238,750,1,3,2433.7
2239,750,33,3,1331.91
2240,750,8,2,1311.65
2241,750,31,1,1716.1
2242,751,16,3,1223.3
2243,751,21,1,1211.35
2244,751,7,3,1335.9
2245,752,30,2,1422.18
2246,752,20,2,364.82
2247,752,31,3,1716.1
2248,752,36,2,87.7
2249,752,24,1,995.09
2250,753,38,2,1595.02
2251,753,27,1,285.56
2252,753,14,1,2467.06
2253,754,30,2,1422.18
2254,754,22,3,2088.57
2255,754,34,3,90.62
2256,754,28,3,1944.42
2257,754,17,2,2384.83
2258,755,26,3,2411.16
2259,755,17,2,2384.83
2260,755,21,2,1211.35
2261,755,22,2,2088.57
2262,755,7,2,1335.9
2263,756,7,3,1335.9
2264,756,5,3,1174.24
2265,756,22,3,2088.57
2266,756,17,1,2384.83
2267,756,20,3,364.82
2268,757,23,2,556.61
2269,758,7,2,1335.9
2270,758,1,2,2433.7
2271,758,13,1,2446.23
2272,759,16,2,1223.3
2273,759,33,2,1331.91
2274,759,17,3,2384.83
2275,759,38,2,1595.02
2276,760,5,3,1174.24
2277,760,27,2,285.56
2278,760,33,2,1331.91
2279,761,30,2,1422.18
2280,761,28,3,1944.42
2281,761,29,2,2411.43
2282,762,20,2,364.82
2283,763,20,1,364.82
2284,764,31,3,1716.1
2285,764,8,3,1311.65
2286,765,39,2,1007.34
2287,765,29,2,2411.43
2288,766,8,2,1311.65
2289,766,25,2,871.54
2290,767,4,1,2029.54
2291,767,34,2,90.62
2292,767,1,2,2433.7
2293,767,7,1,1335.9
2294,768,16,2,1223.3
2295,768,10,2,482.47
2296,769,15,1,118.33
2297,770,29,1,2411.43
2298,771,12,2,2203.19
2299,771,29,1,2411.43
2300,771,10,3,482.47
2301,771,38,1,1595.02
2302,772,19,3,592.91
2303,772,23,2,556.61
2304,772,26,3,2411.16
2305,772,10,3,482.47
2306,773,23,1,556.61
2307,773,3,1,2060.53
2308,773,25,3,871.54
2309,773,35,3,1308.17
2310,774,22,2,2088.57
2311,775,12,2,2203.19
2312,775,29,2,2411.43
2313,775,7,3,1335.9
2314,775,25,3,871.54
2315,776,36,1,87.7
2316,777,3,1,2060.53
2317,777,9,2,615.62
2318,778,23,1,556.61
2319,778,11,1,664.17
2320,778,20,1,364.82
2321,779,36,1,87.7
2322,779,38,2,1595.02
2323,779,5,3,1174.24
2324,779,28,3,1944.42
2325,779,22,1,2088.57
2326,780,1,3,2433.7
2327,781,10,1,482.47
2328,781,15,2,118.33
2329,781,4,3,2029.54
2330,781,34,3,90.62
2331,782,5,3,1174.24
2332,782,12,1,2203.19
2333,782,8,3,1311.65
2334,782,4,3,2029.54
2335,783,23,3,556.61
2336,783,5,2,1174.24
2337,784,3,1,2060.53
2338,784,15,3,118.33
2339,785,22,1,2088.57
2340,785,6,3,2402.91
2341,785,16,1,1223.3
2342,785,21,1,1211.35
2343,786,18,2,732.4
2344,787,36,3,87.7
2345,787,40,1,469.27
2346,787,21,1,1211.35
2347,788,37,3,933.72
2348,788,16,3,1223.3
2349,789,28,2,1944.42
2350,789,8,1,1311.65
2351,789,25,2,871.54
2352,789,1,2,2433.7
2353,789,37,3,933.72
2354,790,15,1,118.33
2355,790,40,3,469.27
2356,790,20,1,364.82
2357,791,12,2,2203.19
2358,791,31,1,1716.1
2359,791,7,3,1335.9
2360,792,2,3,1179.75
2361,792,23,2,556.61
2362,792,22,1,2088.57
2363,793,9,3,615.62
2364,794,23,2,556.61
2365,794,15,2,118.33
2366,794,20,2,364.82
2367,795,32,2,31.92
2368,795,5,2,1174.24
2369,795,39,1,1007.34
2370,795,16,2,1223.3
2371,795,37,2,933.72
2372,796,10,3,482.47
2373,796,33,1,1331.91
2374,796,2,3,1179.75
2375,797,31,1,1716.1
2376,798,30,3,1422.18
2377,798,17,3,2384.83
2378,798,26,1,2411.16
2379,798,12,3,2203.19
2380,798,10,2,482.47
2381,799,27,1,285.56
2382,799,2,1,1179.75
2383,800,20,1,364.82
2384,800,36,3,87.7
2385,801,11,2,664.17
2386,801,26,3,2411.16
2387,801,14,3,2467.06
2388,801,38,1,1595.02
2389,802,7,2,1335.9
2390,802,9,1,615.62
2391,802,39,2,1007.34
2392,802,25,3,871.54
2393,803,36,2,87.7
2394,804,36,1,87.7
2395,804,25,3,871.54
2396,804,5,2,1174.24
2397,804,30,2,1422.18
2398,804,3,1,2060.53
2399,805,30,3,1422.18
2400,805,19,3,592.91
2401,805,10,3,482.47
2402,805,37,2,933.72
2403,805,12,1,2203.19
2404,806,17,1,2384.83
2405,807,13,2,2446.23
2406,807,20,3,364.82
2407,807,36,1,87.7
2408,808,16,1,1223.3
2409,808,28,3,1944.42
2410,808,15,1,118.33
2411,808,33,2,1331.91
2412,808,37,2,933.72
2413,809,32,3,31.92
2414,809,12,3,2203.19
2415,810,6,1,2402.91
2416,810,21,2,1211.35
2417,810,11,3,664.17
2418,811,5,1,1174.24
2419,812,37,2,933.72
2420,813,34,3,90.62
2421,814,13,3,2446.23
2422,814,23,3,556.61
2423,815,24,2,995.09
2424,815,40,2,469.27
2425,816,33,2,1331.91
2426,816,22,3,2088.57
2427,816,12,1,2203.19
2428,817,33,2,1331.91
2429,818,16,1,1223.3
2430,819,34,3,90.62
2431,819,7,1,1335.9
2432,819,15,1,118.33
2433,819,33,2,1331.91
2434,820,12,2,2203.19
2435,820,1,1,2433.7
2436,820,15,3,118.33
2437,820,40,1,469.27
2438,820,32,1,31.92
2439,821,36,1,87.7
2440,821,25,2,871.54
2441,821,18,2,732.4
2442,821,29,1,2411.43
2443,821,2,3,1179.75
2444,822,22,2,2088.57
2445,822,36,3,87.7
2446,822,1,1,2433.7
2447,822,11,1,664.17
2448,822,39,1,1007.34
2449,823,1,3,2433.7
2450,824,30,3,1422.18
2451,824,3,3,2060.53
2452,824,13,3,2446.23
2453,824,24,3,995.09
2454,824,37,3,933.72
2455,825,26,3,2411.16
2456,825,25,1,871.54
2457,826,14,1,2467.06
2458,827,9,3,615.62
2459,827,5,2,1174.24
2460,828,3,2,2060.53
2461,828,33,1,1331.91
2462,828,37,3,933.72
2463,829,38,3,1595.02
2464,830,12,1,2203.19
2465,831,8,2,1311.65
2466,831,14,2,2467.06
2467,831,7,3,1335.9
2468,832,13,2,2446.23
2469,832,23,1,556.61
2470,833,17,1,2384.83
2471,833,8,2,1311.65
2472,833,39,1,1007.34
2473,833,36,1,87.7
2474,833,31,1,1716.1
2475,834,4,2,2029.54
2476,834,24,3,995.09
2477,835,30,2,1422.18
2478,835,28,2,1944.42
2479,835,12,3,2203.19
2480,835,39,3,1007.34
2481,835,13,2,2446.23
2482,836,1,1,2433.7
2483,836,31,1,1716.1
2484,836,27,2,285.56
2485,836,16,1,1223.3
2486,837,22,3,2088.57
2487,837,34,3,90.62
2488,838,30,1,1422.18
2489,838,23,2,556.61
2490,838,34,2,90.62
2491,838,9,2,615.62
2492,839,40,3,469.27
2493,839,13,2,2446.23
2494,839,26,2,2411.16
2495,839,25,2,871.54
2496,839,11,3,664.17
2497,840,2,2,1179.75
2498,840,22,1,2088.57
2499,840,3,3,2060.53
2500,840,12,2,2203.19
2501,841,19,3,592.91
2502,841,26,1,2411.16
2503,841,12,3,2203.19
2504,841,34,3,90.62
2505,841,13,1,2446.23
2506,842,7,2,1335.9
2507,842,37,3,933.72
2508,842,12,1,2203.19
2509,843,40,2,469.27
2510,843,31,2,1716.1
2511,843,14,2,2467.06
2512,844,37,3,933.72
2513,845,18,2,732.4
2514,846,39,3,1007.34
2515,846,28,1,1944.42
2516,846,27,1,285.56
2517,847,8,1,1311.65
2518,847,12,3,2203.19
2519,847,31,1,1716.1
2520,847,9,1,615.62
2521,847,27,1,285.56
2522,848,27,1,285.56
2523,848,5,3,1174.24
2524,848,13,3,2446.23
2525,849,35,1,1308.17
2526,849,28,1,1944.42
2527,849,31,1,1716.1
2528,850,32,3,31.92
2529,850,31,3,1716.1
2530,850,37,1,933.72
2531,850,23,3,556.61
2532,850,24,1,995.09
2533,851,10,1,482.47
2534,851,34,3,90.62
2535,851,15,1,118.33
2536,851,11,1,664.17
2537,851,1,1,2433.7
2538,852,35,1,1308.17
2539,852,8,2,1311.65
2540,852,10,3,482.47
2541,853,31,3,1716.1
2542,853,30,2,1422.18
2543,854,24,1,995.09
2544,854,34,2,90.62
2545,854,39,1,1007.34
2546,854,33,1,1331.91
2547,855,14,2,2467.06
2548,855,18,2,732.4
2549,855,34,1,90.62
2550,855,27,3,285.56
2551,855,15,2,118.33
2552,856,2,1,1179.75
2553,857,2,1,1179.75
2554,857,29,3,2411.43
2555,857,6,1,2402.91
2556,857,40,1,469.27
2557,857,9,1,615.62
2558,858,15,3,118.33
2559,858,2,3,1179.75
2560,858,21,1,1211.35
2561,858,26,1,2411.16
2562,858,8,1,1311.65
2563,859,27,2,285.56
2564,859,26,1,2411.16
2565,859,6,1,2402.91
2566,859,35,1,1308.17
2567,859,32,1,31.92
2568,860,39,2,1007.34
2569,860,18,3,732.4
2570,860,15,2,118.33
2571,861,30,1,1422.18
2572,861,34,2,90.62
2573,861,10,2,482.47
2574,862,3,2,2060.53
2575,862,12,1,2203.19
2576,862,40,3,469.27
2577,862,8,1,1311.65
2578,862,4,1,2029.54
2579,863,18,3,732.4
2580,864,29,2,2411.43
2581,864,2,2,1179.75
2582,865,26,2,2411.16
2583,866,31,1,1716.1
2584,866,22,3,2088.57
2585,866,27,1,285.56
2586,866,21,3,1211.35
2587,866,36,3,87.7
2588,867,2,3,1179.75
2589,867,33,2,1331.91
2590,868,27,2,285.56
2591,868,5,2,1174.24
2592,868,18,2,732.4
2593,868,37,1,933.72
2594,868,11,2,664.17
2595,869,30,3,1422.18
2596,869,20,2,364.82
2597,869,2,3,1179.75
2598,869,31,1,1716.1
2599,870,34,2,90.62
2600,870,3,1,2060.53
2601,870,21,3,1211.35
2602,870,36,3,87.7
2603,870,17,3,2384.83
2604,871,40,2,469.27
2605,871,39,3,1007.34
2606,871,28,3,1944.42
2607,871,36,1,87.7
2608,871,29,1,2411.43
2609,872,33,1,1331.91
2610,872,30,1,1422.18
2611,872,13,3,2446.23
2612,873,29,1,2411.43
2613,873,23,2,556.61
2614,874,29,3,2411.43
2615,874,6,3,2402.91
2616,875,27,1,285.56
2617,875,3,3,2060.53
2618,875,36,3,87.7
2619,875,4,2,2029.54
2620,875,38,2,1595.02
2621,876,21,3,1211.35
2622,876,33,3,1331.91
2623,876,38,3,1595.02
2624,876,11,1,664.17
2625,877,19,1,592.91
2626,877,7,3,1335.9
2627,878,6,3,2402.91
2628,878,1,2,2433.7
2629,879,27,3,285.56
2630,879,11,3,664.17
2631,879,28,1,1944.42
2632,879,29,3,2411.43
2633,879,36,3,87.7
2634,880,18,3,732.4
2635,880,4,3,2029.54
2636,880,26,3,2411.16
2637,880,35,2,1308.17
2638,881,28,3,1944.42
2639,881,19,3,592.91
2640,881,12,2,2203.19
2641,881,7,2,1335.9
2642,881,15,3,118.33
2643,882,38,1,1595.02
2644,882,34,3,90.62
2645,882,22,3,2088.57
2646,882,27,2,285.56
2647,882,35,3,1308.17
2648,883,6,3,2402.91
2649,884,22,3,2088.57
2650,885,16,2,1223.3
2651,885,17,1,2384.83
2652,885,31,1,1716.1
2653,886,6,2,2402.91
2654,886,32,3,31.92
2655,886,18,1,732.4
2656,886,28,2,1944.42
2657,886,8,3,1311.65
2658,887,26,2,2411.16
2659,887,14,3,2467.06
2660,888,36,2,87.7
2661,888,13,1,2446.23
2662,888,12,1,2203.19
2663,889,19,1,592.91
2664,890,35,2,1308.17
2665,890,19,1,592.91
2666,890,39,1,1007.34
2667,890,10,3,482.47
2668,890,37,1,933.72
2669,891,22,2,2088.57
2670,891,1,3,2433.7
2671,891,31,3,1716.1
2672,892,9,1,615.62
2673,892,10,3,482.47
2674,892,18,3,732.4
2675,892,29,1,2411.43
2676,892,38,2,1595.02
2677,893,38,1,1595.02
2678,893,3,3,2060.53
2679,893,8,1,1311.65
2680,894,10,3,482.47
2681,894,33,3,1331.91
2682,894,21,1,1211.35
2683,894,35,1,1308.17
2684,894,17,3,2384.83
2685,895,21,3,1211.35
2686,895,31,2,1716.1
2687,896,35,3,1308.17
2688,896,30,1,1422.18
2689,896,18,3,732.4
2690,896,37,2,933.72
2691,897,29,1,2411.43
2692,897,5,2,1174.24
2693,897,28,1,1944.42
2694,897,11,2,664.17
2695,898,32,1,31.92
2696,898,1,2,2433.7
2697,898,7,2,1335.9
2698,898,22,2,2088.57
2699,899,26,3,2411.16
2700,899,22,1,2088.57
2701,899,1,2,2433.7
2702,899,10,1,482.47
2703,899,31,3,1716.1
2704,900,13,1,2446.23
2705,901,25,2,871.54
2706,901,32,2,31.92
2707,901,19,2,592.91
2708,901,33,2,1331.91
2709,901,39,2,1007.34
2710,902,3,2,2060.53
2711,902,16,2,1223.3
2712,902,1,3,2433.7
2713,902,34,2,90.62
2714,903,19,1,592.91
2715,903,16,1,1223.3
2716,903,33,2,1331.91
2717,903,8,1,1311.65
2718,903,38,1,1595.02
2719,904,12,2,2203.19
2720,904,4,2,2029.54
2721,904,18,2,732.4
2722,904,8,1,1311.65
2723,904,1,2,2433.7
2724,905,10,3,482.47
2725,905,2,3,1179.75
2726,905,15,1,118.33
2727,905,33,3,1331.91
2728,906,6,3,2402.91
2729,907,32,3,31.92
2730,907,20,3,364.82
2731,907,10,1,482.47
2732,907,3,3,2060.53
2733,907,21,2,1211.35
2734,908,39,3,1007.34
2735,908,7,3,1335.9
2736,908,5,2,1174.24
2737,909,8,1,1311.65
2738,909,4,2,2029.54
2739,909,15,1,118.33
2740,909,22,2,2088.57
2741,910,10,3,482.47
2742,911,39,2,1007.34
2743,911,16,1,1223.3
2744,911,10,2,482.47
2745,912,30,1,1422.18
2746,912,36,1,87.7
2747,912,21,1,1211.35
2748,913,20,3,364.82
2749,913,10,2,482.47
2750,913,33,3,1331.91
2751,913,5,3,1174.24
2752,913,28,3,1944.42
2753,914,35,1,1308.17
2754,914,22,3,2088.57
2755,915,12,3,2203.19
2756,916,20,1,364.82
2757,916,32,2,31.92
2758,916,24,2,995.09
2759,917,40,3,469.27
2760,918,14,3,2467.06
2761,918,16,1,1223.3
2762,918,40,2,469.27
2763,918,8,1,1311.65
2764,918,30,1,1422.18
2765,919,27,3,285.56
2766,919,25,1,871.54
2767,920,19,2,592.91
2768,921,30,3,1422.18
2769,921,9,3,615.62
2770,921,1,3,2433.7
2771,921,17,2,2384.83
2772,921,29,2,2411.43
2773,922,20,1,364.82
2774,922,36,3,87.7
2775,922,10,1,482.47
2776,923,4,2,2029.54
2777,924,39,1,1007.34
2778,924,24,1,995.09
2779,924,13,1,2446.23
2780,924,9,2,615.62
2781,924,22,1,2088.57
2782,925,23,1,556.61
2783,925,40,3,469.27
2784,926,35,2,1308.17
2785,926,25,2,871.54
2786,926,28,1,1944.42
2787,927,27,1,285.56
2788,927,11,2,664.17
2789,927,33,3,1331.91
2790,928,8,3,1311.65
2791,928,40,2,469.27
2792,929,9,2,615.62
2793,929,27,1,285.56
2794,930,19,3,592.91
2795,930,8,2,1311.65
2796,930,26,3,2411.16
2797,931,18,2,732.4
2798,932,21,2,1211.35
2799,933,21,1,1211.35
2800,934,19,1,592.91
2801,934,28,3,1944.42
2802,934,31,1,1716.1
2803,935,13,1,2446.23
2804,935,20,3,364.82
2805,935,1,1,2433.7
2806,935,25,3,871.54
2807,936,36,3,87.7
2808,936,11,1,664.17
2809,936,6,3,2402.91
2810,937,34,1,90.62
2811,937,13,1,2446.23
2812,937,36,3,87.7
2813,937,3,1,2060.53
2814,937,17,2,2384.83
2815,938,12,2,2203.19
2816,938,28,2,1944.42
2817,938,14,1,2467.06
2818,938,39,1,1007.34
2819,938,25,2,871.54
2820,939,22,2,2088.57
2821,940,10,2,482.47
2822,941,35,2,1308.17
2823,941,18,3,732.4
2824,942,37,3,933.72
2825,943,37,2,933.72
2826,943,10,1,482.47
2827,943,26,2,2411.16
2828,944,26,1,2411.16
2829,945,33,3,1331.91
2830,945,13,1,2446.23
2831,945,20,2,364.82
2832,945,38,2,1595.02
2833,946,10,1,482.47
2834,947,32,1,31.92
2835,947,34,3,90.62
2836,947,33,1,1331.91
2837,947,15,3,118.33
2838,948,4,1,2029.54
2839,948,2,1,1179.75
2840,948,16,2,1223.3
2841,948,3,3,2060.53
2842,948,1,3,2433.7
2843,949,4,2,2029.54
2844,949,6,1,2402.91
2845,949,17,1,2384.83
2846,950,34,3,90.62
2847,951,8,3,1311.65
2848,951,23,1,556.61
2849,951,24,3,995.09
2850,952,16,2,1223.3
2851,952,33,2,1331.91
2852,953,11,3,664.17
2853,954,12,1,2203.19
2854,955,32,3,31.92
2855,955,11,1,664.17
2856,955,23,1,556.61
2857,956,29,2,2411.43
2858,956,26,2,2411.16
2859,956,37,1,933.72
2860,956,8,2,1311.65
2861,957,27,1,285.56
2862,957,15,1,118.33
2863,957,8,3,1311.65
2864,957,33,2,1331.91
2865,957,6,3,2402.91
2866,958,12,1,2203.19
2867,958,29,2,2411.43
2868,959,20,1,364.82
2869,960,33,1,1331.91
2870,961,18,2,732.4
2871,961,26,1,2411.16
2872,961,4,3,2029.54
2873,961,33,3,1331.91
2874,962,3,2,2060.53
2875,963,39,2,1007.34
2876,963,14,1,2467.06
2877,963,2,2,1179.75
2878,963,38,2,1595.02
2879,964,12,3,2203.19
2880,965,22,2,2088.57
2881,965,27,3,285.56
2882,966,40,3,469.27
2883,966,30,3,1422.18
2884,967,4,3,2029.54
2885,967,25,1,871.54
2886,967,39,3,1007.34
2887,967,23,1,556.61
2888,968,38,3,1595.02
2889,968,15,2,118.33
2890,968,22,2,2088.57
2891,968,30,3,1422.18
2892,969,31,1,1716.1
2893,969,12,1,2203.19
2894,969,17,1,2384.83
2895,970,23,1,556.61
2896,970,35,3,1308.17
2897,970,29,3,2411.43
2898,971,8,3,1311.65
2899,971,29,1,2411.43
2900,971,20,2,364.82
2901,971,33,2,1331.91
2902,971,27,3,285.56
2903,972,35,2,1308.17
2904,973,21,1,1211.35
2905,973,31,1,1716.1
2906,974,23,1,556.61
2907,974,9,2,615.62
2908,974,12,2,2203.19
2909,975,21,1,1211.35
2910,976,2,1,1179.75
2911,976,27,2,285.56
2912,976,16,3,1223.3
2913,977,23,1,556.61
2914,977,12,3,2203.19
2915,977,17,3,2384.83
2916,977,21,3,1211.35
2917,977,37,1,933.72
2918,978,16,3,1223.3
2919,978,10,1,482.47
2920,978,17,3,2384.83
2921,978,7,1,1335.9
2922,979,19,1,592.91
2923,979,14,1,2467.06
2924,979,21,3,1211.35
2925,980,14,2,2467.06
2926,981,17,1,2384.83
2927,981,36,1,87.7
2928,981,19,3,592.91
2929,981,18,1,732.4
2930,982,40,1,469.27
2931,982,37,1,933.72
2932,982,18,1,732.4
2933,983,29,2,2411.43
2934,983,3,2,2060.53
2935,983,19,1,592.91
2936,983,13,3,2446.23
2937,983,34,1,90.62
2938,984,3,3,2060.53
2939,984,15,2,118.33
2940,985,40,1,469.27
2941,986,5,1,1174.24
2942,986,6,2,2402.91
2943,986,10,1,482.47
2944,986,28,3,1944.42
2945,986,35,3,1308.17
2946,987,12,1,2203.19
2947,987,35,2,1308.17
2948,987,1,2,2433.7
2949,988,33,1,1331.91
2950,988,19,2,592.91
2951,989,33,3,1331.91
2952,989,4,2,2029.54
2953,989,14,3,2467.06
2954,989,3,2,2060.53
2955,989,40,1,469.27
2956,990,37,1,933.72
2957,990,31,3,1716.1
2958,990,14,2,2467.06
2959,991,37,1,933.72
2960,991,26,1,2411.16
2961,991,19,3,592.91
2962,991,22,1,2088.57
2963,991,40,2,469.27
2964,992,6,1,2402.91
2965,992,1,2,2433.7
2966,992,9,3,615.62
2967,992,2,3,1179.75
2968,993,30,3,1422.18
2969,993,10,2,482.47
2970,994,9,2,615.62
2971,994,36,3,87.7
2972,994,40,2,469.27
2973,994,17,3,2384.83
2974,995,36,2,87.7
2975,995,32,1,31.92
2976,996,34,1,90.62
2977,996,15,2,118.33
2978,996,6,2,2402.91
2979,997,9,1,615.62
2980,997,35,1,1308.17
2981,997,14,1,2467.06
2982,997,30,2,1422.18
2983,997,10,3,482.47
2984,998,24,3,995.09
2985,998,12,1,2203.19
2986,999,7,2,1335.9
2987,999,15,2,118.33
2988,1000,8,3,1311.65
2989,1000,3,3,2060.53
2990,1000,40,1,469.27
2991,1000,22,1,2088.57
2992,1001,22,3,2088.57
2993,1001,13,1,2446.23
2994,1001,10,1,482.47
2995,1002,34,2,90.62
2996,1002,24,1,995.09
2997,1002,23,2,556.61
2998,1003,24,1,995.09
2999,1003,7,3,1335.9
3000,1003,28,2,1944.42
3001,1003,29,1,2411.43
3002,1003,30,3,1422.18
3003,1004,40,2,469.27
3004,1005,12,2,2203.19
3005,1005,9,1,615.62
3006,1005,30,3,1422.18
3007,1005,38,1,1595.02
3008,1005,24,3,995.09
3009,1006,1,2,2433.7
3010,1006,34,2,90.62
3011,1007,1,1,2433.7
3012,1007,19,1,592.91
3013,1008,5,3,1174.24
3014,1008,11,1,664.17
3015,1009,33,2,1331.91
3016,1009,12,1,2203.19
3017,1009,21,2,1211.35
3018,1009,2,2,1179.75
3019,1010,19,3,592.91
3020,1010,34,3,90.62
3021,1010,26,1,2411.16
3022,1010,32,3,31.92
3023,1010,15,1,118.33
3024,1011,14,1,2467.06
3025,1011,24,3,995.09
3026,1012,27,2,285.56
3027,1013,27,1,285.56
3028,1013,19,2,592.91
3029,1013,13,2,2446.23
3030,1013,1,2,2433.7
3031,1014,27,1,285.56
3032,1014,13,3,2446.23
3033,1015,22,1,2088.57
3034,1016,4,2,2029.54
3035,1017,29,1,2411.43
3036,1017,9,2,615.62
3037,1017,4,3,2029.54
3038,1017,40,3,469.27
3039,1017,34,1,90.62
3040,1018,20,2,364.82
3041,1019,16,3,1223.3
3042,1019,35,3,1308.17
3043,1020,21,1,1211.35
3044,1020,10,1,482.47
3045,1020,35,2,1308.17
3046,1021,30,3,1422.18
3047,1021,9,2,615.62
3048,1021,22,3,2088.57
3049,1021,31,3,1716.1
3050,1021,5,1,1174.24
3051,1022,21,1,1211.35
3052,1022,38,1,1595.02
3053,1023,16,2,1223.3
3054,1023,25,1,871.54
3055,1023,28,3,1944.42
3056,1024,9,3,615.62
3057,1024,29,3,2411.43
3058,1025,32,2,31.92
3059,1026,14,2,2467.06
3060,1026,18,3,732.4
3061,1027,21,2,1211.35
3062,1027,23,2,556.61
3063,1027,34,1,90.62
3064,1028,28,3,1944.42
3065,1028,34,2,90.62
3066,1028,25,2,871.54
3067,1029,33,3,1331.91
3068,1029,10,2,482.47
3069,1029,36,3,87.7
3070,1029,4,1,2029.54
3071,1030,19,2,592.91
3072,1030,26,3,2411.16
3073,1030,2,3,1179.75
3074,1031,31,1,1716.1
3075,1031,40,2,469.27
3076,1032,29,1,2411.43
3077,1032,6,1,2402.91
3078,1033,20,1,364.82
3079,1033,34,1,90.62
3080,1033,32,1,31.92
3081,1033,23,1,556.61
3082,1033,28,3,1944.42
3083,1034,19,2,592.91
3084,1034,17,2,2384.83
3085,1035,19,3,592.91
3086,1035,6,1,2402.91
3087,1036,34,1,90.62
3088,1037,6,3,2402.91
3089,1037,11,3,664.17
3090,1037,4,1,2029.54
3091,1038,14,2,2467.06
3092,1038,2,3,1179.75
3093,1038,17,2,2384.83
3094,1038,39,1,1007.34
3095,1038,38,3,1595.02
3096,1039,13,2,2446.23
3097,1039,20,3,364.82
3098,1039,4,2,2029.54
3099,1039,28,1,1944.42
3100,1039,16,3,1223.3
3101,1040,16,3,1223.3
3102,1040,28,2,1944.42
3103,1041,21,2,1211.35
3104,1041,3,3,2060.53
3105,1041,39,2,1007.34
3106,1041,7,2,1335.9
3107,1041,36,1,87.7
3108,1042,4,3,2029.54
3109,1043,1,2,2433.7
3110,1043,22,3,2088.57
3111,1043,2,1,1179.75
3112,1043,25,1,871.54
3113,1044,2,3,1179.75
3114,1044,31,1,1716.1
3115,1044,16,1,1223.3
3116,1044,32,3,31.92
3117,1044,12,3,2203.19
3118,1045,1,2,2433.7
3119,1046,40,3,469.27
3120,1046,21,1,1211.35
3121,1047,26,3,2411.16
3122,1047,16,3,1223.3
3123,1047,30,1,1422.18
3124,1048,2,3,1179.75
3125,1049,39,1,1007.34
3126,1049,5,1,1174.24
3127,1049,8,3,1311.65
3128,1049,14,2,2467.06
3129,1050,12,2,2203.19
3130,1050,21,1,1211.35
3131,1051,13,3,2446.23
3132,1051,25,2,871.54
3133,1051,38,2,1595.02
3134,1051,33,2,1331.91
3135,1052,33,1,1331.91
3136,1053,36,2,87.7
3137,1053,30,1,1422.18
3138,1053,16,3,1223.3
3139,1054,29,3,2411.43
3140,1054,11,3,664.17
3141,1054,36,2,87.7
3142,1054,3,1,2060.53
3143,1055,20,2,364.82
3144,1055,27,1,285.56
3145,1055,24,1,995.09
3146,1056,9,3,615.62
3147,1056,1,3,2433.7
3148,1056,40,3,469.27
3149,1057,31,2,1716.1
3150,1057,5,2,1174.24
3151,1058,6,2,2402.91
3152,1059,39,2,1007.34
3153,1059,22,2,2088.57
3154,1059,31,2,1716.1
3155,1059,9,2,615.62
3156,1060,7,2,1335.9
3157,1061,29,3,2411.43
3158,1061,8,1,1311.65
3159,1061,14,3,2467.06
3160,1062,33,1,1331.91
3161,1063,17,1,2384.83
3162,1063,12,2,2203.19
3163,1063,10,2,482.47
3164,1063,2,1,1179.75
3165,1063,1,3,2433.7
3166,1064,15,1,118.33
3167,1065,40,1,469.27
3168,1066,17,1,2384.83
3169,1067,30,3,1422.18
3170,1067,13,1,2446.23
3171,1067,15,3,118.33
3172,1067,34,1,90.62
3173,1067,20,2,364.82
3174,1068,31,3,1716.1
3175,1069,29,1,2411.43
3176,1069,38,3,1595.02
3177,1069,20,2,364.82
3178,1069,19,1,592.91
3179,1069,13,1,2446.23
3180,1070,21,1,1211.35
3181,1070,23,2,556.61
3182,1070,10,1,482.47
3183,1071,4,2,2029.54
3184,1071,30,1,1422.18
3185,1072,8,3,1311.65
3186,1072,33,1,1331.91
3187,1072,25,2,871.54
3188,1073,6,2,2402.91
3189,1073,31,1,1716.1
3190,1073,23,2,556.61
3191,1073,37,3,933.72
3192,1073,39,1,1007.34
3193,1074,18,2,732.4
3194,1074,9,2,615.62
3195,1074,11,1,664.17
3196,1074,17,2,2384.83
3197,1074,35,1,1308.17
3198,1075,6,2,2402.91
3199,1075,30,2,1422.18
3200,1075,17,3,2384.83
3201,1076,6,3,2402.91
3202,1076,29,2,2411.43
3203,1077,37,2,933.72
3204,1077,16,1,1223.3
3205,1078,9,2,615.62
3206,1078,19,2,592.91
3207,1078,10,2,482.47
3208,1079,16,2,1223.3
3209,1079,32,1,31.92
3210,1079,29,2,2411.43
3211,1079,39,1,1007.34
3212,1079,26,1,2411.16
3213,1080,3,1,2060.53
3214,1080,25,1,871.54
3215,1080,14,1,2467.06
3216,1081,24,3,995.09
3217,1081,31,3,1716.1
3218,1081,13,1,2446.23
3219,1081,36,1,87.7
3220,1082,27,2,285.56
3221,1082,36,2,87.7
3222,1082,23,1,556.61
3223,1082,21,2,1211.35
3224,1082,18,2,732.4
3225,1083,34,1,90.62
3226,1083,11,3,664.17
3227,1083,16,1,1223.3
3228,1083,20,1,364.82
3229,1084,40,3,469.27
3230,1084,39,3,1007.34
3231,1084,37,3,933.72
3232,1084,19,3,592.91
3233,1085,28,3,1944.42
3234,1085,16,1,1223.3
3235,1085,5,1,1174.24
3236,1086,29,1,2411.43
3237,1086,24,1,995.09
3238,1087,4,1,2029.54
3239,1087,28,3,1944.42
3240,1088,27,1,285.56
3241,1088,1,2,2433.7
3242,1088,20,2,364.82
3243,1089,14,3,2467.06
3244,1089,9,2,615.62
3245,1090,14,3,2467.06
3246,1090,33,1,1331.91
3247,1090,23,1,556.61
3248,1091,2,3,1179.75
3249,1092,4,1,2029.54
3250,1092,19,2,592.91
3251,1092,21,3,1211.35
3252,1092,40,2,469.27
3253,1092,35,1,1308.17
3254,1093,31,1,1716.1
3255,1093,25,2,871.54
3256,1094,38,2,1595.02
3257,1094,34,2,90.62
3258,1095,26,1,2411.16
3259,1095,22,1,2088.57
3260,1095,34,1,90.62
3261,1096,12,2,2203.19
3262,1096,22,1,2088.57
3263,1096,7,3,1335.9
3264,1096,19,2,592.91
3265,1096,25,1,871.54
3266,1097,21,3,1211.35
3267,1097,13,1,2446.23
3268,1097,17,2,2384.83
3269,1097,23,2,556.61
3270,1098,4,3,2029.54
3271,1099,27,3,285.56
3272,1099,5,1,1174.24
3273,1100,8,1,1311.65
3274,1101,31,3,1716.1
3275,1102,19,2,592.91
3276,1102,7,1,1335.9
3277,1102,40,3,469.27
3278,1103,8,2,1311.65
3279,1103,9,3,615.62
3280,1103,17,3,2384.83
3281,1103,31,1,1716.1
3282,1103,27,2,285.56
3283,1104,11,2,664.17
3284,1104,29,1,2411.43
3285,1104,16,3,1223.3
3286,1104,38,1,1595.02
3287,1105,18,2,732.4
3288,1105,20,1,364.82
3289,1105,2,1,1179.75
3290,1106,18,3,732.4
3291,1106,23,1,556.61
3292,1107,35,2,1308.17
3293,1108,17,1,2384.83
3294,1108,31,1,1716.1
3295,1109,10,1,482.47
3296,1109,8,2,1311.65
3297,1110,28,3,1944.42
3298,1110,26,1,2411.16
3299,1110,14,1,2467.06
3300,1111,34,3,90.62
3301,1112,14,1,2467.06
3302,1112,34,2,90.62
3303,1112,27,1,285.56
3304,1112,22,3,2088.57
3305,1113,29,2,2411.43
3306,1113,27,1,285.56
3307,1113,24,2,995.09
3308,1114,36,3,87.7
3309,1115,17,3,2384.83
3310,1116,27,3,285.56
3311,1116,20,1,364.82
3312,1116,35,1,1308.17
3313,1116,6,3,2402.91
3314,1117,18,3,732.4
3315,1117,8,1,1311.65
3316,1118,11,2,664.17
3317,1118,12,1,2203.19
3318,1118,26,1,2411.16
3319,1118,6,1,2402.91
3320,1119,9,3,615.62
3321,1119,28,2,1944.42
3322,1119,21,1,1211.35
3323,1120,28,3,1944.42
3324,1120,29,1,2411.43
3325,1120,19,2,592.91
3326,1120,27,1,285.56
3327,1120,2,3,1179.75
3328,1121,29,1,2411.43
3329,1122,6,1,2402.91
3330,1122,36,3,87.7
3331,1122,23,3,556.61
3332,1123,25,2,871.54
3333,1123,23,3,556.61
3334,1123,9,3,615.62
3335,1123,27,2,285.56
3336,1124,36,2,87.7
3337,1124,8,2,1311.65
3338,1124,37,2,933.72
3339,1125,16,3,1223.3
3340,1125,17,2,2384.83
3341,1125,22,1,2088.57
3342,1125,7,1,1335.9
3343,1126,31,2,1716.1
3344,1126,19,1,592.91
3345,1126,3,3,2060.53
3346,1126,35,2,1308.17
3347,1126,9,1,615.62
3348,1127,15,2,118.33
3349,1128,37,2,933.72
3350,1128,25,1,871.54
3351,1128,2,3,1179.75
3352,1128,31,1,1716.1
3353,1129,30,2,1422.18
3354,1129,29,3,2411.43
3355,1129,32,2,31.92
3356,1130,22,3,2088.57
3357,1130,38,1,1595.02
3358,1130,20,2,364.82
3359,1130,12,1,2203.19
3360,1130,25,1,871.54
3361,1131,18,3,732.4
3362,1131,29,3,2411.43
3363,1131,12,2,2203.19
3364,1132,39,2,1007.34
3365,1132,27,2,285.56
3366,1132,1,3,2433.7
3367,1132,20,2,364.82
3368,1133,39,2,1007.34
3369,1133,10,2,482.47
3370,1133,28,3,1944.42
3371,1133,40,3,469.27
3372,1133,35,2,1308.17
3373,1134,21,2,1211.35
3374,1134,38,3,1595.02
3375,1134,7,1,1335.9
3376,1134,32,2,31.92
3377,1135,19,1,592.91
3378,1135,11,1,664.17
3379,1135,27,1,285.56
3380,1135,21,1,1211.35
3381,1135,7,3,1335.9
3382,1136,19,3,592.91
3383,1136,33,2,1331.91
3384,1136,3,1,2060.53
3385,1136,26,2,2411.16
3386,1137,17,1,2384.83
3387,1137,10,3,482.47
3388,1137,40,1,469.27
3389,1137,24,2,995.09
3390,1138,6,3,2402.91
3391,1139,38,3,1595.02
3392,1139,31,3,1716.1
3393,1139,24,2,995.09
3394,1139,19,2,592.91
3395,1139,28,1,1944.42
3396,1140,32,3,31.92
3397,1140,25,2,871.54
3398,1140,38,2,1595.02
3399,1140,33,1,1331.91
3400,1141,5,3,1174.24
3401,1141,4,1,2029.54
3402,1141,37,1,933.72
3403,1142,40,3,469.27
3404,1142,21,2,1211.35
3405,1142,11,2,664.17
3406,1142,17,3,2384.83
3407,1143,7,3,1335.9
3408,1143,11,3,664.17
3409,1143,16,3,1223.3
3410,1143,26,3,2411.16
3411,1144,7,1,1335.9
3412,1144,33,2,1331.91
3413,1144,3,1,2060.53
3414,1145,9,3,615.62
3415,1145,26,2,2411.16
3416,1145,33,2,1331.91
3417,1146,39,2,1007.34
3418,1146,40,1,469.27
3419,1147,26,3,2411.16
3420,1147,18,3,732.4
3421,1148,37,1,933.72
3422,1148,24,1,995.09
3423,1148,18,3,732.4
3424,1149,7,1,1335.9
3425,1149,1,3,2433.7
3426,1149,3,3,2060.53
3427,1149,40,2,469.27
3428,1149,35,2,1308.17
3429,1150,3,1,2060.53
3430,1150,34,3,90.62
3431,1150,30,3,1422.18
3432,1150,39,2,1007.34
3433,1150,16,2,1223.3
3434,1151,39,1,1007.34
3435,1152,13,3,2446.23
3436,1152,38,2,1595.02
3437,1153,21,3,1211.35
3438,1153,9,3,615.62
3439,1153,1,2,2433.7
3440,1154,27,2,285.56
3441,1154,10,2,482.47
3442,1154,8,1,1311.65
3443,1154,36,3,87.7
3444,1155,29,3,2411.43
3445,1156,37,3,933.72
3446,1157,40,2,469.27
3447,1157,33,3,1331.91
3448,1157,22,3,2088.57
3449,1158,19,3,592.91
3450,1158,1,1,2433.7
3451,1158,12,3,2203.19
3452,1158,20,2,364.82
3453,1159,16,3,1223.3
3454,1160,22,2,2088.57
3455,1160,40,1,469.27
3456,1160,7,1,1335.9
3457,1160,8,2,1311.65
3458,1161,20,2,364.82
3459,1161,40,3,469.27
3460,1161,26,2,2411.16
3461,1161,1,1,2433.7
3462,1162,22,2,2088.57
3463,1162,29,2,2411.43
3464,1162,7,1,1335.9
3465,1162,8,3,1311.65
3466,1162,17,3,2384.83
3467,1163,13,2,2446.23
3468,1163,14,3,2467.06
3469,1164,28,3,1944.42
3470,1165,20,2,364.82
3471,1165,2,1,1179.75
3472,1165,8,3,1311.65
3473,1165,23,3,556.61
3474,1165,37,1,933.72
3475,1166,2,3,1179.75
3476,1167,30,3,1422.18
3477,1168,39,3,1007.34
3478,1168,29,1,2411.43
3479,1168,11,2,664.17
3480,1169,11,2,664.17
3481,1169,31,2,1716.1
3482,1169,37,1,933.72
3483,1170,15,3,118.33
3484,1170,17,3,2384.83
3485,1171,14,1,2467.06
3486,1171,6,2,2402.91
3487,1171,19,1,592.91
3488,1171,18,2,732.4
3489,1171,22,2,2088.57
3490,1172,12,2,2203.19
3491,1172,18,1,732.4
3492,1172,23,2,556.61
3493,1172,33,3,1331.91
3494,1172,8,3,1311.65
3495,1173,31,2,1716.1
3496,1173,19,2,592.91
3497,1173,22,3,2088.57
3498,1173,10,1,482.47
3499,1174,27,3,285.56
3500,1174,32,1,31.92
3501,1174,39,1,1007.34
3502,1174,7,3,1335.9
3503,1174,30,2,1422.18
3504,1175,11,1,664.17
3505,1175,36,2,87.7
3506,1175,14,2,2467.06
3507,1175,8,1,1311.65
3508,1175,7,3,1335.9
3509,1176,39,2,1007.34
3510,1176,31,2,1716.1
3511,1176,32,2,31.92
3512,1177,29,3,2411.43
3513,1178,12,2,2203.19
3514,1178,32,1,31.92
3515,1179,14,1,2467.06
3516,1179,34,1,90.62
3517,1180,36,1,87.7
3518,1180,6,2,2402.91
3519,1180,8,3,1311.65
3520,1181,19,1,592.91
3521,1181,36,2,87.7
3522,1181,9,3,615.62
3523,1181,23,2,556.61
3524,1181,7,1,1335.9
3525,1182,5,1,1174.24
3526,1182,18,2,732.4
3527,1182,1,1,2433.7
3528,1182,17,1,2384.83
3529,1182,7,1,1335.9
3530,1183,21,2,1211.35
3531,1183,40,2,469.27
3532,1183,5,1,1174.24
3533,1183,16,3,1223.3
3534,1183,10,3,482.47
3535,1184,38,3,1595.02
3536,1184,6,2,2402.91
3537,1184,39,2,1007.34
3538,1185,40,1,469.27
3539,1185,14,2,2467.06
3540,1185,24,2,995.09
3541,1186,32,2,31.92
3542,1186,30,1,1422.18
3543,1186,25,3,871.54
3544,1187,18,1,732.4
3545,1188,40,3,469.27
3546,1188,35,3,1308.17
3547,1189,29,2,2411.43
3548,1189,24,2,995.09
3549,1189,1,1,2433.7
3550,1189,18,1,732.4
3551,1190,22,2,2088.57
3552,1191,26,3,2411.16
3553,1191,30,2,1422.18
3554,1192,5,1,1174.24
3555,1192,29,3,2411.43
3556,1192,32,2,31.92
3557,1193,27,1,285.56
3558,1194,3,3,2060.53
3559,1194,6,2,2402.91
3560,1194,7,2,1335.9
3561,1194,17,2,2384.83
3562,1194,4,2,2029.54
3563,1195,38,3,1595.02
3564,1195,10,3,482.47
3565,1196,9,2,615.62
3566,1196,18,2,732.4
3567,1197,16,1,1223.3
3568,1197,9,2,615.62
3569,1197,7,2,1335.9
3570,1198,11,3,664.17
3571,1198,20,1,364.82
3572,1198,34,3,90.62
3573,1199,30,1,1422.18
3574,1199,21,2,1211.35
3575,1200,12,1,2203.19
3576,1201,15,2,118.33
3577,1201,33,1,1331.91
3578,1202,6,3,2402.91
3579,1202,4,2,2029.54
3580,1202,13,3,2446.23
3581,1202,40,3,469.27
3582,1203,31,3,1716.1
3583,1203,28,3,1944.42
3584,1203,2,1,1179.75
3585,1203,15,2,118.33
3586,1203,13,2,2446.23
3587,1204,32,1,31.92
3588,1204,18,1,732.4
3589,1205,1,1,2433.7
3590,1205,10,3,482.47
3591,1205,9,1,615.62
3592,1205,31,1,1716.1
3593,1206,6,3,2402.91
3594,1206,16,2,1223.3
3595,1206,23,1,556.61
3596,1206,25,1,871.54
3597,1206,11,2,664.17
3598,1207,23,1,556.61
3599,1207,34,2,90.62
3600,1207,35,1,1308.17
3601,1208,10,2,482.47
3602,1208,14,1,2467.06
3603,1209,27,3,285.56
3604,1210,14,3,2467.06
3605,1211,13,1,2446.23
3606,1211,10,1,482.47
3607,1211,33,3,1331.91
3608,1211,3,3,2060.53
3609,1211,26,3,2411.16
3610,1212,27,2,285.56
3611,1213,28,1,1944.42
3612,1213,24,3,995.09
3613,1213,10,3,482.47
3614,1213,11,2,664.17
3615,1214,1,2,2433.7
3616,1214,31,2,1716.1
3617,1214,4,3,2029.54
3618,1215,9,1,615.62
3619,1216,37,2,933.72
3620,1216,8,3,1311.65
3621,1216,10,2,482.47
3622,1217,13,3,2446.23
3623,1217,24,1,995.09
3624,1217,4,1,2029.54
3625,1217,32,1,31.92
3626,1218,14,2,2467.06
3627,1219,5,1,1174.24
3628,1219,32,1,31.92
3629,1219,40,2,469.27
3630,1219,27,3,285.56
3631,1219,29,3,2411.43
3632,1220,30,1,1422.18
3633,1220,12,2,2203.19
3634,1221,4,3,2029.54
3635,1221,2,1,1179.75
3636,1222,36,2,87.7
3637,1222,9,2,615.62
3638,1222,10,1,482.47
3639,1222,33,2,1331.91
3640,1223,37,2,933.72
3641,1224,9,3,615.62
3642,1224,27,2,285.56
3643,1225,33,2,1331.91
3644,1225,22,2,2088.57
3645,1225,36,3,87.7
3646,1225,26,2,2411.16
3647,1226,8,1,1311.65
3648,1226,14,2,2467.06
3649,1226,28,1,1944.42
3650,1226,40,1,469.27
3651,1226,29,2,2411.43
3652,1227,31,2,1716.1
3653,1227,39,3,1007.34
3654,1227,12,1,2203.19
3655,1227,18,3,732.4
3656,1227,25,3,871.54
3657,1228,18,2,732.4
3658,1228,25,2,871.54
3659,1228,14,2,2467.06
3660,1228,11,1,664.17
3661,1228,2,1,1179.75
3662,1229,23,2,556.61
3663,1229,8,3,1311.65
3664,1229,26,3,2411.16
3665,1229,37,1,933.72
3666,1229,4,1,2029.54
3667,1230,29,1,2411.43
3668,1230,13,3,2446.23
3669,1230,21,2,1211.35
3670,1230,16,3,1223.3
3671,1230,30,3,1422.18
3672,1231,14,3,2467.06
3673,1231,32,2,31.92
3674,1231,19,3,592.91
3675,1231,13,2,2446.23
3676,1231,21,1,1211.35
3677,1232,7,3,1335.9
3678,1232,26,3,2411.16
3679,1232,9,2,615.62
3680,1232,23,1,556.61
3681,1232,21,1,1211.35
3682,1233,38,3,1595.02
3683,1233,28,2,1944.42
3684,1233,40,3,469.27
3685,1234,36,3,87.7
3686,1235,19,1,592.91
3687,1235,6,2,2402.91
3688,1235,24,3,995.09
3689,1236,13,1,2446.23
3690,1236,10,3,482.47
3691,1237,13,3,2446.23
3692,1237,17,1,2384.83
3693,1237,35,3,1308.17
3694,1238,35,3,1308.17
3695,1238,14,2,2467.06
3696,1238,5,1,1174.24
3697,1238,29,3,2411.43
3698,1239,20,2,364.82
3699,1239,32,2,31.92
3700,1239,35,1,1308.17
3701,1239,31,3,1716.1
3702,1239,40,3,469.27
3703,1240,30,2,1422.18
3704,1240,15,1,118.33
3705,1240,17,2,2384.83
3706,1241,2,3,1179.75
3707,1241,29,1,2411.43
3708,1242,8,2,1311.65
3709,1242,25,1,871.54
3710,1243,3,2,2060.53
3711,1243,28,2,1944.42
3712,1243,11,1,664.17
3713,1243,29,3,2411.43
3714,1243,22,1,2088.57
3715,1244,37,3,933.72
3716,1245,31,1,1716.1
3717,1245,29,2,2411.43
3718,1246,39,2,1007.34
3719,1247,5,1,1174.24
3720,1247,8,2,1311.65
3721,1247,1,2,2433.7
3722,1247,4,1,2029.54
3723,1247,36,2,87.7
3724,1248,14,2,2467.06
3725,1248,8,1,1311.65
3726,1248,6,3,2402.91
3727,1248,7,1,1335.9
3728,1248,39,3,1007.34
3729,1249,4,3,2029.54
3730,1249,21,2,1211.35
3731,1249,9,3,615.62
3732,1249,10,2,482.47
3733,1250,30,1,1422.18
3734,1251,24,2,995.09
3735,1251,23,3,556.61
3736,1251,9,1,615.62
3737,1251,40,3,469.27
3738,1251,8,1,1311.65
3739,1252,22,3,2088.57
3740,1252,9,1,615.62
3741,1252,11,2,664.17
3742,1253,40,3,469.27
3743,1254,7,3,1335.9
3744,1254,12,2,2203.19
3745,1254,6,3,2402.91
3746,1255,37,1,933.72
3747,1255,15,3,118.33
3748,1256,29,1,2411.43
3749,1256,33,3,1331.91
3750,1256,26,3,2411.16
3751,1256,9,2,615.62
3752,1257,13,1,2446.23
3753,1257,39,3,1007.34
3754,1258,3,3,2060.53
3755,1258,17,2,2384.83
3756,1258,19,2,592.91
3757,1259,9,2,615.62
3758,1259,2,3,1179.75
3759,1259,6,3,2402.91
3760,1259,10,2,482.47
3761,1259,18,2,732.4
3762,1260,29,1,2411.43
3763,1260,1,1,2433.7
3764,1260,39,2,1007.34
3765,1260,24,1,995.09
3766,1260,22,1,2088.57
3767,1261,29,3,2411.43
3768,1262,35,3,1308.17
3769,1262,18,3,732.4
3770,1262,31,1,1716.1
3771,1262,16,3,1223.3
3772,1262,29,1,2411.43
3773,1263,20,2,364.82
3774,1263,21,2,1211.35
3775,1263,37,3,933.72
3776,1264,32,1,31.92
3777,1264,23,3,556.61
3778,1264,25,3,871.54
3779,1265,39,1,1007.34
3780,1265,31,2,1716.1
3781,1265,26,2,2411.16
3782,1265,25,3,871.54
3783,1266,31,3,1716.1
3784,1266,40,1,469.27
3785,1266,37,3,933.72
3786,1266,30,3,1422.18
3787,1266,33,3,1331.91
3788,1267,35,1,1308.17
3789,1268,22,1,2088.57
3790,1268,16,2,1223.3
3791,1268,11,1,664.17
3792,1268,12,2,2203.19
3793,1268,21,3,1211.35
3794,1269,10,1,482.47
3795,1269,25,3,871.54
3796,1269,32,3,31.92
3797,1269,13,2,2446.23
3798,1270,19,3,592.91
3799,1270,32,3,31.92
3800,1270,1,2,2433.7
3801,1270,2,2,1179.75
3802,1270,33,3,1331.91
3803,1271,17,2,2384.83
3804,1272,14,3,2467.06
3805,1272,34,3,90.62
3806,1272,24,2,995.09
3807,1272,29,2,2411.43
3808,1272,6,2,2402.91
3809,1273,18,2,732.4
3810,1273,7,1,1335.9
3811,1273,10,3,482.47
3812,1273,13,2,2446.23
3813,1273,15,2,118.33
3814,1274,33,1,1331.91
3815,1274,11,3,664.17
3816,1274,6,1,2402.91
3817,1275,3,1,2060.53
3818,1275,38,1,1595.02
3819,1275,21,2,1211.35
3820,1275,10,1,482.47
3821,1275,15,1,118.33
3822,1276,6,3,2402.91
3823,1276,38,2,1595.02
3824,1277,36,1,87.7
3825,1277,31,2,1716.1
3826,1277,32,1,31.92
3827,1278,35,3,1308.17
3828,1278,15,2,118.33
3829,1279,20,2,364.82
3830,1279,25,1,871.54
3831,1279,24,3,995.09
3832,1279,21,2,1211.35
3833,1280,18,1,732.4
3834,1280,15,3,118.33
3835,1280,27,3,285.56
3836,1280,39,3,1007.34
3837,1280,19,3,592.91
3838,1281,19,3,592.91
3839,1281,28,1,1944.42
3840,1281,1,2,2433.7
3841,1282,20,1,364.82
3842,1283,10,1,482.47
3843,1284,24,2,995.09
3844,1284,38,1,1595.02
3845,1284,16,3,1223.3
3846,1284,27,3,285.56
3847,1285,20,1,364.82
3848,1286,39,1,1007.34
3849,1286,33,3,1331.91
3850,1287,4,1,2029.54
3851,1288,25,2,871.54
3852,1288,22,1,2088.57
3853,1288,29,1,2411.43
3854,1289,30,1,1422.18
3855,1289,36,1,87.7
3856,1289,13,1,2446.23
3857,1290,3,2,2060.53
3858,1291,18,2,732.4
3859,1291,20,1,364.82
3860,1291,8,2,1311.65
3861,1291,39,1,1007.34
3862,1292,6,1,2402.91
3863,1292,12,2,2203.19
3864,1292,22,1,2088.57
3865,1292,37,2,933.72
3866,1293,8,1,1311.65
3867,1293,34,1,90.62
3868,1293,22,1,2088.57
3869,1293,2,1,1179.75
3870,1293,13,3,2446.23
3871,1294,35,3,1308.17
3872,1294,21,1,1211.35
3873,1294,14,3,2467.06
3874,1295,28,1,1944.42
3875,1295,36,1,87.7
3876,1295,37,3,933.72
3877,1295,3,2,2060.53
3878,1296,20,2,364.82
3879,1296,27,2,285.56
3880,1296,17,2,2384.83
3881,1296,6,3,2402.91
3882,1296,40,3,469.27
3883,1297,21,1,1211.35
3884,1298,19,2,592.91
3885,1298,1,1,2433.7
3886,1298,26,1,2411.16
3887,1299,12,1,2203.19
3888,1299,6,1,2402.91
3889,1300,2,2,1179.75
3890,1300,14,2,2467.06
3891,1301,15,1,118.33
3892,1301,23,2,556.61
3893,1302,32,1,31.92
3894,1303,21,1,1211.35
3895,1303,24,3,995.09
3896,1303,17,1,2384.83
3897,1303,9,1,615.62
3898,1304,31,2,1716.1
3899,1305,12,3,2203.19
3900,1305,10,2,482.47
3901,1305,28,2,1944.42
3902,1305,21,1,1211.35
3903,1306,23,3,556.61
3904,1306,38,1,1595.02
3905,1306,39,2,1007.34
3906,1306,10,1,482.47
3907,1307,28,2,1944.42
3908,1307,19,3,592.91
3909,1307,31,3,1716.1
3910,1307,14,3,2467.06
3911,1307,20,2,364.82
3912,1308,20,1,364.82
3913,1308,24,2,995.09
3914,1308,16,3,1223.3
3915,1308,34,3,90.62
3916,1308,33,3,1331.91
3917,1309,18,3,732.4
3918,1310,30,3,1422.18
3919,1310,18,3,732.4
3920,1310,23,3,556.61
3921,1310,10,3,482.47
3922,1310,22,2,2088.57
3923,1311,32,3,31.92
3924,1311,33,2,1331.91
3925,1311,28,1,1944.42
3926,1311,15,1,118.33
3927,1312,31,1,1716.1
3928,1312,37,1,933.72
3929,1313,15,1,118.33
3930,1313,9,2,615.62
3931,1313,2,2,1179.75
3932,1313,31,2,1716.1
3933,1314,8,3,1311.65
3934,1314,31,3,1716.1
3935,1314,21,3,1211.35
3936,1314,5,3,1174.24
3937,1315,3,3,2060.53
3938,1315,21,1,1211.35
3939,1315,24,2,995.09
3940,1315,4,2,2029.54
3941,1315,23,2,556.61
3942,1316,12,2,2203.19
3943,1316,8,1,1311.65
3944,1317,24,1,995.09
3945,1317,26,1,2411.16
3946,1317,31,3,1716.1
3947,1317,8,2,1311.65
3948,1317,38,1,1595.02
3949,1318,2,2,1179.75
3950,1319,6,2,2402.91
3951,1319,27,3,285.56
3952,1319,29,1,2411.43
3953,1320,25,3,871.54
3954,1320,8,2,1311.65
3955,1320,28,2,1944.42
3956,1320,15,3,118.33
3957,1321,11,1,664.17
3958,1321,2,1,1179.75
3959,1321,9,3,615.62
3960,1321,3,3,2060.53
3961,1322,22,3,2088.57
3962,1322,28,3,1944.42
3963,1323,34,2,90.62
3964,1323,20,2,364.82
3965,1324,16,2,1223.3
3966,1324,7,3,1335.9
3967,1324,22,2,2088.57
3968,1325,35,2,1308.17
3969,1325,28,1,1944.42
3970,1325,10,1,482.47
3971,1325,7,3,1335.9
3972,1325,3,3,2060.53
3973,1326,18,2,732.4
3974,1326,1,2,2433.7
3975,1326,40,2,469.27
3976,1326,6,1,2402.91
3977,1327,11,1,664.17
3978,1327,36,1,87.7
3979,1327,25,3,871.54
3980,1328,30,1,1422.18
3981,1328,31,1,1716.1
3982,1328,23,1,556.61
3983,1328,39,3,1007.34
3984,1329,8,2,1311.65
3985,1329,2,3,1179.75
3986,1330,1,2,2433.7
3987,1330,16,2,1223.3
3988,1330,24,3,995.09
3989,1330,17,2,2384.83
3990,1330,37,1,933.72
3991,1331,25,3,871.54
3992,1331,22,1,2088.57
3993,1331,6,3,2402.91
3994,1331,39,1,1007.34
3995,1332,17,2,2384.83
3996,1332,38,3,1595.02
3997,1333,14,3,2467.06
3998,1334,2,3,1179.75
3999,1334,1,3,2433.7
4000,1334,21,3,1211.35
4001,1334,31,2,1716.1
4002,1335,30,1,1422.18
4003,1335,7,1,1335.9
4004,1335,10,1,482.47
4005,1336,30,1,1422.18
4006,1336,9,1,615.62
4007,1336,6,3,2402.91
4008,1336,35,2,1308.17
4009,1337,7,1,1335.9
4010,1337,22,2,2088.57
4011,1337,34,2,90.62
4012,1337,35,3,1308.17
4013,1337,29,3,2411.43
4014,1338,26,2,2411.16
4015,1339,33,3,1331.91
4016,1340,19,2,592.91
4017,1340,27,1,285.56
4018,1340,9,3,615.62
4019,1341,1,3,2433.7
4020,1341,12,1,2203.19
4021,1342,21,1,1211.35
4022,1342,19,2,592.91
4023,1342,32,2,31.92
4024,1343,8,2,1311.65
4025,1343,26,1,2411.16
4026,1343,23,1,556.61
4027,1344,2,2,1179.75
4028,1345,35,1,1308.17
4029,1345,33,1,1331.91
4030,1345,10,2,482.47
4031,1345,39,1,1007.34
4032,1346,40,1,469.27
4033,1346,27,1,285.56
4034,1346,13,3,2446.23
4035,1347,4,3,2029.54
4036,1347,29,3,2411.43
4037,1347,9,2,615.62
4038,1348,21,3,1211.35
4039,1349,9,1,615.62
4040,1349,22,3,2088.57
4041,1349,21,2,1211.35
4042,1349,26,3,2411.16
4043,1350,20,2,364.82
4044,1350,16,3,1223.3
4045,1350,2,1,1179.75
4046,1350,13,3,2446.23
4047,1351,15,2,118.33
4048,1351,34,1,90.62
4049,1352,38,1,1595.02
4050,1352,34,1,90.62
4051,1352,1,1,2433.7
4052,1353,35,2,1308.17
4053,1354,9,2,615.62
4054,1354,18,1,732.4
4055,1355,30,3,1422.18
4056,1355,27,3,285.56
4057,1355,15,1,118.33
4058,1355,34,1,90.62
4059,1355,10,3,482.47
4060,1356,12,1,2203.19
4061,1356,16,2,1223.3
4062,1357,18,2,732.4
4063,1358,2,2,1179.75
4064,1358,33,1,1331.91
4065,1358,9,1,615.62
4066,1359,11,1,664.17
4067,1360,6,2,2402.91
4068,1361,30,1,1422.18
4069,1361,38,1,1595.02
4070,1362,25,2,871.54
4071,1362,9,1,615.62
4072,1362,3,1,2060.53
4073,1362,36,2,87.7
4074,1362,12,3,2203.19
4075,1363,30,1,1422.18
4076,1363,33,2,1331.91
4077,1364,3,2,2060.53
4078,1364,30,1,1422.18
4079,1364,10,1,482.47
4080,1364,39,2,1007.34
4081,1365,20,3,364.82
4082,1366,36,3,87.7
4083,1366,34,2,90.62
4084,1366,28,3,1944.42
4085,1366,7,3,1335.9
4086,1366,32,1,31.92
4087,1367,29,2,2411.43
4088,1367,6,1,2402.91
4089,1367,37,1,933.72
4090,1367,1,1,2433.7
4091,1367,30,1,1422.18
4092,1368,21,3,1211.35
4093,1368,17,1,2384.83
4094,1368,22,3,2088.57
4095,1368,19,1,592.91
4096,1369,40,2,469.27
4097,1369,26,2,2411.16
4098,1369,29,1,2411.43
4099,1369,11,3,664.17
4100,1369,32,2,31.92
4101,1370,18,1,732.4
4102,1370,2,2,1179.75
4103,1370,15,1,118.33
4104,1370,20,1,364.82
4105,1370,7,2,1335.9
4106,1371,29,3,2411.43
4107,1371,22,3,2088.57
4108,1371,20,2,364.82
4109,1371,39,2,1007.34
4110,1372,26,3,2411.16
4111,1372,24,3,995.09
4112,1372,21,2,1211.35
4113,1373,17,2,2384.83
4114,1373,30,3,1422.18
4115,1373,1,3,2433.7
4116,1373,23,2,556.61
4117,1374,2,1,1179.75
4118,1374,26,2,2411.16
4119,1374,31,2,1716.1
4120,1375,5,1,1174.24
4121,1375,4,1,2029.54
4122,1375,38,2,1595.02
4123,1375,33,3,1331.91
4124,1375,8,2,1311.65
4125,1376,21,1,1211.35
4126,1376,27,2,285.56
4127,1377,35,2,1308.17
4128,1377,23,3,556.61
4129,1378,18,2,732.4
4130,1378,16,1,1223.3
4131,1378,13,2,2446.23
4132,1378,7,2,1335.9
4133,1379,33,2,1331.91
4134,1379,29,3,2411.43
4135,1379,6,3,2402.91
4136,1380,28,1,1944.42
4137,1381,38,2,1595.02
4138,1381,24,3,995.09
4139,1381,11,1,664.17
4140,1381,40,2,469.27
4141,1381,35,1,1308.17
4142,1382,37,1,933.72
4143,1382,26,3,2411.16
4144,1382,38,2,1595.02
4145,1382,15,2,118.33
4146,1382,22,3,2088.57
4147,1383,11,3,664.17
4148,1383,32,3,31.92
4149,1384,28,2,1944.42
4150,1384,38,2,1595.02
4151,1384,29,2,2411.43
4152,1384,16,3,1223.3
4153,1384,14,1,2467.06
4154,1385,7,1,1335.9
4155,1385,28,3,1944.42
4156,1385,39,3,1007.34
4157,1385,25,3,871.54
4158,1385,1,1,2433.7
4159,1386,38,2,1595.02
4160,1386,26,3,2411.16
4161,1386,36,1,87.7
4162,1386,3,2,2060.53
4163,1387,6,1,2402.91
4164,1387,20,1,364.82
4165,1387,31,2,1716.1
4166,1387,22,2,2088.57
4167,1387,26,2,2411.16
4168,1388,20,2,364.82
4169,1388,39,3,1007.34
4170,1389,19,2,592.91
4171,1390,8,1,1311.65
4172,1390,17,3,2384.83
4173,1391,27,1,285.56
4174,1391,37,3,933.72
4175,1391,14,2,2467.06
4176,1392,11,1,664.17
4177,1392,14,3,2467.06
4178,1392,5,1,1174.24
4179,1392,24,3,995.09
4180,1392,35,2,1308.17
4181,1393,32,1,31.92
4182,1393,1,2,2433.7
4183,1393,20,1,364.82
4184,1393,13,2,2446.23
4185,1393,34,2,90.62
4186,1394,6,1,2402.91
4187,1395,17,3,2384.83
4188,1395,1,2,2433.7
4189,1396,29,3,2411.43
4190,1396,14,1,2467.06
4191,1396,18,2,732.4
4192,1396,7,1,1335.9
4193,1397,29,1,2411.43
4194,1397,20,2,364.82
4195,1398,4,3,2029.54
4196,1398,15,1,118.33
4197,1398,39,1,1007.34
4198,1398,7,1,1335.9
4199,1398,36,1,87.7
4200,1399,21,1,1211.35
4201,1399,17,1,2384.83
4202,1399,29,3,2411.43
4203,1399,37,2,933.72
4204,1399,22,2,2088.57
4205,1400,22,2,2088.57
4206,1401,31,2,1716.1
4207,1401,8,3,1311.65
4208,1401,1,3,2433.7
4209,1401,27,1,285.56
4210,1402,35,2,1308.17
4211,1402,20,2,364.82
4212,1403,22,1,2088.57
4213,1403,4,3,2029.54
4214,1404,39,2,1007.34
4215,1405,27,3,285.56
4216,1405,22,2,2088.57
4217,1405,16,1,1223.3
4218,1405,7,3,1335.9
4219,1406,4,3,2029.54
4220,1406,38,2,1595.02
4221,1406,36,1,87.7
4222,1407,33,2,1331.91
4223,1407,36,2,87.7
4224,1407,9,2,615.62
4225,1408,31,3,1716.1
4226,1408,8,2,1311.65
4227,1409,38,1,1595.02
4228,1409,17,3,2384.83
4229,1409,1,3,2433.7
4230,1409,19,2,592.91
4231,1410,3,1,2060.53
4232,1411,35,2,1308.17
4233,1411,30,1,1422.18
4234,1411,24,1,995.09
4235,1411,26,3,2411.16
4236,1411,13,2,2446.23
4237,1412,10,3,482.47
4238,1412,12,2,2203.19
4239,1412,5,2,1174.24
4240,1412,38,3,1595.02
4241,1413,8,3,1311.65
4242,1413,25,1,871.54
4243,1413,16,2,1223.3
4244,1413,14,2,2467.06
4245,1413,17,2,2384.83
4246,1414,9,3,615.62
4247,1414,27,1,285.56
4248,1414,10,2,482.47
4249,1415,5,1,1174.24
4250,1415,20,3,364.82
4251,1415,40,1,469.27
4252,1415,4,1,2029.54
4253,1416,19,3,592.91
4254,1416,15,3,118.33
4255,1416,38,2,1595.02
4256,1416,14,2,2467.06
4257,1417,31,2,1716.1
4258,1418,7,3,1335.9
4259,1418,33,1,1331.91
4260,1418,22,1,2088.57
4261,1418,40,3,469.27
4262,1419,38,2,1595.02
4263,1419,18,1,732.4
4264,1419,27,1,285.56
4265,1419,6,1,2402.91
4266,1420,4,2,2029.54
4267,1420,18,3,732.4
4268,1420,11,2,664.17
4269,1420,21,2,1211.35
4270,1420,19,1,592.91
4271,1421,6,1,2402.91
4272,1421,16,2,1223.3
4273,1421,26,1,2411.16
4274,1421,37,3,933.72
4275,1421,21,3,1211.35
4276,1422,34,2,90.62
4277,1422,22,3,2088.57
4278,1423,15,3,118.33
4279,1424,25,3,871.54
4280,1425,19,1,592.91
4281,1425,4,2,2029.54
4282,1425,7,3,1335.9
4283,1425,8,1,1311.65
4284,1425,28,2,1944.42
4285,1426,16,3,1223.3
4286,1426,13,3,2446.23
4287,1427,12,2,2203.19
4288,1427,14,3,2467.06
4289,1427,30,1,1422.18
4290,1428,37,3,933.72
4291,1429,29,2,2411.43
4292,1429,36,3,87.7
4293,1429,4,2,2029.54
4294,1429,8,1,1311.65
4295,1430,38,1,1595.02
4296,1430,9,3,615.62
4297,1431,24,1,995.09
4298,1432,9,3,615.62
4299,1433,29,2,2411.43
4300,1433,8,1,1311.65
4301,1433,5,2,1174.24
4302,1433,1,3,2433.7
4303,1434,17,1,2384.83
4304,1434,33,1,1331.91
4305,1434,20,2,364.82
4306,1434,14,1,2467.06
4307,1435,7,2,1335.9
4308,1435,3,3,2060.53
4309,1435,27,2,285.56
4310,1435,26,2,2411.16
4311,1435,36,2,87.7
4312,1436,6,2,2402.91
4313,1436,26,3,2411.16
4314,1436,27,2,285.56
4315,1436,13,2,2446.23
4316,1436,38,1,1595.02
4317,1437,22,2,2088.57
4318,1437,11,2,664.17
4319,1437,23,2,556.61
4320,1437,32,3,31.92
4321,1437,28,2,1944.42
4322,1438,15,1,118.33
4323,1438,37,1,933.72
4324,1438,30,1,1422.18
4325,1439,35,2,1308.17
4326,1440,4,1,2029.54
4327,1440,15,3,118.33
4328,1440,38,1,1595.02
4329,1440,12,3,2203.19
4330,1441,17,3,2384.83
4331,1442,17,3,2384.83
4332,1443,35,3,1308.17
4333,1443,38,3,1595.02
4334,1444,33,2,1331.91
4335,1444,21,1,1211.35
4336,1444,16,2,1223.3
4337,1445,15,3,118.33
4338,1446,7,3,1335.9
4339,1446,27,2,285.56
4340,1446,33,3,1331.91
4341,1447,40,3,469.27
4342,1447,12,1,2203.19
4343,1447,14,1,2467.06
4344,1447,36,1,87.7
4345,1447,2,1,1179.75
4346,1448,37,2,933.72
4347,1448,34,3,90.62
4348,1448,29,3,2411.43
4349,1448,15,3,118.33
4350,1449,30,1,1422.18
4351,1449,39,1,1007.34
4352,1449,12,2,2203.19
4353,1449,10,2,482.47
4354,1449,20,1,364.82
4355,1450,3,2,2060.53
4356,1450,30,2,1422.18
4357,1450,27,1,285.56
4358,1450,33,3,1331.91
4359,1450,8,3,1311.65
4360,1451,6,1,2402.91
4361,1451,8,3,1311.65
4362,1451,7,1,1335.9
4363,1451,32,3,31.92
4364,1452,38,2,1595.02
4365,1452,19,3,592.91
4366,1452,29,3,2411.43
4367,1452,26,3,2411.16
4368,1453,12,1,2203.19
4369,1453,20,1,364.82
4370,1454,29,2,2411.43
4371,1454,20,2,364.82
4372,1455,23,2,556.61
4373,1455,2,2,1179.75
4374,1456,40,3,469.27
4375,1457,16,1,1223.3
4376,1457,6,2,2402.91
4377,1457,12,1,2203.19
4378,1458,30,1,1422.18
4379,1458,10,1,482.47
4380,1459,21,2,1211.35
4381,1459,4,1,2029.54
4382,1459,5,2,1174.24
4383,1459,7,3,1335.9
4384,1460,5,3,1174.24
4385,1461,25,2,871.54
4386,1461,6,2,2402.91
4387,1461,40,2,469.27
4388,1461,20,1,364.82
4389,1462,32,3,31.92
4390,1462,16,1,1223.3
4391,1462,27,2,285.56
4392,1463,20,3,364.82
4393,1463,33,3,1331.91
4394,1463,40,1,469.27
4395,1463,24,3,995.09
4396,1464,34,1,90.62
4397,1464,7,3,1335.9
4398,1464,5,2,1174.24
4399,1465,36,3,87.7
4400,1465,17,3,2384.83
4401,1466,6,3,2402.91
4402,1466,15,2,118.33
4403,1467,20,2,364.82
4404,1467,33,2,1331.91
4405,1467,37,2,933.72
4406,1467,13,3,2446.23
4407,1468,34,2,90.62
4408,1468,31,3,1716.1
4409,1468,20,3,364.82
4410,1468,8,1,1311.65
4411,1469,1,3,2433.7
4412,1470,37,3,933.72
4413,1470,4,2,2029.54
4414,1470,40,2,469.27
4415,1470,6,3,2402.91
4416,1471,28,2,1944.42
4417,1471,36,1,87.7
4418,1471,13,2,2446.23
4419,1471,16,3,1223.3
4420,1472,2,3,1179.75
4421,1473,37,2,933.72
4422,1473,40,3,469.27
4423,1474,37,2,933.72
4424,1475,31,3,1716.1
4425,1475,25,3,871.54
4426,1475,37,2,933.72
4427,1475,20,1,364.82
4428,1475,2,3,1179.75
4429,1476,33,1,1331.91
4430,1477,35,2,1308.17
4431,1478,6,3,2402.91
4432,1478,11,3,664.17
4433,1478,7,2,1335.9
4434,1478,3,1,2060.53
4435,1478,21,2,1211.35
4436,1479,10,2,482.47
4437,1479,25,1,871.54
4438,1479,22,1,2088.57
4439,1480,19,2,592.91
4440,1480,26,3,2411.16
4441,1480,12,3,2203.19
4442,1480,5,1,1174.24
4443,1481,30,2,1422.18
4444,1482,40,2,469.27
4445,1483,35,1,1308.17
4446,1483,1,2,2433.7
4447,1483,33,2,1331.91
4448,1483,4,2,2029.54
4449,1483,27,1,285.56
4450,1484,18,2,732.4
4451,1485,2,2,1179.75
4452,1485,22,2,2088.57
4453,1485,32,3,31.92
4454,1485,12,2,2203.19
4455,1486,13,2,2446.23
4456,1487,38,2,1595.02
4457,1487,3,3,2060.53
4458,1488,15,2,118.33
4459,1488,10,1,482.47
4460,1489,9,1,615.62
4461,1489,34,1,90.62
4462,1489,38,1,1595.02
4463,1490,28,3,1944.42
4464,1490,1,1,2433.7
4465,1490,3,3,2060.53
4466,1490,23,1,556.61
4467,1490,27,3,285.56
4468,1491,15,1,118.33
4469,1492,34,2,90.62
4470,1493,31,1,1716.1
4471,1493,23,2,556.61
4472,1493,25,1,871.54
4473,1493,4,1,2029.54
4474,1494,5,3,1174.24
4475,1495,26,1,2411.16
4476,1495,39,1,1007.34
4477,1495,20,3,364.82
4478,1495,16,1,1223.3
4479,1496,17,1,2384.83
4480,1497,24,2,995.09
4481,1497,7,2,1335.9
4482,1497,39,3,1007.34
4483,1498,39,1,1007.34
4484,1499,5,1,1174.24
4485,1499,32,3,31.92
4486,1499,39,2,1007.34
4487,1500,15,1,118.33
4488,1500,19,2,592.91
4489,1500,29,1,2411.43
4490,1500,34,3,90.62
4491,1501,40,3,469.27
4492,1501,20,1,364.82
4493,1501,25,3,871.54
4494,1501,31,2,1716.1
4495,1502,11,2,664.17
4496,1502,19,3,592.91
4497,1502,2,1,1179.75
4498,1502,28,1,1944.42
4499,1502,25,2,871.54
4500,1503,40,1,469.27
4501,1503,36,1,87.7
4502,1503,33,3,1331.91
4503,1503,21,2,1211.35
4504,1503,20,2,364.82
4505,1504,26,1,2411.16
4506,1504,35,1,1308.17
4507,1504,11,2,664.17
4508,1504,37,3,933.72
4509,1505,27,3,285.56
4510,1505,35,2,1308.17
4511,1506,7,1,1335.9
4512,1506,18,1,732.4
4513,1506,2,2,1179.75
4514,1506,12,1,2203.19
4515,1506,14,1,2467.06
4516,1507,24,2,995.09
4517,1507,21,2,1211.35
4518,1507,29,2,2411.43
4519,1507,9,1,615.62
4520,1508,18,1,732.4
4521,1509,18,1,732.4
4522,1509,37,2,933.72
4523,1509,39,2,1007.34
4524,1510,33,3,1331.91
4525,1511,12,3,2203.19
4526,1511,6,3,2402.91
4527,1511,31,1,1716.1
4528,1512,31,3,1716.1
4529,1512,21,1,1211.35
4530,1512,24,3,995.09
4531,1512,36,3,87.7
4532,1513,27,2,285.56
4533,1513,5,3,1174.24
4534,1513,17,3,2384.83
4535,1513,20,1,364.82
4536,1514,21,1,1211.35
4537,1514,25,2,871.54
4538,1515,19,2,592.91
4539,1515,26,1,2411.16
4540,1515,25,1,871.54
4541,1515,40,3,469.27
4542,1515,32,1,31.92
4543,1516,11,2,664.17
4544,1516,3,3,2060.53
4545,1516,30,2,1422.18
4546,1517,8,2,1311.65
4547,1517,28,1,1944.42
4548,1517,2,1,1179.75
4549,1517,17,1,2384.83
4550,1518,8,3,1311.65
4551,1518,14,3,2467.06
4552,1519,24,3,995.09
4553,1519,2,1,1179.75
4554,1519,3,3,2060.53
4555,1519,36,1,87.7
4556,1520,16,2,1223.3
4557,1521,29,1,2411.43
4558,1521,7,2,1335.9
4559,1521,8,1,1311.65
4560,1521,19,2,592.91
4561,1521,34,1,90.62
4562,1522,12,1,2203.19
4563,1523,26,2,2411.16
4564,1523,28,2,1944.42
4565,1523,39,3,1007.34
4566,1523,9,1,615.62
4567,1523,16,1,1223.3
4568,1524,16,2,1223.3
4569,1524,8,1,1311.65
4570,1524,33,1,1331.91
4571,1524,24,1,995.09
4572,1524,40,2,469.27
4573,1525,20,3,364.82
4574,1525,31,2,1716.1
4575,1526,27,2,285.56
4576,1527,19,3,592.91
4577,1528,36,1,87.7
4578,1528,8,1,1311.65
4579,1528,33,3,1331.91
4580,1529,19,1,592.91
4581,1529,30,1,1422.18
4582,1529,34,3,90.62
4583,1530,27,1,285.56
4584,1531,24,3,995.09
4585,1531,2,3,1179.75
4586,1532,36,2,87.7
4587,1533,35,2,1308.17
4588,1533,40,2,469.27
4589,1534,34,3,90.62
4590,1535,5,3,1174.24
4591,1535,24,2,995.09
4592,1536,8,2,1311.65
4593,1537,14,3,2467.06
4594,1538,37,3,933.72
4595,1538,26,1,2411.16
4596,1538,2,1,1179.75
4597,1538,7,2,1335.9
4598,1538,24,1,995.09
4599,1539,25,1,871.54
4600,1539,35,2,1308.17
4601,1539,16,3,1223.3
4602,1540,30,3,1422.18
4603,1540,12,1,2203.19
4604,1540,20,2,364.82
4605,1540,10,2,482.47
4606,1541,2,1,1179.75
4607,1541,31,3,1716.1
4608,1541,34,3,90.62
4609,1542,38,3,1595.02
4610,1542,23,1,556.61
4611,1542,30,2,1422.18
4612,1542,31,2,1716.1
4613,1543,31,1,1716.1
4614,1543,12,3,2203.19
4615,1543,8,3,1311.65
4616,1543,18,3,732.4
4617,1543,4,3,2029.54
4618,1544,16,1,1223.3
4619,1544,40,1,469.27
4620,1544,15,2,118.33
4621,1544,17,2,2384.83
4622,1545,38,2,1595.02
4623,1545,23,3,556.61
4624,1545,30,3,1422.18
4625,1546,33,1,1331.91
4626,1546,25,3,871.54
4627,1546,34,2,90.62
4628,1546,29,1,2411.43
4629,1546,5,2,1174.24
4630,1547,9,3,615.62
4631,1548,23,1,556.61
4632,1548,20,3,364.82
4633,1548,25,3,871.54
4634,1548,39,1,1007.34
4635,1549,8,2,1311.65
4636,1549,26,2,2411.16
4637,1549,19,2,592.91
4638,1549,17,2,2384.83
4639,1550,38,1,1595.02
4640,1550,1,3,2433.7
4641,1550,18,1,732.4
4642,1550,23,1,556.61
4643,1550,6,3,2402.91
4644,1551,29,3,2411.43
4645,1551,3,2,2060.53
4646,1551,32,3,31.92
4647,1551,2,3,1179.75
4648,1551,8,1,1311.65
4649,1552,30,1,1422.18
4650,1552,39,2,1007.34
4651,1552,8,3,1311.65
4652,1552,1,3,2433.7
4653,1553,31,2,1716.1
4654,1553,29,2,2411.43
4655,1554,37,3,933.72
4656,1554,16,2,1223.3
4657,1555,37,3,933.72
4658,1555,4,3,2029.54
4659,1555,26,3,2411.16
4660,1555,33,3,1331.91
4661,1555,5,1,1174.24
4662,1556,25,2,871.54
4663,1556,19,2,592.91
4664,1557,21,3,1211.35
4665,1557,1,3,2433.7
4666,1557,30,1,1422.18
4667,1558,7,1,1335.9
4668,1559,24,2,995.09
4669,1559,40,3,469.27
4670,1559,3,3,2060.53
4671,1560,37,1,933.72
4672,1561,10,1,482.47
4673,1562,40,3,469.27
4674,1562,21,1,1211.35
4675,1562,6,2,2402.91
4676,1562,32,3,31.92
4677,1562,31,3,1716.1
4678,1563,30,1,1422.18
4679,1563,24,3,995.09
4680,1563,20,2,364.82
4681,1563,3,2,2060.53
4682,1564,21,1,1211.35
4683,1564,16,1,1223.3
4684,1564,15,1,118.33
4685,1565,7,1,1335.9
4686,1565,32,2,31.92
4687,1566,40,2,469.27
4688,1566,1,2,2433.7
4689,1566,26,2,2411.16
4690,1566,8,2,1311.65
4691,1567,36,1,87.7
4692,1567,32,2,31.92
4693,1568,22,1,2088.57
4694,1568,31,3,1716.1
4695,1568,10,2,482.47
4696,1568,20,2,364.82
4697,1568,2,3,1179.75
4698,1569,21,3,1211.35
4699,1569,37,3,933.72
4700,1569,26,2,2411.16
4701,1570,3,1,2060.53
4702,1570,31,1,1716.1
4703,1571,19,1,592.91
4704,1571,8,1,1311.65
4705,1571,26,2,2411.16
4706,1572,33,3,1331.91
4707,1572,9,1,615.62
4708,1572,40,2,469.27
4709,1572,29,2,2411.43
4710,1573,32,2,31.92
4711,1573,17,1,2384.83
4712,1573,6,1,2402.91
4713,1573,3,3,2060.53
4714,1573,40,3,469.27
4715,1574,18,1,732.4
4716,1574,30,3,1422.18
4717,1574,35,1,1308.17
4718,1574,7,2,1335.9
4719,1574,8,3,1311.65
4720,1575,35,1,1308.17
4721,1575,12,3,2203.19
4722,1575,9,3,615.62
4723,1575,17,2,2384.83
4724,1575,8,2,1311.65
4725,1576,31,3,1716.1
4726,1577,40,2,469.27
4727,1577,6,1,2402.91
4728,1577,24,3,995.09
4729,1577,16,2,1223.3
4730,1577,4,1,2029.54
4731,1578,9,1,615.62
4732,1578,13,2,2446.23
4733,1578,7,3,1335.9
4734,1579,1,2,2433.7
4735,1579,18,1,732.4
4736,1579,4,3,2029.54
4737,1579,37,1,933.72
4738,1580,2,3,1179.75
4739,1580,9,3,615.62
4740,1580,18,3,732.4
4741,1581,11,3,664.17
4742,1581,37,2,933.72
4743,1581,35,2,1308.17
4744,1581,34,3,90.62
4745,1581,31,3,1716.1
4746,1582,37,3,933.72
4747,1582,21,2,1211.35
4748,1582,12,3,2203.19
4749,1583,8,2,1311.65
4750,1584,37,1,933.72
4751,1584,21,1,1211.35
4752,1584,40,2,469.27
4753,1584,28,1,1944.42
4754,1585,35,3,1308.17
4755,1586,5,2,1174.24
4756,1586,32,1,31.92
4757,1586,34,3,90.62
4758,1586,24,1,995.09
4759,1587,4,1,2029.54
4760,1587,33,1,1331.91
4761,1587,28,2,1944.42
4762,1588,18,3,732.4
4763,1589,25,2,871.54
4764,1589,9,1,615.62
4765,1590,29,3,2411.43
4766,1590,30,3,1422.18
4767,1590,34,2,90.62
4768,1590,20,3,364.82
4769,1591,6,2,2402.91
4770,1591,8,2,1311.65
4771,1591,32,3,31.92
4772,1591,3,3,2060.53
4773,1592,40,2,469.27
4774,1592,19,1,592.91
4775,1592,12,1,2203.19
4776,1593,18,1,732.4
4777,1594,2,2,1179.75
4778,1594,28,2,1944.42
4779,1595,26,1,2411.16
4780,1595,29,3,2411.43
4781,1595,28,2,1944.42
4782,1595,15,3,118.33
4783,1595,14,1,2467.06
4784,1596,20,1,364.82
4785,1596,14,3,2467.06
4786,1596,12,3,2203.19
4787,1596,33,3,1331.91
4788,1597,38,3,1595.02
4789,1597,12,1,2203.19
4790,1597,28,3,1944.42
4791,1597,15,2,118.33
4792,1598,25,2,871.54
4793,1598,33,1,1331.91
4794,1598,37,3,933.72
4795,1598,10,3,482.47
4796,1598,21,1,1211.35
4797,1599,37,2,933.72
4798,1599,40,2,469.27
4799,1599,12,3,2203.19
4800,1600,27,3,285.56
4801,1600,39,2,1007.34
4802,1600,28,3,1944.42
4803,1601,38,2,1595.02
4804,1601,17,3,2384.83
4805,1601,4,3,2029.54
4806,1601,7,2,1335.9
4807,1601,35,1,1308.17
4808,1602,9,3,615.62
4809,1602,33,2,1331.91
4810,1602,13,2,2446.23
4811,1602,29,3,2411.43
4812,1602,36,3,87.7
4813,1603,27,2,285.56
4814,1603,21,3,1211.35
4815,1603,13,2,2446.23
4816,1603,40,3,469.27
4817,1603,9,3,615.62
4818,1604,29,1,2411.43
4819,1604,40,2,469.27
4820,1604,18,2,732.4
4821,1605,26,2,2411.16
4822,1606,34,3,90.62
4823,1606,37,1,933.72
4824,1606,21,3,1211.35
4825,1606,17,1,2384.83
4826,1607,21,1,1211.35
4827,1607,35,1,1308.17
4828,1607,39,1,1007.34
4829,1607,13,3,2446.23
4830,1608,23,2,556.61
4831,1608,30,2,1422.18
4832,1608,25,2,871.54
4833,1609,14,1,2467.06
4834,1609,5,1,1174.24
4835,1610,38,1,1595.02
4836,1610,18,1,732.4
4837,1610,22,2,2088.57
4838,1610,24,1,995.09
4839,1611,32,1,31.92
4840,1611,15,2,118.33
4841,1612,13,2,2446.23
4842,1613,32,2,31.92
4843,1613,34,2,90.62
4844,1614,21,1,1211.35
4845,1614,4,3,2029.54
4846,1614,28,3,1944.42
4847,1614,23,3,556.61
4848,1615,32,2,31.92
4849,1615,29,2,2411.43
4850,1615,2,3,1179.75
4851,1616,1,3,2433.7
4852,1616,35,2,1308.17
4853,1616,25,3,871.54
4854,1616,38,1,1595.02
4855,1617,23,2,556.61
4856,1617,24,2,995.09
4857,1618,23,1,556.61
4858,1618,5,3,1174.24
4859,1618,21,3,1211.35
4860,1619,15,1,118.33
4861,1619,23,2,556.61
4862,1620,5,2,1174.24
4863,1620,7,2,1335.9
4864,1620,16,1,1223.3
4865,1620,21,2,1211.35
4866,1620,32,1,31.92
4867,1621,18,2,732.4
4868,1622,35,3,1308.17
4869,1622,11,1,664.17
4870,1622,14,3,2467.06
4871,1623,30,3,1422.18
4872,1623,10,3,482.47
4873,1624,11,3,664.17
4874,1624,32,3,31.92
4875,1624,18,3,732.4
4876,1624,17,2,2384.83
4877,1624,16,3,1223.3
4878,1625,35,2,1308.17
4879,1625,10,2,482.47
4880,1625,24,3,995.09
4881,1626,40,1,469.27
4882,1626,13,2,2446.23
4883,1626,8,1,1311.65
4884,1626,2,3,1179.75
4885,1626,17,2,2384.83
4886,1627,3,1,2060.53
4887,1627,5,1,1174.24
4888,1627,31,1,1716.1
4889,1627,1,3,2433.7
4890,1628,23,3,556.61
4891,1629,18,2,732.4
4892,1630,39,2,1007.34
4893,1630,36,2,87.7
4894,1631,9,3,615.62
4895,1632,36,1,87.7
4896,1632,16,1,1223.3
4897,1633,5,1,1174.24
4898,1633,28,3,1944.42
4899,1633,26,1,2411.16
4900,1633,33,1,1331.91
4901,1634,7,2,1335.9
4902,1634,1,1,2433.7
4903,1634,15,3,118.33
4904,1635,24,2,995.09
4905,1636,24,2,995.09
4906,1637,19,2,592.91
4907,1637,12,3,2203.19
4908,1638,15,2,118.33
4909,1639,27,1,285.56
4910,1640,26,2,2411.16
4911,1640,21,3,1211.35
4912,1641,30,3,1422.18
4913,1641,3,1,2060.53
4914,1642,33,2,1331.91
4915,1642,34,3,90.62
4916,1642,32,3,31.92
4917,1642,13,3,2446.23
4918,1643,9,3,615.62
4919,1643,31,1,1716.1
4920,1643,18,1,732.4
4921,1643,1,2,2433.7
4922,1643,19,1,592.91
4923,1644,30,1,1422.18
4924,1644,29,2,2411.43
4925,1645,13,1,2446.23
4926,1645,40,1,469.27
4927,1646,33,1,1331.91
4928,1647,34,1,90.62
4929,1648,18,3,732.4
4930,1648,38,2,1595.02
4931,1648,4,1,2029.54
4932,1648,39,1,1007.34
4933,1649,11,1,664.17
4934,1649,13,2,2446.23
4935,1650,5,3,1174.24
4936,1650,30,3,1422.18
4937,1650,9,3,615.62
4938,1650,14,3,2467.06
4939,1650,31,1,1716.1
4940,1651,4,1,2029.54
4941,1651,9,2,615.62
4942,1651,13,1,2446.23
4943,1651,14,2,2467.06
4944,1652,1,3,2433.7
4945,1652,25,1,871.54
4946,1653,8,1,1311.65
4947,1653,14,2,2467.06
4948,1653,1,3,2433.7
4949,1654,4,3,2029.54
4950,1655,13,1,2446.23
4951,1655,28,3,1944.42
4952,1655,32,3,31.92
4953,1655,19,3,592.91
4954,1655,22,3,2088.57
4955,1656,22,3,2088.57
4956,1656,16,2,1223.3
4957,1656,15,2,118.33
4958,1656,1,3,2433.7
4959,1657,34,3,90.62
4960,1657,33,3,1331.91
4961,1657,1,3,2433.7
4962,1658,12,2,2203.19
4963,1659,39,1,1007.34
4964,1659,36,3,87.7
4965,1660,25,3,871.54
4966,1660,9,1,615.62
4967,1660,27,1,285.56
4968,1661,28,1,1944.42
4969,1662,40,2,469.27
4970,1662,9,3,615.62
4971,1662,21,1,1211.35
4972,1662,31,3,1716.1
4973,1663,23,3,556.61
4974,1664,10,3,482.47
4975,1664,4,2,2029.54
4976,1665,25,3,871.54
4977,1665,31,3,1716.1
4978,1666,12,2,2203.19
4979,1666,40,2,469.27
4980,1666,24,3,995.09
4981,1666,6,1,2402.91
4982,1666,7,2,1335.9
4983,1667,27,3,285.56
4984,1667,3,1,2060.53
4985,1667,39,1,1007.34
4986,1667,8,1,1311.65
4987,1667,16,2,1223.3
4988,1668,12,2,2203.19
4989,1668,17,1,2384.83
4990,1668,31,3,1716.1
4991,1668,36,3,87.7
4992,1669,24,2,995.09
4993,1669,14,1,2467.06
4994,1669,29,2,2411.43
4995,1669,35,1,1308.17
4996,1669,40,2,469.27
4997,1670,39,1,1007.34
4998,1671,35,3,1308.17
4999,1671,1,2,2433.7
5000,1671,7,2,1335.9
5001,1671,28,1,1944.42
5002,1671,10,3,482.47
5003,1672,1,3,2433.7
5004,1673,3,2,2060.53
5005,1673,16,2,1223.3
5006,1674,4,3,2029.54
5007,1674,19,2,592.91
5008,1675,27,3,285.56
5009,1675,12,1,2203.19
5010,1675,11,2,664.17
5011,1676,29,1,2411.43
5012,1676,25,3,871.54
5013,1676,18,1,732.4
5014,1676,17,3,2384.83
5015,1677,35,3,1308.17
5016,1677,11,1,664.17
5017,1678,19,1,592.91
5018,1679,1,3,2433.7
5019,1680,20,2,364.82
5020,1680,10,1,482.47
5021,1680,8,1,1311.65
5022,1680,16,1,1223.3
5023,1681,4,1,2029.54
5024,1681,23,1,556.61
5025,1682,1,3,2433.7
5026,1682,24,1,995.09
5027,1682,39,3,1007.34
5028,1682,23,3,556.61
5029,1683,34,1,90.62
5030,1683,11,3,664.17
5031,1683,37,2,933.72
5032,1683,9,3,615.62
5033,1683,18,1,732.4
5034,1684,16,2,1223.3
5035,1684,1,1,2433.7
5036,1684,32,2,31.92
5037,1685,7,2,1335.9
5038,1685,20,3,364.82
5039,1685,12,1,2203.19
5040,1686,12,1,2203.19
5041,1686,9,1,615.62
5042,1687,35,1,1308.17
5043,1687,37,3,933.72
5044,1687,17,1,2384.83
5045,1687,4,2,2029.54
5046,1688,6,2,2402.91
5047,1689,18,3,732.4
5048,1689,22,3,2088.57
5049,1689,5,1,1174.24
5050,1689,31,1,1716.1
5051,1690,37,3,933.72
5052,1691,1,1,2433.7
5053,1691,29,3,2411.43
5054,1691,37,2,933.72
5055,1691,14,2,2467.06
5056,1691,27,2,285.56
5057,1692,34,2,90.62
5058,1693,15,1,118.33
5059,1693,11,2,664.17
5060,1693,37,1,933.72
5061,1694,12,2,2203.19
5062,1694,32,1,31.92
5063,1695,40,2,469.27
5064,1696,9,3,615.62
5065,1697,19,2,592.91
5066,1697,2,3,1179.75
5067,1697,37,1,933.72
5068,1697,18,2,732.4
5069,1698,20,1,364.82
5070,1698,1,1,2433.7
5071,1698,6,1,2402.91
5072,1699,19,1,592.91
5073,1699,24,2,995.09
5074,1699,17,1,2384.83
5075,1699,3,2,2060.53
5076,1699,13,2,2446.23
5077,1700,38,1,1595.02
5078,1700,28,1,1944.42
5079,1701,28,1,1944.42
5080,1701,14,3,2467.06
5081,1701,39,1,1007.34
5082,1701,32,1,31.92
5083,1701,9,3,615.62
5084,1702,11,3,664.17
5085,1703,22,2,2088.57
5086,1704,25,1,871.54
5087,1704,36,1,87.7
5088,1704,5,3,1174.24
5089,1705,37,1,933.72
5090,1705,30,1,1422.18
5091,1705,4,2,2029.54
5092,1705,31,2,1716.1
5093,1705,27,3,285.56
5094,1706,14,1,2467.06
5095,1706,23,3,556.61
5096,1706,33,3,1331.91
5097,1706,6,3,2402.91
5098,1707,36,1,87.7
5099,1708,11,2,664.17
5100,1708,34,3,90.62
5101,1708,4,1,2029.54
5102,1708,22,3,2088.57
5103,1708,24,3,995.09
5104,1709,11,1,664.17
5105,1709,4,1,2029.54
5106,1710,34,2,90.62
5107,1711,18,2,732.4
5108,1711,26,2,2411.16
5109,1711,27,2,285.56
5110,1711,15,1,118.33
5111,1712,8,3,1311.65
5112,1712,40,3,469.27
5113,1713,21,3,1211.35
5114,1714,21,2,1211.35
5115,1714,28,2,1944.42
5116,1714,26,1,2411.16
5117,1714,2,2,1179.75
5118,1715,19,3,592.91
5119,1716,40,3,469.27
5120,1716,15,1,118.33
5121,1717,23,2,556.61
5122,1717,36,3,87.7
5123,1718,4,1,2029.54
5124,1718,27,1,285.56
5125,1718,37,2,933.72
5126,1718,22,1,2088.57
5127,1719,11,2,664.17
5128,1719,15,2,118.33
5129,1719,21,3,1211.35
5130,1719,2,1,1179.75
5131,1720,5,2,1174.24
5132,1720,40,3,469.27
5133,1720,6,2,2402.91
5134,1721,33,2,1331.91
5135,1721,18,3,732.4
5136,1721,32,2,31.92
5137,1721,34,1,90.62
5138,1722,6,3,2402.91
5139,1722,29,1,2411.43
5140,1722,1,1,2433.7
5141,1723,19,3,592.91
5142,1723,34,1,90.62
5143,1723,15,2,118.33
5144,1723,5,2,1174.24
5145,1724,35,3,1308.17
5146,1724,12,1,2203.19
5147,1724,6,3,2402.91
5148,1724,16,1,1223.3
5149,1724,27,3,285.56
5150,1725,13,3,2446.23
5151,1726,4,2,2029.54
5152,1726,40,1,469.27
5153,1726,16,2,1223.3
5154,1726,26,3,2411.16
5155,1727,2,1,1179.75
5156,1727,24,2,995.09
5157,1728,28,1,1944.42
5158,1728,29,3,2411.43
5159,1729,11,1,664.17
5160,1729,24,1,995.09
5161,1730,23,2,556.61
5162,1731,13,1,2446.23
5163,1731,10,2,482.47
5164,1731,37,3,933.72
5165,1731,7,1,1335.9
5166,1731,34,1,90.62
5167,1732,17,3,2384.83
5168,1733,19,3,592.91
5169,1733,39,2,1007.34
5170,1734,32,3,31.92
5171,1735,12,2,2203.19
5172,1735,10,3,482.47
5173,1736,23,3,556.61
5174,1736,29,3,2411.43
5175,1736,12,1,2203.19
5176,1736,8,3,1311.65
5177,1737,28,3,1944.42
5178,1737,22,3,2088.57
5179,1737,37,3,933.72
5180,1737,1,2,2433.7
5181,1738,11,2,664.17
5182,1739,12,2,2203.19
5183,1739,11,2,664.17
5184,1740,18,3,732.4
5185,1741,19,3,592.91
5186,1742,32,1,31.92
5187,1742,24,1,995.09
5188,1743,32,1,31.92
5189,1743,35,1,1308.17
5190,1743,19,1,592.91
5191,1743,37,3,933.72
5192,1743,7,3,1335.9
5193,1744,29,2,2411.43
5194,1744,35,2,1308.17
5195,1744,12,2,2203.19
5196,1744,1,1,2433.7
5197,1745,5,3,1174.24
5198,1745,7,1,1335.9
5199,1746,35,2,1308.17
5200,1746,15,1,118.33
5201,1746,20,3,364.82
5202,1746,3,1,2060.53
5203,1746,32,2,31.92
5204,1747,1,2,2433.7
5205,1747,19,1,592.91
5206,1747,22,1,2088.57
5207,1747,23,1,556.61
5208,1748,39,2,1007.34
5209,1748,11,1,664.17
5210,1749,33,2,1331.91
5211,1749,22,2,2088.57
5212,1749,15,2,118.33
5213,1749,35,3,1308.17
5214,1750,8,2,1311.65
5215,1751,1,2,2433.7
5216,1751,33,2,1331.91
5217,1751,25,2,871.54
5218,1751,9,1,615.62
5219,1751,8,1,1311.65
5220,1752,6,2,2402.91
5221,1752,21,2,1211.35
5222,1752,5,2,1174.24
5223,1753,19,3,592.91
5224,1753,6,1,2402.91
5225,1753,38,3,1595.02
5226,1753,21,3,1211.35
5227,1754,11,2,664.17
5228,1754,25,1,871.54
5229,1754,39,1,1007.34
5230,1754,35,1,1308.17
5231,1755,4,1,2029.54
5232,1756,22,3,2088.57
5233,1756,12,1,2203.19
5234,1757,25,2,871.54
5235,1757,22,3,2088.57
5236,1757,29,1,2411.43
5237,1758,31,1,1716.1
5238,1758,26,3,2411.16
5239,1758,15,1,118.33
5240,1759,32,1,31.92
5241,1759,21,1,1211.35
5242,1759,31,3,1716.1
5243,1760,14,1,2467.06
5244,1760,40,1,469.27
5245,1760,7,2,1335.9
5246,1760,21,3,1211.35
5247,1761,35,3,1308.17
5248,1761,39,1,1007.34
5249,1761,13,1,2446.23
5250,1762,3,3,2060.53
5251,1762,31,2,1716.1
5252,1763,24,2,995.09
5253,1764,34,3,90.62
5254,1764,4,2,2029.54
5255,1764,10,1,482.47
5256,1765,14,2,2467.06
5257,1765,12,1,2203.19
5258,1766,23,2,556.61
5259,1766,26,1,2411.16
5260,1766,18,1,732.4
5261,1766,6,1,2402.91
5262,1766,14,2,2467.06
5263,1767,35,1,1308.17
5264,1767,32,3,31.92
5265,1767,7,1,1335.9
5266,1767,37,3,933.72
5267,1768,19,1,592.91
5268,1769,2,1,1179.75
5269,1769,3,3,2060.53
5270,1769,18,1,732.4
5271,1769,29,2,2411.43
5272,1770,26,3,2411.16
5273,1770,15,2,118.33
5274,1770,1,2,2433.7
5275,1770,21,1,1211.35
5276,1771,5,2,1174.24
5277,1771,18,2,732.4
5278,1771,11,1,664.17
5279,1772,22,2,2088.57
5280,1772,35,2,1308.17
5281,1772,11,3,664.17
5282,1773,4,2,2029.54
5283,1773,14,1,2467.06
5284,1774,4,2,2029.54
5285,1774,25,1,871.54
5286,1775,5,1,1174.24
5287,1775,37,2,933.72
5288,1776,1,3,2433.7
5289,1776,22,2,2088.57
5290,1777,32,1,31.92
5291,1777,19,3,592.91
5292,1777,16,2,1223.3
5293,1777,12,3,2203.19
5294,1778,15,1,118.33
5295,1778,26,1,2411.16
5296,1779,22,3,2088.57
5297,1779,3,2,2060.53
5298,1779,20,3,364.82
5299,1779,31,3,1716.1
5300,1779,24,1,995.09
5301,1780,34,2,90.62
5302,1781,37,2,933.72
5303,1781,36,2,87.7
5304,1781,13,1,2446.23
5305,1781,15,2,118.33
5306,1782,18,1,732.4
5307,1782,26,2,2411.16
5308,1782,14,2,2467.06
5309,1782,27,3,285.56
5310,1783,28,2,1944.42
5311,1783,23,1,556.61
5312,1784,39,1,1007.34
5313,1784,40,2,469.27
5314,1784,32,2,31.92
5315,1785,31,3,1716.1
5316,1785,21,3,1211.35
5317,1785,20,1,364.82
5318,1786,34,2,90.62
5319,1787,22,1,2088.57
5320,1787,6,3,2402.91
5321,1788,28,1,1944.42
5322,1788,22,2,2088.57
5323,1788,20,2,364.82
5324,1789,29,2,2411.43
5325,1790,1,1,2433.7
5326,1790,36,3,87.7
5327,1790,21,2,1211.35
5328,1790,13,3,2446.23
5329,1791,14,3,2467.06
5330,1791,24,3,995.09
5331,1792,38,2,1595.02
5332,1792,7,3,1335.9
5333,1792,15,3,118.33
5334,1792,25,3,871.54
5335,1792,37,2,933.72
5336,1793,1,3,2433.7
5337,1793,37,1,933.72
5338,1794,20,2,364.82
5339,1794,12,2,2203.19
5340,1794,1,1,2433.7
5341,1794,10,3,482.47
5342,1794,35,3,1308.17
5343,1795,20,1,364.82
5344,1795,16,3,1223.3
5345,1795,31,2,1716.1
5346,1795,13,2,2446.23
5347,1796,8,1,1311.65
5348,1797,27,3,285.56
5349,1797,24,2,995.09
5350,1798,38,2,1595.02
5351,1798,4,2,2029.54
5352,1798,22,1,2088.57
5353,1798,35,3,1308.17
5354,1799,10,2,482.47
5355,1800,7,1,1335.9
5356,1800,28,3,1944.42
5357,1800,6,1,2402.91
5358,1800,32,1,31.92
5359,1801,32,1,31.92
5360,1801,21,1,1211.35
5361,1802,37,1,933.72
5362,1802,8,1,1311.65
5363,1803,14,3,2467.06
5364,1803,10,3,482.47
5365,1803,4,2,2029.54
5366,1803,29,2,2411.43
5367,1803,22,1,2088.57
5368,1804,10,3,482.47
5369,1804,4,2,2029.54
5370,1804,12,1,2203.19
5371,1804,3,1,2060.53
5372,1804,25,1,871.54
5373,1805,26,1,2411.16
5374,1806,39,1,1007.34
5375,1806,4,3,2029.54
5376,1806,37,1,933.72
5377,1806,10,3,482.47
5378,1807,22,1,2088.57
5379,1807,39,2,1007.34
5380,1807,9,1,615.62
5381,1807,13,2,2446.23
5382,1807,23,1,556.61
5383,1808,27,3,285.56
5384,1808,9,3,615.62
5385,1808,29,3,2411.43
5386,1808,15,1,118.33
5387,1809,16,1,1223.3
5388,1809,6,2,2402.91
5389,1810,3,3,2060.53
5390,1810,34,3,90.62
5391,1810,23,1,556.61
5392,1810,19,2,592.91
5393,1811,5,3,1174.24
5394,1811,12,2,2203.19
5395,1811,40,1,469.27
5396,1811,13,3,2446.23
5397,1812,33,2,1331.91
5398,1812,22,2,2088.57
5399,1812,9,2,615.62
5400,1812,35,2,1308.17
5401,1813,37,2,933.72
5402,1813,34,1,90.62
5403,1814,21,2,1211.35
5404,1814,11,2,664.17
5405,1814,19,3,592.91
5406,1815,24,3,995.09
5407,1815,16,1,1223.3
5408,1815,17,1,2384.83
5409,1815,28,2,1944.42
5410,1815,25,3,871.54
5411,1816,2,3,1179.75
5412,1816,12,2,2203.19
5413,1816,38,3,1595.02
5414,1816,9,3,615.62
5415,1817,20,2,364.82
5416,1817,28,1,1944.42
5417,1817,17,2,2384.83
5418,1817,27,2,285.56
5419,1817,21,3,1211.35
5420,1818,6,3,2402.91
5421,1818,1,1,2433.7
5422,1818,11,1,664.17
5423,1818,23,3,556.61
5424,1818,29,1,2411.43
5425,1819,6,3,2402.91
5426,1819,15,2,118.33
5427,1819,40,3,469.27
5428,1820,32,1,31.92
5429,1820,36,2,87.7
5430,1821,20,3,364.82
5431,1822,18,1,732.4
5432,1822,31,2,1716.1
5433,1822,13,3,2446.23
5434,1822,9,1,615.62
5435,1823,13,1,2446.23
5436,1823,23,1,556.61
5437,1823,3,3,2060.53
5438,1824,11,3,664.17
5439,1824,12,1,2203.19
5440,1825,9,3,615.62
5441,1825,28,1,1944.42
5442,1825,6,2,2402.91
5443,1825,7,2,1335.9
5444,1825,18,1,732.4
5445,1826,14,3,2467.06
5446,1826,28,2,1944.42
5447,1826,30,1,1422.18
5448,1827,2,3,1179.75
5449,1827,33,3,1331.91
5450,1828,31,1,1716.1
5451,1828,19,2,592.91
5452,1828,24,1,995.09
5453,1829,33,2,1331.91
5454,1829,10,1,482.47
5455,1829,7,1,1335.9
5456,1829,21,1,1211.35
5457,1829,30,1,1422.18
5458,1830,21,2,1211.35
5459,1830,13,1,2446.23
5460,1830,40,1,469.27
5461,1830,14,3,2467.06
5462,1830,37,3,933.72
5463,1831,20,2,364.82
5464,1831,7,1,1335.9
5465,1831,14,2,2467.06
5466,1831,24,3,995.09
5467,1831,35,3,1308.17
5468,1832,20,2,364.82
5469,1833,18,1,732.4
5470,1834,29,1,2411.43
5471,1834,39,1,1007.34
5472,1834,5,3,1174.24
5473,1834,28,3,1944.42
5474,1835,1,2,2433.7
5475,1835,31,3,1716.1
5476,1835,38,2,1595.02
5477,1835,10,1,482.47
5478,1835,13,2,2446.23
5479,1836,9,1,615.62
5480,1836,25,1,871.54
5481,1836,5,2,1174.24
5482,1836,31,2,1716.1
5483,1836,22,3,2088.57
5484,1837,10,1,482.47
5485,1837,8,1,1311.65
5486,1838,18,3,732.4
5487,1838,25,2,871.54
5488,1838,1,2,2433.7
5489,1839,25,3,871.54
5490,1840,8,1,1311.65
5491,1840,23,1,556.61
5492,1841,40,1,469.27
5493,1841,28,1,1944.42
5494,1842,23,1,556.61
5495,1843,18,1,732.4
5496,1843,40,1,469.27
5497,1843,25,2,871.54
5498,1843,37,1,933.72
5499,1844,8,1,1311.65
5500,1844,21,1,1211.35
5501,1844,11,1,664.17
5502,1844,16,1,1223.3
5503,1845,13,3,2446.23
5504,1845,16,1,1223.3
5505,1845,30,3,1422.18
5506,1845,6,2,2402.91
5507,1846,9,3,615.62
5508,1846,11,3,664.17
5509,1847,2,1,1179.75
5510,1848,40,3,469.27
5511,1849,9,1,615.62
5512,1849,36,2,87.7
5513,1850,10,1,482.47
5514,1850,25,1,871.54
5515,1850,6,1,2402.91
5516,1850,18,2,732.4
5517,1850,23,2,556.61
5518,1851,29,2,2411.43
5519,1852,32,2,31.92
5520,1852,6,3,2402.91
5521,1852,4,3,2029.54
5522,1853,30,3,1422.18
5523,1853,32,2,31.92
5524,1853,19,3,592.91
5525,1853,24,3,995.09
5526,1853,14,3,2467.06
5527,1854,13,2,2446.23
5528,1855,19,1,592.91
5529,1855,6,3,2402.91
5530,1856,16,3,1223.3
5531,1856,5,2,1174.24
5532,1856,9,2,615.62
5533,1856,23,3,556.61
5534,1856,38,1,1595.02
5535,1857,31,1,1716.1
5536,1857,9,1,615.62
5537,1857,3,3,2060.53
5538,1857,20,3,364.82
5539,1857,27,3,285.56
5540,1858,12,3,2203.19
5541,1858,36,1,87.7
5542,1858,34,3,90.62
5543,1859,7,1,1335.9
5544,1859,13,2,2446.23
5545,1859,20,1,364.82
5546,1859,12,3,2203.19
5547,1859,8,2,1311.65
5548,1860,28,3,1944.42
5549,1860,36,3,87.7
5550,1860,37,1,933.72
5551,1861,29,2,2411.43
5552,1861,10,1,482.47
5553,1861,22,1,2088.57
5554,1862,39,2,1007.34
5555,1862,11,3,664.17
5556,1862,31,2,1716.1
5557,1863,9,3,615.62
5558,1863,2,3,1179.75
5559,1863,6,1,2402.91
5560,1863,36,3,87.7
5561,1863,29,2,2411.43
5562,1864,35,1,1308.17
5563,1864,12,1,2203.19
5564,1865,30,3,1422.18
5565,1866,40,3,469.27
5566,1866,12,1,2203.19
5567,1867,20,1,364.82
5568,1867,10,1,482.47
5569,1867,2,1,1179.75
5570,1867,40,2,469.27
5571,1868,19,1,592.91
5572,1869,1,2,2433.7
5573,1869,38,2,1595.02
5574,1869,12,3,2203.19
5575,1869,37,2,933.72
5576,1870,15,1,118.33
5577,1870,24,2,995.09
5578,1870,26,1,2411.16
5579,1870,5,2,1174.24
5580,1870,11,3,664.17
5581,1871,5,1,1174.24
5582,1871,1,1,2433.7
5583,1871,14,1,2467.06
5584,1872,17,1,2384.83
5585,1873,33,2,1331.91
5586,1873,37,2,933.72
5587,1873,13,1,2446.23
5588,1873,24,3,995.09
5589,1874,33,2,1331.91
5590,1874,16,1,1223.3
5591,1874,1,2,2433.7
5592,1874,30,3,1422.18
5593,1874,37,2,933.72
5594,1875,22,1,2088.57
5595,1875,2,2,1179.75
5596,1875,21,3,1211.35
5597,1875,13,3,2446.23
5598,1876,13,3,2446.23
5599,1876,14,3,2467.06
5600,1877,4,1,2029.54
5601,1878,6,1,2402.91
5602,1879,36,3,87.7
5603,1880,21,3,1211.35
5604,1880,23,1,556.61
5605,1880,11,2,664.17
5606,1880,3,1,2060.53
5607,1881,14,2,2467.06
5608,1881,23,2,556.61
5609,1881,20,2,364.82
5610,1881,16,1,1223.3
5611,1881,21,1,1211.35
5612,1882,26,3,2411.16
5613,1882,32,3,31.92
5614,1883,24,1,995.09
5615,1883,12,2,2203.19
5616,1884,7,2,1335.9
5617,1884,22,1,2088.57
5618,1884,30,3,1422.18
5619,1884,23,1,556.61
5620,1884,37,2,933.72
5621,1885,12,2,2203.19
5622,1886,3,1,2060.53
5623,1886,23,2,556.61
5624,1886,16,2,1223.3
5625,1886,4,1,2029.54
5626,1886,10,1,482.47
5627,1887,28,3,1944.42
5628,1887,17,2,2384.83
5629,1887,33,1,1331.91
5630,1888,18,1,732.4
5631,1888,34,3,90.62
5632,1888,32,1,31.92
5633,1889,7,3,1335.9
5634,1889,11,1,664.17
5635,1890,31,1,1716.1
5636,1891,35,2,1308.17
5637,1891,24,2,995.09
5638,1892,38,2,1595.02
5639,1892,31,1,1716.1
5640,1892,23,2,556.61
5641,1892,1,2,2433.7
5642,1892,7,1,1335.9
5643,1893,39,1,1007.34
5644,1894,33,2,1331.91
5645,1894,17,1,2384.83
5646,1894,28,3,1944.42
5647,1894,12,1,2203.19
5648,1894,20,3,364.82
5649,1895,25,2,871.54
5650,1895,35,1,1308.17
5651,1895,26,1,2411.16
5652,1895,12,3,2203.19
5653,1895,6,3,2402.91
5654,1896,34,1,90.62
5655,1897,21,3,1211.35
5656,1897,29,1,2411.43
5657,1897,13,1,2446.23
5658,1898,20,3,364.82
5659,1898,31,2,1716.1
5660,1898,26,1,2411.16
5661,1898,22,1,2088.57
5662,1898,8,3,1311.65
5663,1899,32,1,31.92
5664,1899,14,2,2467.06
5665,1900,38,3,1595.02
5666,1900,22,1,2088.57
5667,1900,4,1,2029.54
5668,1900,1,2,2433.7
5669,1900,7,3,1335.9
5670,1901,15,2,118.33
5671,1901,4,1,2029.54
5672,1901,29,1,2411.43
5673,1901,13,3,2446.23
5674,1902,29,2,2411.43
5675,1902,11,3,664.17
5676,1902,37,3,933.72
5677,1903,32,2,31.92
5678,1904,35,1,1308.17
5679,1904,2,3,1179.75
5680,1904,22,2,2088.57
5681,1904,30,2,1422.18
5682,1905,16,2,1223.3
5683,1905,18,3,732.4
5684,1905,34,3,90.62
5685,1905,28,2,1944.42
5686,1905,12,3,2203.19
5687,1906,9,1,615.62
5688,1907,12,1,2203.19
5689,1907,30,1,1422.18
5690,1907,34,1,90.62
5691,1907,13,2,2446.23
5692,1908,16,3,1223.3
5693,1909,6,1,2402.91
5694,1909,22,2,2088.57
5695,1910,27,3,285.56
5696,1910,32,1,31.92
5697,1910,7,3,1335.9
5698,1910,2,3,1179.75
5699,1911,13,1,2446.23
5700,1911,5,2,1174.24
5701,1911,2,1,1179.75
5702,1911,27,1,285.56
5703,1912,35,3,1308.17
5704,1912,14,1,2467.06
5705,1912,37,1,933.72
5706,1912,24,1,995.09
5707,1912,16,3,1223.3
5708,1913,30,2,1422.18
5709,1913,15,1,118.33
5710,1914,36,1,87.7
5711,1914,10,2,482.47
5712,1914,18,1,732.4
5713,1914,22,3,2088.57
5714,1914,20,2,364.82
5715,1915,18,3,732.4
5716,1915,32,1,31.92
5717,1915,27,1,285.56
5718,1916,6,1,2402.91
5719,1917,4,3,2029.54
5720,1917,13,3,2446.23
5721,1917,10,2,482.47
5722,1918,21,3,1211.35
5723,1918,7,1,1335.9
5724,1919,28,1,1944.42
5725,1920,12,3,2203.19
5726,1920,15,1,118.33
5727,1921,4,2,2029.54
5728,1921,29,1,2411.43
5729,1921,12,2,2203.19
5730,1921,7,1,1335.9
5731,1922,40,3,469.27
5732,1922,39,1,1007.34
5733,1922,25,2,871.54
5734,1923,13,1,2446.23
5735,1923,10,3,482.47
5736,1923,26,3,2411.16
5737,1924,26,3,2411.16
5738,1924,22,1,2088.57
5739,1924,14,2,2467.06
5740,1925,40,2,469.27
5741,1925,30,3,1422.18
5742,1926,40,1,469.27
5743,1927,14,3,2467.06
5744,1927,40,3,469.27
5745,1927,12,2,2203.19
5746,1927,35,3,1308.17
5747,1927,11,2,664.17
5748,1928,11,3,664.17
5749,1928,31,1,1716.1
5750,1929,32,3,31.92
5751,1929,26,3,2411.16
5752,1930,33,2,1331.91
5753,1930,27,1,285.56
5754,1931,21,3,1211.35
5755,1931,17,3,2384.83
5756,1931,23,2,556.61
5757,1931,6,2,2402.91
5758,1931,28,2,1944.42
5759,1932,37,1,933.72
5760,1932,20,3,364.82
5761,1933,13,2,2446.23
5762,1933,20,2,364.82
5763,1933,29,1,2411.43
5764,1933,31,3,1716.1
5765,1934,7,1,1335.9
5766,1934,34,1,90.62
5767,1934,25,3,871.54
5768,1935,5,2,1174.24
5769,1935,9,1,615.62
5770,1935,38,3,1595.02
5771,1936,25,2,871.54
5772,1936,36,2,87.7
5773,1936,33,1,1331.91
5774,1937,35,1,1308.17
5775,1937,22,1,2088.57
5776,1938,23,3,556.61
5777,1938,26,1,2411.16
5778,1938,13,2,2446.23
5779,1938,33,1,1331.91
5780,1938,32,3,31.92
5781,1939,12,3,2203.19
5782,1939,25,1,871.54
5783,1939,35,3,1308.17
5784,1939,11,1,664.17
5785,1939,8,1,1311.65
5786,1940,16,2,1223.3
5787,1940,21,2,1211.35
5788,1940,39,1,1007.34
5789,1940,12,2,2203.19
5790,1941,37,1,933.72
5791,1941,9,1,615.62
5792,1941,3,3,2060.53
5793,1941,23,3,556.61
5794,1942,27,3,285.56
5795,1943,27,1,285.56
5796,1943,39,2,1007.34
5797,1944,16,2,1223.3
5798,1945,6,3,2402.91
5799,1945,8,2,1311.65
5800,1945,1,2,2433.7
5801,1945,5,1,1174.24
5802,1946,35,2,1308.17
5803,1946,25,1,871.54
5804,1946,32,3,31.92
5805,1946,13,1,2446.23
5806,1947,2,3,1179.75
5807,1948,19,2,592.91
5808,1948,10,3,482.47
5809,1948,22,1,2088.57
5810,1948,24,1,995.09
5811,1949,10,1,482.47
5812,1949,27,2,285.56
5813,1949,14,3,2467.06
5814,1950,30,3,1422.18
5815,1950,27,1,285.56
5816,1951,20,2,364.82
5817,1952,11,3,664.17
5818,1952,23,2,556.61
5819,1952,8,1,1311.65
5820,1952,16,2,1223.3
5821,1953,35,2,1308.17
5822,1953,18,2,732.4
5823,1954,18,1,732.4
5824,1955,8,2,1311.65
5825,1956,36,2,87.7
5826,1956,14,2,2467.06
5827,1956,27,2,285.56
5828,1956,23,1,556.61
5829,1956,35,3,1308.17
5830,1957,38,1,1595.02
5831,1957,15,2,118.33
5832,1957,22,2,2088.57
5833,1957,36,2,87.7
5834,1958,14,2,2467.06
5835,1959,35,1,1308.17
5836,1959,9,2,615.62
5837,1959,21,1,1211.35
5838,1959,18,2,732.4
5839,1960,9,2,615.62
5840,1960,18,1,732.4
5841,1960,38,2,1595.02
5842,1960,11,2,664.17
5843,1961,29,3,2411.43
5844,1961,1,2,2433.7
5845,1961,22,3,2088.57
5846,1962,10,2,482.47
5847,1963,5,1,1174.24
5848,1963,23,3,556.61
5849,1963,30,3,1422.18
5850,1963,33,2,1331.91
5851,1964,40,2,469.27
5852,1964,16,3,1223.3
5853,1964,6,3,2402.91
5854,1965,10,3,482.47
5855,1965,15,3,118.33
5856,1965,11,3,664.17
5857,1966,39,2,1007.34
5858,1966,27,2,285.56
5859,1966,14,1,2467.06
5860,1967,25,3,871.54
5861,1967,17,2,2384.83
5862,1967,22,3,2088.57
5863,1967,21,3,1211.35
5864,1967,8,2,1311.65
5865,1968,3,2,2060.53
5866,1968,10,2,482.47
5867,1968,9,3,615.62
5868,1968,15,2,118.33
5869,1968,19,1,592.91
5870,1969,31,1,1716.1
5871,1970,29,1,2411.43
5872,1970,17,1,2384.83
5873,1970,5,3,1174.24
5874,1970,10,2,482.47
5875,1971,31,2,1716.1
5876,1971,19,1,592.91
5877,1972,3,3,2060.53
5878,1972,6,1,2402.91
5879,1972,11,3,664.17
5880,1972,38,3,1595.02
5881,1972,8,2,1311.65
5882,1973,14,3,2467.06
5883,1973,7,3,1335.9
5884,1973,17,3,2384.83
5885,1973,28,2,1944.42
5886,1973,3,1,2060.53
5887,1974,29,3,2411.43
5888,1975,8,2,1311.65
5889,1975,33,1,1331.91
5890,1975,38,3,1595.02
5891,1975,25,3,871.54
5892,1975,24,2,995.09
5893,1976,17,1,2384.83
5894,1976,33,2,1331.91
5895,1976,7,2,1335.9
5896,1977,27,1,285.56
5897,1977,16,2,1223.3
5898,1977,15,3,118.33
5899,1977,11,1,664.17
5900,1978,16,3,1223.3
5901,1978,27,2,285.56
5902,1979,30,3,1422.18
5903,1979,1,2,2433.7
5904,1979,7,1,1335.9
5905,1979,23,1,556.61
5906,1979,27,2,285.56
5907,1980,29,3,2411.43
5908,1981,18,3,732.4
5909,1981,6,3,2402.91
5910,1981,17,1,2384.83
5911,1982,13,3,2446.23
5912,1982,25,1,871.54
5913,1982,26,1,2411.16
5914,1983,13,1,2446.23
5915,1983,33,2,1331.91
5916,1983,7,1,1335.9
5917,1983,37,3,933.72
5918,1984,13,3,2446.23
5919,1984,31,1,1716.1
5920,1984,18,3,732.4
5921,1984,9,1,615.62
5922,1985,19,1,592.91
5923,1985,29,1,2411.43
5924,1985,4,1,2029.54
5925,1986,26,3,2411.16
5926,1986,7,1,1335.9
5927,1986,29,1,2411.43
5928,1987,17,2,2384.83
5929,1987,34,2,90.62
5930,1987,31,2,1716.1
5931,1987,36,2,87.7
5932,1988,39,2,1007.34
5933,1988,30,3,1422.18
5934,1989,32,2,31.92
5935,1989,33,2,1331.91
5936,1990,4,1,2029.54
5937,1990,9,2,615.62
5938,1991,20,1,364.82
5939,1991,40,1,469.27
5940,1991,15,3,118.33
5941,1991,11,2,664.17
5942,1991,31,3,1716.1
5943,1992,35,2,1308.17
5944,1992,28,3,1944.42
5945,1993,10,1,482.47
5946,1993,7,2,1335.9
5947,1993,16,1,1223.3
5948,1994,20,3,364.82
5949,1994,30,3,1422.18
5950,1994,35,3,1308.17
5951,1994,2,2,1179.75
5952,1995,12,2,2203.19
5953,1995,38,2,1595.02
5954,1996,39,3,1007.34
5955,1996,24,3,995.09
5956,1996,8,3,1311.65
5957,1996,26,3,2411.16
5958,1997,22,3,2088.57
5959,1997,9,1,615.62
5960,1997,5,2,1174.24
5961,1998,36,3,87.7
5962,1998,2,2,1179.75
5963,1998,7,1,1335.9
5964,1998,35,1,1308.17
5965,1998,14,2,2467.06
5966,1999,10,3,482.47
5967,1999,20,1,364.82
5968,2000,10,2,482.47
5969,2001,24,3,995.09
5970,2001,1,1,2433.7
5971,2002,37,1,933.72
5972,2002,6,1,2402.91
5973,2002,28,3,1944.42
5974,2002,21,1,1211.35
5975,2003,11,1,664.17
5976,2004,11,2,664.17
5977,2005,12,3,2203.19
5978,2005,1,3,2433.7
5979,2005,22,2,2088.57
5980,2005,16,2,1223.3
5981,2005,35,2,1308.17
5982,2006,36,3,87.7
5983,2007,27,2,285.56
5984,2007,26,1,2411.16
5985,2007,28,1,1944.42
5986,2007,10,3,482.47
5987,2008,2,2,1179.75
5988,2008,24,2,995.09
5989,2008,3,1,2060.53
5990,2009,5,2,1174.24
5991,2009,26,3,2411.16
5992,2009,29,2,2411.43
5993,2009,30,3,1422.18
5994,2010,26,1,2411.16
5995,2010,14,3,2467.06
5996,2011,39,3,1007.34
5997,2011,9,2,615.62
5998,2011,21,1,1211.35
5999,2011,34,3,90.62
6000,2012,19,2,592.91
6001,2012,20,3,364.82
6002,2012,27,3,285.56
6003,2012,25,3,871.54
6004,2013,3,3,2060.53
6005,2013,5,1,1174.24
6006,2013,39,3,1007.34
6007,2014,12,2,2203.19
6008,2014,22,3,2088.57
6009,2014,40,1,469.27
6010,2014,33,1,1331.91
6011,2014,11,2,664.17
6012,2015,8,3,1311.65
6013,2016,1,2,2433.7
6014,2016,19,2,592.91
6015,2017,40,3,469.27
6016,2018,13,3,2446.23
6017,2018,6,1,2402.91
6018,2018,18,3,732.4
6019,2019,3,1,2060.53
6020,2019,12,2,2203.19
6021,2020,4,1,2029.54
6022,2020,38,2,1595.02
6023,2020,25,3,871.54
6024,2021,27,2,285.56
6025,2021,19,2,592.91
6026,2022,31,2,1716.1
6027,2022,17,2,2384.83
6028,2022,36,1,87.7
6029,2022,23,3,556.61
6030,2022,7,2,1335.9
6031,2023,6,2,2402.91
6032,2023,24,3,995.09
6033,2023,9,2,615.62
6034,2023,22,3,2088.57
6035,2024,14,1,2467.06
6036,2025,39,1,1007.34
6037,2025,4,1,2029.54
6038,2025,36,1,87.7
6039,2026,32,1,31.92
6040,2027,5,1,1174.24
6041,2027,32,1,31.92
6042,2027,24,3,995.09
6043,2027,21,1,1211.35
6044,2028,10,2,482.47
6045,2028,39,1,1007.34
6046,2029,19,2,592.91
6047,2029,34,3,90.62
6048,2030,6,1,2402.91
6049,2030,16,1,1223.3
6050,2031,36,3,87.7
6051,2031,34,3,90.62
6052,2031,22,1,2088.57
6053,2031,13,1,2446.23
6054,2032,21,3,1211.35
6055,2033,2,2,1179.75
6056,2034,34,3,90.62
6057,2035,21,2,1211.35
6058,2035,2,3,1179.75
6059,2035,17,3,2384.83
6060,2035,12,3,2203.19
6061,2036,38,3,1595.02
6062,2036,36,1,87.7
6063,2036,24,2,995.09
6064,2036,34,2,90.62
6065,2037,26,1,2411.16
6066,2037,15,3,118.33
6067,2037,1,2,2433.7
6068,2037,34,3,90.62
6069,2037,40,3,469.27
6070,2038,39,1,1007.34
6071,2038,3,3,2060.53
6072,2038,29,2,2411.43
6073,2038,7,1,1335.9
6074,2038,10,3,482.47
6075,2039,19,1,592.91
6076,2040,10,1,482.47
6077,2041,11,2,664.17
6078,2041,13,3,2446.23
6079,2041,4,1,2029.54
6080,2041,25,1,871.54
6081,2041,39,1,1007.34
6082,2042,17,1,2384.83
6083,2042,40,2,469.27
6084,2043,23,3,556.61
6085,2043,40,3,469.27
6086,2044,15,2,118.33
6087,2044,30,2,1422.18
6088,2045,5,1,1174.24
6089,2045,21,1,1211.35
6090,2045,34,2,90.62
6091,2045,39,2,1007.34
6092,2046,31,2,1716.1
6093,2046,37,1,933.72
6094,2046,8,2,1311.65
6095,2046,15,2,118.33
6096,2047,39,1,1007.34
6097,2047,11,3,664.17
6098,2047,17,2,2384.83
6099,2047,15,2,118.33
6100,2047,23,3,556.61
6101,2048,10,1,482.47
6102,2048,22,3,2088.57
6103,2049,34,3,90.62
6104,2049,19,3,592.91
6105,2049,8,2,1311.65
6106,2049,15,2,118.33
6107,2049,37,2,933.72
6108,2050,34,3,90.62
6109,2050,31,2,1716.1
6110,2050,22,3,2088.57
6111,2050,38,1,1595.02
6112,2051,6,3,2402.91
6113,2051,37,3,933.72
6114,2051,16,2,1223.3
6115,2051,14,1,2467.06
6116,2051,29,3,2411.43
6117,2052,32,2,31.92
6118,2052,8,2,1311.65
6119,2052,27,2,285.56
6120,2053,13,1,2446.23
6121,2054,25,2,871.54
6122,2054,16,1,1223.3
6123,2054,39,3,1007.34
6124,2055,25,1,871.54
6125,2055,34,1,90.62
6126,2055,17,3,2384.83
6127,2055,14,2,2467.06
6128,2056,16,1,1223.3
6129,2057,10,1,482.47
6130,2057,25,2,871.54
6131,2057,9,2,615.62
6132,2057,30,2,1422.18
6133,2058,11,2,664.17
6134,2058,14,1,2467.06
6135,2058,4,2,2029.54
6136,2058,21,3,1211.35
6137,2059,27,1,285.56
6138,2059,35,2,1308.17
6139,2060,27,1,285.56
6140,2060,5,3,1174.24
6141,2061,38,1,1595.02
6142,2062,39,2,1007.34
6143,2062,23,3,556.61
6144,2062,35,3,1308.17
6145,2062,37,3,933.72
6146,2063,11,1,664.17
6147,2063,35,1,1308.17
6148,2063,16,1,1223.3
6149,2063,31,1,1716.1
6150,2063,33,3,1331.91
6151,2064,11,1,664.17
6152,2064,20,3,364.82
6153,2064,16,3,1223.3
6154,2065,16,1,1223.3
6155,2065,10,2,482.47
6156,2065,18,3,732.4
6157,2065,29,3,2411.43
6158,2066,16,1,1223.3
6159,2066,29,3,2411.43
6160,2067,11,2,664.17
6161,2067,33,2,1331.91
6162,2068,12,3,2203.19
6163,2069,4,2,2029.54
6164,2069,2,3,1179.75
6165,2070,25,2,871.54
6166,2070,14,3,2467.06
6167,2071,37,2,933.72
6168,2072,39,1,1007.34
6169,2072,26,1,2411.16
6170,2072,30,3,1422.18
6171,2073,35,1,1308.17
6172,2073,17,2,2384.83
6173,2073,24,1,995.09
6174,2073,2,3,1179.75
6175,2074,40,3,469.27
6176,2074,32,1,31.92
6177,2074,11,3,664.17
6178,2074,10,3,482.47
6179,2074,35,2,1308.17
6180,2075,10,2,482.47
6181,2075,15,1,118.33
6182,2075,8,2,1311.65
6183,2076,34,2,90.62
6184,2076,10,2,482.47
6185,2076,29,3,2411.43
6186,2076,28,1,1944.42
6187,2077,38,3,1595.02
6188,2078,38,3,1595.02
6189,2078,14,2,2467.06
6190,2078,28,2,1944.42
6191,2078,5,2,1174.24
6192,2079,28,1,1944.42
6193,2079,23,1,556.61
6194,2079,3,3,2060.53
6195,2079,39,2,1007.34
6196,2079,30,1,1422.18
6197,2080,15,2,118.33
6198,2080,11,2,664.17
6199,2080,8,3,1311.65
6200,2080,10,3,482.47
6201,2081,21,3,1211.35
6202,2081,14,1,2467.06
6203,2081,15,1,118.33
6204,2082,30,3,1422.18
6205,2082,21,3,1211.35
6206,2082,1,3,2433.7
6207,2083,6,3,2402.91
6208,2083,3,1,2060.53
6209,2083,34,1,90.62
6210,2084,17,3,2384.83
6211,2084,39,1,1007.34
6212,2085,2,2,1179.75
6213,2085,19,2,592.91
6214,2085,12,2,2203.19
6215,2086,29,1,2411.43
6216,2086,40,2,469.27
6217,2086,10,1,482.47
6218,2087,1,3,2433.7
6219,2087,23,2,556.61
6220,2087,11,2,664.17
6221,2087,16,3,1223.3
6222,2088,10,3,482.47
6223,2088,37,2,933.72
6224,2088,40,1,469.27
6225,2088,30,2,1422.18
6226,2089,22,3,2088.57
6227,2089,37,3,933.72
6228,2089,7,2,1335.9
6229,2089,27,1,285.56
6230,2089,21,1,1211.35
6231,2090,33,2,1331.91
6232,2090,2,3,1179.75
6233,2090,14,1,2467.06
6234,2090,16,1,1223.3
6235,2091,28,3,1944.42
6236,2091,15,3,118.33
6237,2092,37,3,933.72
6238,2092,20,2,364.82
6239,2092,34,3,90.62
6240,2092,2,1,1179.75
6241,2092,40,3,469.27
6242,2093,12,2,2203.19
6243,2093,32,2,31.92
6244,2094,9,3,615.62
6245,2094,38,3,1595.02
6246,2094,28,3,1944.42
6247,2094,21,3,1211.35
6248,2094,4,2,2029.54
6249,2095,10,3,482.47
6250,2095,15,1,118.33
6251,2095,30,2,1422.18
6252,2095,4,2,2029.54
6253,2096,31,1,1716.1
6254,2096,12,3,2203.19
6255,2096,10,3,482.47
6256,2096,15,3,118.33
6257,2097,35,1,1308.17
6258,2097,28,3,1944.42
6259,2097,29,1,2411.43
6260,2097,39,2,1007.34
6261,2097,1,3,2433.7
6262,2098,5,2,1174.24
6263,2098,2,3,1179.75
6264,2099,14,1,2467.06
6265,2099,5,3,1174.24
6266,2099,1,2,2433.7
6267,2099,8,1,1311.65
6268,2099,25,1,871.54
6269,2100,25,1,871.54
6270,2100,21,1,1211.35
6271,2100,17,2,2384.83
6272,2101,13,1,2446.23
6273,2101,21,2,1211.35
6274,2101,9,3,615.62
6275,2101,31,3,1716.1
6276,2102,12,1,2203.19
6277,2102,25,1,871.54
6278,2102,29,3,2411.43
6279,2102,40,2,469.27
6280,2103,32,2,31.92
6281,2103,38,3,1595.02
6282,2103,28,1,1944.42
6283,2103,21,3,1211.35
6284,2104,18,3,732.4
6285,2104,22,1,2088.57
6286,2104,31,3,1716.1
6287,2105,38,1,1595.02
6288,2105,15,2,118.33
6289,2105,35,3,1308.17
6290,2105,20,1,364.82
6291,2105,7,1,1335.9
6292,2106,36,3,87.7
6293,2107,8,3,1311.65
6294,2108,26,3,2411.16
6295,2108,12,1,2203.19
6296,2108,15,3,118.33
6297,2109,14,2,2467.06
6298,2109,19,2,592.91
6299,2109,18,1,732.4
6300,2109,8,1,1311.65
6301,2110,9,3,615.62
6302,2110,29,3,2411.43
6303,2111,29,3,2411.43
6304,2111,33,3,1331.91
6305,2111,11,2,664.17
6306,2111,24,3,995.09
6307,2112,27,3,285.56
6308,2112,35,2,1308.17
6309,2112,30,2,1422.18
6310,2112,22,3,2088.57
6311,2112,13,1,2446.23
6312,2113,8,1,1311.65
6313,2113,19,3,592.91
6314,2114,29,1,2411.43
6315,2114,37,2,933.72
6316,2114,3,3,2060.53
6317,2114,6,3,2402.91
6318,2115,17,1,2384.83
6319,2116,2,1,1179.75
6320,2116,39,3,1007.34
6321,2116,40,2,469.27
6322,2116,33,3,1331.91
6323,2116,31,1,1716.1
6324,2117,22,1,2088.57
6325,2117,28,1,1944.42
6326,2117,10,1,482.47
6327,2117,13,3,2446.23
6328,2118,3,1,2060.53
6329,2118,8,2,1311.65
6330,2118,9,3,615.62
6331,2119,6,3,2402.91
6332,2120,18,2,732.4
6333,2120,35,3,1308.17
6334,2121,29,3,2411.43
6335,2121,30,3,1422.18
6336,2122,37,3,933.72
6337,2122,8,1,1311.65
6338,2123,29,2,2411.43
6339,2123,20,1,364.82
6340,2123,36,3,87.7
6341,2123,6,3,2402.91
6342,2124,11,3,664.17
6343,2124,28,1,1944.42
6344,2124,1,3,2433.7
6345,2124,21,2,1211.35
6346,2125,2,2,1179.75
6347,2125,37,3,933.72
6348,2125,34,3,90.62
6349,2125,16,2,1223.3
6350,2125,10,3,482.47
6351,2126,31,2,1716.1
6352,2126,29,1,2411.43
6353,2127,30,1,1422.18
6354,2127,11,3,664.17
6355,2128,26,2,2411.16
6356,2128,1,1,2433.7
6357,2128,37,3,933.72
6358,2128,11,2,664.17
6359,2128,24,2,995.09
6360,2129,6,2,2402.91
6361,2129,20,3,364.82
6362,2129,30,1,1422.18
6363,2129,5,2,1174.24
6364,2130,15,3,118.33
6365,2130,27,1,285.56
6366,2130,14,2,2467.06
6367,2130,2,2,1179.75
6368,2130,21,3,1211.35
6369,2131,18,2,732.4
6370,2131,8,2,1311.65
6371,2131,21,3,1211.35
6372,2131,19,2,592.91
6373,2132,19,1,592.91
6374,2133,31,1,1716.1
6375,2133,20,3,364.82
6376,2133,32,1,31.92
6377,2133,40,1,469.27
6378,2134,16,2,1223.3
6379,2134,23,2,556.61
6380,2134,12,2,2203.19
6381,2134,14,3,2467.06
6382,2135,27,2,285.56
6383,2135,20,2,364.82
6384,2135,37,1,933.72
6385,2135,31,2,1716.1
6386,2136,17,1,2384.83
6387,2136,34,3,90.62
6388,2136,32,2,31.92
6389,2137,27,1,285.56
6390,2137,32,1,31.92
6391,2138,40,3,469.27
6392,2138,9,1,615.62
6393,2138,19,2,592.91
6394,2139,34,2,90.62
6395,2139,23,2,556.61
6396,2139,14,3,2467.06
6397,2139,27,1,285.56
6398,2139,31,1,1716.1
6399,2140,25,2,871.54
6400,2140,33,1,1331.91
6401,2140,9,2,615.62
6402,2140,32,1,31.92
6403,2141,21,1,1211.35
6404,2141,27,3,285.56
6405,2142,9,3,615.62
6406,2142,2,1,1179.75
6407,2143,10,2,482.47
6408,2143,22,3,2088.57
6409,2144,39,2,1007.34
6410,2144,17,1,2384.83
6411,2144,1,3,2433.7
6412,2145,3,2,2060.53
6413,2145,23,2,556.61
6414,2145,27,1,285.56
6415,2146,5,1,1174.24
6416,2146,16,2,1223.3
6417,2146,2,1,1179.75
6418,2146,34,3,90.62
6419,2146,20,3,364.82
6420,2147,30,3,1422.18
6421,2147,15,3,118.33
6422,2147,29,2,2411.43
6423,2147,11,2,664.17
6424,2148,31,2,1716.1
6425,2148,5,3,1174.24
6426,2148,12,2,2203.19
6427,2148,1,1,2433.7
6428,2149,34,3,90.62
6429,2149,18,2,732.4
6430,2149,13,3,2446.23
6431,2150,38,1,1595.02
6432,2150,29,1,2411.43
6433,2150,10,2,482.47
6434,2150,13,1,2446.23
6435,2150,20,2,364.82
6436,2151,21,1,1211.35
6437,2151,9,2,615.62
6438,2151,7,3,1335.9
6439,2151,14,2,2467.06
6440,2152,10,2,482.47
6441,2152,14,1,2467.06
6442,2152,18,2,732.4
6443,2152,1,2,2433.7
6444,2153,14,2,2467.06
6445,2153,16,3,1223.3
6446,2153,29,1,2411.43
6447,2153,6,1,2402.91
6448,2154,1,2,2433.7
6449,2154,35,2,1308.17
6450,2155,12,1,2203.19
6451,2155,3,1,2060.53
6452,2156,40,3,469.27
6453,2156,2,3,1179.75
6454,2157,6,2,2402.91
6455,2157,15,1,118.33
6456,2157,31,3,1716.1
6457,2158,21,3,1211.35
6458,2158,26,2,2411.16
6459,2158,20,2,364.82
6460,2159,36,3,87.7
6461,2159,8,2,1311.65
6462,2159,32,3,31.92
6463,2159,9,2,615.62
6464,2159,1,2,2433.7
6465,2160,22,3,2088.57
6466,2160,31,3,1716.1
6467,2160,5,3,1174.24
6468,2161,14,2,2467.06
6469,2161,19,3,592.91
6470,2161,22,3,2088.57
6471,2161,15,2,118.33
6472,2161,11,1,664.17
6473,2162,11,3,664.17
6474,2163,18,3,732.4
6475,2163,23,1,556.61
6476,2163,22,2,2088.57
6477,2164,10,1,482.47
6478,2164,30,1,1422.18
6479,2164,34,3,90.62
6480,2165,4,3,2029.54
6481,2166,21,2,1211.35
6482,2167,38,1,1595.02
6483,2168,38,1,1595.02
6484,2168,19,3,592.91
6485,2169,29,2,2411.43
6486,2169,12,1,2203.19
6487,2170,4,3,2029.54
6488,2170,30,2,1422.18
6489,2170,17,2,2384.83
6490,2170,5,2,1174.24
6491,2171,35,2,1308.17
6492,2171,15,2,118.33
6493,2171,6,1,2402.91
6494,2172,25,3,871.54
6495,2172,27,3,285.56
6496,2173,31,3,1716.1
6497,2173,6,2,2402.91
6498,2173,38,3,1595.02
6499,2173,8,2,1311.65
6500,2174,37,3,933.72
6501,2174,27,1,285.56
6502,2174,18,1,732.4
6503,2175,9,2,615.62
6504,2175,5,1,1174.24
6505,2175,3,1,2060.53
6506,2176,24,3,995.09
6507,2176,1,2,2433.7
6508,2176,20,2,364.82
6509,2177,11,3,664.17
6510,2177,12,3,2203.19
6511,2177,36,2,87.7
6512,2177,4,2,2029.54
6513,2178,11,1,664.17
6514,2179,3,3,2060.53
6515,2179,13,3,2446.23
6516,2179,22,3,2088.57
6517,2179,12,2,2203.19
6518,2180,29,3,2411.43
6519,2180,35,1,1308.17
6520,2180,17,3,2384.83
6521,2180,33,3,1331.91
6522,2180,27,1,285.56
6523,2181,21,2,1211.35
6524,2181,39,3,1007.34
6525,2181,16,3,1223.3
6526,2181,24,3,995.09
6527,2182,17,1,2384.83
6528,2182,40,2,469.27
6529,2183,7,1,1335.9
6530,2184,34,1,90.62
6531,2184,1,2,2433.7
6532,2184,28,3,1944.42
6533,2184,17,1,2384.83
6534,2184,20,2,364.82
6535,2185,39,2,1007.34
6536,2185,30,3,1422.18
6537,2186,20,1,364.82
6538,2186,25,1,871.54
6539,2186,18,2,732.4
6540,2186,11,3,664.17
6541,2186,31,1,1716.1
6542,2187,6,2,2402.91
6543,2187,8,1,1311.65
6544,2187,22,2,2088.57
6545,2188,20,2,364.82
6546,2188,16,1,1223.3
6547,2189,5,2,1174.24
6548,2189,26,2,2411.16
6549,2190,8,1,1311.65
6550,2190,21,1,1211.35
6551,2190,15,1,118.33
6552,2190,39,2,1007.34
6553,2191,1,3,2433.7
6554,2191,16,3,1223.3
6555,2192,26,3,2411.16
6556,2193,1,3,2433.7
6557,2193,14,2,2467.06
6558,2194,10,3,482.47
6559,2194,28,2,1944.42
6560,2194,18,2,732.4
6561,2194,26,3,2411.16
6562,2194,3,1,2060.53
6563,2195,18,2,732.4
6564,2195,34,3,90.62
6565,2195,39,2,1007.34
6566,2195,35,2,1308.17
6567,2196,19,2,592.91
6568,2197,11,1,664.17
6569,2197,18,2,732.4
6570,2197,29,3,2411.43
6571,2197,12,1,2203.19
6572,2198,31,3,1716.1
6573,2199,1,3,2433.7
6574,2199,33,2,1331.91
6575,2199,38,3,1595.02
6576,2200,9,2,615.62
6577,2200,17,2,2384.83
6578,2200,3,2,2060.53
6579,2200,31,1,1716.1
6580,2200,7,3,1335.9
6581,2201,33,2,1331.91
6582,2201,15,2,118.33
6583,2201,39,1,1007.34
6584,2202,22,3,2088.57
6585,2203,8,1,1311.65
6586,2203,39,2,1007.34
6587,2203,20,1,364.82
6588,2203,14,3,2467.06
6589,2203,34,2,90.62
6590,2204,20,1,364.82
6591,2204,2,1,1179.75
6592,2204,8,3,1311.65
6593,2205,12,2,2203.19
6594,2205,17,3,2384.83
6595,2205,5,3,1174.24
6596,2205,22,1,2088.57
6597,2205,36,1,87.7
6598,2206,36,3,87.7
6599,2206,25,1,871.54
6600,2206,26,2,2411.16
6601,2206,35,1,1308.17
6602,2207,14,2,2467.06
6603,2208,3,2,2060.53
6604,2209,3,2,2060.53
6605,2210,30,2,1422.18
6606,2210,3,2,2060.53
6607,2210,21,1,1211.35
6608,2210,31,3,1716.1
6609,2211,37,1,933.72
6610,2212,17,1,2384.83
6611,2213,34,2,90.62
6612,2213,36,3,87.7
6613,2213,26,1,2411.16
6614,2213,3,3,2060.53
6615,2214,12,1,2203.19
6616,2214,20,2,364.82
6617,2214,24,3,995.09
6618,2215,1,1,2433.7
6619,2215,9,3,615.62
6620,2215,19,1,592.91
6621,2215,26,3,2411.16
6622,2216,29,1,2411.43
6623,2216,9,3,615.62
6624,2216,13,3,2446.23
6625,2216,26,1,2411.16
6626,2217,14,1,2467.06
6627,2217,1,1,2433.7
6628,2217,27,1,285.56
6629,2217,26,1,2411.16
6630,2218,13,2,2446.23
6631,2218,17,1,2384.83
6632,2218,20,2,364.82
6633,2219,35,2,1308.17
6634,2219,9,3,615.62
6635,2219,18,3,732.4
6636,2219,8,1,1311.65
6637,2219,20,3,364.82
6638,2220,28,2,1944.42
6639,2220,3,1,2060.53
6640,2220,12,3,2203.19
6641,2221,11,2,664.17
6642,2221,40,3,469.27
6643,2221,7,2,1335.9
6644,2221,1,2,2433.7
6645,2221,34,2,90.62
6646,2222,2,2,1179.75
6647,2222,20,1,364.82
6648,2222,15,2,118.33
6649,2223,37,1,933.72
6650,2223,1,1,2433.7
6651,2224,3,2,2060.53
6652,2224,28,2,1944.42
6653,2224,6,2,2402.91
6654,2224,30,2,1422.18
6655,2225,36,1,87.7
6656,2226,2,2,1179.75
6657,2226,4,3,2029.54
6658,2226,12,2,2203.19
6659,2226,1,1,2433.7
6660,2226,30,3,1422.18
6661,2227,13,1,2446.23
6662,2227,12,3,2203.19
6663,2228,21,1,1211.35
6664,2228,31,1,1716.1
6665,2229,11,1,664.17
6666,2229,21,3,1211.35
6667,2229,3,2,2060.53
6668,2230,9,3,615.62
6669,2231,25,3,871.54
6670,2232,10,1,482.47
6671,2232,4,2,2029.54
6672,2232,39,2,1007.34
6673,2232,8,2,1311.65
6674,2233,19,1,592.91
6675,2233,17,1,2384.83
6676,2233,20,3,364.82
6677,2233,8,2,1311.65
6678,2234,34,2,90.62
6679,2234,20,3,364.82
6680,2234,10,3,482.47
6681,2234,17,2,2384.83
6682,2235,2,1,1179.75
6683,2235,13,2,2446.23
6684,2236,30,2,1422.18
6685,2236,34,2,90.62
6686,2236,12,1,2203.19
6687,2236,29,1,2411.43
6688,2236,27,1,285.56
6689,2237,1,2,2433.7
6690,2238,12,1,2203.19
6691,2238,33,1,1331.91
6692,2238,5,1,1174.24
6693,2238,2,2,1179.75
6694,2238,30,1,1422.18
6695,2239,17,2,2384.83
6696,2239,2,2,1179.75
6697,2240,31,1,1716.1
6698,2240,2,2,1179.75
6699,2241,35,1,1308.17
6700,2241,32,2,31.92
6701,2242,16,1,1223.3
6702,2242,18,3,732.4
6703,2243,37,2,933.72
6704,2243,30,2,1422.18
6705,2243,4,2,2029.54
6706,2244,12,1,2203.19
6707,2244,6,3,2402.91
6708,2244,1,3,2433.7
6709,2244,5,1,1174.24
6710,2244,38,1,1595.02
6711,2245,35,2,1308.17
6712,2246,19,3,592.91
6713,2247,29,3,2411.43
6714,2248,35,2,1308.17
6715,2248,22,2,2088.57
6716,2248,31,3,1716.1
6717,2248,8,1,1311.65
6718,2249,15,2,118.33
6719,2249,37,1,933.72
6720,2249,34,1,90.62
6721,2249,29,3,2411.43
6722,2250,29,2,2411.43
6723,2251,17,3,2384.83
6724,2251,25,3,871.54
6725,2251,26,2,2411.16
6726,2252,15,1,118.33
6727,2252,12,1,2203.19
6728,2252,31,2,1716.1
6729,2252,39,3,1007.34
6730,2253,17,2,2384.83
6731,2253,24,3,995.09
6732,2253,36,2,87.7
6733,2253,40,2,469.27
6734,2253,19,2,592.91
6735,2254,39,3,1007.34
6736,2254,31,1,1716.1
6737,2254,11,1,664.17
6738,2254,2,1,1179.75
6739,2255,14,3,2467.06
6740,2255,35,3,1308.17
6741,2256,6,2,2402.91
6742,2256,30,3,1422.18
6743,2257,26,3,2411.16
6744,2257,25,1,871.54
6745,2257,13,1,2446.23
6746,2257,21,3,1211.35
6747,2258,14,3,2467.06
6748,2258,16,1,1223.3
6749,2258,19,3,592.91
6750,2258,22,1,2088.57
6751,2259,38,2,1595.02
6752,2259,2,1,1179.75
6753,2259,23,2,556.61
6754,2259,22,2,2088.57
6755,2260,10,2,482.47
6756,2260,11,1,664.17
6757,2261,35,3,1308.17
6758,2261,39,3,1007.34
6759,2261,14,3,2467.06
6760,2262,21,2,1211.35
6761,2263,37,1,933.72
6762,2263,36,2,87.7
6763,2264,40,1,469.27
6764,2264,9,3,615.62
6765,2264,16,1,1223.3
6766,2264,38,2,1595.02
6767,2265,17,3,2384.83
6768,2265,18,1,732.4
6769,2266,7,1,1335.9
6770,2266,11,1,664.17
6771,2266,3,1,2060.53
6772,2266,9,1,615.62
6773,2266,30,3,1422.18
6774,2267,20,2,364.82
6775,2267,17,2,2384.83
6776,2267,16,1,1223.3
6777,2267,31,1,1716.1
6778,2267,4,1,2029.54
6779,2268,25,3,871.54
6780,2268,38,2,1595.02
6781,2268,12,1,2203.19
6782,2269,17,3,2384.83
6783,2269,37,2,933.72
6784,2269,4,3,2029.54
6785,2269,5,1,1174.24
6786,2269,20,3,364.82
6787,2270,10,1,482.47
6788,2270,31,2,1716.1
6789,2270,17,3,2384.83
6790,2271,12,3,2203.19
6791,2272,38,1,1595.02
6792,2273,33,1,1331.91
6793,2274,31,3,1716.1
6794,2274,37,1,933.72
6795,2274,39,3,1007.34
6796,2275,40,3,469.27
6797,2275,12,2,2203.19
6798,2275,23,1,556.61
6799,2275,21,3,1211.35
6800,2276,11,3,664.17
6801,2276,32,2,31.92
6802,2276,34,1,90.62
6803,2276,2,3,1179.75
6804,2277,36,2,87.7
6805,2277,38,3,1595.02
6806,2277,16,1,1223.3
6807,2278,11,3,664.17
6808,2278,29,3,2411.43
6809,2278,2,3,1179.75
6810,2278,26,2,2411.16
6811,2279,6,3,2402.91
6812,2279,12,3,2203.19
6813,2279,34,3,90.62
6814,2279,11,3,664.17
6815,2279,20,2,364.82
6816,2280,35,1,1308.17
6817,2280,36,1,87.7
6818,2280,22,1,2088.57
6819,2281,1,3,2433.7
6820,2281,12,3,2203.19
6821,2281,33,1,1331.91
6822,2282,17,3,2384.83
6823,2282,27,3,285.56
6824,2282,35,2,1308.17
6825,2283,38,3,1595.02
6826,2283,26,2,2411.16
6827,2283,7,1,1335.9
6828,2283,24,1,995.09
6829,2284,30,1,1422.18
6830,2284,7,2,1335.9
6831,2285,17,2,2384.83
6832,2285,7,2,1335.9
6833,2285,29,2,2411.43
6834,2286,19,1,592.91
6835,2286,33,2,1331.91
6836,2286,38,2,1595.02
6837,2286,25,3,871.54
6838,2286,36,1,87.7
6839,2287,6,1,2402.91
6840,2287,9,1,615.62
6841,2287,29,1,2411.43
6842,2287,34,2,90.62
6843,2288,21,2,1211.35
6844,2288,10,3,482.47
6845,2288,2,1,1179.75
6846,2289,15,1,118.33
6847,2289,35,2,1308.17
6848,2290,37,1,933.72
6849,2290,12,2,2203.19
6850,2290,34,2,90.62
6851,2290,29,1,2411.43
6852,2290,30,3,1422.18
6853,2291,37,3,933.72
6854,2291,4,2,2029.54
6855,2292,32,3,31.92
6856,2292,25,2,871.54
6857,2292,27,3,285.56
6858,2292,7,1,1335.9
6859,2293,1,2,2433.7
6860,2293,30,2,1422.18
6861,2293,25,1,871.54
6862,2294,18,1,732.4
6863,2294,7,3,1335.9
6864,2295,12,3,2203.19
6865,2295,3,2,2060.53
6866,2296,5,3,1174.24
6867,2297,34,3,90.62
6868,2297,25,1,871.54
6869,2297,6,2,2402.91
6870,2297,7,3,1335.9
6871,2298,40,2,469.27
6872,2298,25,1,871.54
6873,2299,4,1,2029.54
6874,2299,17,3,2384.83
6875,2299,34,3,90.62
6876,2299,22,1,2088.57
6877,2299,29,1,2411.43
6878,2300,35,1,1308.17
6879,2300,15,3,118.33
6880,2300,36,3,87.7
6881,2300,2,1,1179.75
6882,2300,28,3,1944.42
6883,2301,31,2,1716.1
6884,2301,32,1,31.92
6885,2301,35,2,1308.17
6886,2302,1,1,2433.7
6887,2302,4,1,2029.54
6888,2302,32,2,31.92
6889,2303,28,2,1944.42
6890,2303,15,2,118.33
6891,2303,21,2,1211.35
6892,2303,13,1,2446.23
6893,2304,29,3,2411.43
6894,2304,25,1,871.54
6895,2305,18,1,732.4
6896,2305,20,3,364.82
6897,2305,33,2,1331.91
6898,2305,7,1,1335.9
6899,2306,15,3,118.33
6900,2307,5,1,1174.24
6901,2308,24,1,995.09
6902,2308,37,2,933.72
6903,2309,23,1,556.61
6904,2309,31,3,1716.1
6905,2309,35,2,1308.17
6906,2309,4,1,2029.54
6907,2309,21,3,1211.35
6908,2310,11,2,664.17
6909,2310,1,3,2433.7
6910,2310,40,2,469.27
6911,2310,39,3,1007.34
6912,2311,23,2,556.61
6913,2311,11,3,664.17
6914,2311,28,1,1944.42
6915,2311,5,1,1174.24
6916,2311,21,1,1211.35
6917,2312,2,3,1179.75
6918,2312,7,2,1335.9
6919,2313,33,1,1331.91
6920,2314,25,2,871.54
6921,2314,21,1,1211.35
6922,2315,5,3,1174.24
6923,2316,18,1,732.4
6924,2316,2,1,1179.75
6925,2316,36,3,87.7
6926,2317,38,1,1595.02
6927,2317,40,1,469.27
6928,2318,14,3,2467.06
6929,2318,25,2,871.54
6930,2318,30,1,1422.18
6931,2318,35,3,1308.17
6932,2319,9,3,615.62
6933,2319,15,1,118.33
6934,2319,37,2,933.72
6935,2319,7,3,1335.9
6936,2320,7,3,1335.9
6937,2320,16,2,1223.3
6938,2320,38,2,1595.02
6939,2321,22,3,2088.57
6940,2321,38,3,1595.02
6941,2321,10,2,482.47
6942,2321,14,3,2467.06
6943,2321,6,3,2402.91
6944,2322,4,1,2029.54
6945,2322,3,1,2060.53
6946,2323,21,2,1211.35
6947,2323,12,2,2203.19
6948,2324,36,1,87.7
6949,2325,4,2,2029.54
6950,2325,38,1,1595.02
6951,2326,33,2,1331.91
6952,2326,5,2,1174.24
6953,2326,23,1,556.61
6954,2326,7,3,1335.9
6955,2327,22,2,2088.57
6956,2327,15,1,118.33
6957,2327,5,2,1174.24
6958,2327,16,2,1223.3
6959,2328,2,2,1179.75
6960,2328,11,2,664.17
6961,2328,39,2,1007.34
6962,2329,21,1,1211.35
6963,2329,31,1,1716.1
6964,2330,11,3,664.17
6965,2330,16,2,1223.3
6966,2330,12,2,2203.19
6967,2330,2,3,1179.75
6968,2330,32,2,31.92
6969,2331,34,1,90.62
6970,2331,21,2,1211.35
6971,2331,18,3,732.4
6972,2331,25,3,871.54
6973,2332,20,2,364.82
6974,2332,16,3,1223.3
6975,2333,28,2,1944.42
6976,2333,8,1,1311.65
6977,2334,30,3,1422.18
6978,2335,12,2,2203.19
6979,2336,28,3,1944.42
6980,2336,2,1,1179.75
6981,2336,22,3,2088.57
6982,2336,26,1,2411.16
6983,2337,17,1,2384.83
6984,2337,35,2,1308.17
6985,2338,15,1,118.33
6986,2338,21,3,1211.35
6987,2338,6,1,2402.91
6988,2338,18,3,732.4
6989,2338,22,1,2088.57
6990,2339,5,3,1174.24
6991,2339,27,1,285.56
6992,2339,11,2,664.17
6993,2340,8,2,1311.65
6994,2340,10,3,482.47
6995,2341,37,3,933.72
6996,2341,17,3,2384.83
6997,2341,8,3,1311.65
6998,2342,30,2,1422.18
6999,2342,15,3,118.33
7000,2342,17,2,2384.83
7001,2342,1,2,2433.7
7002,2343,30,1,1422.18
7003,2343,19,1,592.91
7004,2343,15,1,118.33
7005,2344,16,3,1223.3
7006,2344,14,2,2467.06
7007,2345,30,1,1422.18
7008,2345,10,3,482.47
7009,2346,10,3,482.47
7010,2347,3,3,2060.53
7011,2347,11,2,664.17
7012,2348,36,2,87.7
7013,2348,20,3,364.82
7014,2349,6,3,2402.91
7015,2349,14,1,2467.06
7016,2349,17,3,2384.83
7017,2349,35,1,1308.17
7018,2350,22,3,2088.57
7019,2350,14,2,2467.06
7020,2351,5,1,1174.24
7021,2351,19,1,592.91
7022,2351,36,1,87.7
7023,2352,26,1,2411.16
7024,2352,7,2,1335.9
7025,2352,18,2,732.4
7026,2352,6,1,2402.91
7027,2353,6,1,2402.91
7028,2353,36,2,87.7
7029,2353,14,2,2467.06
7030,2354,30,3,1422.18
7031,2354,14,2,2467.06
7032,2354,28,1,1944.42
7033,2354,6,2,2402.91
7034,2354,8,2,1311.65
7035,2355,26,1,2411.16
7036,2356,29,3,2411.43
7037,2356,33,3,1331.91
7038,2356,32,1,31.92
7039,2356,37,2,933.72
7040,2357,29,1,2411.43
7041,2357,26,2,2411.16
7042,2357,39,1,1007.34
7043,2357,3,3,2060.53
7044,2357,34,3,90.62
7045,2358,29,1,2411.43
7046,2358,12,3,2203.19
7047,2359,7,2,1335.9
7048,2359,14,3,2467.06
7049,2359,34,2,90.62
7050,2360,34,2,90.62
7051,2360,8,1,1311.65
7052,2360,11,3,664.17
7053,2361,7,1,1335.9
7054,2361,35,1,1308.17
7055,2362,40,1,469.27
7056,2363,40,2,469.27
7057,2363,31,3,1716.1
7058,2363,32,1,31.92
7059,2364,27,2,285.56
7060,2364,9,2,615.62
7061,2364,13,1,2446.23
7062,2364,11,1,664.17
7063,2365,18,3,732.4
7064,2365,8,3,1311.65
7065,2366,12,2,2203.19
7066,2366,6,1,2402.91
7067,2366,29,1,2411.43
7068,2366,33,3,1331.91
7069,2367,22,3,2088.57
7070,2368,32,2,31.92
7071,2368,1,1,2433.7
7072,2368,14,2,2467.06
7073,2369,5,2,1174.24
7074,2369,31,2,1716.1
7075,2370,9,1,615.62
7076,2370,3,1,2060.53
7077,2370,36,1,87.7
7078,2370,35,1,1308.17
7079,2371,2,1,1179.75
7080,2371,5,2,1174.24
7081,2371,4,3,2029.54
7082,2371,39,3,1007.34
7083,2371,11,2,664.17
7084,2372,1,1,2433.7
7085,2372,5,3,1174.24
7086,2372,23,1,556.61
7087,2372,31,1,1716.1
7088,2372,32,1,31.92
7089,2373,10,3,482.47
7090,2374,21,2,1211.35
7091,2374,16,1,1223.3
7092,2374,15,2,118.33
7093,2374,4,2,2029.54
7094,2374,1,1,2433.7
7095,2375,15,2,118.33
7096,2375,20,3,364.82
7097,2376,37,2,933.72
7098,2376,8,1,1311.65
7099,2376,21,3,1211.35
7100,2377,20,2,364.82
7101,2377,1,3,2433.7
7102,2377,40,3,469.27
7103,2378,17,3,2384.83
7104,2379,6,3,2402.91
7105,2380,19,1,592.91
7106,2380,16,3,1223.3
7107,2380,40,1,469.27
7108,2381,36,3,87.7
7109,2382,18,1,732.4
7110,2382,32,1,31.92
7111,2383,31,1,1716.1
7112,2383,34,3,90.62
7113,2383,37,1,933.72
7114,2383,16,2,1223.3
7115,2383,26,3,2411.16
7116,2384,21,1,1211.35
7117,2384,10,3,482.47
7118,2384,6,3,2402.91
7119,2385,6,3,2402.91
7120,2386,12,2,2203.19
7121,2387,15,3,118.33
7122,2387,24,3,995.09
7123,2387,12,2,2203.19
7124,2387,16,1,1223.3
7125,2388,20,3,364.82
7126,2388,7,2,1335.9
7127,2388,1,3,2433.7
7128,2389,24,2,995.09
7129,2389,21,1,1211.35
7130,2389,22,1,2088.57
7131,2389,31,1,1716.1
7132,2389,13,2,2446.23
7133,2390,40,3,469.27
7134,2390,11,3,664.17
7135,2390,19,1,592.91
7136,2390,12,2,2203.19
7137,2391,32,2,31.92
7138,2392,35,3,1308.17
7139,2392,25,3,871.54
7140,2393,2,1,1179.75
7141,2394,16,1,1223.3
7142,2394,4,2,2029.54
7143,2394,1,3,2433.7
7144,2394,19,1,592.91
7145,2395,24,2,995.09
7146,2395,9,2,615.62
7147,2395,36,3,87.7
7148,2395,5,2,1174.24
7149,2395,1,3,2433.7
7150,2396,17,1,2384.83
7151,2396,30,2,1422.18
7152,2396,39,1,1007.34
7153,2396,11,2,664.17
7154,2397,29,2,2411.43
7155,2397,19,3,592.91
7156,2397,40,2,469.27
7157,2398,25,3,871.54
7158,2399,15,2,118.33
7159,2399,21,3,1211.35
7160,2399,39,3,1007.34
7161,2399,17,3,2384.83
7162,2400,30,1,1422.18
7163,2400,26,1,2411.16
7164,2400,14,1,2467.06
7165,2400,19,2,592.91
7166,2400,27,1,285.56
7167,2401,23,3,556.61
7168,2401,20,1,364.82
7169,2402,9,3,615.62
7170,2403,37,1,933.72
7171,2404,18,3,732.4
7172,2405,9,1,615.62
7173,2405,5,1,1174.24
7174,2406,4,1,2029.54
7175,2407,37,3,933.72
7176,2408,5,2,1174.24
7177,2408,4,3,2029.54
7178,2408,15,1,118.33
7179,2408,9,1,615.62
7180,2408,11,1,664.17
7181,2409,33,1,1331.91
7182,2409,12,3,2203.19
7183,2409,23,1,556.61
7184,2410,34,1,90.62
7185,2410,16,2,1223.3
7186,2410,23,3,556.61
7187,2410,32,3,31.92
7188,2410,3,1,2060.53
7189,2411,5,1,1174.24
7190,2411,30,2,1422.18
7191,2411,32,2,31.92
7192,2411,26,3,2411.16
7193,2412,3,3,2060.53
7194,2412,36,3,87.7
7195,2412,9,3,615.62
7196,2413,10,2,482.47
7197,2413,17,2,2384.83
7198,2413,1,3,2433.7
7199,2413,9,1,615.62
7200,2413,4,1,2029.54
7201,2414,20,1,364.82
7202,2414,36,2,87.7
7203,2415,26,1,2411.16
7204,2415,25,1,871.54
7205,2416,21,1,1211.35
7206,2416,1,1,2433.7
7207,2416,39,3,1007.34
7208,2416,4,2,2029.54
7209,2416,29,3,2411.43
7210,2417,35,3,1308.17
7211,2417,13,3,2446.23
7212,2417,24,1,995.09
7213,2417,15,1,118.33
7214,2417,21,3,1211.35
7215,2418,3,1,2060.53
7216,2418,24,1,995.09
7217,2418,15,1,118.33
7218,2418,33,3,1331.91
7219,2418,34,1,90.62
7220,2419,37,2,933.72
7221,2419,36,1,87.7
7222,2419,26,2,2411.16
7223,2419,5,2,1174.24
7224,2419,22,3,2088.57
7225,2420,24,3,995.09
7226,2420,21,2,1211.35
7227,2420,4,3,2029.54
7228,2420,32,3,31.92
7229,2420,19,1,592.91
7230,2421,1,1,2433.7
7231,2422,29,2,2411.43
7232,2422,30,1,1422.18
7233,2422,35,1,1308.17
7234,2422,17,2,2384.83
7235,2423,35,3,1308.17
7236,2424,1,1,2433.7
7237,2424,40,3,469.27
7238,2424,33,2,1331.91
7239,2424,31,2,1716.1
7240,2424,21,1,1211.35
7241,2425,22,2,2088.57
7242,2425,2,3,1179.75
7243,2426,6,2,2402.91
7244,2427,31,2,1716.1
7245,2427,18,2,732.4
7246,2427,2,3,1179.75
7247,2428,2,1,1179.75
7248,2428,33,3,1331.91
7249,2428,24,2,995.09
7250,2428,3,2,2060.53
7251,2429,20,1,364.82
7252,2429,23,2,556.61
7253,2429,34,1,90.62
7254,2430,5,2,1174.24
7255,2430,26,1,2411.16
7256,2430,24,2,995.09
7257,2430,36,3,87.7
7258,2431,38,3,1595.02
7259,2431,33,3,1331.91
7260,2432,20,2,364.82
7261,2432,10,1,482.47
7262,2432,4,2,2029.54
7263,2433,38,2,1595.02
7264,2434,39,2,1007.34
7265,2434,1,3,2433.7
7266,2434,18,1,732.4
7267,2434,20,2,364.82
7268,2435,34,1,90.62
7269,2435,23,1,556.61
7270,2435,14,1,2467.06
7271,2435,11,2,664.17
7272,2436,33,1,1331.91
7273,2436,25,3,871.54
7274,2436,21,2,1211.35
7275,2437,16,2,1223.3
7276,2437,8,3,1311.65
7277,2437,2,2,1179.75
7278,2438,31,2,1716.1
7279,2438,10,3,482.47
7280,2439,13,2,2446.23
7281,2439,21,3,1211.35
7282,2440,26,2,2411.16
7283,2440,7,2,1335.9
7284,2440,13,1,2446.23
7285,2441,14,2,2467.06
7286,2441,28,3,1944.42
7287,2441,33,3,1331.91
7288,2441,16,3,1223.3
7289,2441,9,3,615.62
7290,2442,31,1,1716.1
7291,2443,16,3,1223.3
7292,2443,11,1,664.17
7293,2444,28,3,1944.42
7294,2444,25,2,871.54
7295,2445,34,2,90.62
7296,2445,35,3,1308.17
7297,2445,39,1,1007.34
7298,2446,38,2,1595.02
7299,2446,20,1,364.82
7300,2446,28,3,1944.42
7301,2447,22,1,2088.57
7302,2448,36,2,87.7
7303,2449,3,3,2060.53
7304,2449,29,1,2411.43
7305,2450,23,3,556.61
7306,2450,34,3,90.62
7307,2450,33,3,1331.91
7308,2450,14,2,2467.06
7309,2450,26,2,2411.16
7310,2451,19,3,592.91
7311,2451,8,3,1311.65
7312,2451,26,3,2411.16
7313,2451,4,2,2029.54
7314,2451,36,2,87.7
7315,2452,24,1,995.09
7316,2452,19,1,592.91
7317,2452,10,3,482.47
7318,2452,22,3,2088.57
7319,2452,35,1,1308.17
7320,2453,34,1,90.62
7321,2453,9,3,615.62
7322,2454,39,2,1007.34
7323,2454,25,2,871.54
7324,2454,3,2,2060.53
7325,2454,31,2,1716.1
7326,2454,29,2,2411.43
7327,2455,34,1,90.62
7328,2455,16,2,1223.3
7329,2455,33,1,1331.91
7330,2455,28,1,1944.42
7331,2456,29,1,2411.43
7332,2456,33,3,1331.91
7333,2457,40,1,469.27
7334,2458,16,1,1223.3
7335,2459,25,1,871.54
7336,2459,37,2,933.72
7337,2459,3,3,2060.53
7338,2460,39,3,1007.34
7339,2460,16,2,1223.3
7340,2460,12,1,2203.19
7341,2460,28,1,1944.42
7342,2461,18,2,732.4
7343,2461,7,1,1335.9
7344,2462,27,2,285.56
7345,2463,28,2,1944.42
7346,2463,14,2,2467.06
7347,2463,33,2,1331.91
7348,2463,9,1,615.62
7349,2463,12,2,2203.19
7350,2464,36,3,87.7
7351,2464,39,1,1007.34
7352,2464,17,1,2384.83
7353,2465,22,2,2088.57
7354,2465,35,3,1308.17
7355,2465,26,1,2411.16
7356,2466,3,1,2060.53
7357,2466,5,2,1174.24
7358,2466,9,3,615.62
7359,2466,37,1,933.72
7360,2467,5,3,1174.24
7361,2468,17,2,2384.83
7362,2468,33,1,1331.91
7363,2469,5,1,1174.24
7364,2470,3,2,2060.53
7365,2470,22,1,2088.57
7366,2470,39,2,1007.34
7367,2470,6,3,2402.91
7368,2471,20,1,364.82
7369,2472,27,3,285.56
7370,2473,39,3,1007.34
7371,2473,26,2,2411.16
7372,2474,24,1,995.09
7373,2474,33,3,1331.91
7374,2474,18,3,732.4
7375,2475,2,1,1179.75
7376,2476,23,1,556.61
7377,2477,35,1,1308.17
7378,2477,17,1,2384.83
7379,2477,28,3,1944.42
7380,2477,39,1,1007.34
7381,2477,10,1,482.47
7382,2478,35,3,1308.17
7383,2478,30,2,1422.18
7384,2478,25,3,871.54
7385,2479,5,1,1174.24
7386,2479,14,2,2467.06
7387,2480,39,1,1007.34
7388,2480,4,3,2029.54
7389,2480,28,1,1944.42
7390,2481,36,1,87.7
7391,2482,10,3,482.47
7392,2482,23,1,556.61
7393,2483,2,2,1179.75
7394,2483,34,3,90.62
7395,2483,35,3,1308.17
7396,2484,20,3,364.82
7397,2484,23,2,556.61
7398,2484,18,1,732.4
7399,2484,35,2,1308.17
7400,2484,30,2,1422.18
7401,2485,23,1,556.61
7402,2485,10,1,482.47
7403,2485,35,3,1308.17
7404,2485,1,3,2433.7
7405,2485,33,3,1331.91
7406,2486,38,3,1595.02
7407,2486,29,3,2411.43
7408,2487,24,3,995.09
7409,2487,38,3,1595.02
7410,2487,27,2,285.56
7411,2488,30,2,1422.18
7412,2488,39,1,1007.34
7413,2488,11,3,664.17
7414,2488,1,3,2433.7
7415,2488,3,2,2060.53
7416,2489,39,3,1007.34
7417,2489,24,3,995.09
7418,2489,20,1,364.82
7419,2489,13,2,2446.23
7420,2489,10,3,482.47
7421,2490,31,1,1716.1
7422,2490,10,3,482.47
7423,2490,30,2,1422.18
7424,2491,38,1,1595.02
7425,2492,39,1,1007.34
7426,2492,20,1,364.82
7427,2492,13,2,2446.23
7428,2492,2,3,1179.75
7429,2493,23,1,556.61
7430,2493,29,1,2411.43
7431,2494,4,1,2029.54
7432,2494,14,1,2467.06
7433,2494,30,2,1422.18
7434,2494,12,3,2203.19
7435,2495,10,1,482.47
7436,2495,19,1,592.91
7437,2495,25,1,871.54
7438,2495,12,2,2203.19
7439,2495,15,2,118.33
7440,2496,31,1,1716.1
7441,2496,10,1,482.47
7442,2497,21,1,1211.35
7443,2497,14,1,2467.06
7444,2497,1,2,2433.7
7445,2497,25,2,871.54
7446,2498,3,1,2060.53
7447,2498,7,2,1335.9
7448,2498,22,3,2088.57
7449,2499,28,1,1944.42
7450,2499,6,1,2402.91
7451,2499,25,3,871.54
7452,2499,20,1,364.82
7453,2500,15,3,118.33
7454,2500,25,3,871.54
7455,2500,1,2,2433.7
7456,2500,30,2,1422.18
7457,2501,23,1,556.61
7458,2501,2,2,1179.75
7459,2501,10,2,482.47
7460,2501,20,3,364.82
7461,2502,3,2,2060.53
7462,2503,3,1,2060.53
7463,2503,8,1,1311.65
7464,2504,18,3,732.4
7465,2504,9,3,615.62
7466,2504,40,3,469.27
7467,2505,15,1,118.33
7468,2505,40,1,469.27
7469,2505,19,2,592.91
7470,2505,28,2,1944.42
7471,2505,1,2,2433.7
7472,2506,6,1,2402.91
7473,2506,38,1,1595.02
7474,2507,3,2,2060.53
7475,2507,8,3,1311.65
7476,2508,40,2,469.27
7477,2508,27,2,285.56
7478,2509,8,1,1311.65
7479,2509,12,1,2203.19
7480,2509,36,3,87.7
7481,2509,15,2,118.33
7482,2510,39,3,1007.34
7483,2510,12,3,2203.19
7484,2510,17,3,2384.83
7485,2511,29,1,2411.43
7486,2511,1,1,2433.7
7487,2511,34,2,90.62
7488,2512,17,2,2384.83
7489,2512,9,3,615.62
7490,2512,37,3,933.72
7491,2512,24,1,995.09
7492,2513,31,1,1716.1
7493,2513,10,1,482.47
7494,2514,40,1,469.27
7495,2514,21,3,1211.35
7496,2514,13,1,2446.23
7497,2515,30,2,1422.18
7498,2515,36,1,87.7
7499,2515,37,3,933.72
7500,2516,10,3,482.47
7501,2516,13,3,2446.23
7502,2516,4,3,2029.54
7503,2517,29,1,2411.43
7504,2518,40,3,469.27
7505,2518,9,1,615.62
7506,2518,21,1,1211.35
7507,2518,4,1,2029.54
7508,2519,4,1,2029.54
7509,2520,25,2,871.54
7510,2520,35,2,1308.17
7511,2520,23,2,556.61
7512,2520,2,2,1179.75
7513,2520,33,1,1331.91
7514,2521,20,1,364.82
7515,2521,32,2,31.92
7516,2521,35,3,1308.17
7517,2522,19,2,592.91
7518,2523,29,3,2411.43
7519,2523,2,2,1179.75
7520,2523,39,2,1007.34
7521,2523,1,3,2433.7
7522,2524,23,3,556.61
7523,2524,16,1,1223.3
7524,2524,30,3,1422.18
7525,2525,11,3,664.17
7526,2525,32,2,31.92
7527,2526,24,1,995.09
7528,2526,17,3,2384.83
7529,2526,21,1,1211.35
7530,2526,28,1,1944.42
7531,2526,8,3,1311.65
7532,2527,3,1,2060.53
7533,2527,30,1,1422.18
7534,2527,35,1,1308.17
7535,2527,21,1,1211.35
7536,2527,26,2,2411.16
7537,2528,5,1,1174.24
7538,2528,12,1,2203.19
7539,2529,24,2,995.09
7540,2530,15,1,118.33
7541,2531,16,1,1223.3
7542,2531,26,1,2411.16
7543,2531,31,1,1716.1
7544,2532,22,1,2088.57
7545,2532,35,3,1308.17
7546,2532,26,1,2411.16
7547,2532,31,1,1716.1
7548,2533,13,3,2446.23
7549,2533,34,2,90.62
7550,2534,33,2,1331.91
7551,2535,39,1,1007.34
7552,2535,38,1,1595.02
7553,2536,16,2,1223.3
7554,2536,35,1,1308.17
7555,2536,25,3,871.54
7556,2536,18,3,732.4
7557,2537,6,2,2402.91
7558,2537,17,3,2384.83
7559,2537,2,1,1179.75
7560,2538,34,2,90.62
7561,2538,11,2,664.17
7562,2538,2,3,1179.75
7563,2538,7,1,1335.9
7564,2538,17,3,2384.83
7565,2539,12,3,2203.19
7566,2540,36,1,87.7
7567,2540,38,1,1595.02
7568,2540,19,2,592.91
7569,2540,27,1,285.56
7570,2540,23,3,556.61
7571,2541,18,3,732.4
7572,2541,4,2,2029.54
7573,2541,26,3,2411.16
7574,2541,23,2,556.61
7575,2542,32,3,31.92
7576,2542,6,2,2402.91
7577,2542,36,2,87.7
7578,2542,20,3,364.82
7579,2543,22,2,2088.57
7580,2543,20,2,364.82
7581,2543,24,2,995.09
7582,2543,16,2,1223.3
7583,2543,9,3,615.62
7584,2544,8,1,1311.65
7585,2544,27,1,285.56
7586,2544,37,2,933.72
7587,2544,6,3,2402.91
7588,2544,40,1,469.27
7589,2545,17,2,2384.83
7590,2545,12,3,2203.19
7591,2545,3,3,2060.53
7592,2545,24,3,995.09
7593,2545,1,2,2433.7
7594,2546,37,1,933.72
7595,2546,18,3,732.4
7596,2546,5,2,1174.24
7597,2546,35,2,1308.17
7598,2547,32,2,31.92
7599,2547,12,2,2203.19
7600,2547,18,1,732.4
7601,2547,39,2,1007.34
7602,2548,32,3,31.92
7603,2548,16,3,1223.3
7604,2549,7,2,1335.9
7605,2549,15,2,118.33
7606,2549,2,3,1179.75
7607,2550,38,3,1595.02
7608,2550,7,1,1335.9
7609,2550,2,1,1179.75
7610,2551,19,2,592.91
7611,2552,24,2,995.09
7612,2552,40,1,469.27
7613,2552,29,1,2411.43
7614,2553,15,1,118.33
7615,2553,1,3,2433.7
7616,2553,28,2,1944.42
7617,2553,21,3,1211.35
7618,2553,13,2,2446.23
7619,2554,2,3,1179.75
7620,2554,24,1,995.09
7621,2554,13,1,2446.23
7622,2555,1,2,2433.7
7623,2555,22,2,2088.57
7624,2555,20,2,364.82
7625,2556,1,1,2433.7
7626,2557,18,2,732.4
7627,2558,27,1,285.56
7628,2558,12,3,2203.19
7629,2558,17,2,2384.83
7630,2559,20,1,364.82
7631,2559,3,3,2060.53
7632,2560,1,1,2433.7
7633,2560,21,2,1211.35
7634,2561,33,1,1331.91
7635,2561,5,2,1174.24
7636,2561,26,1,2411.16
7637,2562,28,2,1944.42
7638,2562,1,1,2433.7
7639,2562,39,3,1007.34
7640,2562,10,2,482.47
7641,2563,1,1,2433.7
7642,2563,12,1,2203.19
7643,2563,16,3,1223.3
7644,2563,33,3,1331.91
7645,2564,6,1,2402.91
7646,2564,20,3,364.82
7647,2564,23,2,556.61
7648,2564,17,2,2384.83
7649,2565,24,3,995.09
7650,2566,9,2,615.62
7651,2566,21,2,1211.35
7652,2566,38,1,1595.02
7653,2566,10,1,482.47
7654,2566,14,1,2467.06
7655,2567,16,3,1223.3
7656,2568,30,1,1422.18
7657,2568,18,3,732.4
7658,2568,40,1,469.27
7659,2568,2,3,1179.75
7660,2569,3,2,2060.53
7661,2569,1,3,2433.7
7662,2570,9,1,615.62
7663,2571,17,2,2384.83
7664,2571,7,1,1335.9
7665,2571,10,1,482.47
7666,2571,20,1,364.82
7667,2572,32,3,31.92
7668,2572,30,1,1422.18
7669,2572,28,2,1944.42
7670,2573,6,1,2402.91
7671,2573,25,1,871.54
7672,2574,18,3,732.4
7673,2574,6,2,2402.91
7674,2575,8,2,1311.65
7675,2576,13,2,2446.23
7676,2577,36,3,87.7
7677,2577,40,2,469.27
7678,2577,3,3,2060.53
7679,2577,34,3,90.62
7680,2577,19,3,592.91
7681,2578,13,3,2446.23
7682,2578,26,1,2411.16
7683,2578,19,2,592.91
7684,2578,2,3,1179.75
7685,2578,32,1,31.92
7686,2579,37,3,933.72
7687,2580,25,1,871.54
7688,2580,23,3,556.61
7689,2580,36,3,87.7
7690,2580,35,2,1308.17
7691,2580,39,3,1007.34
7692,2581,7,1,1335.9
7693,2582,36,2,87.7
7694,2583,33,2,1331.91
7695,2583,20,2,364.82
7696,2584,33,3,1331.91
7697,2584,20,3,364.82
7698,2584,15,1,118.33
7699,2584,32,1,31.92
7700,2584,18,3,732.4
7701,2585,27,2,285.56
7702,2585,3,1,2060.53
7703,2585,4,3,2029.54
7704,2585,5,1,1174.24
7705,2586,32,2,31.92
7706,2586,34,3,90.62
7707,2586,15,2,118.33
7708,2586,4,1,2029.54
7709,2587,19,3,592.91
7710,2587,21,3,1211.35
7711,2587,29,2,2411.43
7712,2587,40,3,469.27
7713,2588,36,1,87.7
7714,2588,34,2,90.62
7715,2588,16,3,1223.3
7716,2589,7,2,1335.9
7717,2590,40,3,469.27
7718,2591,34,3,90.62
7719,2591,29,2,2411.43
7720,2591,31,3,1716.1
7721,2591,13,1,2446.23
7722,2592,21,3,1211.35
7723,2592,4,2,2029.54
7724,2592,35,2,1308.17
7725,2592,15,1,118.33
7726,2593,16,1,1223.3
7727,2593,12,1,2203.19
7728,2593,39,2,1007.34
7729,2593,1,3,2433.7
7730,2594,12,2,2203.19
7731,2595,6,3,2402.91
7732,2595,21,2,1211.35
7733,2595,7,2,1335.9
7734,2596,5,1,1174.24
7735,2596,33,3,1331.91
7736,2596,39,2,1007.34
7737,2596,25,2,871.54
7738,2596,22,2,2088.57
7739,2597,28,1,1944.42
7740,2597,26,2,2411.16
7741,2598,34,3,90.62
7742,2598,16,3,1223.3
7743,2598,14,2,2467.06
7744,2599,18,1,732.4
7745,2600,15,3,118.33
7746,2600,38,2,1595.02
7747,2600,34,3,90.62
7748,2600,35,2,1308.17
7749,2600,39,2,1007.34
7750,2601,29,2,2411.43
7751,2601,4,2,2029.54
7752,2601,6,3,2402.91
7753,2602,36,1,87.7
7754,2603,38,3,1595.02
7755,2603,11,2,664.17
7756,2603,29,1,2411.43
7757,2603,35,2,1308.17
7758,2604,34,2,90.62
7759,2604,11,3,664.17
7760,2604,7,1,1335.9
7761,2605,28,2,1944.42
7762,2605,23,1,556.61
7763,2605,17,2,2384.83
7764,2605,13,3,2446.23
7765,2605,11,3,664.17
7766,2606,11,1,664.17
7767,2606,2,2,1179.75
7768,2607,4,2,2029.54
7769,2607,29,3,2411.43
7770,2607,25,2,871.54
7771,2607,7,1,1335.9
7772,2607,5,3,1174.24
7773,2608,25,2,871.54
7774,2609,6,2,2402.91
7775,2609,38,3,1595.02
7776,2610,29,3,2411.43
7777,2610,25,1,871.54
7778,2610,27,2,285.56
7779,2611,29,2,2411.43
7780,2611,18,3,732.4
7781,2611,33,3,1331.91
7782,2611,6,3,2402.91
7783,2612,1,1,2433.7
7784,2613,23,2,556.61
7785,2613,4,2,2029.54
7786,2613,22,3,2088.57
7787,2613,3,1,2060.53
7788,2614,24,3,995.09
7789,2614,30,3,1422.18
7790,2615,4,1,2029.54
7791,2615,30,2,1422.18
7792,2616,33,2,1331.91
7793,2616,19,2,592.91
7794,2616,34,2,90.62
7795,2616,5,1,1174.24
7796,2617,10,1,482.47
7797,2617,9,2,615.62
7798,2617,18,3,732.4
7799,2617,1,2,2433.7
7800,2618,6,2,2402.91
7801,2618,5,2,1174.24
7802,2619,7,2,1335.9
7803,2620,20,1,364.82
7804,2620,7,3,1335.9
7805,2621,6,3,2402.91
7806,2621,5,2,1174.24
7807,2621,34,1,90.62
7808,2621,24,1,995.09
7809,2621,39,3,1007.34
7810,2622,26,2,2411.16
7811,2623,7,2,1335.9
7812,2623,15,3,118.33
7813,2624,39,1,1007.34
7814,2624,22,1,2088.57
7815,2624,30,2,1422.18
7816,2624,20,1,364.82
7817,2624,23,2,556.61
7818,2625,36,1,87.7
7819,2625,10,3,482.47
7820,2625,39,1,1007.34
7821,2625,32,3,31.92
7822,2625,5,2,1174.24
7823,2626,35,2,1308.17
7824,2626,36,3,87.7
7825,2627,4,3,2029.54
7826,2628,19,1,592.91
7827,2629,1,1,2433.7
7828,2629,35,2,1308.17
7829,2629,40,2,469.27
7830,2629,22,1,2088.57
7831,2630,25,1,871.54
7832,2630,10,1,482.47
7833,2630,9,2,615.62
7834,2631,19,1,592.91
7835,2631,25,2,871.54
7836,2632,36,2,87.7
7837,2632,11,2,664.17
7838,2633,40,1,469.27
7839,2633,11,3,664.17
7840,2633,19,2,592.91
7841,2633,39,1,1007.34
7842,2634,12,2,2203.19
7843,2634,5,3,1174.24
7844,2634,25,3,871.54
7845,2634,15,3,118.33
7846,2635,20,3,364.82
7847,2635,32,3,31.92
7848,2636,18,1,732.4
7849,2636,39,1,1007.34
7850,2636,16,3,1223.3
7851,2636,24,2,995.09
7852,2637,36,1,87.7
7853,2637,37,2,933.72
7854,2637,38,2,1595.02
7855,2637,12,2,2203.19
7856,2637,7,1,1335.9
7857,2638,8,3,1311.65
7858,2639,37,1,933.72
7859,2639,10,2,482.47
7860,2639,22,2,2088.57
7861,2639,31,3,1716.1
7862,2640,8,2,1311.65
7863,2640,4,2,2029.54
7864,2640,26,3,2411.16
7865,2640,21,3,1211.35
7866,2641,1,3,2433.7
7867,2641,27,3,285.56
7868,2642,35,1,1308.17
7869,2642,16,1,1223.3
7870,2643,8,2,1311.65
7871,2643,11,3,664.17
7872,2643,25,1,871.54
7873,2644,34,3,90.62
7874,2644,10,3,482.47
7875,2645,5,1,1174.24
7876,2646,25,1,871.54
7877,2646,32,3,31.92
7878,2646,39,2,1007.34
7879,2646,29,1,2411.43
7880,2646,16,2,1223.3
7881,2647,19,1,592.91
7882,2648,25,2,871.54
7883,2648,4,3,2029.54
7884,2649,25,3,871.54
7885,2649,33,2,1331.91
7886,2649,24,1,995.09
7887,2649,31,3,1716.1
7888,2649,1,3,2433.7
7889,2650,39,1,1007.34
7890,2650,31,2,1716.1
7891,2651,8,3,1311.65
7892,2652,30,2,1422.18
7893,2652,29,2,2411.43
7894,2652,1,3,2433.7
7895,2653,34,3,90.62
7896,2653,10,1,482.47
7897,2653,8,2,1311.65
7898,2654,30,1,1422.18
7899,2654,9,1,615.62
7900,2655,21,1,1211.35
7901,2655,30,1,1422.18
7902,2656,30,3,1422.18
7903,2656,19,3,592.91
7904,2656,7,1,1335.9
7905,2656,39,2,1007.34
7906,2657,32,2,31.92
7907,2657,12,2,2203.19
7908,2657,1,2,2433.7
7909,2658,2,2,1179.75
7910,2658,14,1,2467.06
7911,2658,39,3,1007.34
7912,2659,16,1,1223.3
7913,2660,22,3,2088.57
7914,2660,15,2,118.33
7915,2660,9,3,615.62
7916,2661,3,1,2060.53
7917,2662,22,3,2088.57
7918,2662,24,1,995.09
7919,2662,16,2,1223.3
7920,2662,17,3,2384.83
7921,2663,3,1,2060.53
7922,2663,11,1,664.17
7923,2664,26,3,2411.16
7924,2664,2,1,1179.75
7925,2664,30,1,1422.18
7926,2665,37,2,933.72
7927,2665,19,1,592.91
7928,2665,14,3,2467.06
7929,2665,8,2,1311.65
7930,2666,26,1,2411.16
7931,2666,35,2,1308.17
7932,2666,11,1,664.17
7933,2667,6,1,2402.91
7934,2668,28,1,1944.42
7935,2669,31,1,1716.1
7936,2669,36,2,87.7
7937,2670,5,2,1174.24
7938,2670,2,1,1179.75
7939,2671,36,3,87.7
7940,2671,24,3,995.09
7941,2671,23,3,556.61
7942,2672,31,3,1716.1
7943,2672,21,3,1211.35
7944,2672,29,3,2411.43
7945,2673,36,1,87.7
7946,2673,28,3,1944.42
7947,2674,11,1,664.17
7948,2674,10,1,482.47
7949,2674,7,3,1335.9
7950,2674,8,2,1311.65
7951,2675,6,3,2402.91
7952,2675,15,2,118.33
7953,2675,12,2,2203.19
7954,2675,38,2,1595.02
7955,2676,27,3,285.56
7956,2676,40,3,469.27
7957,2676,38,3,1595.02
7958,2676,14,2,2467.06
7959,2676,18,1,732.4
7960,2677,10,1,482.47
7961,2677,39,2,1007.34
7962,2678,37,1,933.72
7963,2679,9,1,615.62
7964,2679,16,1,1223.3
7965,2679,3,2,2060.53
7966,2679,27,3,285.56
7967,2679,18,1,732.4
7968,2680,3,1,2060.53
7969,2680,17,1,2384.83
7970,2680,35,1,1308.17
7971,2681,8,3,1311.65
7972,2681,6,3,2402.91
7973,2681,20,1,364.82
7974,2681,13,2,2446.23
7975,2682,1,1,2433.7
7976,2683,26,2,2411.16
7977,2683,3,1,2060.53
7978,2683,40,3,469.27
7979,2683,4,3,2029.54
7980,2683,36,1,87.7
7981,2684,30,2,1422.18
7982,2684,17,1,2384.83
7983,2684,10,2,482.47
7984,2685,14,1,2467.06
7985,2686,30,1,1422.18
7986,2686,33,3,1331.91
7987,2686,19,1,592.91
7988,2686,9,3,615.62
7989,2686,14,3,2467.06
7990,2687,9,2,615.62
7991,2687,24,2,995.09
7992,2687,33,3,1331.91
7993,2687,34,1,90.62
7994,2687,31,3,1716.1
7995,2688,1,2,2433.7
7996,2689,18,3,732.4
7997,2690,5,1,1174.24
7998,2690,20,3,364.82
7999,2690,13,2,2446.23
8000,2690,17,1,2384.83
8001,2691,28,2,1944.42
8002,2691,21,2,1211.35
8003,2691,7,1,1335.9
8004,2691,22,3,2088.57
8005,2691,39,3,1007.34
8006,2692,7,1,1335.9
8007,2692,39,3,1007.34
8008,2693,20,1,364.82
8009,2693,1,1,2433.7
8010,2693,18,3,732.4
8011,2693,39,2,1007.34
8012,2693,12,1,2203.19
8013,2694,29,2,2411.43
8014,2694,16,2,1223.3
8015,2695,33,3,1331.91
8016,2695,37,1,933.72
8017,2695,31,3,1716.1
8018,2695,32,2,31.92
8019,2696,2,2,1179.75
8020,2696,4,3,2029.54
8021,2696,6,3,2402.91
8022,2696,19,3,592.91
8023,2696,33,3,1331.91
8024,2697,25,3,871.54
8025,2697,13,3,2446.23
8026,2697,15,1,118.33
8027,2697,27,1,285.56
8028,2698,38,1,1595.02
8029,2698,40,2,469.27
8030,2699,24,3,995.09
8031,2699,33,1,1331.91
8032,2700,33,3,1331.91
8033,2700,9,3,615.62
8034,2701,22,2,2088.57
8035,2701,16,2,1223.3
8036,2701,26,2,2411.16
8037,2702,13,3,2446.23
8038,2702,2,1,1179.75
8039,2702,29,2,2411.43
8040,2702,12,2,2203.19
8041,2703,5,1,1174.24
8042,2703,24,3,995.09
8043,2703,35,3,1308.17
8044,2703,10,2,482.47
8045,2704,3,3,2060.53
8046,2705,35,3,1308.17
8047,2705,8,2,1311.65
8048,2705,23,1,556.61
8049,2705,21,3,1211.35
8050,2706,12,2,2203.19
8051,2706,25,3,871.54
8052,2707,19,3,592.91
8053,2707,40,1,469.27
8054,2707,21,1,1211.35
8055,2707,30,2,1422.18
8056,2708,5,3,1174.24
8057,2709,22,3,2088.57
8058,2709,40,3,469.27
8059,2709,2,2,1179.75
8060,2709,26,2,2411.16
8061,2709,17,1,2384.83
8062,2710,10,1,482.47
8063,2710,4,3,2029.54
8064,2710,29,2,2411.43
8065,2710,18,3,732.4
8066,2711,20,3,364.82
8067,2711,9,3,615.62
8068,2711,22,3,2088.57
8069,2712,35,2,1308.17
8070,2712,30,3,1422.18
8071,2713,26,3,2411.16
8072,2713,18,2,732.4
8073,2713,36,2,87.7
8074,2714,18,3,732.4
8075,2715,24,2,995.09
8076,2715,18,1,732.4
8077,2715,12,2,2203.19
8078,2716,11,1,664.17
8079,2717,30,3,1422.18
8080,2717,10,2,482.47
8081,2718,33,3,1331.91
8082,2718,39,1,1007.34
8083,2718,11,2,664.17
8084,2718,37,3,933.72
8085,2718,19,2,592.91
8086,2719,12,1,2203.19
8087,2719,25,3,871.54
8088,2719,27,3,285.56
8089,2719,17,2,2384.83
8090,2719,32,3,31.92
8091,2720,12,3,2203.19
8092,2721,26,2,2411.16
8093,2722,9,3,615.62
8094,2722,5,3,1174.24
8095,2722,11,1,664.17
8096,2722,20,2,364.82
8097,2722,23,1,556.61
8098,2723,39,2,1007.34
8099,2723,19,1,592.91
8100,2723,30,1,1422.18
8101,2723,10,2,482.47
8102,2724,11,1,664.17
8103,2724,39,3,1007.34
8104,2724,15,3,118.33
8105,2725,29,1,2411.43
8106,2726,29,2,2411.43
8107,2726,26,1,2411.16
8108,2726,33,2,1331.91
8109,2726,5,3,1174.24
8110,2727,3,1,2060.53
8111,2727,37,3,933.72
8112,2727,9,1,615.62
8113,2727,19,3,592.91
8114,2728,30,2,1422.18
8115,2729,34,2,90.62
8116,2730,16,2,1223.3
8117,2730,8,1,1311.65
8118,2730,20,2,364.82
8119,2730,38,3,1595.02
8120,2730,26,2,2411.16
8121,2731,16,2,1223.3
8122,2731,10,2,482.47
8123,2732,3,1,2060.53
8124,2733,25,3,871.54
8125,2733,8,3,1311.65
8126,2733,33,1,1331.91
8127,2734,31,3,1716.1
8128,2734,18,2,732.4
8129,2735,3,2,2060.53
8130,2735,40,3,469.27
8131,2735,6,3,2402.91
8132,2736,30,2,1422.18
8133,2736,22,3,2088.57
8134,2736,13,2,2446.23
8135,2736,8,2,1311.65
8136,2737,35,3,1308.17
8137,2737,37,1,933.72
8138,2737,32,2,31.92
8139,2737,15,1,118.33
8140,2738,20,2,364.82
8141,2738,40,3,469.27
8142,2739,30,1,1422.18
8143,2739,16,2,1223.3
8144,2739,17,1,2384.83
8145,2739,8,1,1311.65
8146,2740,12,1,2203.19
8147,2740,36,2,87.7
8148,2741,12,1,2203.19
8149,2741,30,2,1422.18
8150,2741,24,1,995.09
8151,2741,40,2,469.27
8152,2741,19,3,592.91
8153,2742,7,1,1335.9
8154,2742,5,2,1174.24
8155,2742,17,2,2384.83
8156,2743,8,3,1311.65
8157,2743,38,1,1595.02
8158,2743,2,2,1179.75
8159,2743,7,2,1335.9
8160,2743,4,3,2029.54
8161,2744,39,1,1007.34
8162,2745,3,1,2060.53
8163,2745,12,3,2203.19
8164,2746,24,2,995.09
8165,2747,15,2,118.33
8166,2747,11,3,664.17
8167,2747,29,3,2411.43
8168,2747,24,2,995.09
8169,2747,19,2,592.91
8170,2748,36,2,87.7
8171,2748,27,1,285.56
8172,2748,33,3,1331.91
8173,2748,11,2,664.17
8174,2749,3,1,2060.53
8175,2750,38,1,1595.02
8176,2751,6,1,2402.91
8177,2751,24,2,995.09
8178,2751,16,1,1223.3
8179,2751,17,1,2384.83
8180,2751,4,1,2029.54
8181,2752,13,2,2446.23
8182,2752,11,2,664.17
8183,2752,10,3,482.47
8184,2753,34,3,90.62
8185,2753,5,3,1174.24
8186,2753,9,1,615.62
8187,2753,10,1,482.47
8188,2754,40,3,469.27
8189,2754,21,3,1211.35
8190,2755,11,1,664.17
8191,2755,36,2,87.7
8192,2755,8,1,1311.65
8193,2756,4,3,2029.54
8194,2756,23,2,556.61
8195,2756,5,2,1174.24
8196,2756,1,2,2433.7
8197,2757,19,3,592.91
8198,2758,24,1,995.09
8199,2758,3,1,2060.53
8200,2758,20,1,364.82
8201,2758,23,1,556.61
8202,2759,39,2,1007.34
8203,2759,23,1,556.61
8204,2759,8,3,1311.65
8205,2759,37,3,933.72
8206,2760,1,1,2433.7
8207,2760,17,1,2384.83
8208,2760,19,2,592.91
8209,2761,28,3,1944.42
8210,2761,36,2,87.7
8211,2761,4,1,2029.54
8212,2762,22,2,2088.57
8213,2762,33,3,1331.91
8214,2762,23,2,556.61
8215,2762,6,1,2402.91
8216,2762,30,2,1422.18
8217,2763,29,2,2411.43
8218,2763,39,1,1007.34
8219,2763,25,1,871.54
8220,2764,19,3,592.91
8221,2764,8,3,1311.65
8222,2764,25,1,871.54
8223,2764,12,3,2203.19
8224,2764,13,1,2446.23
8225,2765,37,2,933.72
8226,2765,38,3,1595.02
8227,2765,30,2,1422.18
8228,2765,29,3,2411.43
8229,2765,24,1,995.09
8230,2766,4,1,2029.54
8231,2766,17,3,2384.83
8232,2766,30,3,1422.18
8233,2766,28,1,1944.42
8234,2766,5,3,1174.24
8235,2767,7,3,1335.9
8236,2767,14,2,2467.06
8237,2767,15,1,118.33
8238,2767,28,3,1944.42
8239,2767,35,2,1308.17
8240,2768,40,3,469.27
8241,2768,34,3,90.62
8242,2768,5,2,1174.24
8243,2768,2,3,1179.75
8244,2768,3,2,2060.53
8245,2769,31,3,1716.1
8246,2769,14,3,2467.06
8247,2769,28,2,1944.42
8248,2769,1,2,2433.7
8249,2769,4,3,2029.54
8250,2770,19,3,592.91
8251,2770,17,1,2384.83
8252,2770,34,1,90.62
8253,2771,15,3,118.33
8254,2771,3,1,2060.53
8255,2771,13,3,2446.23
8256,2771,17,1,2384.83
8257,2771,7,2,1335.9
8258,2772,24,2,995.09
8259,2772,18,2,732.4
8260,2772,12,1,2203.19
8261,2772,2,3,1179.75
8262,2772,14,3,2467.06
8263,2773,15,1,118.33
8264,2773,18,1,732.4
8265,2773,25,3,871.54
8266,2773,27,3,285.56
8267,2774,8,1,1311.65
8268,2774,11,2,664.17
8269,2774,7,1,1335.9
8270,2774,14,1,2467.06
8271,2774,10,1,482.47
8272,2775,34,1,90.62
8273,2775,22,1,2088.57
8274,2775,25,1,871.54
8275,2776,20,3,364.82
8276,2776,23,2,556.61
8277,2776,36,2,87.7
8278,2776,4,2,2029.54
8279,2776,37,3,933.72
8280,2777,30,2,1422.18
8281,2778,29,2,2411.43
8282,2778,15,3,118.33
8283,2778,32,2,31.92
8284,2778,14,1,2467.06
8285,2779,36,3,87.7
8286,2779,27,3,285.56
8287,2779,33,3,1331.91
8288,2779,4,2,2029.54
8289,2779,16,2,1223.3
8290,2780,27,1,285.56
8291,2781,34,2,90.62
8292,2781,32,1,31.92
8293,2781,40,3,469.27
8294,2782,31,3,1716.1
8295,2783,34,2,90.62
8296,2783,26,3,2411.16
8297,2784,40,2,469.27
8298,2784,29,2,2411.43
8299,2784,16,2,1223.3
8300,2784,31,2,1716.1
8301,2784,35,2,1308.17
8302,2785,38,1,1595.02
8303,2785,19,3,592.91
8304,2785,8,1,1311.65
8305,2786,9,1,615.62
8306,2786,20,3,364.82
8307,2786,6,2,2402.91
8308,2787,16,1,1223.3
8309,2787,24,3,995.09
8310,2787,7,3,1335.9
8311,2787,36,3,87.7
8312,2788,9,1,615.62
8313,2788,17,2,2384.83
8314,2788,15,1,118.33
8315,2788,35,1,1308.17
8316,2788,29,1,2411.43
8317,2789,9,2,615.62
8318,2789,38,3,1595.02
8319,2790,27,2,285.56
8320,2790,6,2,2402.91
8321,2790,32,2,31.92
8322,2790,40,1,469.27
8323,2790,9,3,615.62
8324,2791,32,1,31.92
8325,2792,20,3,364.82
8326,2792,4,1,2029.54
8327,2792,35,1,1308.17
8328,2792,22,1,2088.57
8329,2792,7,3,1335.9
8330,2793,34,2,90.62
8331,2793,19,3,592.91
8332,2793,30,3,1422.18
8333,2794,14,2,2467.06
8334,2794,5,1,1174.24
8335,2794,38,3,1595.02
8336,2795,40,3,469.27
8337,2796,26,2,2411.16
8338,2796,32,3,31.92
8339,2796,18,1,732.4
8340,2797,40,3,469.27
8341,2797,16,1,1223.3
8342,2797,33,1,1331.91
8343,2798,39,2,1007.34
8344,2799,35,2,1308.17
8345,2799,32,1,31.92
8346,2799,28,2,1944.42
8347,2799,10,1,482.47
8348,2800,5,1,1174.24
8349,2800,8,2,1311.65
8350,2800,23,2,556.61
8351,2801,17,1,2384.83
8352,2801,11,3,664.17
8353,2801,39,2,1007.34
8354,2801,20,3,364.82
8355,2802,34,1,90.62
8356,2802,9,1,615.62
8357,2802,10,2,482.47
8358,2802,23,3,556.61
8359,2802,30,3,1422.18
8360,2803,24,3,995.09
8361,2803,37,3,933.72
8362,2804,31,2,1716.1
8363,2805,32,1,31.92
8364,2805,37,3,933.72
8365,2806,21,1,1211.35
8366,2806,7,1,1335.9
8367,2806,20,3,364.82
8368,2806,22,3,2088.57
8369,2806,28,1,1944.42
8370,2807,18,3,732.4
8371,2807,25,3,871.54
8372,2808,26,3,2411.16
8373,2808,25,3,871.54
8374,2809,26,1,2411.16
8375,2809,35,3,1308.17
8376,2809,40,2,469.27
8377,2809,34,2,90.62
8378,2809,4,3,2029.54
8379,2810,16,3,1223.3
8380,2811,2,3,1179.75
8381,2811,25,1,871.54
8382,2811,34,3,90.62
8383,2812,32,2,31.92
8384,2813,6,3,2402.91
8385,2814,19,2,592.91
8386,2814,15,1,118.33
8387,2814,22,2,2088.57
8388,2814,5,1,1174.24
8389,2814,23,2,556.61
8390,2815,1,2,2433.7
8391,2815,19,3,592.91
8392,2815,2,3,1179.75
8393,2815,12,2,2203.19
8394,2816,34,2,90.62
8395,2816,38,3,1595.02
8396,2817,11,1,664.17
8397,2817,13,2,2446.23
8398,2817,12,2,2203.19
8399,2818,39,3,1007.34
8400,2818,36,3,87.7
8401,2818,10,3,482.47
8402,2819,38,2,1595.02
8403,2819,32,1,31.92
8404,2819,30,3,1422.18
8405,2819,39,1,1007.34
8406,2820,33,3,1331.91
8407,2820,31,2,1716.1
8408,2820,36,3,87.7
8409,2820,11,1,664.17
8410,2820,7,1,1335.9
8411,2821,2,2,1179.75
8412,2821,33,2,1331.91
8413,2821,19,2,592.91
8414,2821,38,3,1595.02
8415,2822,36,2,87.7
8416,2822,33,1,1331.91
8417,2822,18,2,732.4
8418,2822,25,2,871.54
8419,2823,14,2,2467.06
8420,2823,12,1,2203.19
8421,2823,34,3,90.62
8422,2824,10,3,482.47
8423,2825,18,3,732.4
8424,2825,24,2,995.09
8425,2825,9,2,615.62
8426,2825,12,1,2203.19
8427,2825,31,2,1716.1
8428,2826,31,1,1716.1
8429,2826,12,3,2203.19
8430,2826,35,2,1308.17
8431,2827,4,3,2029.54
8432,2827,23,2,556.61
8433,2827,18,1,732.4
8434,2827,13,2,2446.23
8435,2828,18,1,732.4
8436,2828,29,1,2411.43
8437,2828,27,1,285.56
8438,2828,7,1,1335.9
8439,2829,19,3,592.91
8440,2829,39,2,1007.34
8441,2829,22,3,2088.57
8442,2829,9,1,615.62
8443,2830,21,2,1211.35
8444,2830,32,1,31.92
8445,2830,2,3,1179.75
8446,2830,33,3,1331.91
8447,2831,36,3,87.7
8448,2831,2,2,1179.75
8449,2831,17,3,2384.83
8450,2832,5,3,1174.24
8451,2832,36,1,87.7
8452,2833,8,3,1311.65
8453,2834,27,1,285.56
8454,2834,21,1,1211.35
8455,2834,39,2,1007.34
8456,2834,30,3,1422.18
8457,2834,9,1,615.62
8458,2835,15,2,118.33
8459,2835,10,2,482.47
8460,2835,6,2,2402.91
8461,2835,28,1,1944.42
8462,2836,9,1,615.62
8463,2837,30,3,1422.18
8464,2837,34,1,90.62
8465,2837,6,2,2402.91
8466,2837,5,1,1174.24
8467,2837,25,2,871.54
8468,2838,27,1,285.56
8469,2838,9,3,615.62
8470,2838,28,1,1944.42
8471,2838,12,2,2203.19
8472,2838,26,3,2411.16
8473,2839,25,1,871.54
8474,2839,31,1,1716.1
8475,2840,34,1,90.62
8476,2840,28,2,1944.42
8477,2841,33,3,1331.91
8478,2841,39,2,1007.34
8479,2841,1,3,2433.7
8480,2841,11,3,664.17
8481,2841,38,3,1595.02
8482,2842,30,2,1422.18
8483,2843,40,3,469.27
8484,2843,11,1,664.17
8485,2843,30,2,1422.18
8486,2843,32,1,31.92
8487,2843,7,2,1335.9
8488,2844,4,1,2029.54
8489,2844,8,3,1311.65
8490,2844,26,2,2411.16
8491,2844,17,3,2384.83
8492,2845,9,3,615.62
8493,2845,22,2,2088.57
8494,2845,29,1,2411.43
8495,2845,24,3,995.09
8496,2846,39,3,1007.34
8497,2847,4,2,2029.54
8498,2847,16,3,1223.3
8499,2848,1,3,2433.7
8500,2848,24,3,995.09
8501,2848,4,1,2029.54
8502,2848,20,3,364.82
8503,2849,2,2,1179.75
8504,2849,27,1,285.56
8505,2849,11,2,664.17
8506,2850,13,3,2446.23
8507,2850,40,2,469.27
8508,2851,11,2,664.17
8509,2851,33,3,1331.91
8510,2851,30,2,1422.18
8511,2851,17,1,2384.83
8512,2851,5,3,1174.24
8513,2852,7,2,1335.9
8514,2852,40,3,469.27
8515,2852,34,3,90.62
8516,2852,20,2,364.82
8517,2852,36,2,87.7
8518,2853,12,1,2203.19
8519,2853,34,1,90.62
8520,2853,8,1,1311.65
8521,2853,13,2,2446.23
8522,2853,33,2,1331.91
8523,2854,24,2,995.09
8524,2854,5,3,1174.24
8525,2854,32,2,31.92
8526,2854,12,1,2203.19
8527,2855,3,1,2060.53
8528,2855,21,2,1211.35
8529,2855,11,1,664.17
8530,2856,9,3,615.62
8531,2856,16,3,1223.3
8532,2857,1,1,2433.7
8533,2857,37,2,933.72
8534,2857,11,1,664.17
8535,2858,26,3,2411.16
8536,2858,2,3,1179.75
8537,2858,34,2,90.62
8538,2858,14,3,2467.06
8539,2859,29,1,2411.43
8540,2859,15,3,118.33
8541,2859,7,1,1335.9
8542,2860,14,1,2467.06
8543,2860,20,2,364.82
8544,2860,32,1,31.92
8545,2860,12,1,2203.19
8546,2860,19,1,592.91
8547,2861,22,2,2088.57
8548,2862,22,1,2088.57
8549,2862,4,2,2029.54
8550,2863,5,2,1174.24
8551,2863,12,1,2203.19
8552,2863,37,2,933.72
8553,2863,22,3,2088.57
8554,2864,4,2,2029.54
8555,2864,32,3,31.92
8556,2864,7,2,1335.9
8557,2864,8,3,1311.65
8558,2865,9,1,615.62
8559,2866,12,3,2203.19
8560,2866,31,1,1716.1
8561,2866,23,3,556.61
8562,2867,12,3,2203.19
8563,2867,28,1,1944.42
8564,2867,3,3,2060.53
8565,2868,29,1,2411.43
8566,2868,35,2,1308.17
8567,2868,18,1,732.4
8568,2869,2,1,1179.75
8569,2869,22,2,2088.57
8570,2869,14,3,2467.06
8571,2869,34,1,90.62
8572,2869,36,3,87.7
8573,2870,17,3,2384.83
8574,2870,16,1,1223.3
8575,2870,13,3,2446.23
8576,2870,7,2,1335.9
8577,2871,30,3,1422.18
8578,2872,18,3,732.4
8579,2872,7,3,1335.9
8580,2872,23,2,556.61
8581,2873,17,3,2384.83
8582,2873,5,2,1174.24
8583,2873,27,2,285.56
8584,2874,13,1,2446.23
8585,2874,27,1,285.56
8586,2874,14,2,2467.06
8587,2875,9,2,615.62
8588,2875,10,1,482.47
8589,2875,5,2,1174.24
8590,2875,6,3,2402.91
8591,2875,33,2,1331.91
8592,2876,22,3,2088.57
8593,2876,19,1,592.91
8594,2876,13,1,2446.23
8595,2876,5,1,1174.24
8596,2876,30,1,1422.18
8597,2877,3,3,2060.53
8598,2877,32,2,31.92
8599,2877,40,3,469.27
8600,2877,16,2,1223.3
8601,2878,35,1,1308.17
8602,2878,19,1,592.91
8603,2878,38,1,1595.02
8604,2879,6,1,2402.91
8605,2879,1,1,2433.7
8606,2879,31,2,1716.1
8607,2879,28,1,1944.42
8608,2879,16,2,1223.3
8609,2880,26,1,2411.16
8610,2880,24,3,995.09
8611,2880,6,1,2402.91
8612,2881,16,1,1223.3
8613,2881,36,1,87.7
8614,2881,4,2,2029.54
8615,2881,26,1,2411.16
8616,2881,27,2,285.56
8617,2882,30,2,1422.18
8618,2882,6,2,2402.91
8619,2882,9,2,615.62
8620,2882,1,2,2433.7
8621,2882,28,3,1944.42
8622,2883,2,2,1179.75
8623,2883,18,3,732.4
8624,2883,27,2,285.56
8625,2884,22,3,2088.57
8626,2884,26,1,2411.16
8627,2884,10,3,482.47
8628,2884,4,2,2029.54
8629,2885,36,2,87.7
8630,2885,1,1,2433.7
8631,2885,22,2,2088.57
8632,2886,3,3,2060.53
8633,2887,19,1,592.91
8634,2887,30,3,1422.18
8635,2888,16,2,1223.3
8636,2888,1,2,2433.7
8637,2888,19,3,592.91
8638,2888,39,3,1007.34
8639,2888,13,2,2446.23
8640,2889,6,1,2402.91
8641,2890,40,2,469.27
8642,2890,5,3,1174.24
8643,2890,4,1,2029.54
8644,2890,17,1,2384.83
8645,2890,10,3,482.47
8646,2891,16,3,1223.3
8647,2892,25,3,871.54
8648,2892,10,2,482.47
8649,2892,31,2,1716.1
8650,2892,29,1,2411.43
8651,2892,24,3,995.09
8652,2893,23,2,556.61
8653,2893,5,3,1174.24
8654,2893,36,2,87.7
8655,2894,25,1,871.54
8656,2894,5,2,1174.24
8657,2894,22,2,2088.57
8658,2894,8,1,1311.65
8659,2895,4,2,2029.54
8660,2895,35,1,1308.17
8661,2896,19,2,592.91
8662,2896,35,3,1308.17
8663,2896,29,2,2411.43
8664,2896,9,3,615.62
8665,2897,16,3,1223.3
8666,2897,2,1,1179.75
8667,2897,23,3,556.61
8668,2898,9,1,615.62
8669,2898,33,3,1331.91
8670,2899,8,3,1311.65
8671,2899,1,2,2433.7
8672,2900,11,1,664.17
8673,2901,14,2,2467.06
8674,2902,14,3,2467.06
8675,2902,25,1,871.54
8676,2902,33,1,1331.91
8677,2902,18,3,732.4
8678,2902,19,3,592.91
8679,2903,4,2,2029.54
8680,2903,39,1,1007.34
8681,2904,23,3,556.61
8682,2905,13,3,2446.23
8683,2905,5,3,1174.24
8684,2905,37,3,933.72
8685,2905,18,3,732.4
8686,2906,6,3,2402.91
8687,2906,34,2,90.62
8688,2906,35,3,1308.17
8689,2907,21,1,1211.35
8690,2907,18,3,732.4
8691,2907,11,1,664.17
8692,2908,33,3,1331.91
8693,2908,25,1,871.54
8694,2908,4,3,2029.54
8695,2909,20,3,364.82
8696,2909,16,1,1223.3
8697,2909,8,1,1311.65
8698,2909,27,2,285.56
8699,2910,8,2,1311.65
8700,2910,36,3,87.7
8701,2910,1,2,2433.7
8702,2911,7,3,1335.9
8703,2911,1,1,2433.7
8704,2911,32,2,31.92
8705,2912,22,2,2088.57
8706,2912,34,2,90.62
8707,2912,14,3,2467.06
8708,2912,29,2,2411.43
8709,2913,12,1,2203.19
8710,2913,28,3,1944.42
8711,2913,18,2,732.4
8712,2913,15,3,118.33
8713,2913,37,2,933.72
8714,2914,30,3,1422.18
8715,2914,36,1,87.7
8716,2914,1,2,2433.7
8717,2914,3,3,2060.53
8718,2914,20,3,364.82
8719,2915,40,1,469.27
8720,2916,20,2,364.82
8721,2916,24,1,995.09
8722,2917,23,1,556.61
8723,2917,11,2,664.17
8724,2917,22,2,2088.57
8725,2917,32,1,31.92
8726,2918,2,1,1179.75
8727,2918,40,2,469.27
8728,2919,35,3,1308.17
8729,2919,27,3,285.56
8730,2919,14,1,2467.06
8731,2919,40,2,469.27
8732,2920,1,2,2433.7
8733,2920,12,2,2203.19
8734,2921,36,1,87.7
8735,2922,10,2,482.47
8736,2922,15,1,118.33
8737,2923,29,1,2411.43
8738,2923,1,2,2433.7
8739,2924,36,3,87.7
8740,2924,19,3,592.91
8741,2924,10,3,482.47
8742,2925,22,3,2088.57
8743,2925,39,2,1007.34
8744,2925,2,1,1179.75
8745,2926,34,2,90.62
8746,2926,6,3,2402.91
8747,2926,11,2,664.17
8748,2927,15,2,118.33
8749,2927,22,3,2088.57
8750,2927,17,1,2384.83
8751,2927,9,1,615.62
8752,2928,9,3,615.62
8753,2928,25,1,871.54
8754,2929,13,1,2446.23
8755,2929,29,3,2411.43
8756,2929,37,2,933.72
8757,2930,3,2,2060.53
8758,2930,7,2,1335.9
8759,2930,22,3,2088.57
8760,2930,30,2,1422.18
8761,2931,15,3,118.33
8762,2932,30,3,1422.18
8763,2932,26,2,2411.16
8764,2933,19,1,592.91
8765,2933,23,2,556.61
8766,2933,16,3,1223.3
8767,2934,15,2,118.33
8768,2935,22,3,2088.57
8769,2935,29,3,2411.43
8770,2935,18,1,732.4
8771,2935,25,1,871.54
8772,2935,19,2,592.91
8773,2936,32,2,31.92
8774,2937,34,1,90.62
8775,2937,14,2,2467.06
8776,2937,9,2,615.62
8777,2937,28,3,1944.42
8778,2937,23,1,556.61
8779,2938,28,2,1944.42
8780,2938,10,1,482.47
8781,2938,27,3,285.56
8782,2938,37,2,933.72
8783,2939,40,1,469.27
8784,2939,39,1,1007.34
8785,2940,6,1,2402.91
8786,2940,32,3,31.92
8787,2940,31,3,1716.1
8788,2940,29,2,2411.43
8789,2941,7,3,1335.9
8790,2941,35,1,1308.17
8791,2941,8,1,1311.65
8792,2941,16,2,1223.3
8793,2941,20,2,364.82
8794,2942,6,3,2402.91
8795,2943,13,2,2446.23
8796,2943,40,3,469.27
8797,2943,1,2,2433.7
8798,2944,29,3,2411.43
8799,2944,3,1,2060.53
8800,2944,26,3,2411.16
8801,2944,5,1,1174.24
8802,2945,10,3,482.47
8803,2945,26,1,2411.16
8804,2946,35,1,1308.17
8805,2947,36,3,87.7
8806,2947,32,3,31.92
8807,2948,10,1,482.47
8808,2948,36,1,87.7
8809,2948,12,2,2203.19
8810,2948,38,3,1595.02
8811,2949,6,1,2402.91
8812,2950,24,1,995.09
8813,2950,12,3,2203.19
8814,2950,36,2,87.7
8815,2950,9,3,615.62
8816,2950,19,2,592.91
8817,2951,36,2,87.7
8818,2952,33,1,1331.91
8819,2953,12,2,2203.19
8820,2953,9,2,615.62
8821,2953,33,1,1331.91
8822,2953,23,3,556.61
8823,2954,11,2,664.17
8824,2954,8,2,1311.65
8825,2955,2,2,1179.75
8826,2956,36,3,87.7
8827,2956,20,3,364.82
8828,2956,14,2,2467.06
8829,2957,4,3,2029.54
8830,2957,5,3,1174.24
8831,2957,34,2,90.62
8832,2957,32,1,31.92
8833,2958,5,2,1174.24
8834,2958,14,1,2467.06
8835,2958,19,2,592.91
8836,2958,15,1,118.33
8837,2958,2,2,1179.75
8838,2959,24,1,995.09
8839,2960,1,2,2433.7
8840,2960,5,1,1174.24
8841,2961,36,3,87.7
8842,2961,31,2,1716.1
8843,2961,21,3,1211.35
8844,2961,19,2,592.91
8845,2961,30,3,1422.18
8846,2962,4,2,2029.54
8847,2962,38,3,1595.02
8848,2963,20,1,364.82
8849,2964,32,2,31.92
8850,2964,1,2,2433.7
8851,2965,26,1,2411.16
8852,2966,34,3,90.62
8853,2967,26,3,2411.16
8854,2967,7,1,1335.9
8855,2967,33,3,1331.91
8856,2967,24,2,995.09
8857,2968,10,3,482.47
8858,2968,35,3,1308.17
8859,2968,17,2,2384.83
8860,2968,33,2,1331.91
8861,2969,25,3,871.54
8862,2969,3,3,2060.53
8863,2969,36,1,87.7
8864,2969,9,2,615.62
8865,2970,12,2,2203.19
8866,2970,27,3,285.56
8867,2971,29,2,2411.43
8868,2971,1,3,2433.7
8869,2971,35,3,1308.17
8870,2972,29,2,2411.43
8871,2972,13,3,2446.23
8872,2973,38,1,1595.02
8873,2973,14,2,2467.06
8874,2973,27,1,285.56
8875,2974,10,3,482.47
8876,2974,26,3,2411.16
8877,2974,38,1,1595.02
8878,2975,5,3,1174.24
8879,2975,31,1,1716.1
8880,2976,12,2,2203.19
8881,2977,7,2,1335.9
8882,2977,37,3,933.72
8883,2977,17,2,2384.83
8884,2977,31,2,1716.1
8885,2978,30,2,1422.18
8886,2978,7,3,1335.9
8887,2979,10,1,482.47
8888,2979,3,1,2060.53
8889,2979,33,3,1331.91
8890,2980,26,2,2411.16
8891,2980,4,3,2029.54
8892,2981,25,2,871.54
8893,2981,14,3,2467.06
8894,2981,17,3,2384.83
8895,2982,37,2,933.72
8896,2982,29,2,2411.43
8897,2983,17,2,2384.83
8898,2983,21,2,1211.35
8899,2983,36,1,87.7
8900,2984,27,1,285.56
8901,2985,38,3,1595.02
8902,2985,39,1,1007.34
8903,2986,29,3,2411.43
8904,2986,33,3,1331.91
8905,2986,21,3,1211.35
8906,2986,39,1,1007.34
8907,2986,27,3,285.56
8908,2987,30,1,1422.18
8909,2987,37,2,933.72
8910,2987,19,1,592.91
8911,2987,2,2,1179.75
8912,2987,25,1,871.54
8913,2988,1,1,2433.7
8914,2988,38,3,1595.02
8915,2989,30,1,1422.18
8916,2990,32,1,31.92
8917,2990,14,2,2467.06
8918,2990,28,1,1944.42
8919,2991,34,2,90.62
8920,2991,1,1,2433.7
8921,2991,27,3,285.56
8922,2991,29,1,2411.43
8923,2991,12,2,2203.19
8924,2992,1,2,2433.7
8925,2993,3,3,2060.53
8926,2993,29,1,2411.43
8927,2993,28,1,1944.42
8928,2993,19,1,592.91
8929,2994,21,2,1211.35
8930,2994,18,1,732.4
8931,2995,39,1,1007.34
8932,2995,8,1,1311.65
8933,2995,1,2,2433.7
8934,2996,38,3,1595.02
8935,2996,12,3,2203.19
8936,2996,24,3,995.09
8937,2996,5,2,1174.24
8938,2997,5,2,1174.24
8939,2997,40,2,469.27
8940,2997,29,1,2411.43
8941,2997,23,3,556.61
8942,2997,20,1,364.82
8943,2998,10,1,482.47
8944,2998,2,3,1179.75
8945,2999,31,1,1716.1
8946,2999,23,2,556.61
8947,2999,17,1,2384.83
8948,3000,2,3,1179.75
8949,3000,13,3,2446.23
8950,3000,36,1,87.7
8951,3000,19,3,592.91
8952,3001,2,2,1179.75
8953,3001,16,2,1223.3
8954,3001,11,3,664.17
8955,3001,37,3,933.72
8956,3002,39,2,1007.34
8957,3003,31,3,1716.1
8958,3003,21,3,1211.35
8959,3003,17,3,2384.83
8960,3003,8,3,1311.65
8961,3003,19,2,592.91
8962,3004,23,2,556.61
8963,3004,25,3,871.54
8964,3004,6,1,2402.91
8965,3005,12,2,2203.19
8966,3005,39,3,1007.34
8967,3005,19,1,592.91
8968,3005,10,2,482.47
8969,3006,16,3,1223.3
8970,3006,2,2,1179.75
8971,3007,28,2,1944.42
8972,3007,35,2,1308.17
8973,3007,2,3,1179.75
8974,3007,13,3,2446.23
8975,3007,8,2,1311.65
8976,3008,6,3,2402.91
8977,3008,9,3,615.62
8978,3008,25,1,871.54
8979,3008,13,1,2446.23
8980,3009,9,2,615.62
8981,3009,3,3,2060.53
8982,3009,21,3,1211.35
8983,3010,4,1,2029.54
8984,3010,29,3,2411.43
8985,3010,10,2,482.47
8986,3010,3,1,2060.53
8987,3010,25,3,871.54
8988,3011,38,2,1595.02
8989,3012,25,2,871.54
8990,3012,20,3,364.82
8991,3013,25,2,871.54
8992,3013,16,3,1223.3
8993,3013,28,3,1944.42
8994,3013,12,1,2203.19
8995,3013,23,2,556.61
8996,3014,8,3,1311.65
8997,3014,35,1,1308.17
8998,3015,14,1,2467.06
8999,3015,38,3,1595.02
9000,3015,12,2,2203.19
9001,3016,18,3,732.4
9002,3016,39,1,1007.34
9003,3016,4,3,2029.54
9004,3016,3,3,2060.53
9005,3016,22,2,2088.57
9006,3017,21,1,1211.35
9007,3017,6,1,2402.91
9008,3017,40,2,469.27
9009,3017,27,1,285.56
9010,3018,27,3,285.56
9011,3019,1,2,2433.7
9012,3019,17,3,2384.83
9013,3019,39,2,1007.34
9014,3019,13,3,2446.23
9015,3020,2,3,1179.75
9016,3020,40,3,469.27
9017,3021,29,3,2411.43
9018,3021,9,2,615.62
9019,3021,33,2,1331.91
9020,3021,25,3,871.54
9021,3021,15,3,118.33
9022,3022,10,2,482.47
9023,3022,4,2,2029.54
9024,3023,5,2,1174.24
9025,3023,40,2,469.27
9026,3023,15,3,118.33
9027,3023,26,3,2411.16
9028,3024,32,2,31.92
9029,3024,23,1,556.61
9030,3024,37,1,933.72
9031,3025,39,1,1007.34
9032,3025,3,2,2060.53
9033,3025,24,1,995.09
9034,3026,8,3,1311.65
9035,3026,4,3,2029.54
9036,3026,20,3,364.82
9037,3027,16,3,1223.3
9038,3027,9,3,615.62
9039,3027,19,2,592.91
9040,3027,34,1,90.62
9041,3027,6,3,2402.91
9042,3028,15,3,118.33
9043,3028,35,2,1308.17
9044,3029,40,1,469.27
9045,3029,18,1,732.4
9046,3029,37,2,933.72
9047,3029,7,2,1335.9
9048,3030,24,3,995.09
9049,3030,39,1,1007.34
9050,3031,30,1,1422.18
9051,3031,5,1,1174.24
9052,3032,3,3,2060.53
9053,3032,21,1,1211.35
9054,3033,9,3,615.62
9055,3033,40,3,469.27
9056,3033,36,1,87.7
9057,3034,26,2,2411.16
9058,3034,6,3,2402.91
9059,3035,18,3,732.4
9060,3035,9,2,615.62
9061,3035,32,2,31.92
9062,3036,20,1,364.82
9063,3036,25,1,871.54
9064,3036,16,3,1223.3
9065,3036,34,3,90.62
9066,3036,37,3,933.72
9067,3037,18,1,732.4
9068,3037,19,1,592.91
9069,3038,16,3,1223.3
9070,3038,27,1,285.56
9071,3039,18,3,732.4
9072,3040,24,2,995.09
9073,3040,3,1,2060.53
9074,3040,27,1,285.56
9075,3040,9,1,615.62
9076,3041,5,3,1174.24
9077,3041,24,2,995.09
9078,3041,14,1,2467.06
9079,3041,33,3,1331.91
9080,3041,17,3,2384.83
9081,3042,34,2,90.62
9082,3042,4,2,2029.54
9083,3042,15,2,118.33
9084,3042,8,1,1311.65
9085,3042,19,3,592.91
9086,3043,35,3,1308.17
9087,3043,16,2,1223.3
9088,3043,29,1,2411.43
9089,3043,23,1,556.61
9090,3044,2,1,1179.75
9091,3044,15,1,118.33
9092,3044,28,2,1944.42
9093,3044,12,3,2203.19
9094,3044,3,2,2060.53
9095,3045,2,3,1179.75
9096,3045,39,3,1007.34
9097,3046,6,1,2402.91
9098,3046,27,2,285.56
9099,3046,18,3,732.4
9100,3046,39,2,1007.34
9101,3046,37,2,933.72
9102,3047,12,1,2203.19
9103,3048,20,1,364.82
9104,3048,33,2,1331.91
9105,3048,36,3,87.7
9106,3049,21,2,1211.35
9107,3049,10,3,482.47
9108,3049,14,3,2467.06
9109,3049,12,3,2203.19
9110,3050,2,3,1179.75
9111,3050,3,2,2060.53
9112,3050,26,2,2411.16
9113,3050,25,1,871.54
9114,3051,25,1,871.54
9115,3051,3,2,2060.53
9116,3052,39,1,1007.34
9117,3052,36,3,87.7
9118,3053,24,2,995.09
9119,3053,15,3,118.33
9120,3054,20,2,364.82
9121,3055,39,2,1007.34
9122,3055,11,1,664.17
9123,3055,27,3,285.56
9124,3056,28,2,1944.42
9125,3057,6,2,2402.91
9126,3057,23,3,556.61
9127,3057,26,2,2411.16
9128,3058,40,1,469.27
9129,3058,37,1,933.72
9130,3058,1,3,2433.7
9131,3058,2,2,1179.75
9132,3058,31,1,1716.1
9133,3059,23,2,556.61
9134,3059,14,2,2467.06
9135,3059,33,2,1331.91
9136,3059,5,1,1174.24
9137,3059,39,1,1007.34
9138,3060,8,2,1311.65
9139,3060,2,2,1179.75
9140,3061,1,1,2433.7
9141,3061,35,3,1308.17
9142,3062,5,1,1174.24
9143,3062,33,2,1331.91
9144,3063,17,1,2384.83
9145,3063,34,1,90.62
9146,3063,21,2,1211.35
9147,3064,21,1,1211.35
9148,3064,35,3,1308.17
9149,3064,30,2,1422.18
9150,3064,4,3,2029.54
9151,3065,14,1,2467.06
9152,3066,2,3,1179.75
9153,3066,5,3,1174.24
9154,3066,12,2,2203.19
9155,3066,40,2,469.27
9156,3066,4,1,2029.54
9157,3067,32,2,31.92
9158,3067,13,3,2446.23
9159,3067,18,3,732.4
9160,3067,3,3,2060.53
9161,3068,34,3,90.62
9162,3068,2,3,1179.75
9163,3069,21,3,1211.35
9164,3069,22,2,2088.57
9165,3070,38,2,1595.02
9166,3070,37,1,933.72
9167,3071,34,2,90.62
9168,3071,39,1,1007.34
9169,3071,1,1,2433.7
9170,3071,19,3,592.91
9171,3071,31,2,1716.1
9172,3072,1,3,2433.7
9173,3072,5,1,1174.24
9174,3073,23,3,556.61
9175,3074,25,2,871.54
9176,3074,14,2,2467.06
9177,3074,39,2,1007.34
9178,3074,10,3,482.47
9179,3075,22,3,2088.57
9180,3075,10,2,482.47
9181,3076,33,3,1331.91
9182,3076,12,1,2203.19
9183,3077,28,2,1944.42
9184,3078,20,3,364.82
9185,3078,21,3,1211.35
9186,3078,24,3,995.09
9187,3079,23,1,556.61
9188,3079,31,1,1716.1
9189,3080,19,2,592.91
9190,3080,1,3,2433.7
9191,3080,16,1,1223.3
9192,3081,38,1,1595.02
9193,3081,35,3,1308.17
9194,3082,26,2,2411.16
9195,3082,21,1,1211.35
9196,3082,17,3,2384.83
9197,3082,16,2,1223.3
9198,3083,8,1,1311.65
9199,3083,32,3,31.92
9200,3083,13,1,2446.23
9201,3083,19,2,592.91
9202,3083,1,3,2433.7
9203,3084,31,1,1716.1
9204,3084,22,1,2088.57
9205,3084,23,2,556.61
9206,3084,24,2,995.09
9207,3085,19,1,592.91
9208,3085,6,1,2402.91
9209,3085,25,3,871.54
9210,3085,8,3,1311.65
9211,3085,4,1,2029.54
9212,3086,11,2,664.17
9213,3086,24,2,995.09
9214,3086,7,3,1335.9
9215,3086,2,2,1179.75
9216,3086,37,3,933.72
9217,3087,34,2,90.62
9218,3087,1,2,2433.7
9219,3088,36,3,87.7
9220,3088,38,1,1595.02
9221,3089,15,3,118.33
9222,3089,31,3,1716.1
9223,3089,32,3,31.92
9224,3089,6,2,2402.91
9225,3089,4,1,2029.54
9226,3090,15,3,118.33
9227,3090,20,3,364.82
9228,3090,36,1,87.7
9229,3090,19,1,592.91
9230,3090,24,2,995.09
9231,3091,38,3,1595.02
9232,3091,35,2,1308.17
9233,3091,18,3,732.4
9234,3091,6,1,2402.91
9235,3092,29,3,2411.43
9236,3093,31,3,1716.1
9237,3093,24,1,995.09
9238,3094,38,2,1595.02
9239,3095,29,2,2411.43
9240,3095,26,3,2411.16
9241,3096,29,3,2411.43
9242,3096,18,3,732.4
9243,3096,23,1,556.61
9244,3096,26,3,2411.16
9245,3096,24,1,995.09
9246,3097,21,2,1211.35
9247,3097,11,3,664.17
9248,3097,26,3,2411.16
9249,3098,30,2,1422.18
9250,3099,11,2,664.17
9251,3100,1,2,2433.7
9252,3101,34,1,90.62
9253,3102,27,3,285.56
9254,3102,9,3,615.62
9255,3102,36,3,87.7
9256,3103,9,2,615.62
9257,3103,39,1,1007.34
9258,3103,6,1,2402.91
9259,3103,32,2,31.92
9260,3103,12,1,2203.19
9261,3104,40,3,469.27
9262,3104,15,1,118.33
9263,3104,36,3,87.7
9264,3104,20,3,364.82
9265,3105,32,1,31.92
9266,3105,26,2,2411.16
9267,3106,28,3,1944.42
9268,3106,16,3,1223.3
9269,3106,19,2,592.91
9270,3106,4,3,2029.54
9271,3107,2,1,1179.75
9272,3107,29,3,2411.43
9273,3107,16,3,1223.3
9274,3108,1,2,2433.7
9275,3108,21,1,1211.35
9276,3108,23,2,556.61
9277,3109,40,3,469.27
9278,3109,38,2,1595.02
9279,3109,28,1,1944.42
9280,3109,15,2,118.33
9281,3110,14,2,2467.06
9282,3110,4,2,2029.54
9283,3110,9,1,615.62
9284,3110,21,1,1211.35
9285,3111,20,2,364.82
9286,3111,37,2,933.72
9287,3111,23,3,556.61
9288,3111,19,2,592.91
9289,3112,14,2,2467.06
9290,3112,39,2,1007.34
9291,3112,35,1,1308.17
9292,3112,20,2,364.82
9293,3112,26,1,2411.16
9294,3113,13,3,2446.23
9295,3113,39,1,1007.34
9296,3113,26,3,2411.16
9297,3113,10,3,482.47
9298,3113,35,3,1308.17
9299,3114,38,2,1595.02
9300,3114,4,2,2029.54
9301,3115,39,3,1007.34
9302,3115,6,2,2402.91
9303,3115,34,3,90.62
9304,3115,27,3,285.56
9305,3116,25,3,871.54
9306,3116,19,3,592.91
9307,3116,37,1,933.72
9308,3116,7,1,1335.9
9309,3117,40,2,469.27
9310,3117,39,2,1007.34
9311,3118,1,3,2433.7
9312,3118,39,1,1007.34
9313,3118,35,2,1308.17
9314,3118,38,2,1595.02
9315,3118,18,1,732.4
9316,3119,20,1,364.82
9317,3119,40,3,469.27
9318,3119,4,2,2029.54
9319,3119,25,1,871.54
9320,3119,17,1,2384.83
9321,3120,17,1,2384.83
9322,3120,26,2,2411.16
9323,3120,23,2,556.61
9324,3120,19,2,592.91
9325,3120,35,3,1308.17
9326,3121,34,2,90.62
9327,3121,2,2,1179.75
9328,3121,37,1,933.72
9329,3122,33,2,1331.91
9330,3123,31,3,1716.1
9331,3123,36,3,87.7
9332,3123,18,3,732.4
9333,3124,30,3,1422.18
9334,3125,36,3,87.7
9335,3126,26,1,2411.16
9336,3127,27,2,285.56
9337,3127,33,1,1331.91
9338,3128,22,2,2088.57
9339,3128,21,1,1211.35
9340,3128,40,2,469.27
9341,3128,29,1,2411.43
9342,3129,34,1,90.62
9343,3129,12,1,2203.19
9344,3130,2,1,1179.75
9345,3130,9,2,615.62
9346,3130,8,3,1311.65
9347,3130,40,3,469.27
9348,3131,22,1,2088.57
9349,3131,8,2,1311.65
9350,3131,15,1,118.33
9351,3131,11,2,664.17
9352,3132,33,1,1331.91
9353,3133,4,3,2029.54
9354,3133,18,2,732.4
9355,3133,22,2,2088.57
9356,3133,13,3,2446.23
9357,3134,7,3,1335.9
9358,3134,36,1,87.7
9359,3135,17,2,2384.83
9360,3136,31,2,1716.1
9361,3136,35,3,1308.17
9362,3137,8,1,1311.65
9363,3137,7,1,1335.9
9364,3137,4,2,2029.54
9365,3137,12,1,2203.19
9366,3137,22,1,2088.57
9367,3138,21,2,1211.35
9368,3138,26,3,2411.16
9369,3138,28,1,1944.42
9370,3139,38,3,1595.02
9371,3140,18,1,732.4
9372,3140,14,1,2467.06
9373,3141,34,3,90.62
9374,3141,18,3,732.4
9375,3141,7,1,1335.9
9376,3142,39,2,1007.34
9377,3142,22,1,2088.57
9378,3142,11,3,664.17
9379,3143,22,1,2088.57
9380,3143,17,1,2384.83
9381,3143,29,1,2411.43
9382,3143,7,3,1335.9
9383,3143,24,2,995.09
9384,3144,8,3,1311.65
9385,3145,14,1,2467.06
9386,3145,22,2,2088.57
9387,3146,30,1,1422.18
9388,3146,20,3,364.82
9389,3146,16,1,1223.3
9390,3147,22,2,2088.57
9391,3147,23,1,556.61
9392,3147,27,2,285.56
9393,3147,7,1,1335.9
9394,3147,14,1,2467.06
9395,3148,38,2,1595.02
9396,3148,4,3,2029.54
9397,3148,9,1,615.62
9398,3149,37,1,933.72
9399,3149,9,3,615.62
9400,3150,35,1,1308.17
9401,3150,25,1,871.54
9402,3150,7,2,1335.9
9403,3150,1,1,2433.7
9404,3151,11,3,664.17
9405,3152,11,2,664.17
9406,3152,4,3,2029.54
9407,3152,35,3,1308.17
9408,3153,5,3,1174.24
9409,3153,31,1,1716.1
9410,3153,4,1,2029.54
9411,3153,32,3,31.92
9412,3154,14,1,2467.06
9413,3154,22,2,2088.57
9414,3154,26,3,2411.16
9415,3154,13,2,2446.23
9416,3154,31,3,1716.1
9417,3155,14,2,2467.06
9418,3155,27,1,285.56
9419,3155,11,3,664.17
9420,3155,18,3,732.4
9421,3156,25,3,871.54
9422,3156,11,1,664.17
9423,3157,25,3,871.54
9424,3157,40,2,469.27
9425,3158,25,2,871.54
9426,3158,13,2,2446.23
9427,3158,35,1,1308.17
9428,3158,12,3,2203.19
9429,3158,6,3,2402.91
9430,3159,22,3,2088.57
9431,3159,36,1,87.7
9432,3159,34,3,90.62
9433,3159,23,2,556.61
9434,3159,40,3,469.27
9435,3160,36,1,87.7
9436,3160,5,3,1174.24
9437,3160,14,1,2467.06
9438,3160,12,3,2203.19
9439,3160,19,1,592.91
9440,3161,10,3,482.47
9441,3162,15,3,118.33
9442,3163,37,1,933.72
9443,3163,22,3,2088.57
9444,3163,4,2,2029.54
9445,3164,24,1,995.09
9446,3164,2,1,1179.75
9447,3164,17,3,2384.83
9448,3165,40,2,469.27
9449,3165,18,1,732.4
9450,3166,36,2,87.7
9451,3166,9,2,615.62
9452,3166,22,2,2088.57
9453,3167,22,3,2088.57
9454,3168,17,3,2384.83
9455,3168,22,2,2088.57
9456,3169,35,3,1308.17
9457,3169,25,3,871.54
9458,3170,37,1,933.72
9459,3170,15,3,118.33
9460,3170,38,2,1595.02
9461,3170,30,2,1422.18
9462,3170,40,3,469.27
9463,3171,30,1,1422.18
9464,3171,16,1,1223.3
9465,3171,20,2,364.82
9466,3171,5,1,1174.24
9467,3171,33,1,1331.91
9468,3172,31,1,1716.1
9469,3172,3,2,2060.53
9470,3172,36,3,87.7
9471,3172,20,2,364.82
9472,3173,29,1,2411.43
9473,3173,19,1,592.91
9474,3173,26,3,2411.16
9475,3174,32,2,31.92
9476,3174,33,2,1331.91
9477,3174,14,3,2467.06
9478,3174,3,2,2060.53
9479,3175,26,2,2411.16
9480,3175,6,2,2402.91
9481,3175,37,2,933.72
9482,3176,2,1,1179.75
9483,3176,34,1,90.62
9484,3177,38,3,1595.02
9485,3178,29,1,2411.43
9486,3178,13,1,2446.23
9487,3178,9,3,615.62
9488,3178,10,2,482.47
9489,3178,19,1,592.91
9490,3179,27,1,285.56
9491,3180,8,3,1311.65
9492,3180,34,2,90.62
9493,3180,11,1,664.17
9494,3180,16,3,1223.3
9495,3180,36,3,87.7
9496,3181,8,2,1311.65
9497,3181,39,1,1007.34
9498,3181,34,1,90.62
9499,3181,4,2,2029.54
9500,3182,36,3,87.7
9501,3183,31,1,1716.1
9502,3184,14,3,2467.06
9503,3184,15,3,118.33
9504,3185,3,1,2060.53
9505,3185,4,2,2029.54
9506,3185,6,2,2402.91
9507,3186,38,1,1595.02
9508,3186,28,2,1944.42
9509,3186,20,2,364.82
9510,3186,39,3,1007.34
9511,3187,19,1,592.91
9512,3187,14,2,2467.06
9513,3188,27,3,285.56
9514,3188,10,3,482.47
9515,3188,4,3,2029.54
9516,3188,18,2,732.4
9517,3189,2,3,1179.75
9518,3189,27,3,285.56
9519,3190,34,1,90.62
9520,3190,40,1,469.27
9521,3190,35,2,1308.17
9522,3191,29,3,2411.43
9523,3192,33,1,1331.91
9524,3192,14,3,2467.06
9525,3192,2,1,1179.75
9526,3192,25,2,871.54
9527,3192,23,2,556.61
9528,3193,37,1,933.72
9529,3193,21,1,1211.35
9530,3193,34,1,90.62
9531,3193,35,1,1308.17
9532,3193,32,1,31.92
9533,3194,37,2,933.72
9534,3194,24,1,995.09
9535,3195,3,2,2060.53
9536,3195,29,2,2411.43
9537,3195,23,3,556.61
9538,3195,9,1,615.62
9539,3195,36,3,87.7
9540,3196,10,3,482.47
9541,3196,14,2,2467.06
9542,3197,27,2,285.56
9543,3198,39,3,1007.34
9544,3198,31,1,1716.1
9545,3198,25,1,871.54
9546,3199,22,1,2088.57
9547,3199,23,2,556.61
9548,3200,27,1,285.56
9549,3200,3,3,2060.53
9550,3201,30,1,1422.18
9551,3201,20,1,364.82
9552,3202,22,3,2088.57
9553,3203,31,2,1716.1
9554,3203,23,3,556.61
9555,3203,3,2,2060.53
9556,3203,29,2,2411.43
9557,3204,20,2,364.82
9558,3204,13,3,2446.23
9559,3204,15,1,118.33
9560,3204,3,3,2060.53
9561,3204,27,3,285.56
9562,3205,14,2,2467.06
9563,3205,30,2,1422.18
9564,3205,40,3,469.27
9565,3205,32,3,31.92
9566,3205,38,2,1595.02
9567,3206,1,1,2433.7
9568,3207,6,3,2402.91
9569,3207,4,3,2029.54
9570,3207,9,3,615.62
9571,3207,32,2,31.92
9572,3208,18,2,732.4
9573,3208,10,2,482.47
9574,3208,26,1,2411.16
9575,3209,6,2,2402.91
9576,3209,10,3,482.47
9577,3209,7,1,1335.9
9578,3209,35,3,1308.17
9579,3209,1,1,2433.7
9580,3210,27,1,285.56
9581,3210,22,1,2088.57
9582,3210,20,2,364.82
9583,3210,40,1,469.27
9584,3211,26,3,2411.16
9585,3211,2,1,1179.75
9586,3211,18,2,732.4
9587,3212,14,2,2467.06
9588,3213,8,3,1311.65
9589,3214,2,1,1179.75
9590,3214,37,3,933.72
9591,3214,34,1,90.62
9592,3214,36,1,87.7
9593,3215,28,1,1944.42
9594,3215,29,2,2411.43
9595,3216,11,1,664.17
9596,3216,27,1,285.56
9597,3216,9,2,615.62
9598,3216,14,1,2467.06
9599,3216,21,1,1211.35
9600,3217,30,3,1422.18
9601,3218,15,3,118.33
9602,3218,3,2,2060.53
9603,3218,11,1,664.17
9604,3219,35,2,1308.17
9605,3219,32,1,31.92
9606,3219,23,3,556.61
9607,3219,22,3,2088.57
9608,3219,14,1,2467.06
9609,3220,27,3,285.56
9610,3220,1,3,2433.7
9611,3221,31,3,1716.1
9612,3221,24,2,995.09
9613,3221,15,3,118.33
9614,3222,36,1,87.7
9615,3222,14,2,2467.06
9616,3222,37,1,933.72
9617,3222,10,1,482.47
9618,3223,34,3,90.62
9619,3223,40,1,469.27
9620,3224,22,1,2088.57
9621,3225,36,2,87.7
9622,3225,18,3,732.4
9623,3225,32,1,31.92
9624,3226,31,3,1716.1
9625,3227,33,1,1331.91
9626,3227,13,2,2446.23
9627,3227,14,1,2467.06
9628,3227,28,2,1944.42
9629,3228,18,3,732.4
9630,3229,33,2,1331.91
9631,3230,15,2,118.33
9632,3230,25,2,871.54
9633,3230,5,3,1174.24
9634,3231,26,2,2411.16
9635,3231,16,1,1223.3
9636,3231,34,1,90.62
9637,3231,31,2,1716.1
9638,3232,34,1,90.62
9639,3232,5,2,1174.24
9640,3233,28,2,1944.42
9641,3234,5,2,1174.24
9642,3234,23,2,556.61
9643,3235,39,1,1007.34
9644,3235,18,2,732.4
9645,3236,22,1,2088.57
9646,3236,36,3,87.7
9647,3236,11,3,664.17
9648,3236,3,2,2060.53
9649,3237,37,1,933.72
9650,3237,20,3,364.82
9651,3237,14,1,2467.06
9652,3238,2,3,1179.75
9653,3238,26,2,2411.16
9654,3239,33,3,1331.91
9655,3239,19,2,592.91
9656,3239,14,3,2467.06
9657,3239,31,2,1716.1
9658,3239,7,1,1335.9
9659,3240,6,1,2402.91
9660,3240,8,1,1311.65
9661,3241,35,1,1308.17
9662,3241,12,3,2203.19
9663,3241,16,2,1223.3
9664,3241,13,1,2446.23
9665,3241,18,1,732.4
9666,3242,5,2,1174.24
9667,3242,15,1,118.33
9668,3242,17,3,2384.83
9669,3243,33,1,1331.91
9670,3243,11,1,664.17
9671,3243,16,3,1223.3
9672,3244,5,1,1174.24
9673,3245,21,1,1211.35
9674,3245,30,3,1422.18
9675,3246,35,2,1308.17
9676,3247,9,1,615.62
9677,3247,38,1,1595.02
9678,3248,5,2,1174.24
9679,3248,13,3,2446.23
9680,3248,2,1,1179.75
9681,3249,34,2,90.62
9682,3249,3,2,2060.53
9683,3249,15,1,118.33
9684,3250,20,3,364.82
9685,3250,39,2,1007.34
9686,3250,6,1,2402.91
9687,3250,36,1,87.7
9688,3251,3,2,2060.53
9689,3251,30,1,1422.18
9690,3251,2,2,1179.75
9691,3252,11,2,664.17
9692,3252,8,3,1311.65
9693,3252,31,2,1716.1
9694,3253,31,3,1716.1
9695,3254,10,1,482.47
9696,3254,32,2,31.92
9697,3254,27,1,285.56
9698,3255,19,1,592.91
9699,3256,10,3,482.47
9700,3256,32,1,31.92
9701,3256,16,2,1223.3
9702,3256,6,2,2402.91
9703,3256,14,1,2467.06
9704,3257,25,1,871.54
9705,3257,5,3,1174.24
9706,3257,37,1,933.72
9707,3258,8,1,1311.65
9708,3258,20,1,364.82
9709,3258,11,1,664.17
9710,3258,15,3,118.33
9711,3259,9,1,615.62
9712,3259,7,3,1335.9
9713,3259,16,1,1223.3
9714,3260,38,3,1595.02
9715,3260,8,2,1311.65
9716,3260,40,2,469.27
9717,3260,9,1,615.62
9718,3261,1,3,2433.7
9719,3261,32,2,31.92
9720,3262,31,2,1716.1
9721,3262,5,3,1174.24
9722,3262,18,3,732.4
9723,3263,2,1,1179.75
9724,3263,36,3,87.7
9725,3264,21,3,1211.35
9726,3264,39,1,1007.34
9727,3264,37,1,933.72
9728,3264,10,3,482.47
9729,3265,33,3,1331.91
9730,3265,14,2,2467.06
9731,3265,5,1,1174.24
9732,3265,27,1,285.56
9733,3265,35,3,1308.17
9734,3266,34,2,90.62
9735,3267,21,2,1211.35
9736,3267,19,1,592.91
9737,3267,37,2,933.72
9738,3268,12,2,2203.19
9739,3268,3,2,2060.53
9740,3268,21,2,1211.35
9741,3268,28,1,1944.42
9742,3269,35,1,1308.17
9743,3269,12,3,2203.19
9744,3269,38,2,1595.02
9745,3269,25,1,871.54
9746,3269,3,3,2060.53
9747,3270,28,3,1944.42
9748,3270,7,2,1335.9
9749,3270,19,3,592.91
9750,3270,30,3,1422.18
9751,3271,20,1,364.82
9752,3271,7,3,1335.9
9753,3271,19,1,592.91
9754,3271,10,1,482.47
9755,3271,12,1,2203.19
9756,3272,28,3,1944.42
9757,3272,37,1,933.72
9758,3272,14,2,2467.06
9759,3272,12,3,2203.19
9760,3272,9,1,615.62
9761,3273,6,3,2402.91
9762,3273,8,1,1311.65
9763,3273,40,3,469.27
9764,3273,15,2,118.33
9765,3273,32,3,31.92
9766,3274,26,2,2411.16
9767,3275,33,3,1331.91
9768,3275,31,2,1716.1
9769,3275,37,3,933.72
9770,3275,13,2,2446.23
9771,3276,8,1,1311.65
9772,3276,21,3,1211.35
9773,3276,30,2,1422.18
9774,3277,29,2,2411.43
9775,3277,11,3,664.17
9776,3277,1,3,2433.7
9777,3277,9,1,615.62
9778,3277,25,3,871.54
9779,3278,16,2,1223.3
9780,3278,17,3,2384.83
9781,3279,33,1,1331.91
9782,3279,20,1,364.82
9783,3279,14,3,2467.06
9784,3279,25,2,871.54
9785,3279,35,3,1308.17
9786,3280,28,2,1944.42
9787,3280,37,2,933.72
9788,3280,1,2,2433.7
9789,3281,22,3,2088.57
9790,3281,10,3,482.47
9791,3281,23,1,556.61
9792,3281,15,3,118.33
9793,3281,33,1,1331.91
9794,3282,2,2,1179.75
9795,3282,28,3,1944.42
9796,3283,17,1,2384.83
9797,3283,7,1,1335.9
9798,3283,22,3,2088.57
9799,3283,4,2,2029.54
9800,3284,10,2,482.47
9801,3285,30,3,1422.18
9802,3285,10,3,482.47
9803,3285,31,1,1716.1
9804,3285,19,2,592.91
9805,3285,11,3,664.17
9806,3286,26,1,2411.16
9807,3286,16,1,1223.3
9808,3286,27,3,285.56
9809,3287,8,3,1311.65
9810,3287,31,2,1716.1
9811,3287,30,1,1422.18
9812,3287,11,1,664.17
9813,3287,39,2,1007.34
9814,3288,24,3,995.09
9815,3288,30,3,1422.18
9816,3288,27,3,285.56
9817,3289,5,3,1174.24
9818,3289,17,3,2384.83
9819,3289,4,1,2029.54
9820,3290,5,3,1174.24
9821,3290,4,2,2029.54
9822,3291,11,3,664.17
9823,3291,28,3,1944.42
9824,3291,29,3,2411.43
9825,3291,5,1,1174.24
9826,3291,12,1,2203.19
9827,3292,17,2,2384.83
9828,3292,30,2,1422.18
9829,3292,31,2,1716.1
9830,3292,11,3,664.17
9831,3292,33,2,1331.91
9832,3293,13,2,2446.23
9833,3293,18,1,732.4
9834,3293,10,1,482.47
9835,3294,11,1,664.17
9836,3294,20,3,364.82
9837,3294,14,2,2467.06
9838,3294,8,2,1311.65
9839,3295,28,1,1944.42
9840,3295,6,3,2402.91
9841,3296,34,3,90.62
9842,3296,25,2,871.54
9843,3296,39,1,1007.34
9844,3296,40,2,469.27
9845,3297,21,1,1211.35
9846,3297,36,3,87.7
9847,3297,28,3,1944.42
9848,3298,18,3,732.4
9849,3299,4,2,2029.54
9850,3300,27,2,285.56
9851,3300,34,1,90.62
9852,3300,23,1,556.61
9853,3300,26,3,2411.16
9854,3301,20,2,364.82
9855,3301,23,3,556.61
9856,3301,14,2,2467.06
9857,3301,6,3,2402.91
9858,3302,32,2,31.92
9859,3303,11,3,664.17
9860,3303,36,1,87.7
9861,3303,17,2,2384.83
9862,3303,9,1,615.62
9863,3303,15,2,118.33
9864,3304,13,3,2446.23
9865,3304,23,1,556.61
9866,3305,33,1,1331.91
9867,3305,16,1,1223.3
9868,3305,2,1,1179.75
9869,3305,22,2,2088.57
9870,3306,7,2,1335.9
9871,3306,32,2,31.92
9872,3306,40,1,469.27
9873,3306,26,2,2411.16
9874,3306,35,1,1308.17
9875,3307,31,2,1716.1
9876,3307,34,2,90.62
9877,3308,24,2,995.09
9878,3308,40,1,469.27
9879,3308,37,3,933.72
9880,3308,21,2,1211.35
9881,3309,13,2,2446.23
9882,3309,33,2,1331.91
9883,3309,12,2,2203.19
9884,3309,38,3,1595.02
9885,3309,32,2,31.92
9886,3310,8,3,1311.65
9887,3311,29,3,2411.43
9888,3312,25,3,871.54
9889,3312,15,3,118.33
9890,3313,12,3,2203.19
9891,3313,2,2,1179.75
9892,3313,20,3,364.82
9893,3313,26,3,2411.16
9894,3314,24,2,995.09
9895,3314,12,2,2203.19
9896,3314,40,2,469.27
9897,3314,2,3,1179.75
9898,3315,9,1,615.62
9899,3315,26,1,2411.16
9900,3315,21,2,1211.35
9901,3315,35,1,1308.17
9902,3315,30,3,1422.18
9903,3316,1,1,2433.7
9904,3316,26,1,2411.16
9905,3317,27,1,285.56
9906,3318,35,3,1308.17
9907,3318,17,3,2384.83
9908,3318,36,2,87.7
9909,3318,15,2,118.33
9910,3319,22,1,2088.57
9911,3319,32,2,31.92
9912,3319,20,2,364.82
9913,3320,31,2,1716.1
9914,3320,6,1,2402.91
9915,3320,30,1,1422.18
9916,3321,24,1,995.09
9917,3322,6,2,2402.91
9918,3322,26,3,2411.16
9919,3323,36,1,87.7
9920,3324,1,3,2433.7
9921,3324,18,3,732.4
9922,3324,10,1,482.47
9923,3325,27,2,285.56
9924,3325,29,2,2411.43
9925,3325,3,3,2060.53
9926,3325,31,3,1716.1
9927,3326,10,1,482.47
9928,3326,29,2,2411.43
9929,3327,2,2,1179.75
9930,3327,39,3,1007.34
9931,3327,35,3,1308.17
9932,3327,28,3,1944.42
9933,3328,29,2,2411.43
9934,3328,39,2,1007.34
9935,3328,15,2,118.33
9936,3328,26,2,2411.16
9937,3329,11,2,664.17
9938,3329,9,3,615.62
9939,3329,3,1,2060.53
9940,3329,18,1,732.4
9941,3330,25,2,871.54
9942,3330,23,2,556.61
9943,3330,21,2,1211.35
9944,3331,26,1,2411.16
9945,3331,35,1,1308.17
9946,3331,30,1,1422.18
9947,3332,36,2,87.7
9948,3332,38,2,1595.02
9949,3333,9,1,615.62
9950,3333,14,2,2467.06
9951,3334,1,2,2433.7
9952,3334,25,1,871.54
9953,3334,11,3,664.17
9954,3334,36,3,87.7
9955,3335,18,2,732.4
9956,3336,22,3,2088.57
9957,3336,4,2,2029.54
9958,3337,33,3,1331.91
9959,3337,9,2,615.62
9960,3337,14,3,2467.06
9961,3337,26,1,2411.16
9962,3337,22,2,2088.57
9963,3338,8,2,1311.65
9964,3339,12,2,2203.19
9965,3339,10,3,482.47
9966,3339,13,2,2446.23
9967,3339,32,1,31.92
9968,3339,16,3,1223.3
9969,3340,27,1,285.56
9970,3340,25,3,871.54
9971,3340,37,2,933.72
9972,3341,32,1,31.92
9973,3342,9,1,615.62
9974,3342,30,1,1422.18
9975,3342,25,2,871.54
9976,3342,22,3,2088.57
9977,3342,5,3,1174.24
9978,3343,24,3,995.09
9979,3343,12,3,2203.19
9980,3343,20,2,364.82
9981,3343,7,2,1335.9
9982,3344,21,3,1211.35
9983,3344,3,3,2060.53
9984,3344,39,2,1007.34
9985,3344,32,2,31.92
9986,3345,8,1,1311.65
9987,3345,21,3,1211.35
9988,3345,9,3,615.62
9989,3346,28,2,1944.42
9990,3346,9,3,615.62
9991,3346,7,3,1335.9
9992,3347,5,2,1174.24
9993,3347,14,2,2467.06
9994,3347,12,2,2203.19
9995,3348,7,1,1335.9
9996,3349,21,1,1211.35
9997,3350,9,1,615.62
9998,3350,38,1,1595.02
9999,3350,10,1,482.47
10000,3350,6,3,2402.91
10001,3350,4,2,2029.54
10002,3351,22,3,2088.57
10003,3351,15,2,118.33
10004,3351,11,2,664.17
10005,3352,8,3,1311.65
10006,3352,6,1,2402.91
10007,3352,15,3,118.33
10008,3352,22,3,2088.57
10009,3352,23,3,556.61
10010,3353,12,3,2203.19
10011,3353,20,2,364.82
10012,3353,19,1,592.91
10013,3353,28,1,1944.42
10014,3354,8,3,1311.65
10015,3354,39,2,1007.34
10016,3354,40,1,469.27
10017,3354,14,3,2467.06
10018,3354,19,3,592.91
10019,3355,14,2,2467.06
10020,3355,20,3,364.82
10021,3355,12,2,2203.19
10022,3355,3,3,2060.53
10023,3356,18,1,732.4
10024,3357,29,1,2411.43
10025,3358,18,3,732.4
10026,3358,3,1,2060.53
10027,3358,17,1,2384.83
10028,3358,15,3,118.33
10029,3358,33,1,1331.91
10030,3359,34,1,90.62
10031,3359,21,3,1211.35
10032,3359,7,1,1335.9
10033,3359,38,3,1595.02
10034,3360,23,1,556.61
10035,3360,22,1,2088.57
10036,3361,19,2,592.91
10037,3361,10,2,482.47
10038,3361,27,1,285.56
10039,3362,17,3,2384.83
10040,3363,9,1,615.62
10041,3363,15,2,118.33
10042,3363,3,1,2060.53
10043,3363,40,1,469.27
10044,3363,36,3,87.7
10045,3364,6,3,2402.91
10046,3364,30,2,1422.18
10047,3364,19,2,592.91
10048,3365,32,2,31.92
10049,3365,6,2,2402.91
10050,3366,23,3,556.61
10051,3366,10,2,482.47
10052,3367,16,3,1223.3
10053,3367,19,2,592.91
10054,3367,2,2,1179.75
10055,3367,7,1,1335.9
10056,3368,13,2,2446.23
10057,3369,18,3,732.4
10058,3370,12,3,2203.19
10059,3370,1,2,2433.7
10060,3371,38,3,1595.02
10061,3371,27,2,285.56
10062,3371,14,1,2467.06
10063,3372,30,1,1422.18
10064,3372,15,3,118.33
10065,3372,13,2,2446.23
10066,3372,12,3,2203.19
10067,3372,40,3,469.27
10068,3373,2,2,1179.75
10069,3373,23,3,556.61
10070,3373,16,1,1223.3
10071,3373,34,1,90.62
10072,3373,18,1,732.4
10073,3374,15,1,118.33
10074,3375,20,3,364.82
10075,3375,19,3,592.91
10076,3375,28,3,1944.42
10077,3375,22,2,2088.57
10078,3375,23,1,556.61
10079,3376,18,1,732.4
10080,3376,12,3,2203.19
10081,3376,25,2,871.54
10082,3377,18,1,732.4
10083,3377,19,2,592.91
10084,3377,16,1,1223.3
10085,3378,37,1,933.72
10086,3378,14,1,2467.06
10087,3378,2,1,1179.75
10088,3378,27,1,285.56
10089,3379,11,3,664.17
10090,3379,30,1,1422.18
10091,3379,37,2,933.72
10092,3379,16,3,1223.3
10093,3380,20,3,364.82
10094,3380,19,2,592.91
10095,3380,9,2,615.62
10096,3381,4,3,2029.54
10097,3381,5,1,1174.24
10098,3381,14,2,2467.06
10099,3382,8,2,1311.65
10100,3382,17,3,2384.83
10101,3382,39,1,1007.34
10102,3382,40,3,469.27
10103,3383,36,3,87.7
10104,3384,32,1,31.92
10105,3384,12,1,2203.19
10106,3385,20,1,364.82
10107,3385,1,3,2433.7
10108,3386,4,3,2029.54
10109,3386,20,3,364.82
10110,3386,9,1,615.62
10111,3386,25,2,871.54
10112,3386,34,2,90.62
10113,3387,36,2,87.7
10114,3388,12,3,2203.19
10115,3389,3,1,2060.53
10116,3389,8,2,1311.65
10117,3389,13,3,2446.23
10118,3389,6,2,2402.91
10119,3389,29,3,2411.43
10120,3390,20,2,364.82
10121,3390,28,3,1944.42
10122,3391,15,3,118.33
10123,3391,39,2,1007.34
10124,3391,7,1,1335.9
10125,3391,24,1,995.09
10126,3392,21,3,1211.35
10127,3392,19,3,592.91
10128,3392,29,2,2411.43
10129,3392,6,2,2402.91
10130,3392,39,2,1007.34
10131,3393,3,3,2060.53
10132,3393,15,3,118.33
10133,3393,22,2,2088.57
10134,3393,2,2,1179.75
10135,3393,4,2,2029.54
10136,3394,31,3,1716.1
10137,3394,16,1,1223.3
10138,3394,40,3,469.27
10139,3394,8,3,1311.65
10140,3394,32,2,31.92
10141,3395,19,3,592.91
10142,3395,10,2,482.47
10143,3396,22,2,2088.57
10144,3397,30,1,1422.18
10145,3398,6,1,2402.91
10146,3398,36,3,87.7
10147,3399,25,2,871.54
10148,3399,38,2,1595.02
10149,3399,35,2,1308.17
10150,3399,21,1,1211.35
10151,3399,15,2,118.33
10152,3400,17,1,2384.83
10153,3400,36,1,87.7
10154,3401,40,2,469.27
10155,3401,23,3,556.61
10156,3402,39,2,1007.34
10157,3403,32,1,31.92
10158,3403,38,2,1595.02
10159,3403,21,2,1211.35
10160,3404,25,2,871.54
10161,3404,10,1,482.47
10162,3404,40,1,469.27
10163,3404,17,2,2384.83
10164,3404,2,3,1179.75
10165,3405,39,2,1007.34
10166,3405,15,1,118.33
10167,3405,40,3,469.27
10168,3405,35,3,1308.17
10169,3405,27,1,285.56
10170,3406,23,2,556.61
10171,3406,3,3,2060.53
10172,3406,13,2,2446.23
10173,3406,14,2,2467.06
10174,3406,17,3,2384.83
10175,3407,19,1,592.91
10176,3407,8,3,1311.65
10177,3407,12,2,2203.19
10178,3408,12,3,2203.19
10179,3408,11,2,664.17
10180,3408,19,3,592.91
10181,3409,32,2,31.92
10182,3409,34,1,90.62
10183,3409,21,3,1211.35
10184,3409,12,2,2203.19
10185,3409,14,3,2467.06
10186,3410,25,1,871.54
10187,3410,19,3,592.91
10188,3410,1,2,2433.7
10189,3410,23,2,556.61
10190,3411,3,3,2060.53
10191,3411,39,2,1007.34
10192,3411,24,2,995.09
10193,3411,7,3,1335.9
10194,3411,12,2,2203.19
10195,3412,15,1,118.33
10196,3412,21,3,1211.35
10197,3412,13,3,2446.23
10198,3413,19,3,592.91
10199,3413,38,1,1595.02
10200,3413,8,3,1311.65
10201,3414,12,2,2203.19
10202,3415,24,2,995.09
10203,3415,36,3,87.7
10204,3415,25,2,871.54
10205,3416,31,2,1716.1
10206,3416,14,3,2467.06
10207,3416,26,2,2411.16
10208,3416,9,1,615.62
10209,3417,25,1,871.54
10210,3417,12,2,2203.19
10211,3417,13,2,2446.23
10212,3417,38,2,1595.02
10213,3417,9,1,615.62
10214,3418,21,1,1211.35
10215,3419,38,2,1595.02
10216,3419,39,1,1007.34
10217,3419,40,2,469.27
10218,3419,24,1,995.09
10219,3420,17,3,2384.83
10220,3420,11,2,664.17
10221,3420,16,1,1223.3
10222,3420,2,1,1179.75
10223,3420,40,2,469.27
10224,3421,9,1,615.62
10225,3421,4,2,2029.54
10226,3421,13,2,2446.23
10227,3421,25,3,871.54
10228,3422,26,2,2411.16
10229,3422,12,3,2203.19
10230,3422,32,2,31.92
10231,3422,30,2,1422.18
10232,3423,14,2,2467.06
10233,3423,7,1,1335.9
10234,3423,29,3,2411.43
10235,3424,30,2,1422.18
10236,3425,26,2,2411.16
10237,3426,24,2,995.09
10238,3426,17,2,2384.83
10239,3426,11,2,664.17
10240,3427,19,3,592.91
10241,3427,2,3,1179.75
10242,3427,9,3,615.62
10243,3428,24,3,995.09
10244,3429,35,3,1308.17
10245,3429,25,2,871.54
10246,3429,38,1,1595.02
10247,3430,38,2,1595.02
10248,3430,37,3,933.72
10249,3430,13,1,2446.23
10250,3430,15,3,118.33
10251,3430,36,1,87.7
10252,3431,14,3,2467.06
10253,3431,30,1,1422.18
10254,3431,27,1,285.56
10255,3432,9,3,615.62
10256,3432,1,1,2433.7
10257,3432,24,1,995.09
10258,3433,33,3,1331.91
10259,3433,8,3,1311.65
10260,3433,2,1,1179.75
10261,3433,1,3,2433.7
10262,3434,3,2,2060.53
10263,3435,3,1,2060.53
10264,3435,11,1,664.17
10265,3436,17,1,2384.83
10266,3436,38,3,1595.02
10267,3436,32,3,31.92
10268,3436,37,1,933.72
10269,3437,37,1,933.72
10270,3437,27,3,285.56
10271,3437,6,1,2402.91
10272,3437,22,2,2088.57
10273,3438,23,1,556.61
10274,3438,3,2,2060.53
10275,3439,19,1,592.91
10276,3439,8,2,1311.65
10277,3440,21,3,1211.35
10278,3440,22,1,2088.57
10279,3441,26,1,2411.16
10280,3441,7,1,1335.9
10281,3441,20,3,364.82
10282,3441,17,3,2384.83
10283,3441,13,3,2446.23
10284,3442,26,2,2411.16
10285,3442,10,1,482.47
10286,3442,5,3,1174.24
10287,3442,20,3,364.82
10288,3442,14,3,2467.06
10289,3443,18,2,732.4
10290,3443,37,2,933.72
10291,3443,24,3,995.09
10292,3443,2,3,1179.75
10293,3443,4,1,2029.54
10294,3444,24,2,995.09
10295,3444,31,2,1716.1
10296,3444,35,2,1308.17
10297,3445,12,1,2203.19
10298,3445,25,2,871.54
10299,3445,29,1,2411.43
10300,3445,9,3,615.62
10301,3446,32,3,31.92
10302,3446,1,2,2433.7
10303,3447,16,3,1223.3
10304,3447,31,1,1716.1
10305,3447,26,2,2411.16
10306,3447,39,2,1007.34
10307,3448,15,3,118.33
10308,3448,17,2,2384.83
10309,3449,40,2,469.27
10310,3449,13,3,2446.23
10311,3449,2,3,1179.75
10312,3449,39,2,1007.34
10313,3449,24,3,995.09
10314,3450,5,3,1174.24
10315,3450,18,2,732.4
10316,3450,13,1,2446.23
10317,3451,2,1,1179.75
10318,3451,19,1,592.91
10319,3452,36,2,87.7
10320,3452,32,2,31.92
10321,3452,29,3,2411.43
10322,3452,5,3,1174.24
10323,3453,11,1,664.17
10324,3453,24,2,995.09
10325,3454,37,1,933.72
10326,3454,35,2,1308.17
10327,3454,21,1,1211.35
10328,3454,19,3,592.91
10329,3455,40,3,469.27
10330,3455,20,2,364.82
10331,3455,3,2,2060.53
10332,3456,24,3,995.09
10333,3456,40,3,469.27
10334,3457,11,1,664.17
10335,3458,23,3,556.61
10336,3458,25,3,871.54
10337,3458,19,3,592.91
10338,3458,35,2,1308.17
10339,3458,9,1,615.62
10340,3459,23,1,556.61
10341,3459,15,2,118.33
10342,3459,9,3,615.62
10343,3460,7,3,1335.9
10344,3460,21,1,1211.35
10345,3460,17,1,2384.83
10346,3460,24,2,995.09
10347,3460,13,2,2446.23
10348,3461,30,1,1422.18
10349,3461,29,1,2411.43
10350,3461,21,1,1211.35
10351,3461,40,3,469.27
10352,3462,29,2,2411.43
10353,3462,36,3,87.7
10354,3462,25,1,871.54
10355,3462,15,2,118.33
10356,3463,34,2,90.62
10357,3463,5,3,1174.24
10358,3463,25,2,871.54
10359,3463,29,2,2411.43
10360,3463,14,2,2467.06
10361,3464,28,2,1944.42
10362,3464,9,3,615.62
10363,3464,7,2,1335.9
10364,3464,37,2,933.72
10365,3464,17,2,2384.83
10366,3465,23,3,556.61
10367,3465,26,3,2411.16
10368,3465,31,1,1716.1
10369,3466,16,3,1223.3
10370,3466,33,2,1331.91
10371,3467,29,1,2411.43
10372,3468,40,1,469.27
10373,3468,23,2,556.61
10374,3468,5,3,1174.24
10375,3468,24,2,995.09
10376,3468,25,1,871.54
10377,3469,32,3,31.92
10378,3469,18,2,732.4
10379,3469,13,1,2446.23
10380,3470,3,2,2060.53
10381,3470,36,1,87.7
10382,3471,18,2,732.4
10383,3471,20,1,364.82
10384,3471,4,3,2029.54
10385,3471,27,2,285.56
10386,3472,16,1,1223.3
10387,3472,29,3,2411.43
10388,3473,6,1,2402.91
10389,3473,7,2,1335.9
10390,3474,31,2,1716.1
10391,3474,29,1,2411.43
10392,3475,6,3,2402.91
10393,3475,36,2,87.7
10394,3475,33,3,1331.91
10395,3475,34,3,90.62
10396,3476,25,1,871.54
10397,3476,13,2,2446.23
10398,3476,39,2,1007.34
10399,3476,36,1,87.7
10400,3476,23,3,556.61
10401,3477,36,3,87.7
10402,3477,17,3,2384.83
10403,3477,6,2,2402.91
10404,3478,15,3,118.33
10405,3478,37,3,933.72
10406,3478,3,2,2060.53
10407,3479,8,1,1311.65
10408,3479,33,3,1331.91
10409,3479,10,1,482.47
10410,3479,12,2,2203.19
10411,3480,34,3,90.62
10412,3480,5,3,1174.24
10413,3481,38,1,1595.02
10414,3481,13,3,2446.23
10415,3481,16,1,1223.3
10416,3481,6,2,2402.91
10417,3481,7,1,1335.9
10418,3482,21,1,1211.35
10419,3482,12,2,2203.19
10420,3482,6,1,2402.91
10421,3482,29,1,2411.43
10422,3483,37,1,933.72
10423,3483,1,3,2433.7
10424,3483,31,2,1716.1
10425,3484,8,3,1311.65
10426,3484,16,3,1223.3
10427,3484,7,3,1335.9
10428,3485,19,2,592.91
10429,3485,38,3,1595.02
10430,3485,39,3,1007.34
10431,3485,17,2,2384.83
10432,3486,8,3,1311.65
10433,3486,1,2,2433.7
10434,3486,2,3,1179.75
10435,3486,22,3,2088.57
10436,3487,40,3,469.27
10437,3488,23,2,556.61
10438,3488,39,3,1007.34
10439,3488,13,1,2446.23
10440,3489,1,3,2433.7
10441,3489,37,1,933.72
10442,3489,16,1,1223.3
10443,3490,24,1,995.09
10444,3491,9,1,615.62
10445,3491,4,3,2029.54
10446,3491,38,2,1595.02
10447,3492,33,2,1331.91
10448,3492,37,2,933.72
10449,3493,19,3,592.91
10450,3493,24,2,995.09
10451,3493,31,1,1716.1
10452,3493,9,2,615.62
10453,3494,31,3,1716.1
10454,3494,39,3,1007.34
10455,3495,12,3,2203.19
10456,3495,11,3,664.17
10457,3495,22,2,2088.57
10458,3495,19,1,592.91
10459,3495,39,2,1007.34
10460,3496,25,2,871.54
10461,3496,4,1,2029.54
10462,3496,34,2,90.62
10463,3496,12,1,2203.19
10464,3497,7,3,1335.9
10465,3497,9,1,615.62
10466,3497,21,1,1211.35
10467,3497,38,3,1595.02
10468,3498,8,3,1311.65
10469,3499,24,2,995.09
10470,3499,16,1,1223.3
10471,3499,19,3,592.91
10472,3500,25,3,871.54
10473,3500,35,1,1308.17
10474,3500,38,2,1595.02
10475,3500,39,3,1007.34
10476,3501,29,3,2411.43
10477,3501,19,2,592.91
10478,3501,9,3,615.62
10479,3502,26,1,2411.16
10480,3502,16,3,1223.3
10481,3503,16,1,1223.3
10482,3503,14,2,2467.06
10483,3504,18,1,732.4
10484,3505,35,3,1308.17
10485,3505,24,3,995.09
10486,3505,25,2,871.54
10487,3505,30,3,1422.18
10488,3505,1,1,2433.7
10489,3506,40,3,469.27
10490,3506,35,2,1308.17
10491,3506,36,2,87.7
10492,3506,32,1,31.92
10493,3507,32,3,31.92
10494,3507,17,1,2384.83
10495,3508,14,2,2467.06
10496,3509,14,2,2467.06
10497,3509,36,1,87.7
10498,3509,7,3,1335.9
10499,3510,21,1,1211.35
10500,3510,13,3,2446.23
10501,3510,5,3,1174.24
10502,3510,19,2,592.91
10503,3510,30,3,1422.18
10504,3511,5,1,1174.24
10505,3511,6,2,2402.91
10506,3512,3,3,2060.53
10507,3513,16,1,1223.3
10508,3513,35,2,1308.17
10509,3513,32,2,31.92
10510,3513,19,1,592.91
10511,3514,18,1,732.4
10512,3514,11,1,664.17
10513,3514,2,2,1179.75
10514,3515,12,3,2203.19
10515,3516,13,2,2446.23
10516,3517,38,2,1595.02
10517,3518,17,3,2384.83
10518,3518,7,3,1335.9
10519,3518,9,2,615.62
10520,3519,24,2,995.09
10521,3519,12,1,2203.19
10522,3519,22,3,2088.57
10523,3519,39,1,1007.34
10524,3520,39,3,1007.34
10525,3521,24,3,995.09
10526,3521,12,3,2203.19
10527,3522,21,1,1211.35
10528,3522,23,2,556.61
10529,3523,13,3,2446.23
10530,3524,32,3,31.92
10531,3524,39,2,1007.34
10532,3524,9,3,615.62
10533,3524,35,2,1308.17
10534,3524,40,3,469.27
10535,3525,33,1,1331.91
10536,3525,11,1,664.17
10537,3525,32,1,31.92
10538,3525,28,1,1944.42
10539,3525,19,1,592.91
10540,3526,21,1,1211.35
10541,3526,23,2,556.61
10542,3526,1,1,2433.7
10543,3527,28,2,1944.42
10544,3528,16,2,1223.3
10545,3528,23,3,556.61
10546,3528,12,1,2203.19
10547,3528,25,2,871.54
10548,3528,40,3,469.27
10549,3529,35,3,1308.17
10550,3529,6,2,2402.91
10551,3529,5,1,1174.24
10552,3529,8,1,1311.65
10553,3529,24,3,995.09
10554,3530,26,2,2411.16
10555,3530,32,1,31.92
10556,3530,24,3,995.09
10557,3531,22,1,2088.57
10558,3532,16,1,1223.3
10559,3533,31,3,1716.1
10560,3533,2,3,1179.75
10561,3533,28,2,1944.42
10562,3533,14,3,2467.06
10563,3533,22,1,2088.57
10564,3534,23,1,556.61
10565,3534,40,1,469.27
10566,3534,27,1,285.56
10567,3534,6,3,2402.91
10568,3535,23,1,556.61
10569,3535,33,2,1331.91
10570,3535,21,1,1211.35
10571,3535,4,1,2029.54
10572,3536,23,3,556.61
10573,3536,40,1,469.27
10574,3536,14,1,2467.06
10575,3536,36,3,87.7
10576,3537,25,2,871.54
10577,3537,12,2,2203.19
10578,3538,26,1,2411.16
10579,3538,35,1,1308.17
10580,3538,31,2,1716.1
10581,3538,15,3,118.33
10582,3539,14,3,2467.06
10583,3539,7,3,1335.9
10584,3539,3,2,2060.53
10585,3540,40,2,469.27
10586,3540,9,3,615.62
10587,3540,30,2,1422.18
10588,3540,6,3,2402.91
10589,3541,36,2,87.7
10590,3542,29,1,2411.43
10591,3542,31,2,1716.1
10592,3542,9,1,615.62
10593,3543,23,3,556.61
10594,3543,13,1,2446.23
10595,3544,38,1,1595.02
10596,3545,40,1,469.27
10597,3546,24,2,995.09
10598,3546,40,2,469.27
10599,3547,37,1,933.72
10600,3548,30,3,1422.18
10601,3549,40,2,469.27
10602,3549,28,3,1944.42
10603,3550,32,3,31.92
10604,3550,16,2,1223.3
10605,3550,17,1,2384.83
10606,3551,15,2,118.33
10607,3551,27,2,285.56
10608,3551,23,3,556.61
10609,3551,7,1,1335.9
10610,3551,4,3,2029.54
10611,3552,12,2,2203.19
10612,3552,35,3,1308.17
10613,3552,15,3,118.33
10614,3552,24,1,995.09
10615,3552,7,2,1335.9
10616,3553,4,2,2029.54
10617,3554,18,3,732.4
10618,3554,6,1,2402.91
10619,3554,26,3,2411.16
10620,3555,10,2,482.47
10621,3555,17,1,2384.83
10622,3555,24,1,995.09
10623,3556,9,2,615.62
10624,3556,26,2,2411.16
10625,3556,3,3,2060.53
10626,3557,3,2,2060.53
10627,3557,26,3,2411.16
10628,3557,10,3,482.47
10629,3558,9,3,615.62
10630,3558,19,1,592.91
10631,3558,29,1,2411.43
10632,3559,16,2,1223.3
10633,3559,25,1,871.54
10634,3559,9,2,615.62
10635,3559,19,1,592.91
10636,3560,16,2,1223.3
10637,3560,25,3,871.54
10638,3560,30,2,1422.18
10639,3561,25,2,871.54
10640,3562,24,2,995.09
10641,3562,22,3,2088.57
10642,3562,29,3,2411.43
10643,3562,23,3,556.61
10644,3562,9,2,615.62
10645,3563,13,3,2446.23
10646,3563,24,1,995.09
10647,3563,37,1,933.72
10648,3563,21,3,1211.35
10649,3563,20,2,364.82
10650,3564,8,1,1311.65
10651,3564,35,2,1308.17
10652,3564,15,1,118.33
10653,3564,2,2,1179.75
10654,3565,30,2,1422.18
10655,3565,26,2,2411.16
10656,3566,12,1,2203.19
10657,3566,18,3,732.4
10658,3566,25,2,871.54
10659,3566,11,1,664.17
10660,3567,1,1,2433.7
10661,3568,37,1,933.72
10662,3568,17,1,2384.83
10663,3568,2,2,1179.75
10664,3569,27,1,285.56
10665,3569,31,2,1716.1
10666,3569,21,3,1211.35
10667,3569,40,2,469.27
10668,3569,25,1,871.54
10669,3570,25,1,871.54
10670,3570,7,1,1335.9
10671,3571,3,1,2060.53
10672,3571,27,1,285.56
10673,3571,12,1,2203.19
10674,3571,17,1,2384.83
10675,3571,24,3,995.09
10676,3572,31,1,1716.1
10677,3572,23,3,556.61
10678,3572,26,3,2411.16
10679,3573,11,2,664.17
10680,3573,28,3,1944.42
10681,3573,20,1,364.82
10682,3573,35,3,1308.17
10683,3573,19,2,592.91
10684,3574,23,1,556.61
10685,3575,5,1,1174.24
10686,3575,3,1,2060.53
10687,3575,6,2,2402.91
10688,3576,10,2,482.47
10689,3576,40,1,469.27
10690,3576,30,3,1422.18
10691,3576,6,2,2402.91
10692,3577,15,2,118.33
10693,3577,9,3,615.62
10694,3577,35,2,1308.17
10695,3577,18,2,732.4
10696,3578,33,2,1331.91
10697,3579,16,3,1223.3
10698,3580,30,1,1422.18
10699,3580,38,1,1595.02
10700,3580,8,3,1311.65
10701,3580,28,3,1944.42
10702,3580,6,2,2402.91
10703,3581,27,1,285.56
10704,3582,8,1,1311.65
10705,3583,25,2,871.54
10706,3583,8,3,1311.65
10707,3583,27,3,285.56
10708,3583,20,1,364.82
10709,3584,33,2,1331.91
10710,3584,34,1,90.62
10711,3584,12,1,2203.19
10712,3585,10,1,482.47
10713,3585,36,1,87.7
10714,3586,3,3,2060.53
10715,3586,16,1,1223.3
10716,3587,16,1,1223.3
10717,3587,35,2,1308.17
10718,3587,3,3,2060.53
10719,3587,14,2,2467.06
10720,3587,19,2,592.91
10721,3588,37,3,933.72
10722,3588,34,1,90.62
10723,3588,39,1,1007.34
10724,3588,30,2,1422.18
10725,3588,2,1,1179.75
10726,3589,40,1,469.27
10727,3589,22,2,2088.57
10728,3590,3,2,2060.53
10729,3591,23,3,556.61
10730,3591,6,3,2402.91
10731,3591,40,1,469.27
10732,3592,16,2,1223.3
10733,3592,39,3,1007.34
10734,3592,32,2,31.92
10735,3593,16,3,1223.3
10736,3594,21,1,1211.35
10737,3594,17,2,2384.83
10738,3594,24,1,995.09
10739,3594,13,1,2446.23
10740,3594,35,3,1308.17
10741,3595,6,3,2402.91
10742,3595,9,1,615.62
10743,3595,37,2,933.72
10744,3595,13,1,2446.23
10745,3596,40,2,469.27
10746,3597,31,3,1716.1
10747,3597,3,1,2060.53
10748,3598,17,1,2384.83
10749,3598,13,1,2446.23
10750,3598,19,3,592.91
10751,3598,28,1,1944.42
10752,3598,9,2,615.62
10753,3599,31,3,1716.1
10754,3599,22,2,2088.57
10755,3599,23,3,556.61
10756,3600,10,3,482.47
10757,3600,5,2,1174.24
10758,3601,1,1,2433.7
10759,3601,40,1,469.27
10760,3601,11,2,664.17
10761,3601,17,3,2384.83
10762,3601,20,1,364.82
10763,3602,17,2,2384.83
10764,3603,22,2,2088.57
10765,3604,5,2,1174.24
10766,3604,36,2,87.7
10767,3604,40,3,469.27
10768,3604,22,1,2088.57
10769,3604,24,1,995.09
10770,3605,4,2,2029.54
10771,3605,33,3,1331.91
10772,3605,13,1,2446.23
10773,3605,29,1,2411.43
10774,3606,38,1,1595.02
10775,3606,32,3,31.92
10776,3606,13,3,2446.23
10777,3606,27,3,285.56
10778,3606,20,2,364.82
10779,3607,11,2,664.17
10780,3607,21,2,1211.35
10781,3607,1,1,2433.7
10782,3607,30,2,1422.18
10783,3608,16,2,1223.3
10784,3608,35,1,1308.17
10785,3608,23,3,556.61
10786,3609,24,3,995.09
10787,3610,20,2,364.82
10788,3610,29,2,2411.43
10789,3610,4,3,2029.54
10790,3610,39,3,1007.34
10791,3610,24,1,995.09
10792,3611,28,2,1944.42
10793,3612,28,1,1944.42
10794,3612,34,2,90.62
10795,3612,13,3,2446.23
10796,3613,24,3,995.09
10797,3613,14,2,2467.06
10798,3614,34,3,90.62
10799,3615,7,1,1335.9
10800,3615,32,1,31.92
10801,3615,36,3,87.7
10802,3616,27,2,285.56
10803,3616,37,1,933.72
10804,3617,20,2,364.82
10805,3618,21,1,1211.35
10806,3618,3,2,2060.53
10807,3618,17,2,2384.83
10808,3618,6,2,2402.91
10809,3619,10,3,482.47
10810,3619,13,1,2446.23
10811,3619,22,3,2088.57
10812,3619,11,2,664.17
10813,3620,22,3,2088.57
10814,3620,40,1,469.27
10815,3621,17,2,2384.83
10816,3621,21,2,1211.35
10817,3621,8,2,1311.65
10818,3622,34,2,90.62
10819,3622,36,2,87.7
10820,3622,33,3,1331.91
10821,3623,7,1,1335.9
10822,3624,14,3,2467.06
10823,3625,39,1,1007.34
10824,3626,18,1,732.4
10825,3626,13,2,2446.23
10826,3626,10,3,482.47
10827,3627,28,2,1944.42
10828,3627,19,2,592.91
10829,3627,15,2,118.33
10830,3627,32,3,31.92
10831,3628,28,3,1944.42
10832,3628,24,3,995.09
10833,3628,12,2,2203.19
10834,3628,8,2,1311.65
10835,3628,13,3,2446.23
10836,3629,4,1,2029.54
10837,3629,15,1,118.33
10838,3630,38,1,1595.02
10839,3631,18,3,732.4
10840,3631,17,3,2384.83
10841,3631,19,3,592.91
10842,3631,12,1,2203.19
10843,3632,26,2,2411.16
10844,3632,14,3,2467.06
10845,3632,30,3,1422.18
10846,3632,40,2,469.27
10847,3632,11,2,664.17
10848,3633,21,3,1211.35
10849,3633,4,3,2029.54
10850,3633,40,3,469.27
10851,3633,20,3,364.82
10852,3634,37,3,933.72
10853,3634,17,1,2384.83
10854,3634,30,2,1422.18
10855,3635,11,2,664.17
10856,3635,26,3,2411.16
10857,3636,27,1,285.56
10858,3636,40,2,469.27
10859,3637,36,1,87.7
10860,3637,27,3,285.56
10861,3637,35,1,1308.17
10862,3637,8,1,1311.65
10863,3638,32,3,31.92
10864,3638,24,2,995.09
10865,3638,22,1,2088.57
10866,3638,37,1,933.72
10867,3638,23,1,556.61
10868,3639,10,1,482.47
10869,3639,11,3,664.17
10870,3640,22,1,2088.57
10871,3641,31,3,1716.1
10872,3641,36,3,87.7
10873,3641,25,1,871.54
10874,3641,24,2,995.09
10875,3642,24,1,995.09
10876,3642,4,1,2029.54
10877,3642,19,3,592.91
10878,3642,6,2,2402.91
10879,3643,2,2,1179.75
10880,3643,12,1,2203.19
10881,3643,3,2,2060.53
10882,3644,16,2,1223.3
10883,3644,13,2,2446.23
10884,3644,6,2,2402.91
10885,3645,22,3,2088.57
10886,3645,20,1,364.82
10887,3645,31,1,1716.1
10888,3646,37,3,933.72
10889,3647,37,3,933.72
10890,3647,23,3,556.61
10891,3647,25,3,871.54
10892,3647,40,2,469.27
10893,3647,24,1,995.09
10894,3648,16,2,1223.3
10895,3648,8,2,1311.65
10896,3649,14,2,2467.06
10897,3649,10,1,482.47
10898,3649,24,1,995.09
10899,3649,11,3,664.17
10900,3650,40,3,469.27
10901,3650,29,3,2411.43
10902,3651,4,2,2029.54
10903,3651,37,1,933.72
10904,3651,14,2,2467.06
10905,3652,23,2,556.61
10906,3652,36,3,87.7
10907,3652,22,2,2088.57
10908,3652,35,1,1308.17
10909,3653,31,3,1716.1
10910,3653,10,2,482.47
10911,3653,11,2,664.17
10912,3654,5,3,1174.24
10913,3655,25,1,871.54
10914,3655,8,2,1311.65
10915,3655,26,2,2411.16
10916,3656,7,3,1335.9
10917,3657,14,3,2467.06
10918,3657,15,3,118.33
10919,3657,6,3,2402.91
10920,3657,28,2,1944.42
10921,3658,9,3,615.62
10922,3658,13,2,2446.23
10923,3658,40,1,469.27
10924,3658,15,3,118.33
10925,3658,39,2,1007.34
10926,3659,8,1,1311.65
10927,3659,3,2,2060.53
10928,3659,14,2,2467.06
10929,3659,23,3,556.61
10930,3660,30,3,1422.18
10931,3660,21,2,1211.35
10932,3660,32,1,31.92
10933,3661,22,2,2088.57
10934,3662,34,2,90.62
10935,3662,37,3,933.72
10936,3662,25,1,871.54
10937,3662,24,1,995.09
10938,3663,15,2,118.33
10939,3663,40,3,469.27
10940,3663,27,3,285.56
10941,3664,31,1,1716.1
10942,3664,35,2,1308.17
10943,3665,23,2,556.61
10944,3665,36,3,87.7
10945,3666,18,1,732.4
10946,3666,28,2,1944.42
10947,3666,40,1,469.27
10948,3667,37,2,933.72
10949,3668,21,2,1211.35
10950,3668,6,2,2402.91
10951,3668,35,3,1308.17
10952,3668,23,2,556.61
10953,3668,27,2,285.56
10954,3669,4,3,2029.54
10955,3669,16,2,1223.3
10956,3669,40,1,469.27
10957,3669,5,3,1174.24
10958,3669,34,1,90.62
10959,3670,28,1,1944.42
10960,3670,10,3,482.47
10961,3670,20,2,364.82
10962,3670,34,3,90.62
10963,3671,27,1,285.56
10964,3672,27,3,285.56
10965,3672,33,3,1331.91
10966,3673,7,1,1335.9
10967,3673,12,3,2203.19
10968,3673,15,3,118.33
10969,3673,37,3,933.72
10970,3674,39,1,1007.34
10971,3674,27,3,285.56
10972,3674,2,3,1179.75
10973,3674,22,2,2088.57
10974,3674,8,3,1311.65
10975,3675,34,3,90.62
10976,3675,3,3,2060.53
10977,3675,27,3,285.56
10978,3675,32,2,31.92
10979,3675,15,3,118.33
10980,3676,19,3,592.91
10981,3676,8,1,1311.65
10982,3676,31,1,1716.1
10983,3676,16,2,1223.3
10984,3676,39,2,1007.34
10985,3677,26,3,2411.16
10986,3677,2,1,1179.75
10987,3677,27,2,285.56
10988,3677,18,1,732.4
10989,3677,23,1,556.61
10990,3678,11,3,664.17
10991,3678,14,2,2467.06
10992,3678,39,2,1007.34
10993,3678,22,2,2088.57
10994,3678,8,1,1311.65
10995,3679,2,3,1179.75
10996,3679,4,1,2029.54
10997,3679,12,1,2203.19
10998,3680,17,2,2384.83
10999,3680,22,2,2088.57
11000,3680,8,2,1311.65
11001,3680,25,3,871.54
11002,3680,13,3,2446.23
11003,3681,37,3,933.72
11004,3681,28,3,1944.42
11005,3682,19,2,592.91
11006,3683,18,1,732.4
11007,3683,34,1,90.62
11008,3684,17,2,2384.83
11009,3684,16,2,1223.3
11010,3684,29,1,2411.43
11011,3684,33,3,1331.91
11012,3685,11,3,664.17
11013,3685,10,1,482.47
11014,3685,15,1,118.33
11015,3686,17,2,2384.83
11016,3686,24,3,995.09
11017,3687,19,1,592.91
11018,3687,25,3,871.54
11019,3687,2,1,1179.75
11020,3688,30,1,1422.18
11021,3688,34,2,90.62
11022,3688,22,3,2088.57
11023,3689,14,1,2467.06
11024,3689,5,1,1174.24
11025,3690,40,2,469.27
11026,3690,21,3,1211.35
11027,3691,37,1,933.72
11028,3691,14,3,2467.06
11029,3692,23,2,556.61
11030,3692,15,3,118.33
11031,3693,31,2,1716.1
11032,3693,21,2,1211.35
11033,3693,19,3,592.91
11034,3693,20,3,364.82
11035,3694,17,1,2384.83
11036,3694,39,1,1007.34
11037,3694,33,3,1331.91
11038,3695,5,1,1174.24
11039,3695,13,3,2446.23
11040,3696,29,3,2411.43
11041,3696,38,3,1595.02
11042,3696,3,3,2060.53
11043,3696,8,2,1311.65
11044,3697,1,1,2433.7
11045,3697,36,1,87.7
11046,3697,7,1,1335.9
11047,3697,26,2,2411.16
11048,3697,6,3,2402.91
11049,3698,14,1,2467.06
11050,3698,28,2,1944.42
11051,3698,32,2,31.92
11052,3699,15,2,118.33
11053,3699,14,3,2467.06
11054,3699,16,2,1223.3
11055,3699,23,2,556.61
11056,3699,4,3,2029.54
11057,3700,13,2,2446.23
11058,3700,2,3,1179.75
11059,3701,14,1,2467.06
11060,3701,3,3,2060.53
11061,3701,11,3,664.17
11062,3701,9,3,615.62
11063,3701,37,2,933.72
11064,3702,5,2,1174.24
11065,3702,4,2,2029.54
11066,3702,22,2,2088.57
11067,3702,35,2,1308.17
11068,3703,23,2,556.61
11069,3704,15,1,118.33
11070,3704,25,2,871.54
11071,3705,12,2,2203.19
11072,3705,38,2,1595.02
11073,3705,30,2,1422.18
11074,3705,15,3,118.33
11075,3705,34,1,90.62
11076,3706,9,2,615.62
11077,3706,30,1,1422.18
11078,3706,2,3,1179.75
11079,3707,29,2,2411.43
11080,3707,33,2,1331.91
11081,3707,7,3,1335.9
11082,3708,4,2,2029.54
11083,3708,40,3,469.27
11084,3708,21,2,1211.35
11085,3709,35,1,1308.17
11086,3709,1,1,2433.7
11087,3710,16,1,1223.3
11088,3710,19,3,592.91
11089,3710,34,2,90.62
11090,3710,26,1,2411.16
11091,3710,27,1,285.56
11092,3711,37,1,933.72
11093,3711,24,2,995.09
11094,3711,33,1,1331.91
11095,3712,1,2,2433.7
11096,3712,8,3,1311.65
11097,3712,23,1,556.61
11098,3713,10,3,482.47
11099,3713,17,1,2384.83
11100,3714,28,1,1944.42
11101,3715,15,2,118.33
11102,3715,19,3,592.91
11103,3715,17,1,2384.83
11104,3716,19,3,592.91
11105,3716,12,1,2203.19
11106,3716,18,1,732.4
11107,3716,14,1,2467.06
11108,3717,11,3,664.17
11109,3717,25,1,871.54
11110,3717,9,1,615.62
11111,3717,31,1,1716.1
11112,3718,17,2,2384.83
11113,3719,17,1,2384.83
11114,3719,6,1,2402.91
11115,3720,12,2,2203.19
11116,3721,29,3,2411.43
11117,3722,19,2,592.91
11118,3722,32,1,31.92
11119,3722,8,2,1311.65
11120,3723,14,2,2467.06
11121,3723,15,3,118.33
11122,3723,11,2,664.17
11123,3723,21,2,1211.35
11124,3723,26,2,2411.16
11125,3724,17,2,2384.83
11126,3724,4,3,2029.54
11127,3724,10,1,482.47
11128,3724,14,2,2467.06
11129,3725,29,3,2411.43
11130,3725,25,2,871.54
11131,3725,15,1,118.33
11132,3726,6,1,2402.91
11133,3726,30,2,1422.18
11134,3726,16,2,1223.3
11135,3727,14,2,2467.06
11136,3727,25,3,871.54
11137,3727,34,3,90.62
11138,3728,11,1,664.17
11139,3728,39,3,1007.34
11140,3728,14,2,2467.06
11141,3728,1,3,2433.7
11142,3729,28,3,1944.42
11143,3729,21,2,1211.35
11144,3729,3,2,2060.53
11145,3729,18,2,732.4
11146,3730,35,3,1308.17
11147,3730,21,1,1211.35
11148,3730,15,1,118.33
11149,3730,4,2,2029.54
11150,3731,26,1,2411.16
11151,3731,8,3,1311.65
11152,3732,19,3,592.91
11153,3732,27,2,285.56
11154,3732,32,3,31.92
11155,3732,10,3,482.47
11156,3733,7,3,1335.9
11157,3733,23,1,556.61
11158,3733,21,3,1211.35
11159,3733,28,3,1944.42
11160,3733,34,3,90.62
11161,3734,13,2,2446.23
11162,3735,13,2,2446.23
11163,3735,7,3,1335.9
11164,3736,40,3,469.27
11165,3736,19,1,592.91
11166,3736,3,1,2060.53
11167,3736,27,2,285.56
11168,3736,4,3,2029.54
11169,3737,38,3,1595.02
11170,3738,24,3,995.09
11171,3738,27,1,285.56
11172,3739,23,3,556.61
11173,3739,6,2,2402.91
11174,3739,33,1,1331.91
11175,3740,25,3,871.54
11176,3740,4,3,2029.54
11177,3740,32,2,31.92
11178,3740,20,2,364.82
11179,3740,37,2,933.72
11180,3741,8,1,1311.65
11181,3741,31,3,1716.1
11182,3741,17,2,2384.83
11183,3741,35,1,1308.17
11184,3741,16,2,1223.3
11185,3742,33,1,1331.91
11186,3742,30,1,1422.18
11187,3742,7,1,1335.9
11188,3742,4,2,2029.54
11189,3742,26,1,2411.16
11190,3743,18,1,732.4
11191,3743,1,3,2433.7
11192,3744,29,2,2411.43
11193,3744,38,2,1595.02
11194,3744,33,1,1331.91
11195,3744,20,3,364.82
11196,3745,4,2,2029.54
11197,3745,29,3,2411.43
11198,3745,16,1,1223.3
11199,3746,18,2,732.4
11200,3746,10,1,482.47
11201,3747,12,1,2203.19
11202,3747,21,2,1211.35
11203,3748,8,2,1311.65
11204,3748,4,3,2029.54
11205,3748,28,1,1944.42
11206,3748,7,2,1335.9
11207,3749,37,1,933.72
11208,3750,5,3,1174.24
11209,3751,27,1,285.56
11210,3751,38,2,1595.02
11211,3751,39,3,1007.34
11212,3752,33,1,1331.91
11213,3752,5,1,1174.24
11214,3752,13,3,2446.23
11215,3752,19,3,592.91
11216,3752,27,2,285.56
11217,3753,38,3,1595.02
11218,3753,25,2,871.54
11219,3753,4,3,2029.54
11220,3753,9,2,615.62
11221,3754,3,2,2060.53
11222,3754,29,3,2411.43
11223,3755,27,2,285.56
11224,3755,6,2,2402.91
11225,3755,11,1,664.17
11226,3755,38,1,1595.02
11227,3755,8,1,1311.65
11228,3756,33,1,1331.91
11229,3756,19,2,592.91
11230,3756,3,3,2060.53
11231,3756,8,2,1311.65
11232,3756,13,3,2446.23
11233,3757,10,2,482.47
11234,3757,9,3,615.62
11235,3757,27,2,285.56
11236,3757,11,1,664.17
11237,3758,6,3,2402.91
11238,3758,29,1,2411.43
11239,3758,21,1,1211.35
11240,3758,22,3,2088.57
11241,3758,8,2,1311.65
11242,3759,18,1,732.4
11243,3759,36,2,87.7
11244,3759,39,3,1007.34
11245,3760,39,2,1007.34
11246,3760,30,3,1422.18
11247,3760,13,2,2446.23
11248,3760,8,2,1311.65
11249,3761,36,3,87.7
11250,3761,24,1,995.09
11251,3762,19,2,592.91
11252,3762,37,1,933.72
11253,3762,22,3,2088.57
11254,3762,17,1,2384.83
11255,3762,32,1,31.92
11256,3763,3,2,2060.53
11257,3763,16,1,1223.3
11258,3763,19,3,592.91
11259,3763,6,3,2402.91
11260,3763,10,2,482.47
11261,3764,16,2,1223.3
11262,3764,14,3,2467.06
11263,3764,40,2,469.27
11264,3765,10,1,482.47
11265,3765,38,3,1595.02
11266,3765,17,2,2384.83
11267,3765,32,3,31.92
11268,3765,29,3,2411.43
11269,3766,19,1,592.91
11270,3766,16,3,1223.3
11271,3766,9,1,615.62
11272,3766,40,2,469.27
11273,3766,26,1,2411.16
11274,3767,37,3,933.72
11275,3767,11,1,664.17
11276,3767,34,2,90.62
11277,3767,1,3,2433.7
11278,3768,30,3,1422.18
11279,3768,21,2,1211.35
11280,3768,11,2,664.17
11281,3769,10,2,482.47
11282,3770,16,3,1223.3
11283,3770,30,1,1422.18
11284,3770,18,2,732.4
11285,3770,23,1,556.61
11286,3771,17,2,2384.83
11287,3771,36,3,87.7
11288,3772,38,2,1595.02
11289,3772,21,2,1211.35
11290,3773,16,3,1223.3
11291,3774,21,2,1211.35
11292,3774,35,2,1308.17
11293,3774,18,3,732.4
11294,3774,1,1,2433.7
11295,3775,23,1,556.61
11296,3775,1,1,2433.7
11297,3775,26,1,2411.16
11298,3775,22,3,2088.57
11299,3775,11,1,664.17
11300,3776,27,2,285.56
11301,3777,13,3,2446.23
11302,3777,19,3,592.91
11303,3777,12,2,2203.19
11304,3778,4,2,2029.54
11305,3778,28,3,1944.42
11306,3778,7,2,1335.9
11307,3779,36,2,87.7
11308,3779,10,1,482.47
11309,3779,15,1,118.33
11310,3779,38,1,1595.02
11311,3779,13,2,2446.23
11312,3780,27,2,285.56
11313,3780,6,1,2402.91
11314,3780,35,2,1308.17
11315,3780,21,2,1211.35
11316,3780,39,3,1007.34
11317,3781,26,2,2411.16
11318,3781,40,2,469.27
11319,3781,18,1,732.4
11320,3781,31,3,1716.1
11321,3782,13,3,2446.23
11322,3782,26,3,2411.16
11323,3783,19,3,592.91
11324,3783,37,1,933.72
11325,3784,28,1,1944.42
11326,3784,30,1,1422.18
11327,3784,26,3,2411.16
11328,3784,18,1,732.4
11329,3785,12,3,2203.19
11330,3785,7,3,1335.9
11331,3786,40,3,469.27
11332,3787,39,1,1007.34
11333,3788,12,3,2203.19
11334,3788,15,1,118.33
11335,3788,7,3,1335.9
11336,3788,4,2,2029.54
11337,3788,23,1,556.61
11338,3789,14,3,2467.06
11339,3789,19,1,592.91
11340,3789,40,3,469.27
11341,3789,29,2,2411.43
11342,3790,12,1,2203.19
11343,3790,25,1,871.54
11344,3790,13,1,2446.23
11345,3791,25,1,871.54
11346,3792,30,2,1422.18
11347,3792,11,3,664.17
11348,3792,19,2,592.91
11349,3793,35,3,1308.17
11350,3793,28,3,1944.42
11351,3794,27,2,285.56
11352,3794,24,3,995.09
11353,3794,17,2,2384.83
11354,3794,12,1,2203.19
11355,3795,24,3,995.09
11356,3795,17,2,2384.83
11357,3796,2,3,1179.75
11358,3796,27,3,285.56
11359,3796,19,1,592.91
11360,3796,40,2,469.27
11361,3797,36,1,87.7
11362,3797,16,3,1223.3
11363,3797,26,1,2411.16
11364,3798,29,3,2411.43
11365,3798,25,1,871.54
11366,3798,34,1,90.62
11367,3799,2,2,1179.75
11368,3799,9,1,615.62
11369,3799,14,3,2467.06
11370,3799,20,1,364.82
11371,3799,1,1,2433.7
11372,3800,25,3,871.54
11373,3800,1,2,2433.7
11374,3800,21,1,1211.35
11375,3800,15,1,118.33
11376,3801,15,1,118.33
11377,3801,12,2,2203.19
11378,3801,28,1,1944.42
11379,3801,9,2,615.62
11380,3801,3,2,2060.53
11381,3802,22,3,2088.57
11382,3802,5,1,1174.24
11383,3803,9,2,615.62
11384,3803,5,1,1174.24
11385,3803,12,1,2203.19
11386,3804,12,1,2203.19
11387,3804,6,3,2402.91
11388,3804,28,1,1944.42
11389,3804,2,1,1179.75
11390,3805,18,3,732.4
11391,3805,11,2,664.17
11392,3806,39,3,1007.34
11393,3807,24,3,995.09
11394,3807,33,1,1331.91
11395,3807,4,1,2029.54
11396,3807,31,3,1716.1
11397,3807,32,1,31.92
11398,3808,2,3,1179.75
11399,3808,33,1,1331.91
11400,3808,17,1,2384.83
11401,3808,25,3,871.54
11402,3808,23,3,556.61
11403,3809,9,1,615.62
11404,3809,16,2,1223.3
11405,3809,19,1,592.91
11406,3809,13,1,2446.23
11407,3809,3,2,2060.53
11408,3810,2,3,1179.75
11409,3811,39,2,1007.34
11410,3811,19,1,592.91
11411,3811,23,2,556.61
11412,3811,17,2,2384.83
11413,3811,30,1,1422.18
11414,3812,28,2,1944.42
11415,3813,23,2,556.61
11416,3814,3,2,2060.53
11417,3814,31,2,1716.1
11418,3814,25,1,871.54
11419,3814,32,2,31.92
11420,3814,2,2,1179.75
11421,3815,35,2,1308.17
11422,3815,33,2,1331.91
11423,3815,31,1,1716.1
11424,3815,38,2,1595.02
11425,3816,1,1,2433.7
11426,3816,27,2,285.56
11427,3816,34,1,90.62
11428,3816,3,1,2060.53
11429,3817,40,2,469.27
11430,3817,7,1,1335.9
11431,3817,15,1,118.33
11432,3817,3,3,2060.53
11433,3817,4,2,2029.54
11434,3818,29,3,2411.43
11435,3818,10,1,482.47
11436,3819,2,2,1179.75
11437,3819,32,2,31.92
11438,3819,3,2,2060.53
11439,3819,9,2,615.62
11440,3819,30,2,1422.18
11441,3820,8,3,1311.65
11442,3820,6,1,2402.91
11443,3821,11,3,664.17
11444,3821,5,1,1174.24
11445,3821,39,3,1007.34
11446,3821,29,1,2411.43
11447,3822,24,2,995.09
11448,3822,17,1,2384.83
11449,3823,29,2,2411.43
11450,3823,34,3,90.62
11451,3824,4,1,2029.54
11452,3824,33,1,1331.91
11453,3825,18,3,732.4
11454,3825,1,2,2433.7
11455,3825,24,2,995.09
11456,3825,23,3,556.61
11457,3825,21,2,1211.35
11458,3826,12,1,2203.19
11459,3827,27,3,285.56
11460,3827,21,1,1211.35
11461,3828,24,1,995.09
11462,3828,19,2,592.91
11463,3828,38,1,1595.02
11464,3829,29,3,2411.43
11465,3829,6,2,2402.91
11466,3829,24,2,995.09
11467,3829,3,1,2060.53
11468,3829,27,2,285.56
11469,3830,39,3,1007.34
11470,3830,16,3,1223.3
11471,3830,30,1,1422.18
11472,3830,7,2,1335.9
11473,3831,2,2,1179.75
11474,3831,38,1,1595.02
11475,3831,24,3,995.09
11476,3831,1,3,2433.7
11477,3832,7,1,1335.9
11478,3832,6,1,2402.91
11479,3832,3,3,2060.53
11480,3832,23,3,556.61
11481,3832,2,3,1179.75
11482,3833,40,2,469.27
11483,3833,12,1,2203.19
11484,3833,23,1,556.61
11485,3833,27,1,285.56
11486,3834,34,1,90.62
11487,3834,17,3,2384.83
11488,3834,28,1,1944.42
11489,3835,13,3,2446.23
11490,3835,22,2,2088.57
11491,3835,34,2,90.62
11492,3836,22,2,2088.57
11493,3836,27,2,285.56
11494,3836,39,3,1007.34
11495,3837,10,2,482.47
11496,3837,2,3,1179.75
11497,3838,15,1,118.33
11498,3838,3,2,2060.53
11499,3838,32,2,31.92
11500,3839,27,3,285.56
11501,3839,33,2,1331.91
11502,3839,36,2,87.7
11503,3839,11,2,664.17
11504,3839,24,3,995.09
11505,3840,33,2,1331.91
11506,3840,40,1,469.27
11507,3841,26,3,2411.16
11508,3841,5,3,1174.24
11509,3841,25,3,871.54
11510,3842,18,1,732.4
11511,3842,17,3,2384.83
11512,3842,14,2,2467.06
11513,3842,39,1,1007.34
11514,3842,4,3,2029.54
11515,3843,39,3,1007.34
11516,3843,27,1,285.56
11517,3843,11,1,664.17
11518,3843,15,3,118.33
11519,3843,33,1,1331.91
11520,3844,22,3,2088.57
11521,3845,20,3,364.82
11522,3845,13,2,2446.23
11523,3845,23,1,556.61
11524,3846,26,3,2411.16
11525,3846,28,2,1944.42
11526,3846,2,3,1179.75
11527,3846,32,2,31.92
11528,3846,13,3,2446.23
11529,3847,37,1,933.72
11530,3847,16,1,1223.3
11531,3847,15,2,118.33
11532,3847,31,2,1716.1
11533,3848,10,3,482.47
11534,3848,40,1,469.27
11535,3848,5,3,1174.24
11536,3848,35,1,1308.17
11537,3848,39,2,1007.34
11538,3849,24,1,995.09
11539,3849,1,2,2433.7
11540,3849,19,2,592.91
11541,3849,34,3,90.62
11542,3849,3,2,2060.53
11543,3850,39,1,1007.34
11544,3851,38,1,1595.02
11545,3852,26,3,2411.16
11546,3852,23,2,556.61
11547,3852,35,1,1308.17
11548,3853,15,3,118.33
11549,3853,26,3,2411.16
11550,3853,37,1,933.72
11551,3853,27,3,285.56
11552,3854,34,3,90.62
11553,3855,39,1,1007.34
11554,3855,7,3,1335.9
11555,3855,8,1,1311.65
11556,3855,10,1,482.47
11557,3855,2,1,1179.75
11558,3856,30,3,1422.18
11559,3856,28,1,1944.42
11560,3857,7,1,1335.9
11561,3857,36,3,87.7
11562,3857,27,2,285.56
11563,3857,8,2,1311.65
11564,3858,39,2,1007.34
11565,3858,23,2,556.61
11566,3859,25,2,871.54
11567,3859,9,2,615.62
11568,3859,19,1,592.91
11569,3860,19,3,592.91
11570,3860,31,1,1716.1
11571,3861,4,2,2029.54
11572,3862,27,2,285.56
11573,3862,24,1,995.09
11574,3862,2,3,1179.75
11575,3862,16,3,1223.3
11576,3863,39,2,1007.34
11577,3863,37,2,933.72
11578,3864,36,2,87.7
11579,3865,4,2,2029.54
11580,3866,7,1,1335.9
11581,3866,20,2,364.82
11582,3867,30,3,1422.18
11583,3867,29,1,2411.43
11584,3868,10,3,482.47
11585,3869,11,2,664.17
11586,3869,5,1,1174.24
11587,3869,32,1,31.92
11588,3870,2,2,1179.75
11589,3870,1,2,2433.7
11590,3870,11,3,664.17
11591,3870,32,1,31.92
11592,3871,8,2,1311.65
11593,3871,10,3,482.47
11594,3871,31,1,1716.1
11595,3871,34,1,90.62
11596,3871,15,1,118.33
11597,3872,40,2,469.27
11598,3873,25,3,871.54
11599,3874,28,1,1944.42
11600,3874,19,3,592.91
11601,3874,29,1,2411.43
11602,3875,19,1,592.91
11603,3875,35,2,1308.17
11604,3875,10,3,482.47
11605,3875,21,1,1211.35
11606,3875,23,3,556.61
11607,3876,15,2,118.33
11608,3877,3,2,2060.53
11609,3877,16,1,1223.3
11610,3878,14,3,2467.06
11611,3878,35,1,1308.17
11612,3878,29,3,2411.43
11613,3879,25,3,871.54
11614,3880,3,2,2060.53
11615,3880,38,3,1595.02
11616,3880,13,1,2446.23
11617,3880,36,1,87.7
11618,3881,31,3,1716.1
11619,3881,14,2,2467.06
11620,3881,4,1,2029.54
11621,3881,25,2,871.54
11622,3882,3,1,2060.53
11623,3882,38,2,1595.02
11624,3883,12,2,2203.19
11625,3883,25,2,871.54
11626,3884,6,3,2402.91
11627,3884,39,3,1007.34
11628,3884,15,3,118.33
11629,3885,9,1,615.62
11630,3885,33,3,1331.91
11631,3885,17,3,2384.83
11632,3885,31,1,1716.1
11633,3885,8,1,1311.65
11634,3886,37,3,933.72
11635,3886,3,3,2060.53
11636,3886,23,1,556.61
11637,3886,6,1,2402.91
11638,3887,4,3,2029.54
11639,3887,36,2,87.7
11640,3887,6,3,2402.91
11641,3887,29,1,2411.43
11642,3887,13,3,2446.23
11643,3888,3,2,2060.53
11644,3888,2,1,1179.75
11645,3888,40,3,469.27
11646,3889,40,1,469.27
11647,3889,1,1,2433.7
11648,3889,17,3,2384.83
11649,3889,3,1,2060.53
11650,3890,22,1,2088.57
11651,3890,15,1,118.33
11652,3891,31,2,1716.1
11653,3891,36,2,87.7
11654,3891,33,2,1331.91
11655,3892,15,1,118.33
11656,3892,28,1,1944.42
11657,3892,19,2,592.91
11658,3892,32,1,31.92
11659,3892,39,2,1007.34
11660,3893,37,3,933.72
11661,3894,33,2,1331.91
11662,3894,32,3,31.92
11663,3894,39,1,1007.34
11664,3894,40,3,469.27
11665,3895,22,1,2088.57
11666,3895,3,3,2060.53
11667,3896,29,1,2411.43
11668,3896,14,3,2467.06
11669,3896,15,1,118.33
11670,3896,5,1,1174.24
11671,3897,35,2,1308.17
11672,3897,34,3,90.62
11673,3897,32,1,31.92
11674,3897,4,2,2029.54
11675,3897,30,3,1422.18
11676,3898,39,3,1007.34
11677,3898,16,2,1223.3
11678,3898,35,1,1308.17
11679,3898,14,1,2467.06
11680,3899,25,2,871.54
11681,3899,1,1,2433.7
11682,3900,2,3,1179.75
11683,3900,36,3,87.7
11684,3900,26,3,2411.16
11685,3901,1,3,2433.7
11686,3901,2,3,1179.75
11687,3901,37,1,933.72
11688,3902,27,2,285.56
11689,3902,1,2,2433.7
11690,3902,17,2,2384.83
11691,3902,13,2,2446.23
11692,3903,20,3,364.82
11693,3903,24,2,995.09
11694,3903,35,2,1308.17
11695,3903,17,2,2384.83
11696,3903,14,3,2467.06
11697,3904,2,2,1179.75
11698,3904,26,2,2411.16
11699,3904,37,1,933.72
11700,3905,26,3,2411.16
11701,3906,12,2,2203.19
11702,3906,18,3,732.4
11703,3906,27,1,285.56
11704,3906,26,2,2411.16
11705,3907,13,3,2446.23
11706,3907,32,1,31.92
11707,3908,36,1,87.7
11708,3909,9,1,615.62
11709,3909,1,2,2433.7
11710,3910,15,2,118.33
11711,3910,6,3,2402.91
11712,3910,13,2,2446.23
11713,3910,20,2,364.82
11714,3911,14,3,2467.06
11715,3911,6,1,2402.91
11716,3911,7,3,1335.9
11717,3911,28,2,1944.42
11718,3911,40,1,469.27
11719,3912,32,2,31.92
11720,3913,32,2,31.92
11721,3913,36,1,87.7
11722,3913,8,2,1311.65
11723,3913,3,1,2060.53
11724,3913,23,1,556.61
11725,3914,5,3,1174.24
11726,3914,20,2,364.82
11727,3914,37,1,933.72
11728,3914,18,2,732.4
11729,3915,27,3,285.56
11730,3915,5,3,1174.24
11731,3915,6,2,2402.91
11732,3915,35,2,1308.17
11733,3915,15,2,118.33
11734,3916,16,1,1223.3
11735,3917,4,1,2029.54
11736,3917,25,2,871.54
11737,3917,16,3,1223.3
11738,3917,13,3,2446.23
11739,3917,37,3,933.72
11740,3918,40,3,469.27
11741,3918,3,2,2060.53
11742,3919,13,2,2446.23
11743,3919,18,3,732.4
11744,3920,20,3,364.82
11745,3920,35,3,1308.17
11746,3921,1,1,2433.7
11747,3921,35,1,1308.17
11748,3922,19,3,592.91
11749,3922,21,3,1211.35
11750,3922,3,1,2060.53
11751,3922,30,1,1422.18
11752,3922,2,1,1179.75
11753,3923,34,2,90.62
11754,3924,21,2,1211.35
11755,3924,31,3,1716.1
11756,3925,11,3,664.17
11757,3925,29,3,2411.43
11758,3925,3,1,2060.53
11759,3925,24,2,995.09
11760,3925,38,2,1595.02
11761,3926,20,1,364.82
11762,3927,40,3,469.27
11763,3928,35,2,1308.17
11764,3928,7,3,1335.9
11765,3929,18,1,732.4
11766,3929,3,3,2060.53
11767,3929,12,2,2203.19
11768,3929,39,1,1007.34
11769,3930,13,3,2446.23
11770,3930,16,1,1223.3
11771,3931,28,2,1944.42
11772,3931,27,1,285.56
11773,3932,24,1,995.09
11774,3932,28,3,1944.42
11775,3932,40,3,469.27
11776,3932,3,3,2060.53
11777,3932,15,1,118.33
11778,3933,37,1,933.72
11779,3933,35,3,1308.17
11780,3933,26,2,2411.16
11781,3933,2,1,1179.75
11782,3933,38,2,1595.02
11783,3934,35,2,1308.17
11784,3934,40,2,469.27
11785,3934,31,2,1716.1
11786,3935,35,2,1308.17
11787,3935,39,1,1007.34
11788,3935,11,1,664.17
11789,3935,32,3,31.92
11790,3936,39,3,1007.34
11791,3936,10,1,482.47
11792,3936,40,2,469.27
11793,3936,24,1,995.09
11794,3937,16,1,1223.3
11795,3937,2,1,1179.75
11796,3938,9,1,615.62
11797,3938,10,2,482.47
11798,3938,31,1,1716.1
11799,3939,13,2,2446.23
11800,3939,16,2,1223.3
11801,3939,1,2,2433.7
11802,3939,18,3,732.4
11803,3939,35,1,1308.17
11804,3940,36,1,87.7
11805,3940,15,3,118.33
11806,3941,40,1,469.27
11807,3942,23,3,556.61
11808,3942,36,2,87.7
11809,3943,34,2,90.62
11810,3944,24,3,995.09
11811,3944,4,1,2029.54
11812,3944,21,3,1211.35
11813,3944,40,1,469.27
11814,3945,27,3,285.56
11815,3945,33,1,1331.91
11816,3945,3,2,2060.53
11817,3945,36,2,87.7
11818,3946,20,3,364.82
11819,3946,31,2,1716.1
11820,3946,14,2,2467.06
11821,3947,18,2,732.4
11822,3947,15,1,118.33
11823,3948,19,2,592.91
11824,3948,33,2,1331.91
11825,3948,13,2,2446.23
11826,3949,37,1,933.72
11827,3949,3,3,2060.53
11828,3949,11,1,664.17
11829,3950,6,2,2402.91
11830,3950,7,2,1335.9
11831,3950,12,1,2203.19
11832,3951,22,3,2088.57
11833,3951,20,3,364.82
11834,3951,2,2,1179.75
11835,3952,23,1,556.61
11836,3952,24,3,995.09
11837,3953,7,3,1335.9
11838,3953,22,3,2088.57
11839,3954,22,2,2088.57
11840,3954,40,1,469.27
11841,3954,31,3,1716.1
11842,3954,25,1,871.54
11843,3955,32,3,31.92
11844,3955,23,3,556.61
11845,3955,14,3,2467.06
11846,3956,9,1,615.62
11847,3956,3,2,2060.53
11848,3957,28,2,1944.42
11849,3957,10,2,482.47
11850,3958,36,1,87.7
11851,3958,29,1,2411.43
11852,3958,27,3,285.56
11853,3958,33,3,1331.91
11854,3959,2,1,1179.75
11855,3959,33,1,1331.91
11856,3959,23,1,556.61
11857,3960,29,3,2411.43
11858,3960,5,2,1174.24
11859,3960,39,2,1007.34
11860,3961,36,2,87.7
11861,3961,27,1,285.56
11862,3961,8,3,1311.65
11863,3962,6,1,2402.91
11864,3962,36,1,87.7
11865,3963,40,2,469.27
11866,3963,9,2,615.62
11867,3964,6,2,2402.91
11868,3964,4,2,2029.54
11869,3964,16,3,1223.3
11870,3964,28,2,1944.42
11871,3965,22,3,2088.57
11872,3965,32,1,31.92
11873,3966,31,2,1716.1
11874,3967,10,1,482.47
11875,3967,17,3,2384.83
11876,3967,34,1,90.62
11877,3967,31,1,1716.1
11878,3967,2,3,1179.75
11879,3968,34,2,90.62
11880,3968,21,2,1211.35
11881,3968,38,1,1595.02
11882,3968,35,2,1308.17
11883,3968,23,2,556.61
11884,3969,33,1,1331.91
11885,3970,32,1,31.92
11886,3970,26,2,2411.16
11887,3970,21,2,1211.35
11888,3970,23,1,556.61
11889,3971,4,3,2029.54
11890,3971,25,1,871.54
11891,3971,26,1,2411.16
11892,3972,37,1,933.72
11893,3972,2,2,1179.75
11894,3972,18,1,732.4
11895,3973,3,3,2060.53
11896,3973,28,1,1944.42
11897,3973,30,2,1422.18
11898,3974,22,3,2088.57
11899,3975,27,3,285.56
11900,3975,16,3,1223.3
11901,3975,40,3,469.27
11902,3976,6,2,2402.91
11903,3976,2,3,1179.75
11904,3977,32,1,31.92
11905,3977,40,3,469.27
11906,3977,1,2,2433.7
11907,3977,28,2,1944.42
11908,3977,15,3,118.33
11909,3978,36,2,87.7
11910,3978,17,1,2384.83
11911,3978,2,3,1179.75
11912,3979,28,2,1944.42
11913,3979,39,1,1007.34
11914,3979,35,1,1308.17
11915,3979,33,1,1331.91
11916,3979,18,1,732.4
11917,3980,31,2,1716.1
11918,3980,16,3,1223.3
11919,3980,30,2,1422.18
11920,3980,8,1,1311.65
11921,3981,18,1,732.4
11922,3981,8,2,1311.65
11923,3981,33,3,1331.91
11924,3981,17,1,2384.83
11925,3982,40,2,469.27
11926,3982,1,3,2433.7
11927,3982,39,3,1007.34
11928,3982,24,3,995.09
11929,3982,33,2,1331.91
11930,3983,4,3,2029.54
11931,3983,35,1,1308.17
11932,3984,7,2,1335.9
11933,3984,19,1,592.91
11934,3984,32,1,31.92
11935,3985,36,3,87.7
11936,3985,21,3,1211.35
11937,3985,25,1,871.54
11938,3985,18,3,732.4
11939,3986,26,2,2411.16
11940,3986,19,3,592.91
11941,3986,21,1,1211.35
11942,3986,37,2,933.72
11943,3986,6,1,2402.91
11944,3987,14,3,2467.06
11945,3987,35,3,1308.17
11946,3988,18,3,732.4
11947,3988,5,3,1174.24
11948,3988,31,2,1716.1
11949,3988,34,3,90.62
11950,3988,2,2,1179.75
11951,3989,1,1,2433.7
11952,3989,16,2,1223.3
11953,3990,35,2,1308.17
11954,3991,13,2,2446.23
11955,3991,35,3,1308.17
11956,3991,23,2,556.61
11957,3991,31,3,1716.1
11958,3992,13,3,2446.23
11959,3992,14,3,2467.06
11960,3992,9,3,615.62
11961,3992,39,2,1007.34
11962,3993,8,1,1311.65
11963,3994,23,2,556.61
11964,3995,20,3,364.82
11965,3996,16,2,1223.3
11966,3996,9,2,615.62
11967,3996,25,1,871.54
11968,3997,11,2,664.17
11969,3997,29,1,2411.43
11970,3997,24,3,995.09
11971,3998,10,2,482.47
11972,3998,23,1,556.61
11973,3998,3,1,2060.53
11974,3998,28,1,1944.42
11975,3998,13,2,2446.23
11976,3999,18,2,732.4
11977,3999,25,2,871.54
11978,3999,13,3,2446.23
11979,3999,12,2,2203.19
11980,4000,24,2,995.09
11981,4000,25,3,871.54
11982,4000,33,3,1331.91
11983,4000,9,3,615.62
11984,4000,1,2,2433.7
11985,4001,8,1,1311.65
11986,4001,15,1,118.33
11987,4002,33,3,1331.91
11988,4002,6,3,2402.91
11989,4002,17,3,2384.83
11990,4002,8,1,1311.65
11991,4003,35,3,1308.17
11992,4003,20,3,364.82
11993,4003,13,2,2446.23
11994,4004,27,1,285.56
11995,4004,24,1,995.09
11996,4004,12,3,2203.19
11997,4004,13,2,2446.23
11998,4005,2,2,1179.75
11999,4005,27,3,285.56
12000,4006,37,1,933.72
12001,4006,7,3,1335.9
12002,4006,4,2,2029.54
12003,4006,33,3,1331.91
12004,4006,28,2,1944.42
12005,4007,11,1,664.17
12006,4007,28,1,1944.42
12007,4007,32,2,31.92
12008,4007,10,3,482.47
12009,4007,5,2,1174.24
12010,4008,2,1,1179.75
12011,4008,13,2,2446.23
12012,4008,30,1,1422.18
12013,4009,16,2,1223.3
12014,4009,12,2,2203.19
12015,4010,26,1,2411.16
12016,4010,14,1,2467.06
12017,4010,5,3,1174.24
12018,4010,7,2,1335.9
12019,4010,2,1,1179.75
12020,4011,20,3,364.82
12021,4012,35,2,1308.17
12022,4012,28,3,1944.42
12023,4012,38,2,1595.02
12024,4013,8,1,1311.65
12025,4013,17,2,2384.83
12026,4013,24,3,995.09
12027,4013,27,2,285.56
12028,4014,31,2,1716.1
12029,4014,36,1,87.7
12030,4015,20,3,364.82
12031,4015,6,2,2402.91
12032,4015,28,3,1944.42
12033,4015,10,3,482.47
12034,4016,12,3,2203.19
12035,4016,34,1,90.62
12036,4017,2,3,1179.75
12037,4017,35,3,1308.17
12038,4017,3,2,2060.53
12039,4017,25,2,871.54
12040,4018,4,2,2029.54
12041,4018,32,1,31.92
12042,4018,30,3,1422.18
12043,4019,8,3,1311.65
12044,4019,38,1,1595.02
12045,4019,6,2,2402.91
12046,4020,37,2,933.72
12047,4021,36,1,87.7
12048,4021,14,3,2467.06
12049,4022,22,2,2088.57
12050,4022,39,3,1007.34
12051,4022,18,3,732.4
12052,4022,5,1,1174.24
12053,4022,9,3,615.62
12054,4023,17,3,2384.83
12055,4023,22,3,2088.57
12056,4024,38,3,1595.02
12057,4024,4,3,2029.54
12058,4024,24,1,995.09
12059,4024,12,2,2203.19
12060,4025,40,1,469.27
12061,4025,14,3,2467.06
12062,4025,32,2,31.92
12063,4025,11,2,664.17
12064,4025,28,1,1944.42
12065,4026,35,3,1308.17
12066,4026,24,2,995.09
12067,4026,33,1,1331.91
12068,4026,4,2,2029.54
12069,4027,3,2,2060.53
12070,4027,21,1,1211.35
12071,4028,36,3,87.7
12072,4028,31,3,1716.1
12073,4028,22,1,2088.57
12074,4029,15,3,118.33
12075,4029,12,3,2203.19
12076,4029,10,1,482.47
12077,4029,40,2,469.27
12078,4029,24,2,995.09
12079,4030,34,2,90.62
12080,4031,27,2,285.56
12081,4032,16,2,1223.3
12082,4032,33,1,1331.91
12083,4032,27,3,285.56
12084,4032,15,2,118.33
12085,4032,29,2,2411.43
12086,4033,15,1,118.33
12087,4033,32,3,31.92
12088,4034,9,1,615.62
12089,4034,19,3,592.91
12090,4035,31,2,1716.1
12091,4035,14,1,2467.06
12092,4036,28,2,1944.42
12093,4036,31,1,1716.1
12094,4037,22,2,2088.57
12095,4037,4,2,2029.54
12096,4038,31,3,1716.1
12097,4038,15,2,118.33
12098,4039,29,3,2411.43
12099,4039,2,2,1179.75
12100,4040,13,1,2446.23
12101,4040,37,1,933.72
12102,4040,38,1,1595.02
12103,4040,7,1,1335.9
12104,4041,6,2,2402.91
12105,4041,11,3,664.17
12106,4041,8,2,1311.65
12107,4042,2,3,1179.75
12108,4042,12,3,2203.19
12109,4043,6,2,2402.91
12110,4043,37,2,933.72
12111,4044,9,3,615.62
12112,4044,21,3,1211.35
12113,4044,8,1,1311.65
12114,4044,26,2,2411.16
12115,4044,22,3,2088.57
12116,4045,26,2,2411.16
12117,4046,12,2,2203.19
12118,4046,30,1,1422.18
12119,4046,19,3,592.91
12120,4046,35,3,1308.17
12121,4047,8,3,1311.65
12122,4048,31,2,1716.1
12123,4048,36,1,87.7
12124,4048,2,3,1179.75
12125,4048,27,1,285.56
12126,4048,22,1,2088.57
12127,4049,23,2,556.61
12128,4049,2,2,1179.75
12129,4050,40,1,469.27
12130,4050,4,2,2029.54
12131,4050,12,2,2203.19
12132,4050,32,3,31.92
12133,4051,30,3,1422.18
12134,4052,31,3,1716.1
12135,4052,13,3,2446.23
12136,4052,32,2,31.92
12137,4052,3,3,2060.53
12138,4053,22,1,2088.57
12139,4053,5,2,1174.24
12140,4053,2,2,1179.75
12141,4053,6,2,2402.91
12142,4054,8,3,1311.65
12143,4054,16,1,1223.3
12144,4054,38,1,1595.02
12145,4055,22,3,2088.57
12146,4055,10,3,482.47
12147,4055,27,3,285.56
12148,4055,40,2,469.27
12149,4056,15,3,118.33
12150,4056,25,3,871.54
12151,4056,6,2,2402.91
12152,4056,18,1,732.4
12153,4056,38,1,1595.02
12154,4057,19,3,592.91
12155,4057,6,3,2402.91
12156,4057,34,1,90.62
12157,4057,28,2,1944.42
12158,4057,24,1,995.09
12159,4058,6,3,2402.91
12160,4058,10,2,482.47
12161,4058,1,2,2433.7
12162,4059,5,3,1174.24
12163,4059,36,1,87.7
12164,4059,21,3,1211.35
12165,4060,34,3,90.62
12166,4060,13,3,2446.23
12167,4060,24,2,995.09
12168,4060,11,2,664.17
12169,4060,32,2,31.92
12170,4061,16,3,1223.3
12171,4061,20,1,364.82
12172,4062,6,2,2402.91
12173,4063,23,3,556.61
12174,4063,24,1,995.09
12175,4063,18,3,732.4
12176,4063,27,3,285.56
12177,4064,23,3,556.61
12178,4064,33,3,1331.91
12179,4065,1,3,2433.7
12180,4065,26,3,2411.16
12181,4065,2,1,1179.75
12182,4065,28,1,1944.42
12183,4066,19,2,592.91
12184,4066,24,3,995.09
12185,4066,13,3,2446.23
12186,4066,4,2,2029.54
12187,4067,38,1,1595.02
12188,4068,30,1,1422.18
12189,4068,27,2,285.56
12190,4068,22,3,2088.57
12191,4068,23,1,556.61
12192,4068,8,1,1311.65
12193,4069,36,3,87.7
12194,4069,39,1,1007.34
12195,4069,25,2,871.54
12196,4070,31,2,1716.1
12197,4070,7,1,1335.9
12198,4070,8,3,1311.65
12199,4070,23,3,556.61
12200,4071,40,1,469.27
12201,4071,18,2,732.4
12202,4072,1,1,2433.7
12203,4072,40,1,469.27
12204,4072,26,1,2411.16
12205,4072,2,2,1179.75
12206,4073,25,2,871.54
12207,4073,8,3,1311.65
12208,4073,38,3,1595.02
12209,4073,36,1,87.7
12210,4074,4,1,2029.54
12211,4074,31,1,1716.1
12212,4074,23,2,556.61
12213,4075,19,3,592.91
12214,4075,2,1,1179.75
12215,4075,38,2,1595.02
12216,4075,35,1,1308.17
12217,4075,16,2,1223.3
12218,4076,28,2,1944.42
12219,4077,29,3,2411.43
12220,4077,24,3,995.09
12221,4078,23,3,556.61
12222,4078,22,2,2088.57
12223,4078,10,2,482.47
12224,4078,6,3,2402.91
12225,4078,26,3,2411.16
12226,4079,40,3,469.27
12227,4079,12,2,2203.19
12228,4079,16,1,1223.3
12229,4079,15,2,118.33
12230,4080,30,3,1422.18
12231,4080,20,2,364.82
12232,4081,31,1,1716.1
12233,4081,36,3,87.7
12234,4081,10,3,482.47
12235,4081,13,1,2446.23
12236,4081,9,1,615.62
12237,4082,18,3,732.4
12238,4082,8,1,1311.65
12239,4082,11,1,664.17
12240,4082,30,3,1422.18
12241,4082,34,2,90.62
12242,4083,6,1,2402.91
12243,4083,29,3,2411.43
12244,4083,2,3,1179.75
12245,4083,1,2,2433.7
12246,4084,28,2,1944.42
12247,4084,16,2,1223.3
12248,4084,14,2,2467.06
12249,4084,22,2,2088.57
12250,4085,28,1,1944.42
12251,4085,32,1,31.92
12252,4085,26,3,2411.16
12253,4086,28,1,1944.42
12254,4086,16,1,1223.3
12255,4087,37,1,933.72
12256,4087,32,3,31.92
12257,4087,35,3,1308.17
12258,4087,12,1,2203.19
12259,4087,28,3,1944.42
12260,4088,10,1,482.47
12261,4088,13,2,2446.23
12262,4088,21,2,1211.35
12263,4089,19,1,592.91
12264,4089,27,2,285.56
12265,4089,21,3,1211.35
12266,4089,40,1,469.27
12267,4089,11,2,664.17
12268,4090,17,3,2384.83
12269,4090,27,2,285.56
12270,4090,34,1,90.62
12271,4090,19,2,592.91
12272,4090,24,2,995.09
12273,4091,6,2,2402.91
12274,4091,39,2,1007.34
12275,4091,34,2,90.62
12276,4091,30,1,1422.18
12277,4092,9,2,615.62
12278,4092,38,2,1595.02
12279,4092,31,3,1716.1
12280,4092,4,1,2029.54
12281,4092,14,1,2467.06
12282,4093,31,3,1716.1
12283,4093,15,3,118.33
12284,4093,10,3,482.47
12285,4093,40,3,469.27
12286,4094,25,1,871.54
12287,4094,39,3,1007.34
12288,4094,10,2,482.47
12289,4095,12,2,2203.19
12290,4095,2,1,1179.75
12291,4095,40,2,469.27
12292,4095,24,2,995.09
12293,4096,5,1,1174.24
12294,4097,40,1,469.27
12295,4098,21,1,1211.35
12296,4098,22,3,2088.57
12297,4099,1,1,2433.7
12298,4099,16,3,1223.3
12299,4099,33,2,1331.91
12300,4099,13,1,2446.23
12301,4100,11,3,664.17
12302,4100,2,3,1179.75
12303,4100,1,3,2433.7
12304,4101,39,2,1007.34
12305,4101,21,2,1211.35
12306,4101,20,2,364.82
12307,4102,11,1,664.17
12308,4102,4,3,2029.54
12309,4102,3,3,2060.53
12310,4102,12,2,2203.19
12311,4102,30,2,1422.18
12312,4103,36,1,87.7
12313,4104,34,2,90.62
12314,4104,37,2,933.72
12315,4104,14,2,2467.06
12316,4104,31,3,1716.1
12317,4105,19,1,592.91
12318,4105,4,2,2029.54
12319,4105,16,2,1223.3
12320,4105,2,3,1179.75
12321,4106,39,2,1007.34
12322,4106,17,2,2384.83
12323,4106,21,1,1211.35
12324,4106,16,3,1223.3
12325,4107,4,2,2029.54
12326,4107,5,3,1174.24
12327,4108,17,3,2384.83
12328,4108,10,1,482.47
12329,4108,2,2,1179.75
12330,4108,30,3,1422.18
12331,4109,5,3,1174.24
12332,4109,12,1,2203.19
12333,4110,7,1,1335.9
12334,4110,15,1,118.33
12335,4110,25,2,871.54
12336,4110,32,3,31.92
12337,4111,10,2,482.47
12338,4112,25,2,871.54
12339,4112,39,1,1007.34
12340,4112,12,2,2203.19
12341,4112,34,1,90.62
12342,4113,25,2,871.54
12343,4114,31,1,1716.1
12344,4114,14,1,2467.06
12345,4115,22,2,2088.57
12346,4115,38,3,1595.02
12347,4115,2,3,1179.75
12348,4116,37,2,933.72
12349,4116,18,1,732.4
12350,4116,29,1,2411.43
12351,4116,14,2,2467.06
12352,4116,15,1,118.33
12353,4117,35,1,1308.17
12354,4118,29,2,2411.43
12355,4118,17,3,2384.83
12356,4118,34,1,90.62
12357,4118,26,1,2411.16
12358,4118,20,3,364.82
12359,4119,19,1,592.91
12360,4119,10,2,482.47
12361,4120,15,1,118.33
12362,4120,5,3,1174.24
12363,4120,11,2,664.17
12364,4121,38,1,1595.02
12365,4121,17,2,2384.83
12366,4121,4,1,2029.54
12367,4121,13,2,2446.23
12368,4121,11,3,664.17
12369,4122,7,2,1335.9
12370,4122,28,3,1944.42
12371,4122,29,3,2411.43
12372,4123,16,3,1223.3
12373,4123,12,3,2203.19
12374,4123,19,1,592.91
12375,4123,1,2,2433.7
12376,4123,21,3,1211.35
12377,4124,36,3,87.7
12378,4124,3,2,2060.53
12379,4124,11,3,664.17
12380,4124,12,3,2203.19
12381,4125,14,1,2467.06
12382,4126,31,2,1716.1
12383,4127,26,3,2411.16
12384,4127,33,3,1331.91
12385,4127,21,1,1211.35
12386,4128,8,2,1311.65
12387,4128,26,1,2411.16
12388,4128,10,3,482.47
12389,4128,13,1,2446.23
12390,4129,36,1,87.7
12391,4129,11,3,664.17
12392,4130,30,3,1422.18
12393,4130,5,3,1174.24
12394,4131,15,2,118.33
12395,4132,20,3,364.82
12396,4132,11,2,664.17
12397,4132,12,1,2203.19
12398,4132,3,1,2060.53
12399,4133,23,3,556.61
12400,4133,13,1,2446.23
12401,4134,37,2,933.72
12402,4135,30,2,1422.18
12403,4135,14,3,2467.06
12404,4135,5,1,1174.24
12405,4135,34,1,90.62
12406,4135,31,1,1716.1
12407,4136,33,2,1331.91
12408,4137,24,3,995.09
12409,4138,13,2,2446.23
12410,4138,32,2,31.92
12411,4139,25,2,871.54
12412,4139,11,3,664.17
12413,4139,14,3,2467.06
12414,4139,38,1,1595.02
12415,4140,16,1,1223.3
12416,4140,30,1,1422.18
12417,4141,10,1,482.47
12418,4141,27,3,285.56
12419,4141,15,2,118.33
12420,4142,31,2,1716.1
12421,4142,26,3,2411.16
12422,4142,39,1,1007.34
12423,4142,27,1,285.56
12424,4142,12,3,2203.19
12425,4143,25,2,871.54
12426,4144,23,1,556.61
12427,4145,6,2,2402.91
12428,4145,24,2,995.09
12429,4145,40,1,469.27
12430,4146,19,1,592.91
12431,4146,32,1,31.92
12432,4146,27,2,285.56
12433,4146,15,3,118.33
12434,4146,37,3,933.72
12435,4147,7,3,1335.9
12436,4147,10,1,482.47
12437,4147,19,3,592.91
12438,4147,1,2,2433.7
12439,4148,17,3,2384.83
12440,4148,7,2,1335.9
12441,4148,5,1,1174.24
12442,4148,24,1,995.09
12443,4148,28,1,1944.42
12444,4149,26,2,2411.16
12445,4149,31,2,1716.1
12446,4149,5,1,1174.24
12447,4149,17,1,2384.83
12448,4149,13,3,2446.23
12449,4150,19,1,592.91
12450,4150,10,3,482.47
12451,4150,39,3,1007.34
12452,4151,36,2,87.7
12453,4151,5,3,1174.24
12454,4151,18,3,732.4
12455,4152,15,1,118.33
12456,4152,3,1,2060.53
12457,4153,11,2,664.17
12458,4154,1,1,2433.7
12459,4155,18,2,732.4
12460,4155,4,2,2029.54
12461,4155,23,3,556.61
12462,4155,15,1,118.33
12463,4155,1,3,2433.7
12464,4156,37,2,933.72
12465,4156,22,2,2088.57
12466,4156,20,2,364.82
12467,4157,13,3,2446.23
12468,4157,7,1,1335.9
12469,4157,8,1,1311.65
12470,4158,4,3,2029.54
12471,4158,6,3,2402.91
12472,4158,34,1,90.62
12473,4158,29,3,2411.43
12474,4158,27,3,285.56
12475,4159,21,3,1211.35
12476,4159,5,2,1174.24
12477,4159,13,2,2446.23
12478,4159,9,1,615.62
12479,4160,40,2,469.27
12480,4160,32,2,31.92
12481,4161,1,2,2433.7
12482,4161,30,2,1422.18
12483,4161,10,2,482.47
12484,4162,25,3,871.54
12485,4162,38,1,1595.02
12486,4163,24,1,995.09
12487,4163,9,3,615.62
12488,4164,2,3,1179.75
12489,4164,17,3,2384.83
12490,4164,26,3,2411.16
12491,4164,35,2,1308.17
12492,4164,14,1,2467.06
12493,4165,12,2,2203.19
12494,4165,25,2,871.54
12495,4165,27,3,285.56
12496,4166,1,3,2433.7
12497,4166,40,1,469.27
12498,4166,18,1,732.4
12499,4167,40,2,469.27
12500,4167,19,2,592.91
12501,4167,17,2,2384.83
12502,4167,10,2,482.47
12503,4167,23,2,556.61
12504,4168,10,1,482.47
12505,4168,38,1,1595.02
12506,4168,23,1,556.61
12507,4168,32,1,31.92
12508,4168,26,1,2411.16
12509,4169,22,3,2088.57
12510,4169,29,3,2411.43
12511,4169,30,3,1422.18
12512,4169,24,2,995.09
12513,4170,5,2,1174.24
12514,4170,4,3,2029.54
12515,4170,28,1,1944.42
12516,4170,23,1,556.61
12517,4170,17,1,2384.83
12518,4171,38,1,1595.02
12519,4171,12,3,2203.19
12520,4172,5,1,1174.24
12521,4173,10,3,482.47
12522,4173,30,2,1422.18
12523,4173,16,3,1223.3
12524,4174,35,1,1308.17
12525,4175,10,2,482.47
12526,4176,23,1,556.61
12527,4176,30,1,1422.18
12528,4176,37,1,933.72
12529,4176,4,3,2029.54
12530,4176,17,3,2384.83
12531,4177,15,2,118.33
12532,4177,36,1,87.7
12533,4177,37,2,933.72
12534,4178,26,1,2411.16
12535,4179,38,2,1595.02
12536,4180,36,1,87.7
12537,4180,25,1,871.54
12538,4180,10,2,482.47
12539,4180,22,3,2088.57
12540,4180,24,2,995.09
12541,4181,1,2,2433.7
12542,4181,40,2,469.27
12543,4181,9,2,615.62
12544,4181,29,2,2411.43
12545,4182,11,1,664.17
12546,4183,11,2,664.17
12547,4183,32,2,31.92
12548,4183,9,2,615.62
12549,4183,5,1,1174.24
12550,4183,7,1,1335.9
12551,4184,8,2,1311.65
12552,4184,24,1,995.09
12553,4184,34,2,90.62
12554,4184,35,2,1308.17
12555,4184,19,2,592.91
12556,4185,25,2,871.54
12557,4185,1,2,2433.7
12558,4186,3,1,2060.53
12559,4186,9,2,615.62
12560,4187,38,3,1595.02
12561,4187,16,3,1223.3
12562,4188,23,1,556.61
12563,4188,17,3,2384.83
12564,4188,38,2,1595.02
12565,4189,3,3,2060.53
12566,4189,31,1,1716.1
12567,4189,34,3,90.62
12568,4189,23,2,556.61
12569,4189,25,1,871.54
12570,4190,15,3,118.33
12571,4190,12,3,2203.19
12572,4190,32,2,31.92
12573,4191,37,2,933.72
12574,4192,4,1,2029.54
12575,4192,35,1,1308.17
12576,4192,23,1,556.61
12577,4192,22,2,2088.57
12578,4192,17,1,2384.83
12579,4193,23,2,556.61
12580,4194,10,2,482.47
12581,4194,26,1,2411.16
12582,4194,16,2,1223.3
12583,4194,35,2,1308.17
12584,4194,14,2,2467.06
12585,4195,32,3,31.92
12586,4195,35,1,1308.17
12587,4195,26,3,2411.16
12588,4196,5,2,1174.24
12589,4196,1,3,2433.7
12590,4197,12,3,2203.19
12591,4198,40,2,469.27
12592,4198,19,3,592.91
12593,4198,37,1,933.72
12594,4198,35,2,1308.17
12595,4199,25,2,871.54
12596,4199,39,1,1007.34
12597,4200,33,2,1331.91
12598,4200,15,2,118.33
12599,4200,5,1,1174.24
12600,4200,16,1,1223.3
12601,4200,36,2,87.7
12602,4201,38,3,1595.02
12603,4201,6,3,2402.91
12604,4201,13,1,2446.23
12605,4201,18,1,732.4
12606,4201,11,3,664.17
12607,4202,10,2,482.47
12608,4202,21,1,1211.35
12609,4202,38,2,1595.02
12610,4202,13,2,2446.23
12611,4202,29,3,2411.43
12612,4203,1,1,2433.7
12613,4203,21,1,1211.35
12614,4203,20,1,364.82
12615,4203,26,1,2411.16
12616,4203,10,3,482.47
12617,4204,1,1,2433.7
12618,4205,26,2,2411.16
12619,4205,7,2,1335.9
12620,4206,39,2,1007.34
12621,4206,1,1,2433.7
12622,4206,37,1,933.72
12623,4207,30,3,1422.18
12624,4207,33,1,1331.91
12625,4207,39,2,1007.34
12626,4207,38,2,1595.02
12627,4208,2,2,1179.75
12628,4208,6,1,2402.91
12629,4208,40,2,469.27
12630,4208,8,2,1311.65
12631,4209,12,3,2203.19
12632,4210,33,3,1331.91
12633,4211,2,1,1179.75
12634,4211,18,3,732.4
12635,4211,37,1,933.72
12636,4212,14,2,2467.06
12637,4212,4,1,2029.54
12638,4212,7,2,1335.9
12639,4213,32,1,31.92
12640,4213,21,2,1211.35
12641,4213,22,2,2088.57
12642,4214,35,1,1308.17
12643,4214,25,3,871.54
12644,4214,11,2,664.17
12645,4214,38,2,1595.02
12646,4214,1,1,2433.7
12647,4215,33,2,1331.91
12648,4215,17,1,2384.83
12649,4215,24,3,995.09
12650,4216,39,1,1007.34
12651,4216,2,3,1179.75
12652,4216,4,2,2029.54
12653,4216,40,1,469.27
12654,4216,33,2,1331.91
12655,4217,24,3,995.09
12656,4217,3,1,2060.53
12657,4218,19,2,592.91
12658,4218,8,1,1311.65
12659,4218,18,3,732.4
12660,4218,21,3,1211.35
12661,4219,20,3,364.82
12662,4219,16,3,1223.3
12663,4220,3,1,2060.53
12664,4220,17,2,2384.83
12665,4220,28,2,1944.42
12666,4220,2,1,1179.75
12667,4220,29,1,2411.43
12668,4221,38,3,1595.02
12669,4222,39,2,1007.34
12670,4222,29,3,2411.43
12671,4222,33,1,1331.91
12672,4222,7,2,1335.9
12673,4222,38,1,1595.02
12674,4223,19,2,592.91
12675,4223,15,1,118.33
12676,4223,4,3,2029.54
12677,4223,1,2,2433.7
12678,4224,39,1,1007.34
12679,4224,6,2,2402.91
12680,4224,12,1,2203.19
12681,4225,1,2,2433.7
12682,4226,25,3,871.54
12683,4226,28,3,1944.42
12684,4227,14,1,2467.06
12685,4227,32,2,31.92
12686,4227,8,2,1311.65
12687,4227,23,2,556.61
12688,4227,27,3,285.56
12689,4228,30,3,1422.18
12690,4229,13,1,2446.23
12691,4229,2,1,1179.75
12692,4229,29,1,2411.43
12693,4229,11,1,664.17
12694,4230,33,1,1331.91
12695,4230,3,3,2060.53
12696,4231,19,1,592.91
12697,4231,36,1,87.7
12698,4231,29,2,2411.43
12699,4232,9,2,615.62
12700,4232,3,3,2060.53
12701,4232,23,3,556.61
12702,4233,4,2,2029.54
12703,4234,11,2,664.17
12704,4234,36,3,87.7
12705,4234,9,3,615.62
12706,4234,24,1,995.09
12707,4235,40,2,469.27
12708,4236,13,3,2446.23
12709,4236,11,2,664.17
12710,4236,24,2,995.09
12711,4237,5,3,1174.24
12712,4237,19,1,592.91
12713,4238,17,2,2384.83
12714,4239,32,3,31.92
12715,4239,6,1,2402.91
12716,4239,28,2,1944.42
12717,4239,38,1,1595.02
12718,4240,9,2,615.62
12719,4240,14,3,2467.06
12720,4240,37,1,933.72
12721,4241,27,1,285.56
12722,4241,14,2,2467.06
12723,4241,8,1,1311.65
12724,4241,21,2,1211.35
12725,4241,6,2,2402.91
12726,4242,28,1,1944.42
12727,4242,23,3,556.61
12728,4243,39,1,1007.34
12729,4243,14,3,2467.06
12730,4243,10,2,482.47
12731,4243,36,2,87.7
12732,4243,27,1,285.56
12733,4244,15,3,118.33
12734,4244,16,3,1223.3
12735,4244,7,2,1335.9
12736,4244,21,2,1211.35
12737,4244,34,1,90.62
12738,4245,39,3,1007.34
12739,4245,33,3,1331.91
12740,4246,25,3,871.54
12741,4246,17,1,2384.83
12742,4247,34,3,90.62
12743,4247,22,3,2088.57
12744,4247,33,2,1331.91
12745,4247,25,3,871.54
12746,4248,4,3,2029.54
12747,4248,31,2,1716.1
12748,4248,30,1,1422.18
12749,4248,3,2,2060.53
12750,4248,15,1,118.33
12751,4249,7,1,1335.9
12752,4249,24,3,995.09
12753,4249,26,3,2411.16
12754,4250,26,1,2411.16
12755,4250,15,3,118.33
12756,4250,6,1,2402.91
12757,4250,37,2,933.72
12758,4250,22,1,2088.57
12759,4251,33,1,1331.91
12760,4251,16,2,1223.3
12761,4252,17,3,2384.83
12762,4252,10,3,482.47
12763,4253,24,3,995.09
12764,4253,40,3,469.27
12765,4253,27,3,285.56
12766,4254,22,3,2088.57
12767,4254,16,1,1223.3
12768,4254,9,3,615.62
12769,4254,8,1,1311.65
12770,4255,8,2,1311.65
12771,4255,1,3,2433.7
12772,4256,17,1,2384.83
12773,4256,35,3,1308.17
12774,4256,29,1,2411.43
12775,4257,11,1,664.17
12776,4257,33,2,1331.91
12777,4257,27,1,285.56
12778,4257,14,3,2467.06
12779,4258,6,2,2402.91
12780,4258,37,2,933.72
12781,4258,10,1,482.47
12782,4258,14,1,2467.06
12783,4259,33,2,1331.91
12784,4260,6,1,2402.91
12785,4261,5,2,1174.24
12786,4261,24,2,995.09
12787,4262,9,1,615.62
12788,4263,6,2,2402.91
12789,4263,37,3,933.72
12790,4263,17,1,2384.83
12791,4263,16,2,1223.3
12792,4264,26,2,2411.16
12793,4264,39,3,1007.34
12794,4265,11,3,664.17
12795,4266,16,3,1223.3
12796,4266,26,1,2411.16
12797,4267,4,2,2029.54
12798,4268,39,1,1007.34
12799,4268,12,3,2203.19
12800,4269,34,1,90.62
12801,4269,6,1,2402.91
12802,4269,37,3,933.72
12803,4269,3,2,2060.53
12804,4270,23,1,556.61
12805,4271,17,1,2384.83
12806,4271,18,3,732.4
12807,4271,6,1,2402.91
12808,4271,15,2,118.33
12809,4272,2,1,1179.75
12810,4273,12,3,2203.19
12811,4273,16,2,1223.3
12812,4274,23,1,556.61
12813,4275,2,1,1179.75
12814,4275,23,1,556.61
12815,4275,17,2,2384.83
12816,4276,8,1,1311.65
12817,4276,16,2,1223.3
12818,4276,40,3,469.27
12819,4277,22,3,2088.57
12820,4277,27,2,285.56
12821,4277,8,2,1311.65
12822,4277,18,3,732.4
12823,4278,12,1,2203.19
12824,4278,23,2,556.61
12825,4279,29,3,2411.43
12826,4279,5,1,1174.24
12827,4279,16,3,1223.3
12828,4280,5,3,1174.24
12829,4280,29,2,2411.43
12830,4280,3,1,2060.53
12831,4281,18,2,732.4
12832,4281,9,2,615.62
12833,4282,21,1,1211.35
12834,4282,9,1,615.62
12835,4282,29,3,2411.43
12836,4282,34,2,90.62
12837,4283,4,3,2029.54
12838,4283,18,3,732.4
12839,4283,11,2,664.17
12840,4283,36,3,87.7
12841,4284,30,3,1422.18
12842,4284,9,2,615.62
12843,4284,5,3,1174.24
12844,4284,4,2,2029.54
12845,4285,23,2,556.61
12846,4286,21,3,1211.35
12847,4286,15,1,118.33
12848,4286,34,1,90.62
12849,4286,32,3,31.92
12850,4287,32,2,31.92
12851,4287,4,3,2029.54
12852,4287,1,2,2433.7
12853,4288,14,2,2467.06
12854,4288,5,3,1174.24
12855,4288,22,2,2088.57
12856,4288,24,1,995.09
12857,4288,26,1,2411.16
12858,4289,20,3,364.82
12859,4289,32,2,31.92
12860,4289,12,1,2203.19
12861,4289,28,1,1944.42
12862,4289,11,2,664.17
12863,4290,26,1,2411.16
12864,4291,19,3,592.91
12865,4291,26,1,2411.16
12866,4291,22,1,2088.57
12867,4291,6,1,2402.91
12868,4291,15,1,118.33
12869,4292,12,3,2203.19
12870,4292,34,2,90.62
12871,4292,20,3,364.82
12872,4292,16,3,1223.3
12873,4292,35,2,1308.17
12874,4293,17,1,2384.83
12875,4294,25,3,871.54
12876,4294,33,3,1331.91
12877,4294,18,3,732.4
12878,4294,31,3,1716.1
12879,4295,40,3,469.27
12880,4295,37,3,933.72
12881,4295,32,2,31.92
12882,4295,29,2,2411.43
12883,4295,2,2,1179.75
12884,4296,18,3,732.4
12885,4296,16,2,1223.3
12886,4296,20,3,364.82
12887,4297,11,2,664.17
12888,4297,33,3,1331.91
12889,4297,31,1,1716.1
12890,4297,12,1,2203.19
12891,4298,27,2,285.56
12892,4298,25,3,871.54
12893,4299,5,2,1174.24
12894,4300,35,2,1308.17
12895,4300,20,3,364.82
12896,4300,5,2,1174.24
12897,4301,39,2,1007.34
12898,4301,33,2,1331.91
12899,4301,13,3,2446.23
12900,4301,26,2,2411.16
12901,4301,21,2,1211.35
12902,4302,5,2,1174.24
12903,4302,7,3,1335.9
12904,4303,25,2,871.54
12905,4304,28,1,1944.42
12906,4305,13,1,2446.23
12907,4305,35,2,1308.17
12908,4305,1,3,2433.7
12909,4305,5,2,1174.24
12910,4306,16,3,1223.3
12911,4307,35,3,1308.17
12912,4308,36,2,87.7
12913,4309,9,3,615.62
12914,4310,8,1,1311.65
12915,4310,38,1,1595.02
12916,4310,36,3,87.7
12917,4310,37,2,933.72
12918,4310,12,1,2203.19
12919,4311,40,3,469.27
12920,4312,10,1,482.47
12921,4312,33,3,1331.91
12922,4312,6,3,2402.91
12923,4313,2,2,1179.75
12924,4313,29,3,2411.43
12925,4313,25,2,871.54
12926,4313,33,2,1331.91
12927,4313,35,3,1308.17
12928,4314,6,1,2402.91
12929,4314,34,3,90.62
12930,4314,3,1,2060.53
12931,4314,2,1,1179.75
12932,4315,34,1,90.62
12933,4315,19,2,592.91
12934,4315,23,1,556.61
12935,4315,17,2,2384.83
12936,4315,18,3,732.4
12937,4316,3,2,2060.53
12938,4316,1,1,2433.7
12939,4316,31,2,1716.1
12940,4317,3,3,2060.53
12941,4317,12,2,2203.19
12942,4318,23,3,556.61
12943,4318,36,3,87.7
12944,4318,29,1,2411.43
12945,4318,6,3,2402.91
12946,4319,8,1,1311.65
12947,4319,2,2,1179.75
12948,4319,24,1,995.09
12949,4320,21,3,1211.35
12950,4320,36,1,87.7
12951,4321,11,1,664.17
12952,4321,17,2,2384.83
12953,4322,22,2,2088.57
12954,4322,21,3,1211.35
12955,4322,24,2,995.09
12956,4322,33,1,1331.91
12957,4322,15,3,118.33
12958,4323,25,2,871.54
12959,4323,30,3,1422.18
12960,4323,33,2,1331.91
12961,4323,9,1,615.62
12962,4324,26,2,2411.16
12963,4325,3,3,2060.53
12964,4325,1,1,2433.7
12965,4325,12,3,2203.19
12966,4326,24,1,995.09
12967,4326,31,1,1716.1
12968,4326,6,1,2402.91
12969,4326,39,1,1007.34
12970,4326,30,1,1422.18
12971,4327,21,1,1211.35
12972,4327,1,1,2433.7
12973,4328,13,1,2446.23
12974,4328,8,1,1311.65
12975,4328,32,1,31.92
12976,4329,22,3,2088.57
12977,4329,30,3,1422.18
12978,4330,11,3,664.17
12979,4330,8,2,1311.65
12980,4331,9,2,615.62
12981,4331,29,1,2411.43
12982,4332,9,3,615.62
12983,4333,17,1,2384.83
12984,4333,11,2,664.17
12985,4334,36,1,87.7
12986,4334,19,1,592.91
12987,4334,18,3,732.4
12988,4334,29,2,2411.43
12989,4335,18,3,732.4
12990,4336,19,1,592.91
12991,4336,26,2,2411.16
12992,4336,6,2,2402.91
12993,4337,27,3,285.56
12994,4337,23,1,556.61
12995,4337,22,1,2088.57
12996,4337,13,2,2446.23
12997,4338,37,1,933.72
12998,4338,2,2,1179.75
12999,4338,35,1,1308.17
13000,4338,33,2,1331.91
13001,4339,15,2,118.33
13002,4339,25,1,871.54
13003,4339,4,1,2029.54
13004,4339,40,3,469.27
13005,4340,34,3,90.62
13006,4340,32,3,31.92
13007,4341,31,1,1716.1
13008,4342,4,2,2029.54
13009,4342,40,3,469.27
13010,4342,9,2,615.62
13011,4343,23,2,556.61
13012,4343,26,2,2411.16
13013,4343,16,3,1223.3
13014,4344,3,3,2060.53
13015,4344,32,3,31.92
13016,4344,16,3,1223.3
13017,4344,37,1,933.72
13018,4345,22,3,2088.57
13019,4345,15,3,118.33
13020,4345,30,1,1422.18
13021,4346,20,1,364.82
13022,4347,33,1,1331.91
13023,4347,25,2,871.54
13024,4347,5,1,1174.24
13025,4347,31,3,1716.1
13026,4347,6,3,2402.91
13027,4348,31,1,1716.1
13028,4348,26,2,2411.16
13029,4348,6,1,2402.91
13030,4348,37,3,933.72
13031,4348,15,1,118.33
13032,4349,24,3,995.09
13033,4349,17,2,2384.83
13034,4349,18,3,732.4
13035,4350,18,2,732.4
13036,4350,19,2,592.91
13037,4351,20,1,364.82
13038,4351,14,1,2467.06
13039,4351,1,2,2433.7
13040,4351,31,2,1716.1
13041,4352,27,3,285.56
13042,4353,12,2,2203.19
13043,4353,17,2,2384.83
13044,4353,8,2,1311.65
13045,4353,2,3,1179.75
13046,4353,9,3,615.62
13047,4354,30,3,1422.18
13048,4354,32,2,31.92
13049,4354,3,2,2060.53
13050,4354,8,2,1311.65
13051,4355,18,2,732.4
13052,4356,21,1,1211.35
13053,4356,36,1,87.7
13054,4356,3,3,2060.53
13055,4357,31,1,1716.1
13056,4357,16,1,1223.3
13057,4357,21,3,1211.35
13058,4358,12,1,2203.19
13059,4358,16,1,1223.3
13060,4358,19,3,592.91
13061,4358,38,2,1595.02
13062,4359,28,2,1944.42
13063,4360,26,1,2411.16
13064,4360,3,3,2060.53
13065,4361,21,3,1211.35
13066,4361,29,1,2411.43
13067,4361,8,1,1311.65
13068,4361,25,2,871.54
13069,4362,37,3,933.72
13070,4362,21,1,1211.35
13071,4362,16,1,1223.3
13072,4362,11,2,664.17
13073,4362,38,2,1595.02
13074,4363,23,3,556.61
13075,4363,29,2,2411.43
13076,4363,26,1,2411.16
13077,4363,39,1,1007.34
13078,4363,12,1,2203.19
13079,4364,40,1,469.27
13080,4364,17,3,2384.83
13081,4364,27,2,285.56
13082,4365,9,1,615.62
13083,4365,16,2,1223.3
13084,4365,34,1,90.62
13085,4366,2,1,1179.75
13086,4367,18,1,732.4
13087,4368,22,2,2088.57
13088,4368,6,2,2402.91
13089,4368,13,3,2446.23
13090,4368,10,3,482.47
13091,4369,3,1,2060.53
13092,4369,33,2,1331.91
13093,4369,11,1,664.17
13094,4369,7,1,1335.9
13095,4370,25,3,871.54
13096,4371,5,3,1174.24
13097,4372,12,3,2203.19
13098,4372,28,2,1944.42
13099,4372,1,3,2433.7
13100,4372,22,2,2088.57
13101,4372,23,2,556.61
13102,4373,36,1,87.7
13103,4373,30,2,1422.18
13104,4374,12,1,2203.19
13105,4374,4,1,2029.54
13106,4374,3,3,2060.53
13107,4375,12,3,2203.19
13108,4375,40,1,469.27
13109,4375,29,1,2411.43
13110,4375,21,3,1211.35
13111,4375,30,3,1422.18
13112,4376,37,1,933.72
13113,4376,17,2,2384.83
13114,4377,26,3,2411.16
13115,4378,18,2,732.4
13116,4378,32,2,31.92
13117,4378,11,3,664.17
13118,4378,39,1,1007.34
13119,4379,21,3,1211.35
13120,4379,19,3,592.91
13121,4379,24,1,995.09
13122,4379,31,2,1716.1
13123,4380,29,1,2411.43
13124,4380,24,1,995.09
13125,4381,7,1,1335.9
13126,4382,8,1,1311.65
13127,4382,5,1,1174.24
13128,4382,40,1,469.27
13129,4383,36,3,87.7
13130,4384,35,2,1308.17
13131,4384,34,3,90.62
13132,4384,27,1,285.56
13133,4385,4,2,2029.54
13134,4386,23,3,556.61
13135,4386,10,2,482.47
13136,4387,40,2,469.27
13137,4387,27,3,285.56
13138,4387,19,2,592.91
13139,4387,11,3,664.17
13140,4388,24,1,995.09
13141,4388,39,3,1007.34
13142,4388,9,2,615.62
13143,4389,21,1,1211.35
13144,4389,20,1,364.82
13145,4390,20,2,364.82
13146,4390,11,3,664.17
13147,4390,6,3,2402.91
13148,4390,23,3,556.61
13149,4391,8,2,1311.65
13150,4391,11,3,664.17
13151,4391,40,1,469.27
13152,4391,34,3,90.62
13153,4391,6,1,2402.91
13154,4392,35,3,1308.17
13155,4392,14,3,2467.06
13156,4393,21,1,1211.35
13157,4393,31,1,1716.1
13158,4393,33,1,1331.91
13159,4393,13,1,2446.23
13160,4394,3,1,2060.53
13161,4394,6,2,2402.91
13162,4394,21,2,1211.35
13163,4395,14,3,2467.06
13164,4395,38,3,1595.02
13165,4395,6,3,2402.91
13166,4395,7,2,1335.9
13167,4396,34,1,90.62
13168,4396,15,1,118.33
13169,4396,9,2,615.62
13170,4397,36,1,87.7
13171,4397,14,3,2467.06
13172,4397,13,1,2446.23
13173,4398,32,2,31.92
13174,4398,24,1,995.09
13175,4399,31,2,1716.1
13176,4399,9,3,615.62
13177,4399,11,1,664.17
13178,4400,4,2,2029.54
13179,4400,15,3,118.33
13180,4401,11,1,664.17
13181,4401,28,3,1944.42
13182,4401,32,3,31.92
13183,4402,40,3,469.27
13184,4402,4,1,2029.54
13185,4402,39,2,1007.34
13186,4403,2,2,1179.75
13187,4403,6,3,2402.91
13188,4404,34,3,90.62
13189,4404,7,1,1335.9
13190,4404,27,2,285.56
13191,4404,11,1,664.17
13192,4405,22,1,2088.57
13193,4406,1,1,2433.7
13194,4406,34,3,90.62
13195,4406,12,3,2203.19
13196,4407,12,2,2203.19
13197,4408,38,2,1595.02
13198,4408,9,1,615.62
13199,4408,5,2,1174.24
13200,4408,32,3,31.92
13201,4408,36,1,87.7
13202,4409,33,1,1331.91
13203,4410,40,2,469.27
13204,4410,21,2,1211.35
13205,4410,26,3,2411.16
13206,4410,29,1,2411.43
13207,4410,13,1,2446.23
13208,4411,4,1,2029.54
13209,4411,35,1,1308.17
13210,4412,18,2,732.4
13211,4413,19,2,592.91
13212,4413,40,3,469.27
13213,4413,17,2,2384.83
13214,4413,16,2,1223.3
13215,4413,3,1,2060.53
13216,4414,18,3,732.4
13217,4414,22,2,2088.57
13218,4414,7,1,1335.9
13219,4414,29,3,2411.43
13220,4414,37,3,933.72
13221,4415,6,1,2402.91
13222,4415,22,1,2088.57
13223,4416,1,1,2433.7
13224,4416,17,1,2384.83
13225,4417,25,3,871.54
13226,4417,30,2,1422.18
13227,4417,35,2,1308.17
13228,4417,18,1,732.4
13229,4417,12,2,2203.19
13230,4418,15,1,118.33
13231,4418,10,3,482.47
13232,4418,21,3,1211.35
13233,4419,22,1,2088.57
13234,4419,30,1,1422.18
13235,4419,11,2,664.17
13236,4419,12,1,2203.19
13237,4419,37,3,933.72
13238,4420,4,1,2029.54
13239,4420,18,2,732.4
13240,4420,7,3,1335.9
13241,4420,38,1,1595.02
13242,4421,39,3,1007.34
13243,4421,22,1,2088.57
13244,4421,12,2,2203.19
13245,4421,28,1,1944.42
13246,4421,27,3,285.56
13247,4422,26,1,2411.16
13248,4423,21,1,1211.35
13249,4424,23,2,556.61
13250,4424,20,3,364.82
13251,4425,19,3,592.91
13252,4425,35,2,1308.17
13253,4425,7,3,1335.9
13254,4426,36,1,87.7
13255,4426,18,3,732.4
13256,4426,11,1,664.17
13257,4426,25,1,871.54
13258,4426,5,2,1174.24
13259,4427,40,3,469.27
13260,4427,1,1,2433.7
13261,4427,37,1,933.72
13262,4428,28,2,1944.42
13263,4428,8,3,1311.65
13264,4428,34,2,90.62
13265,4429,40,1,469.27
13266,4429,27,1,285.56
13267,4430,15,2,118.33
13268,4430,22,2,2088.57
13269,4430,19,2,592.91
13270,4431,13,2,2446.23
13271,4431,9,2,615.62
13272,4432,4,3,2029.54
13273,4432,20,2,364.82
13274,4432,25,3,871.54
13275,4433,27,2,285.56
13276,4433,8,2,1311.65
13277,4433,4,3,2029.54
13278,4433,18,1,732.4
13279,4434,16,3,1223.3
13280,4435,40,1,469.27
13281,4436,1,3,2433.7
13282,4436,36,3,87.7
13283,4436,27,3,285.56
13284,4436,2,1,1179.75
13285,4437,39,1,1007.34
13286,4437,32,3,31.92
13287,4437,22,3,2088.57
13288,4438,21,1,1211.35
13289,4438,14,3,2467.06
13290,4438,5,3,1174.24
13291,4438,35,2,1308.17
13292,4438,12,3,2203.19
13293,4439,30,2,1422.18
13294,4439,33,2,1331.91
13295,4439,19,1,592.91
13296,4439,37,1,933.72
13297,4439,11,1,664.17
13298,4440,40,1,469.27
13299,4441,38,1,1595.02
13300,4441,4,2,2029.54
13301,4441,33,1,1331.91
13302,4441,19,3,592.91
13303,4442,15,2,118.33
13304,4442,33,3,1331.91
13305,4443,21,1,1211.35
13306,4443,35,3,1308.17
13307,4443,5,3,1174.24
13308,4443,29,2,2411.43
13309,4443,1,1,2433.7
13310,4444,18,2,732.4
13311,4444,34,3,90.62
13312,4444,23,1,556.61
13313,4444,5,1,1174.24
13314,4445,22,3,2088.57
13315,4446,33,3,1331.91
13316,4446,32,2,31.92
13317,4446,25,1,871.54
13318,4447,31,2,1716.1
13319,4447,19,1,592.91
13320,4447,32,3,31.92
13321,4447,29,1,2411.43
13322,4447,1,1,2433.7
13323,4448,25,1,871.54
13324,4448,26,1,2411.16
13325,4448,36,1,87.7
13326,4448,20,1,364.82
13327,4448,34,3,90.62
13328,4449,8,2,1311.65
13329,4449,37,3,933.72
13330,4449,3,3,2060.53
13331,4450,36,3,87.7
13332,4451,5,1,1174.24
13333,4451,34,3,90.62
13334,4452,36,3,87.7
13335,4452,14,3,2467.06
13336,4452,25,1,871.54
13337,4452,24,2,995.09
13338,4453,23,3,556.61
13339,4454,10,3,482.47
13340,4455,9,1,615.62
13341,4455,18,2,732.4
13342,4455,12,1,2203.19
13343,4455,24,3,995.09
13344,4456,6,3,2402.91
13345,4456,28,1,1944.42
13346,4456,7,2,1335.9
13347,4457,29,1,2411.43
13348,4457,39,3,1007.34
13349,4457,34,2,90.62
13350,4457,12,2,2203.19
13351,4457,8,1,1311.65
13352,4458,33,1,1331.91
13353,4458,14,2,2467.06
13354,4458,2,2,1179.75
13355,4459,9,1,615.62
13356,4459,3,1,2060.53
13357,4460,3,3,2060.53
13358,4460,30,1,1422.18
13359,4461,27,3,285.56
13360,4461,38,1,1595.02
13361,4461,1,1,2433.7
13362,4461,17,3,2384.83
13363,4461,5,3,1174.24
13364,4462,37,1,933.72
13365,4463,36,1,87.7
13366,4464,15,3,118.33
13367,4465,1,1,2433.7
13368,4465,28,1,1944.42
13369,4465,22,3,2088.57
13370,4465,17,3,2384.83
13371,4466,6,1,2402.91
13372,4466,32,3,31.92
13373,4467,22,2,2088.57
13374,4467,33,3,1331.91
13375,4467,21,2,1211.35
13376,4468,5,1,1174.24
13377,4468,24,2,995.09
13378,4468,13,2,2446.23
13379,4468,18,3,732.4
13380,4468,39,2,1007.34
13381,4469,17,1,2384.83
13382,4469,33,1,1331.91
13383,4470,22,1,2088.57
13384,4471,11,2,664.17
13385,4472,31,3,1716.1
13386,4472,37,1,933.72
13387,4472,27,1,285.56
13388,4473,32,2,31.92
13389,4474,38,1,1595.02
13390,4474,26,1,2411.16
13391,4475,10,2,482.47
13392,4475,23,2,556.61
13393,4475,8,1,1311.65
13394,4475,5,2,1174.24
13395,4475,25,3,871.54
13396,4476,6,2,2402.91
13397,4476,16,3,1223.3
13398,4476,37,2,933.72
13399,4476,40,3,469.27
13400,4477,29,1,2411.43
13401,4477,31,1,1716.1
13402,4477,28,2,1944.42
13403,4477,18,1,732.4
13404,4477,1,1,2433.7
13405,4478,28,2,1944.42
13406,4478,40,1,469.27
13407,4478,24,1,995.09
13408,4479,2,2,1179.75
13409,4480,13,2,2446.23
13410,4480,32,3,31.92
13411,4480,28,2,1944.42
13412,4481,34,1,90.62
13413,4481,29,2,2411.43
13414,4481,16,3,1223.3
13415,4482,35,3,1308.17
13416,4483,40,1,469.27
13417,4483,13,3,2446.23
13418,4483,25,1,871.54
13419,4483,24,3,995.09
13420,4483,7,2,1335.9
13421,4484,8,2,1311.65
13422,4485,25,1,871.54
13423,4486,7,2,1335.9
13424,4486,40,1,469.27
13425,4486,6,1,2402.91
13426,4486,14,2,2467.06
13427,4486,17,1,2384.83
13428,4487,18,3,732.4
13429,4487,8,1,1311.65
13430,4487,14,2,2467.06
13431,4487,28,2,1944.42
13432,4488,6,3,2402.91
13433,4488,20,3,364.82
13434,4489,22,1,2088.57
13435,4489,21,3,1211.35
13436,4489,31,1,1716.1
13437,4490,37,2,933.72
13438,4490,22,3,2088.57
13439,4490,35,3,1308.17
13440,4491,23,3,556.61
13441,4491,34,3,90.62
13442,4491,39,1,1007.34
13443,4492,31,1,1716.1
13444,4492,18,2,732.4
13445,4492,40,1,469.27
13446,4493,32,1,31.92
13447,4493,15,2,118.33
13448,4494,26,3,2411.16
13449,4494,5,3,1174.24
13450,4494,38,2,1595.02
13451,4494,22,1,2088.57
13452,4495,14,2,2467.06
13453,4495,22,3,2088.57
13454,4496,32,2,31.92
13455,4496,33,3,1331.91
13456,4496,20,3,364.82
13457,4496,19,1,592.91
13458,4496,40,2,469.27
13459,4497,15,1,118.33
13460,4497,35,1,1308.17
13461,4497,30,3,1422.18
13462,4497,28,2,1944.42
13463,4498,33,3,1331.91
13464,4498,16,2,1223.3
13465,4499,25,3,871.54
13466,4500,17,1,2384.83
13467,4500,11,1,664.17
13468,4500,18,2,732.4
13469,4500,16,2,1223.3
13470,4501,25,2,871.54
13471,4501,6,3,2402.91
13472,4501,35,1,1308.17
13473,4501,24,1,995.09
13474,4502,4,2,2029.54
13475,4502,15,1,118.33
13476,4503,4,2,2029.54
13477,4503,5,2,1174.24
13478,4503,23,1,556.61
13479,4504,23,1,556.61
13480,4504,10,1,482.47
13481,4505,21,1,1211.35
13482,4505,13,3,2446.23
13483,4505,33,2,1331.91
13484,4505,17,1,2384.83
13485,4506,20,1,364.82
13486,4506,16,1,1223.3
13487,4507,27,3,285.56
13488,4507,23,2,556.61
13489,4507,31,1,1716.1
13490,4508,40,2,469.27
13491,4509,20,2,364.82
13492,4509,11,3,664.17
13493,4509,31,1,1716.1
13494,4510,28,1,1944.42
13495,4510,12,2,2203.19
13496,4511,27,2,285.56
13497,4511,7,3,1335.9
13498,4511,15,1,118.33
13499,4511,35,1,1308.17
13500,4511,11,1,664.17
13501,4512,10,2,482.47
13502,4512,17,3,2384.83
13503,4512,27,1,285.56
13504,4512,22,1,2088.57
13505,4512,15,3,118.33
13506,4513,12,1,2203.19
13507,4513,22,1,2088.57
13508,4514,12,2,2203.19
13509,4514,2,1,1179.75
13510,4515,16,1,1223.3
13511,4515,14,1,2467.06
13512,4515,18,2,732.4
13513,4516,20,1,364.82
13514,4516,18,3,732.4
13515,4516,36,2,87.7
13516,4516,32,3,31.92
13517,4516,4,1,2029.54
13518,4517,20,2,364.82
13519,4517,39,1,1007.34
13520,4518,2,2,1179.75
13521,4518,18,1,732.4
13522,4518,34,1,90.62
13523,4519,9,2,615.62
13524,4520,19,1,592.91
13525,4520,37,3,933.72
13526,4520,15,1,118.33
13527,4520,23,3,556.61
13528,4520,22,1,2088.57
13529,4521,12,1,2203.19
13530,4522,4,3,2029.54
13531,4522,15,3,118.33
13532,4523,3,3,2060.53
13533,4523,8,3,1311.65
13534,4523,17,2,2384.83
13535,4523,16,1,1223.3
13536,4523,15,2,118.33
13537,4524,6,3,2402.91
13538,4524,11,3,664.17
13539,4525,17,2,2384.83
13540,4525,39,1,1007.34
13541,4525,22,3,2088.57
13542,4525,2,1,1179.75
13543,4525,9,3,615.62
13544,4526,8,1,1311.65
13545,4526,24,2,995.09
13546,4526,9,3,615.62
13547,4526,4,2,2029.54
13548,4526,29,3,2411.43
13549,4527,6,3,2402.91
13550,4527,31,1,1716.1
13551,4527,5,2,1174.24
13552,4528,12,3,2203.19
13553,4528,7,3,1335.9
13554,4529,36,2,87.7
13555,4529,31,2,1716.1
13556,4529,37,1,933.72
13557,4530,21,2,1211.35
13558,4530,2,3,1179.75
13559,4530,5,3,1174.24
13560,4530,12,1,2203.19
13561,4530,31,3,1716.1
13562,4531,9,2,615.62
13563,4531,15,1,118.33
13564,4531,8,2,1311.65
13565,4531,31,2,1716.1
13566,4531,23,1,556.61
13567,4532,24,2,995.09
13568,4532,7,2,1335.9
13569,4533,14,1,2467.06
13570,4533,30,3,1422.18
13571,4533,19,3,592.91
13572,4533,24,3,995.09
13573,4534,3,2,2060.53
13574,4534,12,3,2203.19
13575,4535,1,3,2433.7
13576,4535,8,2,1311.65
13577,4535,38,3,1595.02
13578,4535,14,3,2467.06
13579,4536,13,2,2446.23
13580,4537,40,2,469.27
13581,4537,16,3,1223.3
13582,4537,7,3,1335.9
13583,4537,14,1,2467.06
13584,4538,15,2,118.33
13585,4538,24,2,995.09
13586,4538,14,3,2467.06
13587,4539,33,3,1331.91
13588,4539,38,1,1595.02
13589,4539,7,1,1335.9
13590,4539,39,1,1007.34
13591,4540,8,3,1311.65
13592,4540,37,2,933.72
13593,4541,38,1,1595.02
13594,4542,28,3,1944.42
13595,4542,21,2,1211.35
13596,4543,16,3,1223.3
13597,4544,28,1,1944.42
13598,4544,16,2,1223.3
13599,4544,27,3,285.56
13600,4545,15,1,118.33
13601,4545,40,3,469.27
13602,4546,40,2,469.27
13603,4546,13,1,2446.23
13604,4546,10,3,482.47
13605,4546,19,1,592.91
13606,4547,28,1,1944.42
13607,4547,10,1,482.47
13608,4547,13,2,2446.23
13609,4547,36,2,87.7
13610,4548,40,2,469.27
13611,4548,33,3,1331.91
13612,4549,25,1,871.54
13613,4549,5,3,1174.24
13614,4549,1,1,2433.7
13615,4550,9,2,615.62
13616,4550,3,1,2060.53
13617,4551,2,2,1179.75
13618,4551,4,1,2029.54
13619,4551,29,2,2411.43
13620,4551,17,1,2384.83
13621,4552,38,3,1595.02
13622,4552,4,1,2029.54
13623,4552,23,1,556.61
13624,4553,6,3,2402.91
13625,4553,14,3,2467.06
13626,4553,23,2,556.61
13627,4553,9,3,615.62
13628,4553,16,1,1223.3
13629,4554,22,2,2088.57
13630,4555,24,2,995.09
13631,4556,10,3,482.47
13632,4556,11,2,664.17
13633,4556,17,1,2384.83
13634,4557,38,1,1595.02
13635,4557,3,2,2060.53
13636,4557,33,1,1331.91
13637,4558,39,1,1007.34
13638,4558,20,2,364.82
13639,4558,5,3,1174.24
13640,4558,6,1,2402.91
13641,4559,26,2,2411.16
13642,4559,14,3,2467.06
13643,4559,24,1,995.09
13644,4560,26,2,2411.16
13645,4560,7,2,1335.9
13646,4560,12,3,2203.19
13647,4561,3,3,2060.53
13648,4561,21,2,1211.35
13649,4561,27,2,285.56
13650,4561,40,1,469.27
13651,4562,8,3,1311.65
13652,4562,30,1,1422.18
13653,4563,16,3,1223.3
13654,4564,23,2,556.61
13655,4564,19,1,592.91
13656,4565,15,2,118.33
13657,4565,40,3,469.27
13658,4565,4,3,2029.54
13659,4565,17,2,2384.83
13660,4566,27,3,285.56
13661,4566,32,1,31.92
13662,4566,30,2,1422.18
13663,4566,22,2,2088.57
13664,4567,21,3,1211.35
13665,4567,9,3,615.62
13666,4567,36,2,87.7
13667,4568,10,1,482.47
13668,4568,1,1,2433.7
13669,4568,28,3,1944.42
13670,4569,2,1,1179.75
13671,4570,1,3,2433.7
13672,4570,34,1,90.62
13673,4570,10,2,482.47
13674,4570,23,2,556.61
13675,4570,19,2,592.91
13676,4571,40,1,469.27
13677,4571,26,1,2411.16
13678,4572,6,3,2402.91
13679,4572,31,2,1716.1
13680,4572,8,2,1311.65
13681,4572,15,2,118.33
13682,4572,26,3,2411.16
13683,4573,40,2,469.27
13684,4573,39,1,1007.34
13685,4573,37,3,933.72
13686,4574,19,1,592.91
13687,4574,27,1,285.56
13688,4574,12,1,2203.19
13689,4574,17,1,2384.83
13690,4575,7,1,1335.9
13691,4575,23,3,556.61
13692,4575,30,2,1422.18
13693,4575,6,1,2402.91
13694,4575,39,1,1007.34
13695,4576,22,3,2088.57
13696,4576,28,3,1944.42
13697,4576,36,2,87.7
13698,4576,24,3,995.09
13699,4577,18,3,732.4
13700,4577,23,2,556.61
13701,4577,21,2,1211.35
13702,4577,35,3,1308.17
13703,4577,28,3,1944.42
13704,4578,38,2,1595.02
13705,4578,33,3,1331.91
13706,4578,36,2,87.7
13707,4578,22,3,2088.57
13708,4579,2,2,1179.75
13709,4579,4,1,2029.54
13710,4580,10,2,482.47
13711,4580,13,2,2446.23
13712,4580,16,1,1223.3
13713,4580,25,3,871.54
13714,4580,20,1,364.82
13715,4581,24,1,995.09
13716,4582,22,3,2088.57
13717,4582,20,1,364.82
13718,4582,14,3,2467.06
13719,4582,10,1,482.47
13720,4583,20,3,364.82
13721,4584,28,2,1944.42
13722,4584,19,1,592.91
13723,4584,6,3,2402.91
13724,4585,34,1,90.62
13725,4585,30,1,1422.18
13726,4585,27,2,285.56
13727,4585,19,3,592.91
13728,4586,23,1,556.61
13729,4587,24,1,995.09
13730,4587,32,1,31.92
13731,4587,21,3,1211.35
13732,4588,30,1,1422.18
13733,4588,19,1,592.91
13734,4588,33,1,1331.91
13735,4588,31,1,1716.1
13736,4589,36,2,87.7
13737,4589,18,1,732.4
13738,4589,29,2,2411.43
13739,4590,26,3,2411.16
13740,4590,40,2,469.27
13741,4590,15,1,118.33
13742,4591,20,1,364.82
13743,4591,34,1,90.62
13744,4591,3,1,2060.53
13745,4591,25,1,871.54
13746,4591,39,3,1007.34
13747,4592,32,2,31.92
13748,4592,2,2,1179.75
13749,4592,26,2,2411.16
13750,4592,15,3,118.33
13751,4593,38,2,1595.02
13752,4593,18,2,732.4
13753,4594,25,3,871.54
13754,4594,14,1,2467.06
13755,4594,1,3,2433.7
13756,4594,4,1,2029.54
13757,4595,20,3,364.82
13758,4595,31,1,1716.1
13759,4596,24,2,995.09
13760,4596,19,1,592.91
13761,4596,28,3,1944.42
13762,4596,33,1,1331.91
13763,4597,31,1,1716.1
13764,4598,4,2,2029.54
13765,4598,24,3,995.09
13766,4598,18,1,732.4
13767,4599,10,1,482.47
13768,4599,6,1,2402.91
13769,4599,12,3,2203.19
13770,4599,24,2,995.09
13771,4599,27,2,285.56
13772,4600,24,2,995.09
13773,4600,30,1,1422.18
13774,4600,32,2,31.92
13775,4600,3,2,2060.53
13776,4600,10,2,482.47
13777,4601,25,2,871.54
13778,4601,22,2,2088.57
13779,4602,37,3,933.72
13780,4602,35,2,1308.17
13781,4603,7,3,1335.9
13782,4603,24,2,995.09
13783,4604,4,2,2029.54
13784,4605,9,3,615.62
13785,4605,23,1,556.61
13786,4605,8,3,1311.65
13787,4606,24,1,995.09
13788,4606,29,3,2411.43
13789,4606,19,1,592.91
13790,4607,34,1,90.62
13791,4607,32,2,31.92
13792,4607,24,1,995.09
13793,4607,4,2,2029.54
13794,4608,38,2,1595.02
13795,4609,35,1,1308.17
13796,4609,17,2,2384.83
13797,4609,7,2,1335.9
13798,4610,17,2,2384.83
13799,4611,40,3,469.27
13800,4612,38,2,1595.02
13801,4612,2,3,1179.75
13802,4612,20,3,364.82
13803,4612,37,1,933.72
13804,4612,25,2,871.54
13805,4613,35,1,1308.17
13806,4613,40,2,469.27
13807,4613,17,3,2384.83
13808,4614,24,3,995.09
13809,4614,33,3,1331.91
13810,4614,12,1,2203.19
13811,4614,36,2,87.7
13812,4614,35,2,1308.17
13813,4615,37,2,933.72
13814,4615,26,1,2411.16
13815,4615,6,1,2402.91
13816,4615,27,1,285.56
13817,4615,29,3,2411.43
13818,4616,37,1,933.72
13819,4616,10,3,482.47
13820,4617,36,1,87.7
13821,4617,9,1,615.62
13822,4618,3,3,2060.53
13823,4618,28,1,1944.42
13824,4618,13,3,2446.23
13825,4618,32,1,31.92
13826,4619,26,2,2411.16
13827,4620,8,3,1311.65
13828,4620,29,2,2411.43
13829,4620,9,1,615.62
13830,4621,39,2,1007.34
13831,4621,10,2,482.47
13832,4622,18,1,732.4
13833,4622,37,1,933.72
13834,4623,29,1,2411.43
13835,4623,2,3,1179.75
13836,4623,34,1,90.62
13837,4624,30,1,1422.18
13838,4624,29,2,2411.43
13839,4624,25,2,871.54
13840,4625,14,3,2467.06
13841,4625,2,1,1179.75
13842,4626,23,1,556.61
13843,4626,3,3,2060.53
13844,4626,27,3,285.56
13845,4627,4,1,2029.54
13846,4627,16,3,1223.3
13847,4627,31,1,1716.1
13848,4628,36,3,87.7
13849,4628,1,3,2433.7
13850,4629,14,1,2467.06
13851,4630,32,1,31.92
13852,4630,15,3,118.33
13853,4631,8,1,1311.65
13854,4631,11,2,664.17
13855,4631,12,1,2203.19
13856,4632,1,1,2433.7
13857,4632,2,3,1179.75
13858,4633,25,1,871.54
13859,4634,12,1,2203.19
13860,4634,14,2,2467.06
13861,4635,21,1,1211.35
13862,4636,30,2,1422.18
13863,4636,8,3,1311.65
13864,4637,11,2,664.17
13865,4637,36,1,87.7
13866,4637,32,2,31.92
13867,4637,22,1,2088.57
13868,4637,7,3,1335.9
13869,4638,29,3,2411.43
13870,4638,1,2,2433.7
13871,4638,25,3,871.54
13872,4638,6,2,2402.91
13873,4638,23,1,556.61
13874,4639,15,3,118.33
13875,4639,16,2,1223.3
13876,4639,10,1,482.47
13877,4639,2,2,1179.75
13878,4639,35,2,1308.17
13879,4640,30,1,1422.18
13880,4640,13,1,2446.23
13881,4640,5,1,1174.24
13882,4640,28,2,1944.42
13883,4641,21,3,1211.35
13884,4641,7,3,1335.9
13885,4642,9,1,615.62
13886,4642,36,1,87.7
13887,4643,19,2,592.91
13888,4643,20,1,364.82
13889,4644,15,2,118.33
13890,4644,12,1,2203.19
13891,4645,7,1,1335.9
13892,4645,15,3,118.33
13893,4645,38,1,1595.02
13894,4645,35,2,1308.17
13895,4646,25,3,871.54
13896,4646,13,3,2446.23
13897,4646,26,2,2411.16
13898,4647,2,1,1179.75
13899,4647,3,2,2060.53
13900,4647,5,3,1174.24
13901,4647,28,1,1944.42
13902,4647,11,1,664.17
13903,4648,2,2,1179.75
13904,4648,33,2,1331.91
13905,4648,5,1,1174.24
13906,4648,32,2,31.92
13907,4648,37,1,933.72
13908,4649,4,2,2029.54
13909,4649,17,2,2384.83
13910,4649,12,3,2203.19
13911,4649,18,1,732.4
13912,4650,14,1,2467.06
13913,4650,22,1,2088.57
13914,4650,25,3,871.54
13915,4650,32,1,31.92
13916,4650,36,2,87.7
13917,4651,35,2,1308.17
13918,4651,4,2,2029.54
13919,4651,31,3,1716.1
13920,4651,32,3,31.92
13921,4652,9,1,615.62
13922,4653,2,1,1179.75
13923,4653,8,2,1311.65
13924,4653,3,3,2060.53
13925,4653,34,3,90.62
13926,4653,17,1,2384.83
13927,4654,10,2,482.47
13928,4655,3,2,2060.53
13929,4656,33,3,1331.91
13930,4656,40,3,469.27
13931,4656,23,3,556.61
13932,4657,32,3,31.92
13933,4658,27,3,285.56
13934,4659,26,2,2411.16
13935,4659,14,2,2467.06
13936,4659,2,1,1179.75
13937,4659,38,2,1595.02
13938,4659,36,1,87.7
13939,4660,4,1,2029.54
13940,4660,12,3,2203.19
13941,4660,37,2,933.72
13942,4660,36,2,87.7
13943,4661,36,1,87.7
13944,4661,28,2,1944.42
13945,4661,20,3,364.82
13946,4661,7,1,1335.9
13947,4661,13,1,2446.23
13948,4662,40,3,469.27
13949,4662,39,2,1007.34
13950,4662,23,2,556.61
13951,4662,9,3,615.62
13952,4663,12,2,2203.19
13953,4663,31,3,1716.1
13954,4663,2,3,1179.75
13955,4663,39,2,1007.34
13956,4663,19,2,592.91
13957,4664,37,2,933.72
13958,4664,1,3,2433.7
13959,4665,12,3,2203.19
13960,4666,34,1,90.62
13961,4666,25,2,871.54
13962,4667,6,3,2402.91
13963,4667,15,3,118.33
13964,4668,22,1,2088.57
13965,4668,10,3,482.47
13966,4668,25,2,871.54
13967,4668,5,1,1174.24
13968,4669,11,3,664.17
13969,4669,24,2,995.09
13970,4669,36,3,87.7
13971,4669,30,1,1422.18
13972,4669,4,1,2029.54
13973,4670,11,3,664.17
13974,4671,28,3,1944.42
13975,4671,12,1,2203.19
13976,4671,10,3,482.47
13977,4671,1,2,2433.7
13978,4672,17,2,2384.83
13979,4672,26,2,2411.16
13980,4672,25,1,871.54
13981,4672,35,2,1308.17
13982,4673,40,2,469.27
13983,4673,28,1,1944.42
13984,4674,32,3,31.92
13985,4674,16,3,1223.3
13986,4675,6,3,2402.91
13987,4675,24,3,995.09
13988,4675,37,1,933.72
13989,4675,30,1,1422.18
13990,4675,9,1,615.62
13991,4676,28,2,1944.42
13992,4676,16,3,1223.3
13993,4676,30,2,1422.18
13994,4676,36,3,87.7
13995,4677,20,1,364.82
13996,4677,17,1,2384.83
13997,4677,38,2,1595.02
13998,4677,7,2,1335.9
13999,4678,26,3,2411.16
14000,4678,29,3,2411.43
14001,4678,9,1,615.62
14002,4678,34,1,90.62
14003,4678,19,1,592.91
14004,4679,9,1,615.62
14005,4679,1,1,2433.7
14006,4679,27,2,285.56
14007,4679,39,2,1007.34
14008,4679,11,1,664.17
14009,4680,32,1,31.92
14010,4680,12,1,2203.19
14011,4681,12,3,2203.19
14012,4681,22,1,2088.57
14013,4681,13,3,2446.23
14014,4682,40,2,469.27
14015,4682,29,1,2411.43
14016,4682,39,3,1007.34
14017,4682,27,3,285.56
14018,4682,11,2,664.17
14019,4683,31,3,1716.1
14020,4683,34,1,90.62
14021,4684,11,1,664.17
14022,4684,7,1,1335.9
14023,4684,30,3,1422.18
14024,4685,17,2,2384.83
14025,4685,39,2,1007.34
14026,4685,4,3,2029.54
14027,4685,31,3,1716.1
14028,4686,38,2,1595.02
14029,4686,11,3,664.17
14030,4686,34,3,90.62
14031,4687,17,2,2384.83
14032,4687,35,3,1308.17
14033,4687,8,1,1311.65
14034,4687,4,3,2029.54
14035,4688,27,1,285.56
14036,4688,1,2,2433.7
14037,4688,7,2,1335.9
14038,4688,39,1,1007.34
14039,4689,2,2,1179.75
14040,4689,4,2,2029.54
14041,4689,12,1,2203.19
14042,4690,26,1,2411.16
14043,4690,27,1,285.56
14044,4690,33,1,1331.91
14045,4691,3,3,2060.53
14046,4691,35,2,1308.17
14047,4692,23,3,556.61
14048,4692,9,1,615.62
14049,4693,15,1,118.33
14050,4693,18,3,732.4
14051,4693,39,2,1007.34
14052,4693,7,1,1335.9
14053,4693,1,2,2433.7
14054,4694,18,3,732.4
14055,4694,20,2,364.82
14056,4694,16,2,1223.3
14057,4694,36,2,87.7
14058,4695,11,1,664.17
14059,4695,9,2,615.62
14060,4695,18,1,732.4
14061,4695,21,3,1211.35
14062,4695,13,2,2446.23
14063,4696,31,2,1716.1
14064,4696,33,3,1331.91
14065,4696,1,2,2433.7
14066,4696,23,3,556.61
14067,4697,23,1,556.61
14068,4697,31,2,1716.1
14069,4697,5,3,1174.24
14070,4697,22,1,2088.57
14071,4698,36,2,87.7
14072,4698,16,2,1223.3
14073,4698,9,1,615.62
14074,4698,1,2,2433.7
14075,4698,15,3,118.33
14076,4699,22,3,2088.57
14077,4699,2,3,1179.75
14078,4699,36,1,87.7
14079,4699,28,1,1944.42
14080,4699,26,2,2411.16
14081,4700,16,2,1223.3
14082,4700,19,2,592.91
14083,4701,31,1,1716.1
14084,4702,12,3,2203.19
14085,4702,30,3,1422.18
14086,4702,37,2,933.72
14087,4702,34,3,90.62
14088,4703,28,3,1944.42
14089,4703,36,1,87.7
14090,4703,33,3,1331.91
14091,4704,38,3,1595.02
14092,4704,16,3,1223.3
14093,4704,24,2,995.09
14094,4704,33,1,1331.91
14095,4705,27,3,285.56
14096,4705,2,3,1179.75
14097,4705,8,2,1311.65
14098,4706,39,1,1007.34
14099,4706,9,2,615.62
14100,4706,7,2,1335.9
14101,4706,24,1,995.09
14102,4707,20,3,364.82
14103,4707,22,2,2088.57
14104,4708,25,1,871.54
14105,4708,13,2,2446.23
14106,4709,18,2,732.4
14107,4709,10,1,482.47
14108,4709,29,2,2411.43
14109,4709,7,2,1335.9
14110,4710,6,1,2402.91
14111,4711,40,2,469.27
14112,4711,30,2,1422.18
14113,4711,3,2,2060.53
14114,4711,28,3,1944.42
14115,4712,7,1,1335.9
14116,4713,28,2,1944.42
14117,4713,35,2,1308.17
14118,4714,28,1,1944.42
14119,4714,29,3,2411.43
14120,4714,5,2,1174.24
14121,4714,36,3,87.7
14122,4714,23,3,556.61
14123,4715,3,3,2060.53
14124,4715,8,1,1311.65
14125,4716,3,3,2060.53
14126,4716,20,2,364.82
14127,4716,5,1,1174.24
14128,4717,16,1,1223.3
14129,4717,39,2,1007.34
14130,4717,18,1,732.4
14131,4717,17,1,2384.83
14132,4718,10,3,482.47
14133,4719,17,1,2384.83
14134,4719,7,3,1335.9
14135,4719,18,2,732.4
14136,4720,1,3,2433.7
14137,4720,7,2,1335.9
14138,4720,24,3,995.09
14139,4720,38,3,1595.02
14140,4721,17,3,2384.83
14141,4721,15,2,118.33
14142,4721,33,2,1331.91
14143,4722,13,1,2446.23
14144,4723,22,3,2088.57
14145,4723,13,2,2446.23
14146,4723,19,2,592.91
14147,4723,9,1,615.62
14148,4723,1,3,2433.7
14149,4724,20,3,364.82
14150,4724,31,2,1716.1
14151,4724,5,1,1174.24
14152,4725,35,1,1308.17
14153,4725,10,2,482.47
14154,4725,8,2,1311.65
14155,4725,15,2,118.33
14156,4725,13,3,2446.23
14157,4726,27,3,285.56
14158,4726,19,1,592.91
14159,4726,34,3,90.62
14160,4726,29,1,2411.43
14161,4726,32,3,31.92
14162,4727,9,3,615.62
14163,4728,18,3,732.4
14164,4729,23,2,556.61
14165,4729,40,1,469.27
14166,4730,12,2,2203.19
14167,4730,35,3,1308.17
14168,4731,23,3,556.61
14169,4731,28,2,1944.42
14170,4731,40,2,469.27
14171,4731,4,1,2029.54
14172,4731,35,3,1308.17
14173,4732,39,3,1007.34
14174,4732,18,1,732.4
14175,4732,19,3,592.91
14176,4733,12,1,2203.19
14177,4734,4,3,2029.54
14178,4734,27,3,285.56
14179,4734,30,1,1422.18
14180,4734,25,3,871.54
14181,4734,2,3,1179.75
14182,4735,32,2,31.92
14183,4735,24,2,995.09
14184,4735,10,2,482.47
14185,4736,14,1,2467.06
14186,4736,29,3,2411.43
14187,4736,37,1,933.72
14188,4737,13,3,2446.23
14189,4737,23,3,556.61
14190,4738,25,2,871.54
14191,4738,16,1,1223.3
14192,4739,28,1,1944.42
14193,4739,8,3,1311.65
14194,4740,15,2,118.33
14195,4740,12,1,2203.19
14196,4740,28,2,1944.42
14197,4741,36,3,87.7
14198,4742,37,2,933.72
14199,4742,19,2,592.91
14200,4743,8,2,1311.65
14201,4743,38,1,1595.02
14202,4743,40,3,469.27
14203,4743,21,1,1211.35
14204,4743,7,2,1335.9
14205,4744,31,3,1716.1
14206,4744,10,1,482.47
14207,4744,26,3,2411.16
14208,4744,14,1,2467.06
14209,4744,3,3,2060.53
14210,4745,7,1,1335.9
14211,4745,6,3,2402.91
14212,4745,21,2,1211.35
14213,4745,38,2,1595.02
14214,4745,10,1,482.47
14215,4746,35,3,1308.17
14216,4746,2,1,1179.75
14217,4746,7,2,1335.9
14218,4747,5,1,1174.24
14219,4748,24,3,995.09
14220,4748,32,1,31.92
14221,4748,15,2,118.33
14222,4749,14,1,2467.06
14223,4749,30,2,1422.18
14224,4749,8,1,1311.65
14225,4750,31,2,1716.1
14226,4750,39,2,1007.34
14227,4751,13,2,2446.23
14228,4751,3,1,2060.53
14229,4751,30,3,1422.18
14230,4751,7,1,1335.9
14231,4751,40,1,469.27
14232,4752,38,1,1595.02
14233,4752,36,1,87.7
14234,4752,35,2,1308.17
14235,4752,23,1,556.61
14236,4753,9,2,615.62
14237,4753,29,2,2411.43
14238,4753,14,2,2467.06
14239,4753,28,2,1944.42
14240,4754,25,2,871.54
14241,4754,2,3,1179.75
14242,4754,32,1,31.92
14243,4755,27,1,285.56
14244,4755,23,3,556.61
14245,4755,4,1,2029.54
14246,4756,36,2,87.7
14247,4757,10,2,482.47
14248,4757,11,2,664.17
14249,4758,17,3,2384.83
14250,4758,24,2,995.09
14251,4758,34,3,90.62
14252,4759,22,1,2088.57
14253,4759,30,2,1422.18
14254,4759,17,1,2384.83
14255,4760,38,1,1595.02
14256,4760,15,3,118.33
14257,4760,6,3,2402.91
14258,4760,24,2,995.09
14259,4761,40,3,469.27
14260,4761,23,2,556.61
14261,4762,1,3,2433.7
14262,4762,18,2,732.4
14263,4762,30,2,1422.18
14264,4763,29,2,2411.43
14265,4764,37,2,933.72
14266,4764,1,1,2433.7
14267,4764,40,3,469.27
14268,4765,8,1,1311.65
14269,4765,10,3,482.47
14270,4765,19,2,592.91
14271,4765,16,1,1223.3
14272,4765,5,2,1174.24
14273,4766,2,1,1179.75
14274,4767,19,1,592.91
14275,4767,8,3,1311.65
14276,4767,23,3,556.61
14277,4767,36,3,87.7
14278,4768,35,1,1308.17
14279,4768,21,2,1211.35
14280,4768,1,2,2433.7
14281,4768,38,2,1595.02
14282,4769,2,3,1179.75
14283,4769,32,2,31.92
14284,4769,12,2,2203.19
14285,4769,28,2,1944.42
14286,4770,26,2,2411.16
14287,4771,19,1,592.91
14288,4772,23,2,556.61
14289,4772,5,2,1174.24
14290,4772,18,2,732.4
14291,4773,40,2,469.27
14292,4773,5,1,1174.24
14293,4773,3,1,2060.53
14294,4773,30,2,1422.18
14295,4773,16,3,1223.3
14296,4774,7,1,1335.9
14297,4774,18,3,732.4
14298,4774,35,2,1308.17
14299,4774,19,2,592.91
14300,4775,32,3,31.92
14301,4775,16,1,1223.3
14302,4776,8,1,1311.65
14303,4776,38,1,1595.02
14304,4777,36,1,87.7
14305,4777,31,2,1716.1
14306,4778,4,3,2029.54
14307,4778,27,1,285.56
14308,4778,29,2,2411.43
14309,4778,13,1,2446.23
14310,4779,10,2,482.47
14311,4780,19,2,592.91
14312,4781,35,1,1308.17
14313,4781,32,2,31.92
14314,4781,39,3,1007.34
14315,4781,26,2,2411.16
14316,4781,9,1,615.62
14317,4782,26,2,2411.16
14318,4783,2,3,1179.75
14319,4783,24,1,995.09
14320,4784,11,2,664.17
14321,4784,39,2,1007.34
14322,4784,1,2,2433.7
14323,4784,28,2,1944.42
14324,4785,31,1,1716.1
14325,4785,30,3,1422.18
14326,4786,29,1,2411.43
14327,4787,34,1,90.62
14328,4787,29,1,2411.43
14329,4787,32,1,31.92
14330,4787,38,3,1595.02
14331,4788,39,1,1007.34
14332,4788,26,1,2411.16
14333,4788,32,1,31.92
14334,4789,10,2,482.47
14335,4789,27,1,285.56
14336,4789,30,2,1422.18
14337,4789,2,1,1179.75
14338,4790,20,3,364.82
14339,4790,39,3,1007.34
14340,4790,25,2,871.54
14341,4790,17,1,2384.83
14342,4790,28,2,1944.42
14343,4791,19,3,592.91
14344,4791,35,1,1308.17
14345,4792,20,2,364.82
14346,4792,9,2,615.62
14347,4793,39,3,1007.34
14348,4793,18,2,732.4
14349,4793,36,1,87.7
14350,4793,3,3,2060.53
14351,4794,22,2,2088.57
14352,4795,33,3,1331.91
14353,4796,10,1,482.47
14354,4796,21,3,1211.35
14355,4796,32,2,31.92
14356,4796,15,1,118.33
14357,4797,38,1,1595.02
14358,4797,12,1,2203.19
14359,4797,4,1,2029.54
14360,4798,30,1,1422.18
14361,4798,13,2,2446.23
14362,4799,21,3,1211.35
14363,4799,32,1,31.92
14364,4799,24,1,995.09
14365,4799,40,3,469.27
14366,4800,16,2,1223.3
14367,4800,39,3,1007.34
14368,4800,26,3,2411.16
14369,4801,18,3,732.4
14370,4802,34,1,90.62
14371,4803,38,3,1595.02
14372,4803,33,3,1331.91
14373,4803,5,2,1174.24
14374,4804,26,3,2411.16
14375,4804,27,1,285.56
14376,4804,36,2,87.7
14377,4804,6,2,2402.91
14378,4805,32,3,31.92
14379,4805,19,3,592.91
14380,4805,37,2,933.72
14381,4805,5,1,1174.24
14382,4805,13,3,2446.23
14383,4806,12,3,2203.19
14384,4807,35,3,1308.17
14385,4808,35,1,1308.17
14386,4808,6,2,2402.91
14387,4809,31,1,1716.1
14388,4809,5,1,1174.24
14389,4809,25,3,871.54
14390,4809,39,1,1007.34
14391,4810,5,3,1174.24
14392,4811,3,2,2060.53
14393,4811,26,1,2411.16
14394,4811,37,2,933.72
14395,4812,13,1,2446.23
14396,4812,21,1,1211.35
14397,4812,19,3,592.91
14398,4812,27,1,285.56
14399,4812,29,2,2411.43
14400,4813,29,3,2411.43
14401,4813,15,1,118.33
14402,4813,27,3,285.56
14403,4813,31,1,1716.1
14404,4814,36,2,87.7
14405,4814,31,2,1716.1
14406,4814,7,2,1335.9
14407,4815,21,3,1211.35
14408,4815,11,1,664.17
14409,4815,15,2,118.33
14410,4815,30,3,1422.18
14411,4816,10,3,482.47
14412,4816,21,2,1211.35
14413,4816,13,3,2446.23
14414,4816,35,1,1308.17
14415,4816,27,1,285.56
14416,4817,14,3,2467.06
14417,4817,11,3,664.17
14418,4817,5,2,1174.24
14419,4818,20,2,364.82
14420,4818,35,2,1308.17
14421,4818,4,1,2029.54
14422,4818,8,3,1311.65
14423,4818,29,3,2411.43
14424,4819,28,1,1944.42
14425,4819,19,2,592.91
14426,4819,38,2,1595.02
14427,4820,22,3,2088.57
14428,4820,9,2,615.62
14429,4820,6,2,2402.91
14430,4820,23,2,556.61
14431,4820,17,3,2384.83
14432,4821,13,1,2446.23
14433,4821,33,3,1331.91
14434,4821,32,3,31.92
14435,4821,12,3,2203.19
14436,4821,30,1,1422.18
14437,4822,1,2,2433.7
14438,4822,4,2,2029.54
14439,4822,27,1,285.56
14440,4822,6,3,2402.91
14441,4822,14,2,2467.06
14442,4823,15,2,118.33
14443,4823,2,1,1179.75
14444,4823,35,2,1308.17
14445,4823,30,3,1422.18
14446,4824,36,2,87.7
14447,4824,11,2,664.17
14448,4825,29,2,2411.43
14449,4825,28,3,1944.42
14450,4825,35,3,1308.17
14451,4825,16,2,1223.3
14452,4826,6,1,2402.91
14453,4826,38,2,1595.02
14454,4827,17,2,2384.83
14455,4827,11,1,664.17
14456,4827,37,3,933.72
14457,4827,13,3,2446.23
14458,4827,16,1,1223.3
14459,4828,23,1,556.61
14460,4828,4,3,2029.54
14461,4828,19,3,592.91
14462,4828,9,2,615.62
14463,4829,29,1,2411.43
14464,4829,26,1,2411.16
14465,4829,23,1,556.61
14466,4830,33,2,1331.91
14467,4830,14,2,2467.06
14468,4830,9,2,615.62
14469,4830,35,1,1308.17
14470,4831,14,3,2467.06
14471,4832,22,2,2088.57
14472,4832,30,3,1422.18
14473,4832,20,2,364.82
14474,4833,9,3,615.62
14475,4833,27,1,285.56
14476,4833,37,3,933.72
14477,4833,30,2,1422.18
14478,4833,12,1,2203.19
14479,4834,4,2,2029.54
14480,4834,5,3,1174.24
14481,4835,24,2,995.09
14482,4835,4,3,2029.54
14483,4835,36,3,87.7
14484,4835,8,3,1311.65
14485,4836,13,1,2446.23
14486,4836,33,2,1331.91
14487,4837,39,3,1007.34
14488,4837,20,1,364.82
14489,4837,13,3,2446.23
14490,4838,39,3,1007.34
14491,4838,13,1,2446.23
14492,4838,4,2,2029.54
14493,4838,34,2,90.62
14494,4839,19,2,592.91
14495,4839,29,1,2411.43
14496,4839,3,2,2060.53
14497,4839,8,2,1311.65
14498,4839,25,1,871.54
14499,4840,5,1,1174.24
14500,4840,33,1,1331.91
14501,4840,38,2,1595.02
14502,4841,9,3,615.62
14503,4841,14,2,2467.06
14504,4841,18,3,732.4
14505,4841,22,3,2088.57
14506,4841,23,1,556.61
14507,4842,39,1,1007.34
14508,4842,33,2,1331.91
14509,4842,22,2,2088.57
14510,4843,34,3,90.62
14511,4843,6,1,2402.91
14512,4843,20,1,364.82
14513,4844,30,1,1422.18
14514,4844,12,2,2203.19
14515,4844,7,2,1335.9
14516,4844,20,1,364.82
14517,4845,30,1,1422.18
14518,4845,29,2,2411.43
14519,4846,7,3,1335.9
14520,4846,16,3,1223.3
14521,4847,26,3,2411.16
14522,4847,17,2,2384.83
14523,4847,9,3,615.62
14524,4848,14,3,2467.06
14525,4848,22,1,2088.57
14526,4848,31,1,1716.1
14527,4848,35,2,1308.17
14528,4848,19,1,592.91
14529,4849,29,2,2411.43
14530,4849,38,2,1595.02
14531,4849,37,1,933.72
14532,4849,7,1,1335.9
14533,4850,24,2,995.09
14534,4850,32,1,31.92
14535,4850,26,3,2411.16
14536,4851,4,1,2029.54
14537,4852,29,2,2411.43
14538,4852,8,3,1311.65
14539,4852,40,3,469.27
14540,4852,20,1,364.82
14541,4852,14,3,2467.06
14542,4853,25,1,871.54
14543,4853,35,2,1308.17
14544,4853,18,2,732.4
14545,4853,21,1,1211.35
14546,4853,9,1,615.62
14547,4854,25,3,871.54
14548,4854,11,2,664.17
14549,4854,3,2,2060.53
14550,4855,37,2,933.72
14551,4855,18,3,732.4
14552,4856,36,3,87.7
14553,4856,27,3,285.56
14554,4856,26,2,2411.16
14555,4856,31,2,1716.1
14556,4856,16,2,1223.3
14557,4857,10,2,482.47
14558,4858,3,1,2060.53
14559,4859,19,2,592.91
14560,4859,39,1,1007.34
14561,4860,28,1,1944.42
14562,4860,37,2,933.72
14563,4860,16,1,1223.3
14564,4860,23,2,556.61
14565,4861,2,2,1179.75
14566,4861,31,3,1716.1
14567,4861,14,2,2467.06
14568,4862,1,1,2433.7
14569,4862,31,1,1716.1
14570,4863,30,1,1422.18
14571,4863,24,2,995.09
14572,4863,26,3,2411.16
14573,4863,39,1,1007.34
14574,4863,34,2,90.62
14575,4864,15,1,118.33
14576,4864,37,2,933.72
14577,4864,12,2,2203.19
14578,4864,30,1,1422.18
14579,4865,37,1,933.72
14580,4865,31,2,1716.1
14581,4865,22,3,2088.57
14582,4865,14,1,2467.06
14583,4865,24,1,995.09
14584,4866,2,2,1179.75
14585,4867,40,2,469.27
14586,4867,3,2,2060.53
14587,4868,34,2,90.62
14588,4868,32,2,31.92
14589,4869,9,3,615.62
14590,4869,34,2,90.62
14591,4869,39,2,1007.34
14592,4870,34,3,90.62
14593,4871,21,3,1211.35
14594,4871,8,3,1311.65
14595,4871,7,3,1335.9
14596,4872,24,3,995.09
14597,4872,19,2,592.91
14598,4872,33,1,1331.91
14599,4872,16,1,1223.3
14600,4872,38,1,1595.02
14601,4873,27,2,285.56
14602,4873,28,3,1944.42
14603,4874,7,3,1335.9
14604,4875,17,3,2384.83
14605,4876,18,3,732.4
14606,4876,6,2,2402.91
14607,4876,38,3,1595.02
14608,4877,40,1,469.27
14609,4877,12,3,2203.19
14610,4877,14,2,2467.06
14611,4877,8,3,1311.65
14612,4878,36,2,87.7
14613,4878,34,2,90.62
14614,4878,13,3,2446.23
14615,4878,39,1,1007.34
14616,4878,18,1,732.4
14617,4879,8,3,1311.65
14618,4879,6,2,2402.91
14619,4880,15,3,118.33
14620,4880,2,1,1179.75
14621,4880,16,1,1223.3
14622,4880,37,2,933.72
14623,4880,38,2,1595.02
14624,4881,4,3,2029.54
14625,4881,31,3,1716.1
14626,4881,9,2,615.62
14627,4881,28,3,1944.42
14628,4881,21,3,1211.35
14629,4882,31,2,1716.1
14630,4882,29,1,2411.43
14631,4883,3,2,2060.53
14632,4883,12,1,2203.19
14633,4883,16,1,1223.3
14634,4884,5,2,1174.24
14635,4884,10,2,482.47
14636,4884,4,2,2029.54
14637,4885,28,2,1944.42
14638,4885,34,1,90.62
14639,4885,35,1,1308.17
14640,4885,22,2,2088.57
14641,4886,38,1,1595.02
14642,4886,26,1,2411.16
14643,4886,34,1,90.62
14644,4886,14,2,2467.06
14645,4886,32,1,31.92
14646,4887,12,2,2203.19
14647,4887,9,1,615.62
14648,4887,28,3,1944.42
14649,4888,8,2,1311.65
14650,4888,31,2,1716.1
14651,4888,29,1,2411.43
14652,4888,1,2,2433.7
14653,4888,18,3,732.4
14654,4889,21,1,1211.35
14655,4889,16,1,1223.3
14656,4889,2,3,1179.75
14657,4889,14,1,2467.06
14658,4889,34,3,90.62
14659,4890,15,1,118.33
14660,4890,23,2,556.61
14661,4890,18,1,732.4
14662,4891,13,1,2446.23
14663,4891,7,3,1335.9
14664,4891,39,2,1007.34
14665,4892,29,3,2411.43
14666,4892,27,2,285.56
14667,4893,4,1,2029.54
14668,4893,36,3,87.7
14669,4894,6,3,2402.91
14670,4894,18,2,732.4
14671,4895,27,1,285.56
14672,4896,21,2,1211.35
14673,4897,30,3,1422.18
14674,4897,11,3,664.17
14675,4898,13,1,2446.23
14676,4898,1,3,2433.7
14677,4898,32,3,31.92
14678,4899,27,3,285.56
14679,4899,31,2,1716.1
14680,4899,14,2,2467.06
14681,4899,35,3,1308.17
14682,4900,25,2,871.54
14683,4901,22,3,2088.57
14684,4901,20,2,364.82
14685,4901,17,2,2384.83
14686,4901,8,3,1311.65
14687,4901,26,3,2411.16
14688,4902,9,2,615.62
14689,4902,40,1,469.27
14690,4903,27,3,285.56
14691,4903,34,1,90.62
14692,4903,38,2,1595.02
14693,4903,6,2,2402.91
14694,4903,39,2,1007.34
14695,4904,30,2,1422.18
14696,4904,20,2,364.82
14697,4905,6,2,2402.91
14698,4905,7,2,1335.9
14699,4905,26,3,2411.16
14700,4905,1,3,2433.7
14701,4906,9,3,615.62
14702,4906,37,1,933.72
14703,4906,16,3,1223.3
14704,4906,35,3,1308.17
14705,4907,31,3,1716.1
14706,4908,23,1,556.61
14707,4908,17,2,2384.83
14708,4908,31,3,1716.1
14709,4909,38,1,1595.02
14710,4909,24,2,995.09
14711,4909,31,3,1716.1
14712,4909,5,3,1174.24
14713,4909,3,3,2060.53
14714,4910,31,1,1716.1
14715,4910,10,2,482.47
14716,4910,6,3,2402.91
14717,4910,39,2,1007.34
14718,4911,40,3,469.27
14719,4911,37,2,933.72
14720,4912,9,2,615.62
14721,4912,13,3,2446.23
14722,4912,24,1,995.09
14723,4912,4,1,2029.54
14724,4913,30,1,1422.18
14725,4913,39,3,1007.34
14726,4913,38,2,1595.02
14727,4914,35,1,1308.17
14728,4915,7,2,1335.9
14729,4915,10,1,482.47
14730,4916,24,1,995.09
14731,4917,2,1,1179.75
14732,4917,25,2,871.54
14733,4917,29,3,2411.43
14734,4917,22,3,2088.57
14735,4917,27,2,285.56
14736,4918,32,3,31.92
14737,4918,15,3,118.33
14738,4918,26,1,2411.16
14739,4919,29,1,2411.43
14740,4919,2,2,1179.75
14741,4919,22,1,2088.57
14742,4919,7,3,1335.9
14743,4919,12,2,2203.19
14744,4920,27,1,285.56
14745,4921,40,1,469.27
14746,4921,7,3,1335.9
14747,4921,1,1,2433.7
14748,4921,21,3,1211.35
14749,4922,17,3,2384.83
14750,4922,37,3,933.72
14751,4922,36,3,87.7
14752,4923,5,3,1174.24
14753,4923,2,3,1179.75
14754,4924,13,1,2446.23
14755,4925,20,1,364.82
14756,4925,6,2,2402.91
14757,4925,39,2,1007.34
14758,4926,27,3,285.56
14759,4926,31,3,1716.1
14760,4926,40,2,469.27
14761,4927,35,3,1308.17
14762,4927,37,2,933.72
14763,4927,6,3,2402.91
14764,4927,16,2,1223.3
14765,4928,26,1,2411.16
14766,4928,36,3,87.7
14767,4928,11,3,664.17
14768,4928,13,3,2446.23
14769,4928,14,1,2467.06
14770,4929,17,3,2384.83
14771,4929,35,2,1308.17
14772,4929,6,3,2402.91
14773,4929,40,1,469.27
14774,4930,10,3,482.47
14775,4931,10,1,482.47
14776,4932,11,3,664.17
14777,4932,33,3,1331.91
14778,4932,35,3,1308.17
14779,4932,8,1,1311.65
14780,4932,7,1,1335.9
14781,4933,24,3,995.09
14782,4933,17,3,2384.83
14783,4933,39,2,1007.34
14784,4933,23,1,556.61
14785,4934,20,2,364.82
14786,4934,37,3,933.72
14787,4934,1,1,2433.7
14788,4934,8,2,1311.65
14789,4935,13,2,2446.23
14790,4936,37,3,933.72
14791,4936,28,2,1944.42
14792,4937,23,1,556.61
14793,4937,31,3,1716.1
14794,4938,16,2,1223.3
14795,4938,17,1,2384.83
14796,4938,39,3,1007.34
14797,4939,35,1,1308.17
14798,4939,40,3,469.27
14799,4939,2,2,1179.75
14800,4940,30,2,1422.18
14801,4940,18,3,732.4
14802,4941,26,1,2411.16
14803,4941,13,1,2446.23
14804,4941,20,3,364.82
14805,4942,32,2,31.92
14806,4942,19,2,592.91
14807,4942,25,2,871.54
14808,4943,22,1,2088.57
14809,4943,16,3,1223.3
14810,4943,23,1,556.61
14811,4943,37,3,933.72
14812,4943,17,1,2384.83
14813,4944,40,1,469.27
14814,4944,31,3,1716.1
14815,4944,22,3,2088.57
14816,4944,24,2,995.09
14817,4944,36,2,87.7
14818,4945,21,1,1211.35
14819,4945,10,1,482.47
14820,4945,8,2,1311.65
14821,4945,14,1,2467.06
14822,4945,15,3,118.33
14823,4946,21,3,1211.35
14824,4946,17,3,2384.83
14825,4946,8,3,1311.65
14826,4946,26,3,2411.16
14827,4946,37,3,933.72
14828,4947,30,2,1422.18
14829,4947,29,2,2411.43
14830,4947,11,2,664.17
14831,4948,31,1,1716.1
14832,4948,14,3,2467.06
14833,4949,25,1,871.54
14834,4950,36,1,87.7
14835,4950,35,1,1308.17
14836,4950,33,2,1331.91
14837,4950,34,1,90.62
14838,4951,38,2,1595.02
14839,4951,26,2,2411.16
14840,4951,9,1,615.62
14841,4952,33,3,1331.91
14842,4953,9,2,615.62
14843,4953,3,1,2060.53
14844,4953,10,2,482.47
14845,4953,32,2,31.92
14846,4953,7,2,1335.9
14847,4954,24,3,995.09
14848,4954,30,2,1422.18
14849,4954,5,3,1174.24
14850,4954,13,1,2446.23
14851,4954,6,2,2402.91
14852,4955,20,2,364.82
14853,4955,13,3,2446.23
14854,4955,35,1,1308.17
14855,4955,24,1,995.09
14856,4956,17,3,2384.83
14857,4956,8,2,1311.65
14858,4956,31,3,1716.1
14859,4957,1,3,2433.7
14860,4958,2,3,1179.75
14861,4958,14,1,2467.06
14862,4959,8,3,1311.65
14863,4960,13,2,2446.23
14864,4960,5,2,1174.24
14865,4960,11,2,664.17
14866,4961,14,2,2467.06
14867,4961,9,3,615.62
14868,4961,3,3,2060.53
14869,4961,8,3,1311.65
14870,4961,5,3,1174.24
14871,4962,35,2,1308.17
14872,4962,22,1,2088.57
14873,4962,11,2,664.17
14874,4962,30,3,1422.18
14875,4963,28,1,1944.42
14876,4963,5,1,1174.24
14877,4963,3,2,2060.53
14878,4963,6,3,2402.91
14879,4963,22,2,2088.57
14880,4964,6,1,2402.91
14881,4964,14,3,2467.06
14882,4964,15,2,118.33
14883,4964,7,3,1335.9
14884,4964,33,3,1331.91
14885,4965,7,2,1335.9
14886,4966,33,3,1331.91
14887,4966,35,1,1308.17
14888,4966,14,3,2467.06
14889,4966,27,1,285.56
14890,4967,10,3,482.47
14891,4967,35,1,1308.17
14892,4968,17,3,2384.83
14893,4968,35,2,1308.17
14894,4968,30,1,1422.18
14895,4968,28,2,1944.42
14896,4969,39,2,1007.34
14897,4969,32,1,31.92
14898,4969,3,3,2060.53
14899,4970,20,1,364.82
14900,4971,6,3,2402.91
14901,4971,21,2,1211.35
14902,4971,18,2,732.4
14903,4971,27,1,285.56
14904,4971,30,3,1422.18
14905,4972,30,2,1422.18
14906,4972,35,2,1308.17
14907,4972,13,1,2446.23
14908,4972,23,2,556.61
14909,4972,27,2,285.56
14910,4973,9,1,615.62
14911,4973,32,1,31.92
14912,4974,25,3,871.54
14913,4974,16,3,1223.3
14914,4974,30,1,1422.18
14915,4974,20,2,364.82
14916,4975,18,2,732.4
14917,4975,22,3,2088.57
14918,4976,26,2,2411.16
14919,4976,32,1,31.92
14920,4976,2,2,1179.75
14921,4976,13,2,2446.23
14922,4977,10,2,482.47
14923,4977,37,2,933.72
14924,4977,20,1,364.82
14925,4977,33,2,1331.91
14926,4977,22,3,2088.57
14927,4978,16,1,1223.3
14928,4979,12,3,2203.19
14929,4979,16,2,1223.3
14930,4980,16,3,1223.3
14931,4980,17,3,2384.83
14932,4980,4,2,2029.54
14933,4981,7,2,1335.9
14934,4981,13,2,2446.23
14935,4982,24,2,995.09
14936,4982,16,2,1223.3
14937,4982,15,3,118.33
14938,4982,26,1,2411.16
14939,4983,4,3,2029.54
14940,4984,38,1,1595.02
14941,4984,37,3,933.72
14942,4984,24,1,995.09
14943,4984,29,2,2411.43
14944,4985,25,2,871.54
14945,4985,38,2,1595.02
14946,4985,7,2,1335.9
14947,4985,30,3,1422.18
14948,4985,15,3,118.33
14949,4986,40,3,469.27
14950,4987,36,2,87.7
14951,4987,7,3,1335.9
14952,4987,18,3,732.4
14953,4987,37,3,933.72
14954,4987,12,3,2203.19
14955,4988,36,1,87.7
14956,4988,38,1,1595.02
14957,4989,16,2,1223.3
14958,4989,28,2,1944.42
14959,4989,30,1,1422.18
14960,4989,11,2,664.17
14961,4990,10,3,482.47
14962,4991,24,2,995.09
14963,4991,11,3,664.17
14964,4991,4,1,2029.54
14965,4991,16,2,1223.3
14966,4992,11,1,664.17
14967,4992,8,3,1311.65
14968,4992,27,2,285.56
14969,4992,26,1,2411.16
14970,4993,32,3,31.92
14971,4994,8,2,1311.65
14972,4995,18,2,732.4
14973,4995,8,1,1311.65
14974,4995,24,3,995.09
14975,4995,34,2,90.62
14976,4996,39,1,1007.34
14977,4996,15,3,118.33
14978,4997,25,2,871.54
14979,4998,30,1,1422.18
14980,4998,20,3,364.82
14981,4998,25,3,871.54
14982,4998,1,1,2433.7
14983,4998,22,3,2088.57
14984,4999,17,2,2384.83
14985,4999,9,1,615.62
14986,4999,39,3,1007.34
14987,4999,10,3,482.47
14988,4999,20,3,364.82
14989,5000,10,2,482.47
14990,5000,14,3,2467.06
14991,5000,35,1,1308.17
14992,5000,3,1,2060.53
14993,5000,40,3,469.27
