payment_id,order_id,payment_method,amount,payment_date
1,1,Debit Card,14537.91,2025-08-31 07:39:02.897111
2,2,Credit Card,60.23,2026-05-21 10:31:10.155006
3,3,Debit Card,8745.37,2025-11-06 01:54:56.315928
4,4,Apple Pay,15763.03,2026-07-10 10:32:39.658901
5,5,Debit Card,4210.5,2026-02-21 12:45:06.385062
6,6,Apple Pay,13306.57,2026-02-15 03:46:28.744064
7,7,PayPal,13954.33,2026-02-18 14:50:43.756698
8,8,PayPal,13723.93,2026-03-18 20:42:54.344427
9,9,Google Pay,2175.44,2026-04-01 05:47:01.260551
10,10,PayPal,1088.38,2025-11-06 17:39:15.629990
11,11,Debit Card,19685.77,2026-04-22 11:54:49.396154
12,12,Debit Card,120.46,2026-04-21 17:08:12.223357
13,13,Debit Card,4972.19,2026-02-23 12:00:24.392488
14,14,Debit Card,2807.0,2025-09-29 07:05:03.103932
15,15,Debit Card,3991.2,2026-07-29 04:47:02.631693
16,16,PayPal,12433.61,2026-06-12 11:36:17.810334
17,17,Apple Pay,17389.71,2026-05-21 22:36:18.428513
18,18,Credit Card,5511.05,2025-10-10 03:38:15.321369
19,19,PayPal,11894.16,2026-07-03 08:26:09.460881
20,20,Apple Pay,5385.45,2025-11-06 08:31:03.377006
21,21,PayPal,6139.11,2025-11-10 15:08:01.955998
22,22,PayPal,2718.0,2025-08-23 08:31:56.928482
23,23,Apple Pay,762.05,2026-02-03 14:36:50.554154
24,24,Debit Card,5905.86,2026-07-05 16:57:47.561345
25,25,Debit Card,4908.75,2026-05-11 17:54:23.184602
26,26,PayPal,5855.1,2026-05-02 13:07:13.807704
27,27,Apple Pay,11067.59,2026-04-26 10:52:37.876020
28,28,Apple Pay,6948.13,2026-03-20 18:24:26.261315
29,29,Google Pay,8444.41,2026-01-20 05:53:19.621737
30,30,Debit Card,406.71,2025-11-11 04:57:53.829780
31,31,Credit Card,1463.28,2026-05-05 18:25:02.096493
32,32,Apple Pay,16810.04,2026-05-26 03:05:32.201310
33,33,Apple Pay,3213.06,2025-10-22 20:57:20.107341
34,34,Apple Pay,15912.27,2026-07-25 20:16:06.627393
35,35,PayPal,2834.35,2026-05-17 03:30:50.734740
36,36,Google Pay,4678.56,2025-08-19 00:08:17.795089
37,37,PayPal,14135.1,2026-05-22 20:10:21.827038
38,38,Debit Card,16752.57,2026-03-28 08:26:46.577126
39,39,PayPal,4646.9,2026-05-02 11:37:34.290398
40,40,Credit Card,9030.09,2026-05-19 10:25:52.366724
41,41,Credit Card,15187.27,2025-08-24 05:54:21.042287
42,42,Debit Card,3704.67,2026-03-02 13:43:27.176653
43,43,Apple Pay,1161.88,2025-12-04 21:29:24.314957
44,44,Apple Pay,2844.15,2026-04-28 05:37:00.859807
45,45,Debit Card,6251.83,2026-01-26 23:27:31.688009
46,46,Google Pay,6046.06,2026-02-07 12:31:45.641205
47,47,Credit Card,2039.88,2026-04-05 03:02:24.956510
48,48,Credit Card,7068.96,2026-02-06 15:30:28.104741
49,49,Credit Card,2286.15,2025-09-04 19:39:25.480715
50,50,Apple Pay,7965.18,2026-03-08 02:19:04.684106
51,51,Apple Pay,8155.65,2025-09-22 04:01:22.305863
52,52,Apple Pay,19347.12,2026-02-16 13:30:04.068593
53,53,Google Pay,16524.1,2026-02-09 00:16:13.493966
54,54,Credit Card,9449.98,2025-09-11 09:02:41.881782
55,55,Credit Card,3764.71,2026-04-02 22:14:07.342560
56,56,Debit Card,5398.59,2026-01-02 20:28:32.533471
57,57,Credit Card,7327.64,2026-03-15 16:14:32.569952
58,58,Credit Card,9896.71,2026-07-26 21:45:28.757578
59,59,PayPal,7297.3,2026-06-16 07:09:24.077110
60,60,Apple Pay,180.69,2026-05-30 03:36:42.561810
61,61,PayPal,3414.26,2026-01-14 11:27:22.808342
62,62,Credit Card,2384.93,2026-05-30 20:50:42.620027
63,63,PayPal,3177.78,2026-05-17 14:44:00.174972
64,64,Debit Card,10692.19,2025-12-24 05:44:28.359596
65,65,Google Pay,3973.4,2025-09-12 03:53:00.777926
66,66,Google Pay,6274.7,2025-08-27 00:05:14.626930
67,67,Apple Pay,6139.11,2025-08-04 09:47:27.508156
68,68,Credit Card,8775.57,2026-07-21 18:31:12.181020
69,69,Credit Card,3309.57,2026-04-18 18:32:57.551094
70,70,Apple Pay,10860.17,2025-09-22 21:25:20.793276
71,71,Debit Card,5193.47,2026-03-22 14:10:29.016618
72,72,PayPal,4479.87,2025-11-20 05:00:56.868109
73,73,Google Pay,13988.46,2026-06-25 05:53:17.296243
74,74,PayPal,5867.76,2025-10-05 23:48:13.428407
75,75,Debit Card,13778.21,2026-06-24 15:40:04.417610
76,76,Debit Card,9855.94,2025-12-04 20:13:09.928997
77,77,Google Pay,4373.35,2025-12-17 19:26:40.982669
78,78,Debit Card,13259.82,2026-01-04 16:12:31.288085
79,79,Google Pay,9038.98,2025-11-17 00:23:55.464030
80,80,Credit Card,6438.63,2025-12-28 10:29:53.302879
81,81,PayPal,5594.56,2025-08-24 14:02:41.192325
82,82,Debit Card,4918.98,2026-02-02 17:26:48.999846
83,83,Credit Card,2490.42,2026-02-22 05:30:13.548960
84,84,Apple Pay,6738.94,2026-06-22 06:28:35.084726
85,85,Credit Card,2647.09,2026-05-25 20:54:10.018160
86,86,Debit Card,12826.4,2025-12-09 01:59:41.909466
87,87,Google Pay,5973.31,2025-11-24 08:03:00.943359
88,88,Apple Pay,2780.35,2025-10-22 07:05:56.464451
89,89,Google Pay,3081.99,2026-07-08 20:23:57.955492
90,90,Google Pay,16042.57,2026-04-28 19:10:20.088476
91,91,Credit Card,17829.52,2025-10-26 02:49:55.539162
92,92,Apple Pay,2039.71,2026-07-30 07:14:03.636914
93,93,Credit Card,1487.08,2026-05-22 16:27:20.405688
94,94,Credit Card,7512.7,2026-01-04 14:29:48.960799
95,95,Debit Card,13669.03,2025-12-22 18:18:13.535219
96,96,Debit Card,4431.42,2026-01-10 15:53:28.608226
97,97,Apple Pay,13639.44,2025-08-28 09:02:18.594079
98,98,PayPal,10012.19,2026-05-08 00:43:43.298550
99,99,Apple Pay,7150.96,2025-08-30 14:54:53.015141
100,100,PayPal,7685.06,2025-11-10 04:41:11.473099
101,101,Apple Pay,17111.09,2026-01-08 03:22:53.195055
102,102,Apple Pay,3698.09,2026-01-25 16:57:53.334101
103,103,PayPal,12322.68,2026-02-26 08:12:00.915731
104,104,Apple Pay,3558.44,2025-09-05 14:47:16.792735
105,105,Google Pay,8493.33,2025-12-19 06:06:30.820268
106,106,Debit Card,12238.95,2025-10-16 23:50:39.767225
107,107,Debit Card,9908.16,2025-08-27 17:16:23.918288
108,108,Debit Card,8948.65,2026-02-04 08:34:42.842369
109,109,Google Pay,16513.71,2025-10-25 00:28:26.331827
110,110,PayPal,1088.38,2025-12-08 13:13:07.344178
111,111,PayPal,11295.45,2025-11-15 09:56:31.539182
112,112,Debit Card,14286.55,2025-10-24 15:06:23.709064
113,113,Apple Pay,11636.07,2026-05-15 13:29:26.803066
114,114,Debit Card,14000.74,2026-03-04 23:33:03.582625
115,115,Credit Card,2118.52,2025-12-02 15:06:04.759987
116,116,Google Pay,11492.46,2025-11-16 00:10:00.715429
117,117,Debit Card,8142.35,2025-08-29 18:36:31.894674
118,118,Apple Pay,2926.56,2026-05-29 00:45:21.179657
119,119,PayPal,13019.04,2026-01-25 07:41:17.421582
120,120,PayPal,11463.85,2025-10-14 11:16:12.084264
121,121,Google Pay,12426.36,2026-07-21 14:07:41.549117
122,122,Google Pay,1830.89,2026-03-31 10:48:01.676728
123,123,Credit Card,296.19,2025-10-14 23:26:21.047713
124,124,Apple Pay,6523.34,2026-04-07 11:59:05.164193
125,125,PayPal,5657.43,2026-05-01 11:51:50.528423
126,126,Debit Card,8088.29,2026-02-01 06:28:18.823451
127,127,PayPal,12282.81,2026-04-13 13:09:49.583184
128,128,Google Pay,7510.89,2026-06-12 10:42:27.834098
129,129,Debit Card,6774.18,2026-03-02 18:47:39.250439
130,130,PayPal,11767.55,2025-11-15 16:56:37.837188
131,131,PayPal,3994.31,2025-12-13 20:54:54.883578
132,132,Credit Card,2118.52,2026-07-22 06:37:15.309165
133,133,Google Pay,11115.12,2025-09-14 19:53:38.466511
134,134,Google Pay,8659.39,2025-08-27 05:00:14.691025
135,135,PayPal,6727.2,2026-06-20 14:38:23.663176
136,136,PayPal,8283.26,2025-11-28 15:18:55.309190
137,137,PayPal,3571.82,2026-04-16 15:52:27.887734
138,138,Google Pay,14802.72,2025-11-08 16:49:57.180050
139,139,Debit Card,9496.41,2026-03-26 12:31:07.017706
140,140,Google Pay,7385.16,2026-07-13 10:07:17.198787
141,141,Debit Card,494.8,2026-04-11 01:52:38.295423
142,142,Apple Pay,20469.93,2026-02-08 03:54:34.723718
143,143,Credit Card,17724.93,2026-02-14 03:18:02.515285
144,144,PayPal,13377.22,2025-11-21 15:42:50.409909
145,145,Debit Card,243.9,2026-06-18 06:59:14.398211
146,146,Google Pay,9274.54,2025-11-27 05:26:21.217674
147,147,Credit Card,243.9,2026-01-31 19:52:50.259221
148,148,Google Pay,10427.06,2026-02-03 02:07:33.377112
149,149,Credit Card,3991.71,2026-01-16 14:28:03.568807
150,150,Apple Pay,3585.0,2026-05-11 09:22:55.686432
151,151,Apple Pay,4407.43,2026-04-17 12:47:36.658921
152,152,Apple Pay,7430.97,2026-02-28 16:14:41.574878
153,153,Apple Pay,6418.19,2026-02-14 08:03:16.537460
154,154,Credit Card,11276.63,2026-02-21 18:56:31.502310
155,155,Apple Pay,3776.21,2025-09-06 21:18:01.402375
156,156,Credit Card,9217.73,2026-05-31 22:59:21.677972
157,157,Apple Pay,10011.21,2026-04-18 16:55:37.417913
158,158,PayPal,16098.09,2026-03-27 00:53:16.229907
159,159,Google Pay,7030.98,2025-12-27 04:08:32.088271
160,160,Credit Card,12484.48,2026-01-14 02:09:29.627560
161,161,Credit Card,9645.5,2026-05-08 05:02:28.572089
162,162,Debit Card,4027.28,2026-05-23 23:35:11.881366
163,163,Google Pay,3578.24,2025-08-04 01:18:35.816849
164,164,Credit Card,7780.68,2026-05-08 02:25:37.975230
165,165,Google Pay,2960.85,2025-09-21 12:35:44.935624
166,166,Debit Card,13038.9,2026-05-18 08:47:19.287649
167,167,Apple Pay,7194.54,2026-01-23 09:40:15.400572
168,168,Credit Card,4009.78,2026-01-29 10:50:55.013120
169,169,Debit Card,9809.18,2025-10-05 15:30:11.461645
170,170,Credit Card,10110.39,2026-03-24 06:46:18.286813
171,171,Credit Card,1614.73,2026-07-07 04:32:01.297094
172,172,Debit Card,2423.3,2026-04-19 13:31:44.864754
173,173,Google Pay,2423.3,2026-04-15 01:18:03.371943
174,174,Debit Card,10152.23,2026-01-25 12:32:11.285172
175,175,Credit Card,8198.46,2025-12-30 05:12:57.758732
176,176,Debit Card,7075.59,2026-01-22 11:09:46.616137
177,177,Credit Card,11259.93,2026-04-26 12:26:13.243633
178,178,Apple Pay,1150.57,2026-05-27 23:40:37.205845
179,179,Credit Card,3375.94,2026-01-08 21:43:42.456654
180,180,Apple Pay,10437.82,2026-04-18 15:32:59.112533
181,181,Apple Pay,11222.29,2026-02-13 00:16:00.819281
182,182,Apple Pay,15094.67,2026-02-20 16:18:35.320110
183,183,Apple Pay,4062.91,2026-01-02 21:53:46.423670
184,184,Google Pay,15525.75,2026-03-27 06:05:00.053066
185,185,Google Pay,12267.99,2025-09-30 05:15:08.574931
186,186,Google Pay,2343.66,2026-06-06 06:44:36.708444
187,187,Debit Card,3272.5,2026-01-30 10:20:53.007933
188,188,Google Pay,3779.1,2025-11-10 08:33:34.732337
189,189,Apple Pay,11022.73,2025-12-27 13:57:40.933181
190,190,Apple Pay,16942.73,2026-02-01 19:08:10.296716
191,191,PayPal,13651.42,2026-07-04 06:15:23.617911
192,192,PayPal,1081.01,2026-06-26 08:19:43.422029
193,193,PayPal,3980.51,2025-12-21 10:00:16.471458
194,194,Google Pay,8712.43,2025-09-15 09:26:01.344155
195,195,Credit Card,16750.71,2025-09-27 21:20:05.428163
196,196,Google Pay,2627.41,2025-12-04 20:13:47.593900
197,197,Apple Pay,1993.42,2025-10-19 06:58:06.789642
198,198,Debit Card,10280.83,2025-10-19 13:37:24.812154
199,199,Google Pay,1830.89,2026-01-04 06:23:32.573366
200,200,Google Pay,12653.68,2026-05-13 23:23:25.238879
201,201,Debit Card,4381.16,2026-07-25 15:46:31.172520
202,202,PayPal,6784.44,2025-10-11 17:16:15.579555
203,203,Credit Card,2118.52,2025-08-17 23:53:37.037431
204,204,Debit Card,4843.9,2026-02-14 20:05:39.945023
205,205,Debit Card,5712.33,2026-05-10 23:45:16.205383
206,206,Google Pay,8865.47,2025-12-29 08:40:58.115214
207,207,Google Pay,12870.0,2026-01-27 12:18:23.109318
208,208,Credit Card,7831.32,2025-09-03 09:57:52.385986
209,209,PayPal,10817.42,2026-05-21 16:32:07.239876
210,210,Google Pay,4649.19,2026-06-23 19:24:59.592118
211,211,Debit Card,8443.71,2026-07-29 09:31:24.613806
212,212,Google Pay,7209.59,2025-10-28 08:16:13.860751
213,213,Debit Card,4350.88,2026-05-19 18:36:40.682097
214,214,Google Pay,365.85,2025-12-14 17:39:49.582277
215,215,Credit Card,14085.97,2026-05-06 15:07:00.950484
216,216,Apple Pay,12901.24,2026-02-15 08:52:19.959658
217,217,PayPal,2412.67,2025-08-24 04:13:29.953397
218,218,Debit Card,2231.54,2026-05-27 11:20:49.953881
219,219,Debit Card,8570.53,2025-10-28 19:03:30.398826
220,220,PayPal,12114.18,2025-11-09 05:50:55.481316
221,221,Google Pay,14215.64,2025-09-04 09:32:57.532794
222,222,PayPal,10751.82,2025-08-15 11:39:24.870612
223,223,Apple Pay,6950.7,2026-03-12 21:44:46.543731
224,224,Credit Card,8590.38,2025-09-13 08:18:03.551293
225,225,Debit Card,4724.97,2026-01-21 21:48:58.654109
226,226,Credit Card,11705.38,2025-08-18 02:07:20.332183
227,227,Apple Pay,365.85,2025-12-07 17:31:45.059994
228,228,Apple Pay,16168.88,2025-12-04 17:29:06.286659
229,229,Apple Pay,2286.15,2026-04-04 00:30:11.869573
230,230,Google Pay,10902.49,2026-04-06 06:44:07.935646
231,231,Google Pay,296.19,2025-08-12 13:29:15.703528
232,232,PayPal,13764.46,2026-02-25 13:06:11.710592
233,233,Debit Card,6052.45,2025-10-23 02:06:21.421597
234,234,PayPal,4583.19,2025-09-19 21:31:38.081535
235,235,Apple Pay,4961.93,2026-07-16 18:02:29.095597
236,236,Debit Card,6571.74,2026-05-04 20:39:50.133022
237,237,Credit Card,1011.45,2025-12-28 05:36:09.891366
238,238,PayPal,8842.4,2026-04-20 09:57:51.491683
239,239,Apple Pay,12017.8,2025-09-30 22:42:53.037486
240,240,Google Pay,16525.82,2026-01-29 17:16:05.946769
241,241,Google Pay,2926.56,2026-07-08 01:31:45.342322
242,242,Debit Card,3177.78,2026-02-09 20:58:19.757552
243,243,Debit Card,4869.43,2025-10-09 20:33:21.566042
244,244,Debit Card,7349.87,2025-10-08 03:20:09.746658
245,245,Credit Card,1524.1,2025-10-09 00:33:38.803406
246,246,Google Pay,986.95,2025-09-14 14:20:45.008848
247,247,Google Pay,17898.47,2026-02-25 13:34:51.503925
248,248,Credit Card,3382.76,2025-12-29 09:47:01.031711
249,249,Debit Card,6554.22,2026-07-26 18:40:45.037953
250,250,PayPal,11467.16,2025-08-16 18:09:05.885277
251,251,Apple Pay,5798.04,2025-11-29 12:31:53.143770
252,252,Credit Card,2499.18,2025-08-03 01:41:37.191880
253,253,PayPal,14446.29,2025-09-20 14:11:20.831278
254,254,Apple Pay,7849.25,2026-01-15 18:08:35.679280
255,255,Google Pay,6200.03,2025-09-04 15:12:01.025932
256,256,Debit Card,1208.84,2026-02-02 01:48:54.609859
257,257,Apple Pay,22311.15,2026-01-19 13:42:58.730707
258,258,Debit Card,4177.05,2025-12-02 20:21:10.428876
259,259,PayPal,19116.3,2025-09-01 21:03:55.310502
260,260,Debit Card,9682.4,2026-03-06 13:21:35.265845
261,261,Credit Card,11818.96,2026-06-13 10:41:12.587074
262,262,Debit Card,2263.38,2026-04-14 09:07:59.258786
263,263,PayPal,3485.64,2026-06-20 05:18:03.272765
264,264,Google Pay,2980.42,2026-04-15 12:19:46.510469
265,265,PayPal,7244.2,2025-08-29 19:07:24.397216
266,266,PayPal,1487.08,2026-05-13 15:35:07.599448
267,267,Credit Card,6273.31,2025-11-12 10:09:13.624512
268,268,Debit Card,2483.04,2026-01-24 12:42:53.251671
269,269,Credit Card,16044.99,2026-05-18 08:08:58.483820
270,270,Google Pay,1161.88,2026-02-09 12:30:06.874919
271,271,Apple Pay,12318.41,2026-06-04 08:13:46.878217
272,272,Apple Pay,8924.91,2025-12-27 04:09:52.346682
273,273,Google Pay,6699.0,2026-06-11 13:43:45.448609
274,274,Apple Pay,11266.34,2025-08-23 21:49:02.013041
275,275,Google Pay,374.34,2026-06-21 16:47:25.960177
276,276,Credit Card,2390.0,2025-09-09 06:35:05.897731
277,277,Apple Pay,6529.16,2025-11-27 19:16:28.347254
278,278,PayPal,17051.83,2026-04-11 10:46:00.979273
279,279,PayPal,8270.13,2026-06-22 20:49:03.780865
280,280,Apple Pay,10580.88,2025-10-24 21:34:58.901111
281,281,Google Pay,9624.75,2026-03-11 00:43:43.193547
282,282,PayPal,6127.95,2026-07-18 14:59:23.560850
283,283,Debit Card,10163.0,2025-09-08 22:04:58.785473
284,284,Credit Card,9592.84,2025-11-13 05:28:42.751384
285,285,PayPal,4395.52,2026-07-27 05:22:46.506772
286,286,Credit Card,1900.96,2026-03-29 09:50:04.103631
287,287,Credit Card,4105.4,2025-09-05 05:24:18.521088
288,288,PayPal,1830.89,2025-10-06 16:26:36.792782
289,289,Debit Card,9624.75,2026-01-25 01:47:07.563537
290,290,Debit Card,5640.09,2025-12-01 01:04:52.122277
291,291,Debit Card,4715.46,2026-07-10 15:02:08.139898
292,292,Apple Pay,5576.09,2026-07-07 05:42:04.327173
293,293,Credit Card,3185.35,2026-02-13 14:06:18.870530
294,294,Google Pay,14227.13,2026-04-04 17:33:05.804124
295,295,PayPal,7623.79,2025-09-09 00:39:43.421869
296,296,PayPal,17044.72,2025-08-30 16:41:20.119462
297,297,Debit Card,12460.56,2026-06-25 12:56:18.031229
298,298,Credit Card,4413.38,2026-07-25 18:52:58.635122
299,299,PayPal,11732.11,2026-07-11 08:16:04.327065
300,300,PayPal,6434.5,2026-06-17 03:48:29.052166
301,301,Google Pay,2783.11,2026-04-25 01:55:30.489951
302,302,Credit Card,2046.37,2026-04-07 17:17:19.988758
303,303,Credit Card,13232.94,2026-07-07 16:19:54.598227
304,304,Apple Pay,13449.67,2026-06-28 08:29:03.442856
305,305,PayPal,13889.86,2026-03-07 00:35:16.883753
306,306,Credit Card,20041.75,2025-10-31 09:52:36.757538
307,307,PayPal,3222.17,2025-11-16 08:51:25.853769
308,308,Google Pay,10858.78,2026-01-13 03:39:50.260782
309,309,Credit Card,11451.17,2025-09-14 09:11:30.694974
310,310,Credit Card,7602.39,2026-03-01 21:16:54.498943
311,311,PayPal,3950.19,2026-07-29 21:44:37.236393
312,312,Google Pay,3354.0,2026-05-23 17:43:05.460665
313,313,PayPal,9630.11,2025-12-06 01:33:19.613607
314,314,Debit Card,17203.12,2025-09-12 11:11:05.727941
315,315,Apple Pay,2003.27,2026-02-17 21:06:53.088312
316,316,Apple Pay,2233.0,2025-09-06 15:36:27.904659
317,317,Credit Card,1614.73,2026-07-14 23:56:10.118313
318,318,Credit Card,4350.88,2025-10-11 22:43:45.246697
319,319,PayPal,2263.38,2026-05-02 19:52:29.452620
320,320,Google Pay,13449.07,2025-08-24 05:26:45.745443
321,321,Apple Pay,1559.18,2026-04-28 03:37:17.281184
322,322,Google Pay,10586.47,2025-10-20 19:24:01.149971
323,323,Google Pay,10602.74,2026-02-25 05:12:22.020322
324,324,Google Pay,15573.23,2026-05-16 15:51:23.951886
325,325,Credit Card,6707.33,2025-10-12 13:53:19.274068
326,326,Apple Pay,6141.23,2025-12-12 21:36:15.681924
327,327,PayPal,6040.92,2025-12-22 20:08:21.996170
328,328,PayPal,15255.52,2025-12-10 14:56:21.134729
329,329,Apple Pay,1059.26,2025-08-19 05:07:30.363162
330,330,Google Pay,12149.62,2026-02-17 15:35:20.466146
331,331,Credit Card,3485.64,2026-02-03 08:06:27.873181
332,332,Google Pay,8618.99,2026-01-29 14:36:18.017952
333,333,Credit Card,1603.83,2026-01-20 00:24:56.918676
334,334,Apple Pay,14280.97,2025-11-12 13:50:34.137926
335,335,Apple Pay,8577.47,2026-05-30 16:42:55.057146
336,336,Google Pay,15122.18,2026-05-09 11:01:38.773828
337,337,Credit Card,16719.74,2025-12-18 17:34:21.759250
338,338,Google Pay,12540.99,2026-05-09 12:03:55.285254
339,339,Debit Card,18555.39,2025-08-11 10:17:08.091565
340,340,Debit Card,5835.06,2025-11-21 10:21:47.317714
341,341,Debit Card,324.12,2025-08-25 03:12:31.024822
342,342,Apple Pay,3979.77,2026-04-26 21:09:56.875200
343,343,Credit Card,1973.9,2026-07-16 09:44:22.004914
344,344,Google Pay,9722.61,2026-06-27 10:08:46.089763
345,345,Debit Card,9122.57,2026-01-01 04:09:31.608810
346,346,Debit Card,10256.15,2025-09-03 17:37:55.819716
347,347,PayPal,16837.35,2026-01-12 20:35:43.117317
348,348,Google Pay,5664.68,2025-08-26 22:23:09.784934
349,349,Google Pay,6064.32,2026-02-01 22:20:55.831497
350,350,Credit Card,7678.82,2025-09-27 21:41:10.391155
351,351,PayPal,13309.12,2026-03-23 01:09:18.912228
352,352,Apple Pay,6677.62,2026-03-26 13:27:20.191731
353,353,Credit Card,7051.6,2026-04-29 16:04:34.471702
354,354,Debit Card,15417.54,2025-12-13 13:52:05.468667
355,355,PayPal,5469.54,2025-11-16 08:20:11.408377
356,356,PayPal,4211.79,2026-04-29 13:31:37.404513
357,357,Credit Card,7465.09,2026-01-26 05:02:16.062926
358,358,PayPal,16284.23,2026-07-01 11:54:51.105054
359,359,PayPal,14380.28,2025-08-04 22:28:13.764044
360,360,Credit Card,4687.32,2025-09-19 19:30:51.200569
361,361,Google Pay,6814.46,2026-01-01 09:26:56.554889
362,362,PayPal,6666.4,2025-10-23 03:11:41.761130
363,363,Debit Card,8969.39,2026-05-10 23:09:19.308402
364,364,Debit Card,18322.7,2026-05-16 03:09:30.116816
365,365,PayPal,2390.0,2026-02-01 08:51:15.874106
366,366,Google Pay,19726.81,2025-12-12 13:31:48.426606
367,367,Debit Card,11066.47,2026-06-03 22:43:43.689762
368,368,PayPal,2475.96,2026-05-08 07:53:54.224930
369,369,Apple Pay,10251.42,2025-12-13 02:08:21.657243
370,370,Debit Card,9447.81,2026-05-22 21:58:01.099522
371,371,PayPal,4656.3,2026-01-22 13:06:09.670642
372,372,PayPal,9546.78,2025-12-24 13:28:39.902076
373,373,Credit Card,12605.69,2026-02-28 02:24:12.808211
374,374,Credit Card,11264.88,2026-07-08 21:47:21.094573
375,375,Google Pay,12980.68,2025-11-11 23:19:08.456513
376,376,Google Pay,7269.9,2025-11-23 03:55:51.851780
377,377,PayPal,5670.65,2025-12-17 02:18:24.659168
378,378,Google Pay,5028.67,2026-07-21 12:54:42.734584
379,379,Debit Card,6699.0,2026-04-13 01:09:46.928689
380,380,Debit Card,8571.64,2025-12-23 06:21:13.956292
381,381,Apple Pay,1088.38,2025-10-15 04:19:22.612263
382,382,Apple Pay,2785.8,2026-02-25 12:18:43.033139
383,383,Credit Card,8166.01,2025-10-05 23:22:37.970658
384,384,Credit Card,10848.64,2025-11-07 08:33:31.949086
385,385,Apple Pay,6013.84,2026-01-16 10:46:18.586863
386,386,Apple Pay,17626.49,2026-05-17 10:29:30.119201
387,387,Credit Card,6151.93,2025-09-10 08:46:12.914169
388,388,Apple Pay,16313.07,2025-09-25 13:39:21.376572
389,389,Debit Card,6119.64,2026-01-27 00:36:29.566678
390,390,PayPal,16759.56,2026-06-12 14:13:02.090238
391,391,Credit Card,2039.88,2026-02-19 19:05:09.723082
392,392,PayPal,14907.43,2026-04-10 08:05:29.018203
393,393,Credit Card,5035.44,2026-03-10 23:03:40.115441
394,394,Debit Card,5740.94,2026-07-07 23:17:50.216992
395,395,Apple Pay,6699.0,2025-12-23 04:56:43.554967
396,396,Apple Pay,5584.2,2026-01-21 12:55:11.148286
397,397,Apple Pay,8926.49,2025-09-23 02:37:55.354079
398,398,Apple Pay,7030.98,2026-02-23 15:09:20.140142
399,399,Credit Card,4274.67,2026-07-22 12:30:31.389439
400,400,Google Pay,8650.22,2025-11-05 16:10:58.730744
401,401,Apple Pay,4819.59,2026-02-13 16:37:51.258399
402,402,Apple Pay,5290.13,2026-02-05 19:32:06.482587
403,403,Debit Card,16671.54,2026-07-23 13:48:30.983214
404,404,PayPal,10098.11,2026-07-22 17:32:56.105042
405,405,PayPal,5164.74,2026-02-07 22:03:22.014981
406,406,Debit Card,7719.13,2026-05-24 04:47:08.560506
407,407,Debit Card,12576.62,2026-04-27 22:59:51.404350
408,408,Google Pay,8009.27,2026-07-14 18:11:36.514020
409,409,Credit Card,5242.72,2026-05-13 19:16:50.040706
410,410,PayPal,7456.63,2026-06-10 01:09:33.715432
411,411,Credit Card,9666.19,2026-03-14 04:57:59.309521
412,412,PayPal,2535.13,2026-06-11 16:06:31.134958
413,413,Credit Card,2207.11,2026-06-09 01:17:21.369438
414,414,Apple Pay,8872.75,2025-11-25 14:46:28.667690
415,415,Debit Card,6658.85,2026-04-16 13:58:38.159724
416,416,Google Pay,7896.22,2026-01-22 00:03:25.656575
417,417,Debit Card,1542.73,2025-12-01 11:47:06.624982
418,418,Debit Card,10399.91,2025-11-21 14:16:00.585214
419,419,Credit Card,10617.15,2025-09-28 15:35:55.521228
420,420,Google Pay,14025.73,2026-03-09 15:56:25.693307
421,421,Credit Card,2722.58,2025-08-31 07:49:17.213326
422,422,Apple Pay,9036.55,2025-11-01 03:15:08.535080
423,423,Google Pay,8672.9,2026-02-08 18:09:05.509273
424,424,Google Pay,11286.58,2025-11-22 06:50:02.918401
425,425,Google Pay,8069.8,2026-01-06 20:12:17.489260
426,426,Debit Card,4550.52,2025-10-27 01:46:56.005058
427,427,Credit Card,2778.2,2026-07-15 07:35:30.803826
428,428,Google Pay,4510.55,2025-12-12 09:57:27.457217
429,429,Google Pay,16157.2,2026-03-26 13:21:04.675796
430,430,Google Pay,1861.99,2025-09-01 05:45:52.113658
431,431,Credit Card,6436.4,2026-01-01 07:08:17.282009
432,432,Debit Card,9842.72,2026-07-17 13:05:33.029172
433,433,Google Pay,1499.76,2026-04-18 10:00:34.711767
434,434,Google Pay,2629.54,2026-04-24 00:12:05.227961
435,435,Debit Card,13168.36,2025-09-13 13:12:12.139369
436,436,Google Pay,11729.66,2026-03-18 09:42:55.463459
437,437,PayPal,11985.59,2025-09-05 14:25:43.257501
438,438,PayPal,2343.66,2025-08-29 14:56:57.096928
439,439,Credit Card,9016.81,2026-07-29 23:43:24.492573
440,440,Credit Card,5093.81,2025-11-15 08:28:54.696793
441,441,Google Pay,9479.34,2026-05-17 16:11:31.101897
442,442,PayPal,7013.32,2026-04-27 02:54:04.002103
443,443,PayPal,4389.84,2025-12-17 03:26:57.473129
444,444,Credit Card,8764.54,2026-03-02 02:46:07.034461
445,445,Debit Card,2233.0,2026-01-27 07:41:21.516687
446,446,Apple Pay,6484.94,2026-05-01 06:14:28.002028
447,447,PayPal,7626.07,2026-03-27 00:46:00.440295
448,448,PayPal,18913.12,2026-01-27 10:16:02.852681
449,449,Apple Pay,10977.49,2025-09-16 20:06:24.975152
450,450,Credit Card,1606.53,2026-04-14 07:18:38.802382
451,451,PayPal,7538.92,2026-04-02 03:52:44.395186
452,452,Credit Card,8272.32,2026-03-22 04:44:18.423879
453,453,Google Pay,10097.12,2025-12-22 01:08:27.643468
454,454,PayPal,9882.32,2025-11-29 03:57:36.716897
455,455,Credit Card,4609.91,2026-06-21 03:39:23.055893
456,456,Google Pay,8173.1,2026-07-07 21:56:10.782919
457,457,Debit Card,1123.02,2025-10-12 20:03:38.324153
458,458,PayPal,14511.41,2025-09-14 03:03:05.608001
459,459,Credit Card,8705.73,2026-03-12 04:25:07.021935
460,460,Google Pay,8189.98,2025-12-10 17:35:59.943207
461,461,Apple Pay,5433.67,2025-10-25 07:51:42.422848
462,462,Credit Card,2180.57,2025-10-24 22:17:13.709585
463,463,Debit Card,11543.19,2026-06-23 07:21:50.620575
464,464,Apple Pay,9815.77,2026-06-25 06:55:02.928841
465,465,PayPal,4167.3,2026-04-14 23:47:40.049645
466,466,Apple Pay,8473.25,2025-11-22 19:31:08.560217
467,467,Google Pay,10562.0,2026-07-05 16:28:18.608262
468,468,PayPal,2050.45,2026-03-01 21:38:30.043839
469,469,Google Pay,5483.99,2026-07-10 23:54:19.402239
470,470,PayPal,5125.06,2026-03-31 21:14:23.047866
471,471,Apple Pay,9677.37,2026-01-18 00:52:39.914874
472,472,PayPal,14609.79,2025-09-17 08:35:40.128685
473,473,Apple Pay,14230.79,2026-02-04 14:32:40.095042
474,474,Apple Pay,19335.39,2025-11-12 02:43:26.447278
475,475,Debit Card,4316.36,2026-05-13 11:49:20.112066
476,476,Google Pay,8556.78,2025-11-04 12:01:32.541570
477,477,Credit Card,11461.59,2026-05-08 12:56:56.088084
478,478,Credit Card,5998.19,2026-05-29 22:53:42.477171
479,479,Google Pay,7156.37,2025-10-17 16:42:49.238605
480,480,Google Pay,5398.59,2026-02-23 14:51:14.786948
481,481,PayPal,11618.24,2025-08-31 09:23:35.777860
482,482,Debit Card,2423.3,2026-05-14 22:25:33.375973
483,483,Apple Pay,5681.44,2025-09-30 18:47:58.269835
484,484,PayPal,15881.2,2025-08-28 01:24:23.572476
485,485,Google Pay,9473.64,2026-01-23 18:08:44.679326
486,486,PayPal,18254.5,2026-04-24 07:23:15.245271
487,487,Apple Pay,888.57,2025-12-02 17:29:06.082424
488,488,Apple Pay,10370.79,2025-11-30 23:45:37.369164
489,489,Google Pay,7718.74,2025-11-25 09:05:45.926359
490,490,Google Pay,3085.46,2026-04-26 00:05:30.080385
491,491,Debit Card,8338.4,2026-04-02 14:30:36.177184
492,492,Apple Pay,3213.06,2025-08-13 05:48:58.213389
493,493,Debit Card,18244.63,2025-08-14 07:49:20.701794
494,494,Credit Card,648.24,2026-06-19 22:06:53.953198
495,495,Google Pay,13696.72,2026-04-04 19:11:25.546631
496,496,Debit Card,13968.9,2026-07-05 09:21:28.871789
497,497,Debit Card,14032.8,2026-06-03 08:04:26.572502
498,498,Debit Card,10830.74,2025-09-11 23:25:14.352329
499,499,Credit Card,10784.83,2025-10-29 11:49:05.404419
500,500,Debit Card,18029.12,2025-08-06 10:26:34.169383
501,501,Credit Card,10430.91,2026-01-20 16:02:34.266703
502,502,Apple Pay,1973.9,2025-09-16 21:06:36.153539
503,503,Credit Card,7549.85,2025-11-03 09:54:13.157279
504,504,Google Pay,888.57,2026-02-02 15:02:38.283654
505,505,Google Pay,12667.66,2026-06-09 09:19:04.371442
506,506,Apple Pay,6901.76,2025-12-13 00:13:54.989524
507,507,Google Pay,14199.92,2026-04-06 19:31:19.856269
508,508,Credit Card,5874.54,2026-05-05 13:13:16.017982
509,509,Credit Card,10806.57,2025-10-05 23:05:46.616161
510,510,Google Pay,1606.53,2026-02-27 12:15:43.550773
511,511,Apple Pay,18229.75,2025-12-16 16:20:34.427910
512,512,PayPal,3887.21,2025-12-30 10:24:24.565680
513,513,Google Pay,9069.43,2026-03-11 01:00:31.790915
514,514,Apple Pay,14502.22,2026-06-26 17:08:21.118951
515,515,Apple Pay,11662.82,2025-10-25 20:34:16.154118
516,516,Debit Card,13131.32,2025-10-14 03:07:05.131943
517,517,PayPal,1606.53,2026-01-08 21:16:01.438742
518,518,Apple Pay,14657.23,2026-06-28 09:34:32.179188
519,519,Credit Card,6909.75,2026-01-03 03:44:24.786876
520,520,Debit Card,11013.12,2025-11-29 19:27:06.755923
521,521,PayPal,12712.4,2026-02-21 20:55:35.634203
522,522,Debit Card,2118.52,2025-09-17 07:05:25.187877
523,523,Credit Card,6618.22,2025-09-19 05:54:34.749614
524,524,Debit Card,1519.02,2025-10-26 09:26:03.182150
525,525,Credit Card,5362.14,2026-03-26 09:30:18.959742
526,526,PayPal,4790.6,2026-06-16 07:33:37.270886
527,527,Debit Card,16611.45,2026-07-27 23:24:31.447754
528,528,Credit Card,18305.07,2026-02-24 22:35:29.697149
529,529,Credit Card,2807.0,2025-08-14 16:51:42.574201
530,530,PayPal,5478.22,2026-05-27 16:24:38.718280
531,531,Credit Card,2499.18,2025-09-16 08:18:31.969820
532,532,Google Pay,6386.45,2025-08-03 23:52:22.749513
533,533,Credit Card,7872.67,2025-11-17 01:53:19.225115
534,534,Apple Pay,374.34,2026-05-25 22:17:53.275448
535,535,Debit Card,770.19,2025-09-20 21:46:30.492048
536,536,PayPal,8223.56,2025-07-31 00:37:56.466344
537,537,Credit Card,10451.21,2026-03-22 15:50:04.584682
538,538,Google Pay,9148.14,2026-07-28 21:08:22.525555
539,539,Debit Card,4272.88,2026-02-02 16:48:10.453931
540,540,Apple Pay,6699.0,2025-12-09 20:58:27.392801
541,541,Credit Card,5151.89,2025-11-30 07:12:47.098442
542,542,Debit Card,18937.58,2026-02-26 05:38:05.872066
543,543,Google Pay,15043.55,2026-04-03 13:16:37.697861
544,544,Debit Card,8220.94,2025-11-24 04:13:22.666570
545,545,Debit Card,9378.74,2026-02-24 00:58:58.441997
546,546,Credit Card,9525.2,2026-05-27 21:58:32.650557
547,547,Credit Card,3251.09,2026-04-11 05:47:55.029613
548,548,Credit Card,17745.2,2025-09-24 05:31:11.144046
549,549,Google Pay,3661.78,2026-05-10 04:01:23.919606
550,550,Debit Card,6483.13,2026-05-14 01:11:45.960162
551,551,Credit Card,10079.28,2025-10-10 03:20:02.895795
552,552,PayPal,10197.25,2025-08-08 11:07:08.777619
553,553,Apple Pay,8168.89,2026-06-29 19:11:52.689512
554,554,Apple Pay,12263.15,2026-01-29 20:09:34.459114
555,555,Credit Card,1524.1,2025-10-01 08:31:27.744684
556,556,Apple Pay,2778.2,2026-06-28 12:32:34.381722
557,557,PayPal,3793.5,2025-08-21 15:44:04.545903
558,558,PayPal,15514.43,2026-04-09 10:47:13.158924
559,559,Google Pay,13770.52,2025-08-16 05:08:00.176562
560,560,PayPal,2263.38,2025-12-27 08:41:38.571236
561,561,PayPal,1811.2,2025-10-18 10:25:48.230412
562,562,Google Pay,6838.94,2026-01-14 19:56:43.415326
563,563,Apple Pay,1195.0,2025-08-10 06:17:55.717310
564,564,Google Pay,2263.38,2026-02-27 20:56:34.613703
565,565,Credit Card,3875.63,2025-09-29 04:15:17.402679
566,566,Google Pay,13810.3,2025-10-24 08:28:49.191257
567,567,Credit Card,13389.36,2026-03-18 19:27:20.986743
568,568,Apple Pay,7364.66,2025-12-19 18:41:25.852030
569,569,Debit Card,13205.69,2026-01-07 02:57:02.279138
570,570,PayPal,5660.02,2026-06-01 05:53:43.265946
571,571,PayPal,19410.37,2025-07-30 18:53:42.580894
572,572,PayPal,5585.97,2026-04-24 13:41:05.471879
573,573,Credit Card,14850.69,2025-09-10 12:12:54.527038
574,574,Credit Card,9079.82,2026-01-06 00:38:04.251708
575,575,Debit Card,10622.82,2026-02-19 22:12:02.067360
576,576,PayPal,10421.68,2026-05-06 06:58:01.949900
577,577,Apple Pay,3723.3,2025-11-28 02:13:45.627044
578,578,PayPal,1583.74,2026-01-08 07:37:56.220437
579,579,Apple Pay,972.36,2025-12-10 09:26:39.898992
580,580,PayPal,3518.97,2025-09-07 18:32:21.020886
581,581,PayPal,2233.0,2025-10-11 05:54:56.671339
582,582,Debit Card,1874.1,2026-02-16 23:30:27.274610
583,583,Debit Card,1707.5,2026-06-20 05:40:38.406367
584,584,Credit Card,12910.0,2026-02-24 18:40:00.027135
585,585,Credit Card,2828.81,2026-02-15 03:23:40.055947
586,586,Google Pay,16152.18,2025-11-13 20:17:33.868536
587,587,PayPal,12742.79,2026-03-07 06:36:01.703012
588,588,Debit Card,3511.54,2025-09-21 20:26:12.767625
589,589,PayPal,21657.82,2026-03-23 13:02:37.262419
590,590,PayPal,5492.67,2026-02-04 01:16:40.215127
591,591,Google Pay,15759.37,2025-12-06 22:07:20.077280
592,592,Credit Card,4823.18,2025-11-18 01:08:59.241181
593,593,Credit Card,6042.45,2026-02-04 08:37:39.573322
594,594,Debit Card,2123.6,2026-04-28 14:54:46.141873
595,595,PayPal,6861.89,2025-10-24 08:04:24.739996
596,596,Google Pay,12333.72,2026-05-14 12:19:41.222028
597,597,Debit Card,6212.87,2026-04-28 07:59:09.565478
598,598,PayPal,15476.38,2025-08-02 01:15:52.575275
599,599,Apple Pay,2013.64,2025-09-30 02:20:22.047944
600,600,Debit Card,15719.77,2026-04-02 17:48:43.011585
601,601,Credit Card,2286.15,2026-01-07 14:46:27.454430
602,602,Apple Pay,22828.06,2026-06-17 17:32:03.374863
603,603,Apple Pay,10601.54,2025-10-11 09:18:58.397418
604,604,PayPal,10134.78,2025-09-04 21:51:42.500939
605,605,Apple Pay,3659.31,2026-04-28 08:08:27.199146
606,606,Google Pay,888.57,2026-02-21 04:40:34.055643
607,607,Google Pay,7190.26,2026-07-27 23:18:44.879304
608,608,Debit Card,4418.06,2026-07-11 02:16:06.720484
609,609,Credit Card,4846.6,2026-02-15 03:40:52.265753
610,610,Debit Card,6581.08,2026-02-06 00:36:01.475129
611,611,Debit Card,3485.64,2026-01-27 10:00:57.263064
612,612,Debit Card,6178.36,2025-12-27 22:27:09.926834
613,613,Google Pay,5020.12,2025-09-05 20:52:05.719223
614,614,Apple Pay,12428.08,2025-10-24 23:19:33.099531
615,615,PayPal,11322.34,2025-10-03 12:36:46.009939
616,616,Google Pay,8878.86,2026-03-01 12:50:40.990942
617,617,Credit Card,8942.62,2026-01-22 16:33:03.924706
618,618,PayPal,18394.1,2025-09-11 10:28:12.838437
619,619,Google Pay,1161.88,2026-04-26 08:40:12.813752
620,620,Google Pay,4221.7,2026-04-29 10:49:25.450604
621,621,Apple Pay,16337.53,2026-07-24 01:33:01.245022
622,622,Credit Card,1973.9,2026-03-09 16:53:18.642603
623,623,Credit Card,6313.43,2025-12-03 15:48:00.856597
624,624,PayPal,7691.8,2026-03-10 18:23:13.777691
625,625,Credit Card,2483.87,2026-05-12 15:45:35.191239
626,626,Google Pay,7047.87,2025-09-18 15:55:47.449619
627,627,Credit Card,13827.92,2025-10-20 14:31:21.562758
628,628,PayPal,8568.08,2026-05-20 06:15:42.886397
629,629,Google Pay,6145.8,2025-09-29 10:45:30.149428
630,630,Debit Card,3272.5,2026-04-21 10:49:34.501645
631,631,Google Pay,7685.25,2026-07-23 13:53:37.454059
632,632,Apple Pay,8865.47,2026-02-19 15:24:12.777880
633,633,Google Pay,8542.84,2026-04-27 22:08:58.688242
634,634,PayPal,7252.14,2026-02-01 05:29:05.358711
635,635,Apple Pay,5439.83,2026-07-11 10:43:48.444273
636,636,PayPal,9720.1,2025-09-16 21:24:40.968654
637,637,Google Pay,6845.79,2025-11-03 02:22:14.998999
638,638,Apple Pay,9738.17,2026-02-24 00:45:16.175709
639,639,Credit Card,15340.8,2025-12-01 20:23:55.029524
640,640,Google Pay,9527.83,2026-06-12 02:32:10.872772
641,641,Google Pay,20990.76,2026-07-22 13:34:10.573522
642,642,Credit Card,9376.57,2026-04-08 02:12:05.748032
643,643,Google Pay,11214.19,2026-06-20 05:45:41.706354
644,644,Google Pay,9948.74,2026-02-09 12:35:07.395013
645,645,Credit Card,8910.32,2025-12-06 15:43:35.579390
646,646,Apple Pay,5843.07,2026-04-30 05:05:27.069025
647,647,Debit Card,2624.86,2026-01-03 20:59:28.331746
648,648,Credit Card,6441.01,2025-12-17 14:08:38.119967
649,649,Google Pay,14828.22,2026-05-21 21:45:08.432045
650,650,Debit Card,9811.33,2025-09-06 06:22:03.415670
651,651,Google Pay,3350.8,2026-03-24 22:35:46.246044
652,652,Credit Card,5585.97,2025-10-12 02:56:44.677591
653,653,PayPal,6914.34,2025-09-09 12:03:07.487235
654,654,Apple Pay,13065.52,2026-03-16 13:33:24.044541
655,655,Debit Card,2175.44,2025-12-18 16:52:27.320391
656,656,Credit Card,6109.33,2026-04-13 22:47:25.783932
657,657,Credit Card,9901.78,2026-01-16 16:38:04.524254
658,658,Debit Card,16857.15,2026-02-25 20:39:26.622695
659,659,PayPal,8979.73,2026-05-19 12:38:05.647959
660,660,Google Pay,16298.43,2025-12-29 12:51:21.028535
661,661,Apple Pay,12911.57,2025-10-02 01:24:48.869249
662,662,Debit Card,1621.71,2026-05-26 12:00:34.908910
663,663,Debit Card,16379.7,2026-07-04 10:38:11.822916
664,664,PayPal,16149.97,2026-04-05 14:00:12.939402
665,665,Google Pay,2986.58,2026-05-31 18:08:21.424367
666,666,Google Pay,12466.45,2025-12-16 02:31:05.062071
667,667,Apple Pay,10902.12,2025-10-27 21:30:32.863347
668,668,Credit Card,10333.65,2026-07-29 12:23:55.579776
669,669,Debit Card,3521.16,2026-01-20 02:25:40.406090
670,670,Apple Pay,2233.0,2025-11-21 16:22:47.890651
671,671,Credit Card,7930.2,2026-06-02 07:22:20.687079
672,672,Google Pay,9846.24,2026-06-29 12:17:31.445734
673,673,Google Pay,13030.23,2025-08-12 17:13:19.440701
674,674,PayPal,2683.41,2026-07-30 09:08:49.582242
675,675,Apple Pay,7490.92,2026-06-08 17:48:25.391015
676,676,Debit Card,5126.0,2025-09-12 01:29:50.595387
677,677,Credit Card,14160.78,2026-02-14 01:07:26.249311
678,678,Apple Pay,15321.26,2026-02-15 17:57:42.637614
679,679,Credit Card,9792.48,2026-04-01 20:16:36.054838
680,680,Google Pay,13212.74,2025-08-19 17:43:59.988128
681,681,Credit Card,9710.06,2026-03-17 12:21:41.453463
682,682,Google Pay,1901.8,2026-06-30 01:40:24.273968
683,683,PayPal,2031.62,2025-12-24 14:30:28.750591
684,684,Debit Card,4667.42,2025-10-24 01:22:42.029927
685,685,PayPal,6029.29,2026-03-19 12:32:12.040926
686,686,Apple Pay,4844.19,2026-07-16 13:24:05.368824
687,687,PayPal,7497.08,2026-03-05 18:37:02.173323
688,688,Apple Pay,11294.95,2025-09-14 21:15:06.605366
689,689,Credit Card,4189.23,2025-08-09 09:04:19.142660
690,690,Credit Card,13598.9,2026-04-07 11:30:36.582077
691,691,Apple Pay,7030.98,2026-04-03 22:59:55.387444
692,692,Google Pay,8691.1,2026-02-03 18:46:08.366097
693,693,Credit Card,1666.12,2025-12-14 16:24:21.882335
694,694,Google Pay,5674.02,2026-05-23 06:34:47.528307
695,695,Debit Card,12565.74,2026-04-15 11:43:23.577551
696,696,Google Pay,1857.2,2025-11-30 12:00:38.208200
697,697,Credit Card,11845.01,2025-10-13 02:20:05.018759
698,698,Credit Card,6564.07,2026-01-02 09:55:36.142341
699,699,Apple Pay,5463.87,2026-04-12 18:29:56.902601
700,700,Google Pay,13114.76,2026-04-04 05:34:01.196166
701,701,PayPal,2390.0,2026-07-12 20:26:14.606443
702,702,PayPal,3416.83,2025-12-30 05:40:36.783925
703,703,PayPal,1542.73,2026-02-15 05:02:15.515201
704,704,Google Pay,19033.1,2026-07-06 11:22:58.315516
705,705,Credit Card,11208.48,2026-03-08 10:25:06.275550
706,706,PayPal,10983.91,2026-01-20 11:39:50.925009
707,707,Credit Card,4620.71,2025-11-05 19:27:01.175168
708,708,Apple Pay,14624.22,2026-06-06 09:30:04.710720
709,709,PayPal,11631.98,2026-05-14 01:45:07.208586
710,710,Debit Card,3973.74,2026-01-25 02:21:20.263189
711,711,Debit Card,8098.76,2026-01-06 02:18:37.373780
712,712,PayPal,15302.39,2025-08-12 09:58:47.795829
713,713,PayPal,3091.56,2025-12-02 10:57:13.758104
714,714,Debit Card,14137.11,2026-05-27 18:47:18.456054
715,715,PayPal,5193.39,2026-01-29 10:03:19.403950
716,716,Google Pay,8799.32,2026-04-01 10:12:43.972493
717,717,Apple Pay,1389.1,2026-02-21 17:29:47.880086
718,718,Google Pay,7084.7,2025-08-10 19:17:41.669721
719,719,Apple Pay,3160.35,2025-09-10 15:18:38.728519
720,720,Credit Card,5376.79,2026-02-09 17:27:42.140164
721,721,PayPal,10146.5,2026-02-19 08:12:12.537829
722,722,Credit Card,1463.28,2025-09-19 19:23:28.609144
723,723,Debit Card,10664.48,2025-10-09 00:41:58.102765
724,724,Debit Card,833.06,2025-10-18 18:15:02.547652
725,725,Google Pay,7256.92,2026-05-17 11:07:31.083532
726,726,Apple Pay,8898.39,2026-05-27 01:10:58.660422
727,727,PayPal,19098.46,2025-10-30 11:58:44.084974
728,728,Debit Card,9216.97,2025-09-19 02:00:41.563696
729,729,Credit Card,3047.12,2025-08-04 23:10:58.612702
730,730,PayPal,4079.76,2026-02-20 07:11:07.515715
731,731,PayPal,7950.22,2025-12-17 08:52:20.181819
732,732,Debit Card,6976.14,2025-11-06 01:40:45.840460
733,733,Google Pay,9541.09,2025-09-26 23:30:21.725660
734,734,PayPal,6139.11,2025-12-21 02:17:13.392534
735,735,PayPal,14702.74,2026-07-12 15:03:46.883195
736,736,Debit Card,6238.82,2025-10-19 12:46:04.224182
737,737,PayPal,5020.12,2026-07-29 18:32:03.789714
738,738,Apple Pay,12203.18,2025-12-20 02:06:36.126834
739,739,Google Pay,5040.0,2026-02-28 21:54:12.650930
740,740,Debit Card,5412.73,2026-07-05 06:46:19.523880
741,741,Credit Card,2300.5,2025-08-28 12:06:49.536186
742,742,Debit Card,11349.2,2026-05-04 02:55:29.443703
743,743,PayPal,3606.47,2026-06-29 14:29:16.325526
744,744,Google Pay,7269.9,2025-11-10 10:00:41.873671
745,745,Debit Card,3085.46,2026-02-22 04:53:49.073947
746,746,Credit Card,8698.47,2026-07-05 17:54:59.837692
747,747,PayPal,14448.43,2026-04-22 21:46:05.862059
748,748,Google Pay,6732.59,2025-09-06 05:58:07.654982
749,749,Debit Card,2785.8,2025-11-13 21:25:48.312351
750,750,PayPal,4360.24,2026-02-24 02:09:47.916028
751,751,Credit Card,16496.44,2026-06-01 09:31:57.341173
752,752,Apple Pay,2405.73,2026-04-13 20:44:12.292259
753,753,Debit Card,6790.14,2025-11-16 21:04:51.577828
754,754,Credit Card,3875.78,2026-05-13 15:22:56.271450
755,755,Credit Card,4343.06,2025-08-06 18:20:03.710395
756,756,Google Pay,9162.64,2026-01-18 10:21:59.645720
757,757,Credit Card,8462.72,2026-06-15 13:52:08.659339
758,758,PayPal,374.34,2026-05-19 21:13:33.430336
759,759,Apple Pay,12326.34,2026-03-27 03:21:11.090657
760,760,Google Pay,3154.32,2026-05-02 19:37:03.775392
761,761,Google Pay,12891.98,2026-01-08 22:53:08.476756
762,762,Debit Card,10877.07,2025-09-08 22:53:19.687257
763,763,Credit Card,60.23,2026-07-06 15:32:57.706187
764,764,Apple Pay,2675.41,2026-01-17 01:03:45.321515
765,765,Credit Card,999.84,2025-09-23 08:20:14.061525
766,766,Apple Pay,13228.93,2026-07-28 10:50:45.220122
767,767,Apple Pay,3194.03,2026-04-03 08:29:37.528760
768,768,Google Pay,4092.74,2026-05-23 19:26:43.571983
769,769,Credit Card,13534.8,2025-10-30 10:53:57.931419
770,770,Google Pay,9252.52,2025-10-22 21:29:03.856069
771,771,Google Pay,13399.12,2025-10-06 04:38:59.647182
772,772,PayPal,12355.14,2026-06-04 23:47:51.421615
773,773,Apple Pay,9406.84,2026-04-06 04:31:57.452027
774,774,Credit Card,9632.23,2026-05-16 11:54:01.601189
775,775,Debit Card,444.58,2026-06-28 13:54:32.087171
776,776,Apple Pay,14810.95,2026-04-24 10:41:37.500438
777,777,PayPal,1463.28,2025-09-27 01:32:55.939695
778,778,Credit Card,19330.17,2025-12-08 20:31:52.753284
779,779,PayPal,10569.54,2025-08-18 09:07:25.247294
780,780,Debit Card,5012.1,2026-04-16 18:10:47.350892
781,781,PayPal,10791.74,2026-01-05 03:42:37.966281
782,782,Credit Card,6119.64,2026-01-20 13:26:19.826931
783,783,Debit Card,674.3,2025-09-04 17:00:43.754605
784,784,Google Pay,7543.38,2025-09-27 14:42:51.386436
785,785,PayPal,8373.59,2025-08-29 08:14:53.043445
786,786,Google Pay,2175.44,2026-02-17 12:46:19.001936
787,787,PayPal,3972.3,2026-03-31 21:19:44.555830
788,788,Debit Card,7463.28,2025-08-21 09:15:31.258599
789,789,Credit Card,10055.64,2026-01-25 10:52:08.374644
790,790,Credit Card,3213.06,2026-03-22 16:04:10.382456
791,791,Apple Pay,13653.93,2026-04-12 23:00:57.648343
792,792,Apple Pay,7696.14,2026-03-04 19:58:09.849556
793,793,Apple Pay,4135.26,2025-11-26 07:24:02.905252
794,794,Apple Pay,10802.04,2026-01-15 01:59:07.529145
795,795,Credit Card,8943.42,2025-09-22 19:06:47.171543
796,796,PayPal,4767.47,2026-02-22 19:20:46.926934
797,797,PayPal,4361.14,2025-08-19 17:22:34.198205
798,798,Debit Card,6741.75,2026-05-29 08:37:51.423199
799,799,PayPal,1677.0,2026-01-02 16:29:01.044273
800,800,Apple Pay,6316.89,2026-01-18 08:44:10.858969
801,801,Debit Card,4789.14,2026-04-09 06:03:41.408798
802,802,Apple Pay,7963.1,2025-08-04 12:50:20.276671
803,803,Credit Card,14732.94,2026-03-25 19:23:18.651571
804,804,Credit Card,11219.88,2026-04-26 07:35:25.971578
805,805,PayPal,10245.49,2026-06-22 06:04:20.448468
806,806,Apple Pay,8633.21,2026-06-07 08:12:22.994164
807,807,Apple Pay,5213.91,2026-04-24 13:13:00.829986
808,808,Credit Card,6384.86,2026-07-20 03:52:07.009602
809,809,Google Pay,8256.88,2026-05-27 18:14:16.119632
810,810,Credit Card,5398.59,2026-02-12 23:54:08.541021
811,811,Credit Card,2263.38,2026-05-29 12:33:34.925510
812,812,Credit Card,5585.97,2026-01-03 14:25:11.799429
813,813,PayPal,6099.29,2026-02-17 11:12:18.431695
814,814,Apple Pay,5898.66,2026-01-21 04:50:09.436516
815,815,Apple Pay,6426.31,2026-01-22 13:51:09.059442
816,816,PayPal,8259.49,2026-07-06 16:45:07.396156
817,817,PayPal,11267.61,2026-03-24 11:57:08.463447
818,818,Google Pay,3342.58,2026-07-14 07:44:29.582561
819,819,Apple Pay,5184.89,2026-07-20 08:35:19.072485
820,820,Credit Card,928.6,2026-07-02 16:25:04.283715
821,821,Google Pay,10798.35,2025-11-13 07:09:43.322864
822,822,Debit Card,9798.82,2025-10-15 14:47:05.503250
823,823,Apple Pay,1524.1,2026-02-12 03:14:11.543469
824,824,Credit Card,10098.95,2026-05-03 12:57:48.404970
825,825,Debit Card,10216.25,2026-06-18 02:49:19.874547
826,826,Credit Card,12865.5,2025-08-14 21:00:35.941936
827,827,Debit Card,15949.32,2026-01-17 00:25:05.734243
828,828,Debit Card,19641.68,2026-05-18 09:29:19.394744
829,829,Debit Card,6541.71,2025-09-01 04:06:27.270072
830,830,Google Pay,4167.3,2026-02-02 01:49:04.040606
831,831,Apple Pay,8562.46,2025-10-06 11:30:16.782923
832,832,Apple Pay,8906.21,2025-10-27 12:30:03.060384
833,833,Debit Card,15869.15,2026-07-30 05:43:03.802080
834,834,PayPal,8239.98,2025-12-13 12:31:30.765848
835,835,Apple Pay,12225.4,2026-06-15 12:11:12.782474
836,836,Apple Pay,7033.26,2025-08-31 12:56:11.696198
837,837,Google Pay,3775.73,2026-06-22 13:06:07.748651
838,838,Debit Card,11520.18,2025-08-07 21:17:35.075974
839,839,Google Pay,10902.92,2026-01-03 07:23:12.697176
840,840,Google Pay,3185.14,2026-06-02 14:05:28.342624
841,841,Credit Card,4942.66,2025-08-12 21:10:25.645429
842,842,PayPal,12709.71,2026-04-06 23:37:07.453159
843,843,Google Pay,8277.31,2026-07-04 02:13:44.398055
844,844,Credit Card,7287.64,2025-11-16 05:10:32.966691
845,845,Debit Card,374.34,2026-02-04 18:50:49.938468
846,846,PayPal,3661.78,2025-10-25 01:44:29.449828
847,847,PayPal,4381.16,2026-01-13 21:31:03.232500
848,848,PayPal,324.12,2025-12-19 16:56:52.929459
849,849,Credit Card,14335.98,2026-02-06 08:50:15.096133
850,850,Debit Card,6412.2,2026-07-12 13:11:32.806340
851,851,Apple Pay,5627.88,2026-05-29 16:46:59.607539
852,852,Debit Card,12307.47,2026-05-05 03:20:30.694513
853,853,Apple Pay,2469.31,2025-12-12 18:29:39.034761
854,854,PayPal,1636.25,2025-09-11 13:44:04.927524
855,855,Debit Card,14951.04,2025-11-22 17:09:26.037830
856,856,Google Pay,19371.77,2026-06-23 13:56:26.726728
857,857,Google Pay,8652.98,2026-01-15 08:44:38.233279
858,858,Google Pay,3516.4,2025-11-17 18:51:28.543070
859,859,Google Pay,13711.2,2026-01-03 00:46:19.870539
860,860,Debit Card,296.19,2026-01-30 17:28:37.570197
861,861,Debit Card,3630.42,2025-08-31 22:37:10.757822
862,862,Credit Card,2555.41,2025-10-07 05:01:53.741093
863,863,Credit Card,10882.74,2026-04-08 04:58:06.129983
864,864,PayPal,9665.73,2026-05-08 16:17:26.761570
865,865,Google Pay,15517.99,2026-05-01 22:56:05.938255
866,866,Google Pay,11061.06,2026-03-18 13:29:00.009130
867,867,Apple Pay,16452.94,2026-06-20 15:18:56.274702
868,868,Debit Card,8853.27,2026-02-15 21:10:05.218813
869,869,Credit Card,11423.69,2025-09-13 00:37:31.827613
870,870,Debit Card,11179.19,2025-12-28 11:07:21.255412
871,871,Google Pay,15158.2,2026-02-22 07:53:57.216915
872,872,PayPal,4079.76,2025-12-26 17:56:27.850726
873,873,Google Pay,11285.1,2025-10-10 12:12:29.446118
874,874,Credit Card,8261.0,2026-03-22 08:22:47.042561
875,875,Apple Pay,1138.05,2025-11-19 10:34:20.992024
876,876,PayPal,972.36,2026-02-06 05:22:21.093510
877,877,Credit Card,10000.69,2025-09-02 08:01:27.020565
878,878,Google Pay,7684.74,2026-07-18 19:59:15.496675
879,879,Credit Card,2785.8,2025-08-06 10:44:19.209091
880,880,Debit Card,12262.12,2025-08-21 15:31:13.869785
881,881,PayPal,2190.58,2026-01-23 12:42:11.043618
882,882,PayPal,3251.09,2025-10-12 20:19:47.071002
883,883,Debit Card,3088.81,2025-11-17 23:32:25.772189
884,884,PayPal,9357.54,2026-02-19 04:12:41.718499
885,885,Debit Card,6541.71,2026-02-20 21:05:34.539315
886,886,Apple Pay,11482.15,2025-12-05 02:55:08.974734
887,887,Google Pay,13060.8,2026-04-07 05:10:44.833689
888,888,Google Pay,12654.8,2025-10-26 11:17:15.632133
889,889,Apple Pay,3354.0,2026-04-01 11:37:51.566131
890,890,Credit Card,11505.02,2025-11-20 06:24:23.670499
891,891,Apple Pay,5113.4,2026-05-10 01:42:05.353050
892,892,Apple Pay,3699.59,2025-10-18 03:03:31.785660
893,893,Apple Pay,8035.02,2026-03-06 19:18:29.632010
894,894,Debit Card,10302.76,2026-06-19 11:40:11.252086
895,895,Debit Card,8037.58,2026-04-01 11:42:35.961223
896,896,Debit Card,12609.14,2025-09-30 02:32:48.195754
897,897,PayPal,4752.16,2025-09-23 08:17:37.760328
898,898,PayPal,10744.25,2025-10-28 23:03:42.199916
899,899,Credit Card,8130.84,2025-12-13 21:36:38.903800
900,900,Debit Card,13051.14,2025-09-09 23:01:16.630896
901,901,Google Pay,14576.89,2025-11-11 05:13:15.770339
902,902,Debit Card,3085.46,2025-08-01 12:30:55.607759
903,903,Debit Card,13237.58,2025-11-12 12:32:19.231949
904,904,Apple Pay,972.36,2026-05-20 11:35:09.968383
905,905,Debit Card,10051.96,2025-11-20 11:07:02.609680
906,906,PayPal,2926.56,2026-07-27 19:58:59.695942
907,907,Credit Card,15918.72,2025-09-21 19:44:33.595017
908,908,PayPal,4455.2,2025-12-21 20:54:48.720640
909,909,Google Pay,10201.33,2025-11-10 15:18:27.336093
910,910,Apple Pay,6794.63,2025-12-17 23:33:54.155360
911,911,Credit Card,12993.8,2026-04-21 09:47:43.743072
912,912,Debit Card,1632.57,2025-10-27 18:54:16.710555
913,913,Apple Pay,7909.71,2026-04-19 12:47:53.804522
914,914,Apple Pay,833.06,2026-04-21 14:36:57.886092
915,915,Apple Pay,9798.85,2026-07-21 12:55:15.990598
916,916,Debit Card,1463.28,2025-12-16 06:41:41.059317
917,917,Credit Card,16408.33,2025-10-21 15:50:05.608637
918,918,Apple Pay,4079.76,2025-11-12 14:29:26.129347
919,919,Debit Card,16487.0,2026-07-21 00:07:28.594504
920,920,Apple Pay,9021.44,2026-02-13 20:42:41.655268
921,921,Credit Card,7733.74,2025-10-22 12:35:01.515191
922,922,Google Pay,9125.39,2025-12-22 10:17:58.993255
923,923,Debit Card,13765.18,2025-09-13 17:58:45.648892
924,924,Credit Card,3853.28,2026-04-09 00:17:48.266230
925,925,Credit Card,9435.14,2026-04-25 22:18:09.875470
926,926,PayPal,11368.09,2026-07-19 15:21:05.201585
927,927,Debit Card,14402.19,2026-05-28 03:20:56.107553
928,928,Apple Pay,11854.64,2026-05-15 12:11:21.525367
929,929,Credit Card,13700.21,2026-01-17 18:07:28.976498
930,930,Debit Card,4475.41,2025-12-05 20:37:23.289955
931,931,PayPal,9026.47,2026-01-23 07:22:31.734054
932,932,Apple Pay,4466.0,2025-11-19 09:12:21.124765
933,933,Apple Pay,11630.26,2025-10-17 13:49:03.479830
934,934,Google Pay,14792.38,2025-11-11 03:32:06.996576
935,935,Apple Pay,3269.03,2025-12-11 15:25:19.259218
936,936,Google Pay,11279.19,2026-04-01 10:03:40.634661
937,937,Debit Card,6587.65,2025-10-25 09:52:21.499971
938,938,PayPal,2509.24,2025-08-16 11:45:33.647639
939,939,Apple Pay,9757.41,2026-03-22 12:23:31.403020
940,940,Debit Card,2079.46,2026-04-06 11:50:25.558108
941,941,Debit Card,3851.15,2026-05-19 06:06:45.985030
942,942,Credit Card,8341.57,2025-11-07 21:38:33.698680
943,943,Credit Card,2926.56,2026-02-27 12:12:39.685140
944,944,Apple Pay,9586.91,2025-12-28 01:04:34.608171
945,945,PayPal,17080.29,2025-09-14 05:07:44.339691
946,946,Apple Pay,6185.02,2025-09-16 19:58:04.128771
947,947,Google Pay,6790.14,2025-10-18 06:31:05.682673
948,948,Apple Pay,11200.02,2025-11-11 07:35:49.213431
949,949,Debit Card,5168.2,2026-03-24 06:57:49.635819
950,950,PayPal,3942.32,2026-07-08 14:42:13.217952
951,951,Apple Pay,7545.16,2025-12-12 16:36:22.751203
952,952,Google Pay,1476.43,2025-10-08 09:54:23.157832
953,953,Apple Pay,6571.74,2026-06-27 08:23:34.390567
954,954,Debit Card,12304.43,2025-11-12 06:10:39.657485
955,955,Debit Card,5868.88,2026-01-03 16:59:44.468270
956,956,Google Pay,12853.62,2025-12-20 09:56:24.794527
957,957,Apple Pay,3779.75,2025-12-16 14:36:36.917259
958,958,Credit Card,1487.08,2025-11-04 23:13:56.051385
959,959,Debit Card,243.9,2025-10-08 09:05:55.610019
960,960,Debit Card,3998.94,2026-01-22 09:31:20.571526
961,961,Debit Card,4663.32,2025-10-24 09:20:55.145766
962,962,Debit Card,12067.67,2025-11-07 23:28:51.001243
963,963,PayPal,17616.35,2025-09-06 21:46:21.882379
964,964,Debit Card,6139.11,2026-03-16 19:03:48.766598
965,965,Apple Pay,7946.88,2025-12-08 03:21:23.342790
966,966,Google Pay,1463.28,2026-04-23 22:26:21.602306
967,967,Credit Card,11666.1,2025-11-03 12:53:22.791184
968,968,Debit Card,8771.7,2026-03-12 21:50:18.023885
969,969,Google Pay,1487.08,2026-06-27 01:29:24.522945
970,970,Debit Card,6540.91,2025-08-25 13:43:21.814786
971,971,Debit Card,6519.72,2025-10-10 00:23:01.799928
972,972,PayPal,5608.65,2025-10-27 20:49:50.321721
973,973,Debit Card,9543.73,2026-02-19 10:39:40.801508
974,974,PayPal,13010.33,2026-05-27 17:20:44.271275
975,975,Credit Card,4571.47,2026-06-22 12:50:59.485579
976,976,Apple Pay,7461.87,2025-09-27 16:00:52.675457
977,977,Apple Pay,11013.35,2025-09-01 15:28:29.606020
978,978,Apple Pay,10067.95,2026-03-19 04:31:10.639132
979,979,Apple Pay,5732.9,2025-10-21 08:14:21.830314
980,980,Apple Pay,748.68,2025-12-12 15:23:46.050098
981,981,Google Pay,4435.82,2026-02-15 01:28:54.520460
982,982,PayPal,6135.94,2026-03-16 11:39:08.598337
983,983,Debit Card,5932.57,2025-09-07 05:50:54.478725
984,984,Debit Card,15218.41,2026-04-10 00:13:15.050682
985,985,Debit Card,8408.83,2026-04-09 07:04:00.216244
986,986,Debit Card,4860.22,2026-04-11 21:53:33.781459
987,987,PayPal,10076.9,2025-12-11 17:55:29.250719
988,988,Google Pay,11076.1,2026-05-06 14:23:11.722204
989,989,Debit Card,11315.77,2026-01-12 23:29:38.907214
990,990,Debit Card,3485.64,2025-08-04 21:24:40.596735
991,991,Credit Card,8101.79,2026-03-01 17:35:29.654675
992,992,PayPal,5492.67,2026-03-03 20:47:43.498522
993,993,Credit Card,12286.61,2025-10-12 11:06:32.561813
994,994,Google Pay,8826.22,2026-01-23 12:40:40.907388
995,995,Credit Card,5585.97,2025-08-20 05:58:30.317106
996,996,PayPal,13560.22,2025-08-28 09:29:57.759734
997,997,Google Pay,4822.95,2026-02-02 03:13:18.300180
998,998,Google Pay,16838.24,2025-11-13 02:06:29.403634
999,999,Debit Card,4628.19,2026-02-28 09:27:43.449696
1000,1000,Google Pay,8521.59,2026-03-26 19:41:48.431833
1001,1001,Apple Pay,6002.58,2026-06-26 01:33:31.661360
1002,1002,Google Pay,6605.33,2026-01-28 15:08:59.744105
1003,1003,Apple Pay,8818.56,2025-12-05 04:53:03.449711
1004,1004,Apple Pay,20540.07,2026-07-01 11:59:29.220519
1005,1005,Apple Pay,7299.3,2026-05-20 18:35:11.081887
1006,1006,Debit Card,10967.79,2026-05-07 09:00:08.928671
1007,1007,Google Pay,4606.53,2026-06-10 01:53:40.282063
1008,1008,Debit Card,6450.58,2026-02-25 00:15:57.571584
1009,1009,PayPal,6667.31,2026-01-10 10:52:34.443914
1010,1010,Credit Card,1542.73,2026-01-17 02:10:17.215752
1011,1011,Apple Pay,10266.76,2026-05-11 05:22:53.251118
1012,1012,Apple Pay,14600.02,2025-11-02 08:01:26.174309
1013,1013,Debit Card,10376.0,2025-11-15 12:30:29.987865
1014,1014,Apple Pay,935.37,2026-06-19 15:32:48.503036
1015,1015,Credit Card,9177.01,2026-05-15 06:25:09.302189
1016,1016,PayPal,5492.67,2025-10-18 06:10:46.627561
1017,1017,PayPal,5086.54,2025-09-25 18:01:03.876458
1018,1018,Apple Pay,5753.18,2025-09-12 17:19:54.459464
1019,1019,Debit Card,4085.68,2025-10-29 21:57:55.158262
1020,1020,PayPal,7901.7,2026-04-04 15:44:25.097544
1021,1021,Google Pay,11433.46,2026-04-02 01:39:14.146242
1022,1022,Google Pay,5492.67,2025-10-12 10:58:57.704318
1023,1023,Google Pay,10901.6,2025-09-17 22:48:44.068532
1024,1024,Google Pay,6160.31,2026-06-22 08:35:43.838111
1025,1025,Apple Pay,2832.02,2026-07-11 08:59:44.476644
1026,1026,Debit Card,11746.93,2025-08-31 13:14:42.306756
1027,1027,Apple Pay,2431.3,2025-10-30 11:35:55.802935
1028,1028,PayPal,6045.74,2026-04-28 06:01:01.212326
1029,1029,Debit Card,3695.57,2026-07-26 18:55:22.692853
1030,1030,Apple Pay,8878.5,2025-10-04 22:28:19.747352
1031,1031,Apple Pay,12041.99,2026-04-17 22:38:12.238382
1032,1032,PayPal,16633.12,2025-10-05 00:32:58.175531
1033,1033,Debit Card,4210.5,2025-12-17 09:27:28.225760
1034,1034,Debit Card,11512.47,2025-11-14 06:58:12.230036
1035,1035,Apple Pay,1463.28,2026-03-27 11:29:56.785842
1036,1036,PayPal,4521.47,2026-03-27 12:45:49.826511
1037,1037,PayPal,6889.45,2026-03-13 11:33:22.995281
1038,1038,Debit Card,7107.4,2026-06-12 23:14:51.972320
1039,1039,Google Pay,12301.19,2026-04-21 13:42:19.599329
1040,1040,Credit Card,7443.22,2025-08-11 00:14:18.006804
1041,1041,Debit Card,3051.33,2026-04-30 15:52:26.656433
1042,1042,Google Pay,2222.22,2026-07-29 05:53:18.706529
1043,1043,Debit Card,9700.22,2026-01-15 13:36:44.768603
1044,1044,Google Pay,4397.2,2026-03-11 13:00:53.848561
1045,1045,Google Pay,6046.83,2025-09-07 23:00:40.010105
1046,1046,Apple Pay,5751.16,2025-09-29 01:46:45.410981
1047,1047,Credit Card,2610.27,2026-07-17 01:53:02.668320
1048,1048,Apple Pay,9962.41,2025-11-09 04:04:52.348818
1049,1049,Apple Pay,11897.85,2025-12-10 01:04:53.379620
1050,1050,Apple Pay,3498.24,2026-06-18 11:23:45.769604
1051,1051,Google Pay,2559.57,2025-12-01 07:56:48.323032
1052,1052,Apple Pay,15193.44,2025-08-15 16:02:52.602090
1053,1053,PayPal,3229.46,2025-12-30 05:25:59.328216
1054,1054,Google Pay,17644.92,2025-08-31 10:18:26.705363
1055,1055,PayPal,2624.04,2026-04-01 09:16:34.801371
1056,1056,Credit Card,13461.86,2026-03-20 17:33:02.103209
1057,1057,PayPal,6870.02,2026-05-19 18:54:03.466109
1058,1058,Google Pay,6893.1,2025-12-22 02:17:42.220590
1059,1059,Credit Card,14592.27,2026-03-29 16:01:30.515287
1060,1060,PayPal,10044.69,2026-04-20 07:01:32.503576
1061,1061,Debit Card,2937.68,2026-03-17 06:22:17.174829
1062,1062,PayPal,7735.16,2026-06-20 14:26:55.993595
1063,1063,PayPal,10003.18,2026-01-17 22:04:55.789747
1064,1064,Debit Card,16702.91,2026-02-25 21:19:54.525614
1065,1065,PayPal,8632.73,2026-02-09 08:27:42.127366
1066,1066,Credit Card,5763.75,2026-03-14 07:10:00.812882
1067,1067,Credit Card,2039.88,2026-06-24 11:37:33.632978
1068,1068,Credit Card,7520.68,2026-04-17 21:21:38.211417
1069,1069,Debit Card,11097.64,2026-04-22 19:01:58.868008
1070,1070,Debit Card,11385.45,2026-07-14 23:55:21.389872
1071,1071,Debit Card,6803.17,2026-03-31 22:08:24.948913
1072,1072,Apple Pay,1857.2,2026-06-22 13:54:38.872849
1073,1073,Apple Pay,2286.15,2026-02-02 14:20:10.802989
1074,1074,Credit Card,6541.71,2026-03-22 02:41:47.525754
1075,1075,Apple Pay,16582.92,2026-01-25 06:22:18.537376
1076,1076,PayPal,6707.33,2025-11-09 15:54:49.714513
1077,1077,Apple Pay,1636.25,2025-08-06 18:34:54.809669
1078,1078,Credit Card,11975.58,2025-11-19 04:26:10.365235
1079,1079,PayPal,9565.75,2026-06-23 02:03:54.521073
1080,1080,Apple Pay,8618.27,2026-02-02 23:52:44.431983
1081,1081,Google Pay,2264.26,2025-11-08 00:05:54.394687
1082,1082,Google Pay,14987.37,2025-09-02 18:17:49.201331
1083,1083,Credit Card,5452.94,2025-08-19 17:56:06.592575
1084,1084,Apple Pay,6075.97,2025-10-12 22:50:35.246802
1085,1085,Apple Pay,7836.33,2026-03-31 23:44:10.153577
1086,1086,PayPal,18746.02,2025-08-10 14:31:03.892794
1087,1087,Google Pay,7974.46,2026-05-17 08:55:00.736796
1088,1088,Credit Card,1973.9,2026-01-24 14:44:03.473930
1089,1089,Apple Pay,3157.31,2025-09-05 04:37:40.874982
1090,1090,Credit Card,10885.39,2026-07-07 02:35:33.741323
1091,1091,Debit Card,986.95,2025-11-27 01:40:44.182769
1092,1092,Debit Card,16677.85,2026-04-15 09:11:41.788875
1093,1093,PayPal,120.46,2026-04-08 04:42:37.528259
1094,1094,Credit Card,3376.82,2026-02-09 19:24:31.833995
1095,1095,Apple Pay,15505.28,2026-03-02 21:45:55.991074
1096,1096,Apple Pay,5128.87,2025-10-18 08:05:54.890570
1097,1097,Apple Pay,11968.13,2026-06-28 08:50:56.963774
1098,1098,Google Pay,11503.95,2026-06-18 11:03:18.458805
1099,1099,Google Pay,1458.07,2026-04-14 18:36:43.334346
1100,1100,PayPal,1768.0,2026-04-13 02:40:33.759855
1101,1101,Google Pay,5417.1,2026-03-22 00:11:04.633452
1102,1102,Google Pay,13612.57,2025-12-08 10:00:41.255171
1103,1103,Apple Pay,14166.15,2026-01-27 06:45:30.204408
1104,1104,Google Pay,21101.67,2025-10-23 02:00:46.306340
1105,1105,Credit Card,2402.7,2026-03-14 07:20:47.159922
1106,1106,PayPal,499.92,2026-04-08 16:35:47.501534
1107,1107,Apple Pay,9597.25,2025-10-25 14:59:18.896116
1108,1108,PayPal,2190.58,2026-02-26 10:52:48.512819
1109,1109,Credit Card,7839.38,2026-01-10 10:44:55.209605
1110,1110,Credit Card,9814.91,2026-01-11 13:51:16.799327
1111,1111,Apple Pay,12294.86,2025-10-29 21:09:30.840985
1112,1112,Apple Pay,8839.7,2026-01-23 06:41:42.661571
1113,1113,Apple Pay,5031.0,2026-05-02 09:14:56.592793
1114,1114,Debit Card,1220.13,2025-12-24 14:40:47.822733
1115,1115,Apple Pay,8791.62,2026-05-27 04:25:19.645472
1116,1116,PayPal,3813.14,2026-02-20 01:37:06.838861
1117,1117,PayPal,15786.13,2026-05-05 15:26:10.591181
1118,1118,Apple Pay,3272.5,2026-01-30 14:15:04.553376
1119,1119,Debit Card,19868.35,2025-10-07 13:18:15.333160
1120,1120,Google Pay,14603.86,2026-02-24 13:26:37.164205
1121,1121,PayPal,1614.73,2026-05-29 18:49:21.243988
1122,1122,PayPal,3910.0,2026-05-27 04:52:19.309735
1123,1123,Google Pay,13321.37,2026-02-24 16:55:35.204762
1124,1124,Google Pay,5972.03,2026-05-20 05:48:39.297471
1125,1125,Credit Card,1499.76,2025-08-16 18:44:41.351854
1126,1126,Credit Card,14107.7,2025-12-11 01:11:57.161738
1127,1127,PayPal,3278.96,2025-11-05 00:43:08.822284
1128,1128,Debit Card,5042.76,2026-02-10 12:38:45.936718
1129,1129,Google Pay,24017.88,2025-09-07 04:55:40.465666
1130,1130,Debit Card,19932.29,2025-08-09 20:10:09.202759
1131,1131,Google Pay,11479.86,2026-04-08 06:23:16.616851
1132,1132,Debit Card,6040.92,2026-07-01 15:33:50.821652
1133,1133,Google Pay,7674.3,2025-09-02 13:14:08.184839
1134,1134,PayPal,5059.46,2026-02-15 21:41:15.532618
1135,1135,Debit Card,8362.58,2026-04-04 16:05:35.330231
1136,1136,Apple Pay,1632.57,2025-09-11 21:09:30.688128
1137,1137,Credit Card,11524.98,2025-12-19 03:43:25.684226
1138,1138,Credit Card,2537.26,2025-12-03 00:36:06.435035
1139,1139,Debit Card,6302.21,2026-05-22 06:56:23.621617
1140,1140,Credit Card,9862.92,2026-01-02 09:26:58.771561
1141,1141,Credit Card,18768.69,2026-04-24 20:00:39.022834
1142,1142,Google Pay,3354.0,2026-07-02 04:41:02.251722
1143,1143,Debit Card,9005.98,2026-01-18 05:21:26.226712
1144,1144,Apple Pay,4860.67,2026-05-13 04:38:57.280344
1145,1145,Google Pay,8762.34,2025-09-23 11:56:40.764943
1146,1146,PayPal,10218.86,2025-09-07 13:09:34.067267
1147,1147,Credit Card,4628.19,2025-11-21 20:58:17.826977
1148,1148,PayPal,15116.76,2026-01-01 01:15:14.311897
1149,1149,Google Pay,7030.96,2025-09-17 18:14:30.651792
1150,1150,Google Pay,9143.56,2026-06-07 23:36:02.764344
1151,1151,Credit Card,14034.34,2025-08-02 03:48:58.428973
1152,1152,Apple Pay,7171.15,2025-08-22 04:32:04.638521
1153,1153,Credit Card,11202.6,2025-12-17 16:36:02.973058
1154,1154,Google Pay,4210.5,2026-02-23 01:04:36.177655
1155,1155,Apple Pay,2647.12,2025-11-07 17:43:30.878546
1156,1156,Apple Pay,12749.72,2026-07-18 01:37:04.627534
1157,1157,Credit Card,1861.99,2026-04-09 11:36:32.583186
1158,1158,Debit Card,2190.58,2026-05-17 16:02:07.543532
1159,1159,Apple Pay,8912.33,2025-11-26 01:34:20.048600
1160,1160,Apple Pay,15971.09,2025-12-07 14:32:51.858388
1161,1161,Google Pay,8610.8,2025-10-04 06:42:02.034797
1162,1162,Apple Pay,16812.16,2026-05-04 04:18:02.683664
1163,1163,Google Pay,703.0,2026-02-05 01:14:34.356554
1164,1164,Apple Pay,8738.88,2026-06-08 04:37:55.135128
1165,1165,Google Pay,1389.1,2026-01-19 08:59:29.970101
1166,1166,Debit Card,9811.42,2025-08-18 08:56:58.114023
1167,1167,Google Pay,4679.65,2026-03-17 11:05:44.039036
1168,1168,PayPal,11014.68,2025-12-17 15:57:24.674495
1169,1169,Credit Card,14801.46,2026-02-07 00:06:38.409792
1170,1170,PayPal,7288.54,2025-10-05 04:35:46.436467
1171,1171,Credit Card,2852.7,2026-02-25 14:50:15.294355
1172,1172,Apple Pay,7218.97,2025-12-10 07:42:34.187693
1173,1173,Google Pay,4990.25,2025-09-03 16:58:27.758930
1174,1174,Google Pay,10408.52,2026-05-16 06:44:09.648657
1175,1175,Apple Pay,14038.77,2026-05-25 17:30:43.920786
1176,1176,PayPal,6813.08,2026-03-29 12:03:52.302251
1177,1177,Credit Card,13577.06,2026-05-16 08:43:08.002194
1178,1178,Debit Card,3021.08,2026-06-15 13:49:11.678412
1179,1179,PayPal,10520.27,2025-10-26 17:59:52.853680
1180,1180,Debit Card,1821.31,2026-05-15 21:43:28.587806
1181,1181,Apple Pay,243.9,2025-09-22 22:50:33.323165
1182,1182,Debit Card,762.05,2026-04-07 02:23:56.602476
1183,1183,Apple Pay,10279.02,2026-06-06 17:15:53.629279
1184,1184,Debit Card,6937.62,2026-06-23 16:11:43.916559
1185,1185,Apple Pay,1844.51,2025-10-09 15:31:51.703851
1186,1186,Debit Card,17472.68,2025-09-12 00:53:39.788274
1187,1187,Apple Pay,8312.56,2026-06-10 03:27:55.881716
1188,1188,Google Pay,6232.96,2025-11-13 07:44:40.846176
1189,1189,Credit Card,11215.82,2026-03-15 18:21:44.783755
1190,1190,Google Pay,7777.27,2025-08-11 01:25:47.795880
1191,1191,Credit Card,13796.84,2025-10-04 05:39:45.993618
1192,1192,Apple Pay,12957.47,2026-01-13 16:40:52.137238
1193,1193,Google Pay,592.38,2026-03-28 10:45:53.643999
1194,1194,Google Pay,8995.64,2026-04-02 00:16:31.104727
1195,1195,Debit Card,6505.35,2025-09-01 10:14:17.466898
1196,1196,Google Pay,15450.07,2025-12-31 07:13:58.256022
1197,1197,Apple Pay,4679.29,2026-03-24 07:01:49.439253
1198,1198,Credit Card,9411.61,2026-06-05 04:27:17.782985
1199,1199,Credit Card,4461.24,2025-12-03 19:53:45.971532
1200,1200,PayPal,14083.7,2026-01-18 03:18:31.350057
1201,1201,Apple Pay,5729.41,2026-01-15 22:35:16.323735
1202,1202,Google Pay,11760.3,2025-12-23 03:34:35.781377
1203,1203,Debit Card,2256.42,2025-08-22 17:10:09.172309
1204,1204,Credit Card,1463.28,2026-07-11 07:57:34.229864
1205,1205,Debit Card,8897.02,2025-07-31 02:46:11.954564
1206,1206,PayPal,6224.14,2026-04-17 20:41:12.825321
1207,1207,Debit Card,3234.42,2026-06-20 12:01:34.449869
1208,1208,Google Pay,7507.55,2025-11-06 11:57:24.269075
1209,1209,Debit Card,2217.03,2026-02-25 12:49:12.171137
1210,1210,PayPal,8283.76,2025-08-28 21:16:06.458551
1211,1211,Apple Pay,8636.32,2026-02-28 22:48:54.124090
1212,1212,Google Pay,3672.45,2026-04-25 19:47:36.842067
1213,1213,Apple Pay,2908.02,2025-08-30 18:03:39.092686
1214,1214,PayPal,648.24,2025-08-06 00:10:30.858335
1215,1215,Debit Card,8290.76,2025-09-07 23:35:21.721953
1216,1216,Debit Card,4079.76,2025-09-11 02:16:46.054320
1217,1217,Debit Card,8829.48,2026-01-02 06:42:34.096748
1218,1218,Google Pay,5269.34,2026-07-17 20:20:53.023133
1219,1219,PayPal,8909.41,2026-06-11 08:28:10.783755
1220,1220,Debit Card,12240.46,2025-08-31 10:59:26.786655
1221,1221,Google Pay,15593.0,2025-12-26 21:38:37.699379
1222,1222,PayPal,5143.65,2025-11-22 13:19:16.652173
1223,1223,Google Pay,3485.64,2025-08-10 10:18:16.207851
1224,1224,Apple Pay,5215.4,2025-09-29 14:00:55.719785
1225,1225,Credit Card,1389.1,2025-12-24 04:47:49.933579
1226,1226,Apple Pay,7711.9,2025-12-30 10:58:41.128982
1227,1227,Apple Pay,6674.4,2026-01-15 16:07:40.959004
1228,1228,PayPal,15757.07,2026-03-11 17:13:18.052059
1229,1229,Credit Card,15164.85,2025-11-23 21:56:00.211695
1230,1230,Credit Card,13703.1,2025-12-02 21:26:15.967478
1231,1231,Google Pay,4844.19,2025-11-12 01:33:17.014915
1232,1232,Debit Card,6571.74,2025-08-28 21:41:23.439730
1233,1233,Credit Card,5398.59,2026-04-10 05:20:56.857659
1234,1234,Google Pay,4187.06,2026-02-01 16:38:42.070228
1235,1235,PayPal,7425.76,2026-02-02 19:47:27.346604
1236,1236,PayPal,8551.92,2025-10-07 21:22:56.500898
1237,1237,Credit Card,10305.03,2026-03-14 02:04:47.717805
1238,1238,Google Pay,13975.25,2026-04-20 21:12:32.796829
1239,1239,Google Pay,5942.72,2026-03-02 00:54:45.908478
1240,1240,Google Pay,16886.43,2026-02-08 23:20:26.799446
1241,1241,Debit Card,9487.46,2026-04-13 06:44:34.180439
1242,1242,Google Pay,10502.15,2026-01-27 16:15:21.570194
1243,1243,Credit Card,10813.33,2025-09-16 21:53:53.719650
1244,1244,Debit Card,1099.2,2026-03-09 01:53:29.839062
1245,1245,Credit Card,10096.8,2026-01-28 18:05:14.835254
1246,1246,Apple Pay,2778.2,2026-04-17 14:09:13.233111
1247,1247,Apple Pay,9057.1,2025-11-06 19:54:43.242504
1248,1248,Google Pay,2818.87,2026-06-04 13:37:07.536184
1249,1249,Credit Card,2263.38,2025-08-09 12:39:51.206403
1250,1250,Apple Pay,3085.46,2025-09-01 14:53:43.722943
1251,1251,Credit Card,16067.16,2026-06-18 14:30:14.173028
1252,1252,Debit Card,1463.28,2025-12-07 09:20:50.233725
1253,1253,Debit Card,10677.92,2025-08-11 22:03:45.923020
1254,1254,Google Pay,3965.36,2026-05-06 22:13:31.537552
1255,1255,PayPal,2276.77,2025-08-09 04:51:05.639807
1256,1256,Debit Card,1748.52,2025-08-22 18:53:36.491114
1257,1257,Credit Card,8785.64,2025-12-06 06:43:10.990141
1258,1258,PayPal,5393.84,2025-12-17 08:20:37.706428
1259,1259,Apple Pay,5105.42,2026-04-15 09:03:17.049499
1260,1260,Apple Pay,9838.66,2025-10-21 17:56:10.246861
1261,1261,Debit Card,15548.03,2025-08-28 23:06:53.680675
1262,1262,Credit Card,1463.28,2025-11-22 00:57:35.290885
1263,1263,Credit Card,15450.15,2026-06-02 07:25:29.483012
1264,1264,Google Pay,16355.94,2026-03-09 11:42:26.798321
1265,1265,Google Pay,60.23,2026-06-20 12:22:29.535054
1266,1266,Apple Pay,16561.11,2025-09-14 17:55:33.514436
1267,1267,Apple Pay,6306.09,2026-01-14 23:04:50.348805
1268,1268,PayPal,1463.28,2026-02-11 01:59:33.744714
1269,1269,PayPal,13857.87,2026-02-25 11:42:50.267756
1270,1270,Apple Pay,11359.76,2026-03-13 05:28:33.525618
1271,1271,Credit Card,6935.96,2025-11-10 17:32:43.854446
1272,1272,PayPal,10317.51,2026-06-25 17:28:59.765772
1273,1273,Apple Pay,7622.47,2026-04-14 02:56:33.946336
1274,1274,Apple Pay,7931.37,2025-09-20 12:13:02.556731
1275,1275,Google Pay,6492.11,2025-08-08 01:43:54.985834
1276,1276,Debit Card,3841.14,2025-09-02 03:13:36.137220
1277,1277,Apple Pay,12017.49,2026-07-20 09:06:26.024833
1278,1278,PayPal,15557.04,2026-04-05 08:57:38.101099
1279,1279,Credit Card,2539.36,2025-09-11 03:57:29.676187
1280,1280,Credit Card,4299.06,2026-02-07 15:57:11.003171
1281,1281,Debit Card,12097.59,2025-12-13 19:30:04.433442
1282,1282,Apple Pay,7030.98,2025-10-15 03:15:57.391153
1283,1283,Apple Pay,3736.25,2025-08-13 17:56:54.097663
1284,1284,Google Pay,5851.88,2026-06-23 12:22:53.028012
1285,1285,Apple Pay,3066.1,2025-09-22 12:00:26.242834
1286,1286,Debit Card,1436.35,2026-03-30 01:35:55.157789
1287,1287,PayPal,4966.44,2025-10-09 05:02:55.937277
1288,1288,Google Pay,5735.74,2025-08-03 12:20:46.674085
1289,1289,PayPal,6119.64,2026-05-18 08:53:11.129907
1290,1290,Apple Pay,3543.89,2026-05-12 03:15:57.582025
1291,1291,Google Pay,4914.52,2025-09-28 01:22:20.829208
1292,1292,Credit Card,11799.3,2026-03-23 06:15:57.164633
1293,1293,Apple Pay,3354.0,2025-11-18 05:29:43.915054
1294,1294,Credit Card,14045.09,2026-06-10 12:45:17.969316
1295,1295,Debit Card,8778.56,2025-11-12 20:21:13.012608
1296,1296,Apple Pay,2939.26,2026-07-16 23:08:33.199267
1297,1297,Google Pay,986.95,2026-06-20 15:27:53.439500
1298,1298,Google Pay,7854.06,2026-03-24 15:37:17.713153
1299,1299,Apple Pay,9103.75,2025-07-30 06:04:24.502493
1300,1300,Debit Card,2838.43,2025-10-17 05:34:53.091162
1301,1301,Google Pay,4026.2,2025-08-19 05:58:41.299058
1302,1302,Apple Pay,7027.68,2025-11-01 21:19:03.826525
1303,1303,PayPal,7656.72,2026-07-16 02:00:47.503430
1304,1304,Apple Pay,9425.87,2025-10-27 19:16:23.552606
1305,1305,Credit Card,4854.77,2025-09-21 21:50:05.342089
1306,1306,Debit Card,6684.9,2025-11-25 19:57:35.664381
1307,1307,Credit Card,2190.58,2026-04-22 23:03:26.653093
1308,1308,Debit Card,2572.93,2025-10-08 08:49:20.586761
1309,1309,PayPal,6502.18,2026-04-16 22:56:56.350695
1310,1310,PayPal,5222.9,2025-12-03 07:01:21.921383
1311,1311,Google Pay,3219.99,2025-08-13 23:49:07.264853
1312,1312,Google Pay,928.6,2026-06-14 12:34:21.906452
1313,1313,PayPal,1519.02,2026-07-17 19:45:54.794496
1314,1314,PayPal,4493.46,2026-02-03 14:59:23.030430
1315,1315,Credit Card,7172.74,2025-09-19 09:51:44.967003
1316,1316,PayPal,11181.22,2026-05-03 18:33:15.190614
1317,1317,Google Pay,10228.09,2026-01-14 01:46:32.682025
1318,1318,PayPal,5538.53,2026-02-17 18:25:40.228049
1319,1319,Credit Card,7647.32,2025-08-30 02:39:41.386434
1320,1320,Credit Card,4650.21,2025-08-25 12:10:40.377408
1321,1321,Apple Pay,8031.95,2026-03-13 22:47:12.327269
1322,1322,Apple Pay,3025.35,2025-11-06 20:59:25.440967
1323,1323,Credit Card,9266.36,2026-01-03 20:45:12.829842
1324,1324,Debit Card,3272.5,2025-12-04 19:22:02.970171
1325,1325,Credit Card,4132.16,2025-12-09 06:13:22.114142
1326,1326,Apple Pay,2960.85,2025-12-15 18:49:21.217625
1327,1327,Apple Pay,13409.56,2026-01-14 09:51:24.243932
1328,1328,Credit Card,3177.78,2026-07-24 00:05:18.163743
1329,1329,Apple Pay,8492.11,2026-03-07 21:43:48.158640
1330,1330,PayPal,1973.9,2026-07-19 06:25:54.887641
1331,1331,Google Pay,12979.59,2026-03-03 14:40:06.188818
1332,1332,Google Pay,10760.0,2025-10-06 01:18:25.993441
1333,1333,PayPal,11919.85,2026-03-30 23:59:26.046433
1334,1334,Google Pay,9151.49,2025-10-11 02:47:04.823441
1335,1335,Credit Card,1666.12,2026-02-28 04:27:11.678764
1336,1336,Google Pay,13348.42,2025-12-21 14:51:17.414611
1337,1337,Debit Card,2233.0,2026-05-18 12:47:15.455796
1338,1338,Credit Card,2233.0,2026-03-06 07:18:39.907865
1339,1339,Apple Pay,5304.51,2026-02-18 01:32:28.497368
1340,1340,Google Pay,5194.2,2026-06-06 04:52:04.009264
1341,1341,Debit Card,6890.43,2025-08-16 21:08:18.183950
1342,1342,Google Pay,6190.6,2025-11-16 08:42:53.326840
1343,1343,Apple Pay,7927.15,2026-03-14 04:09:29.751886
1344,1344,Debit Card,5020.53,2025-08-06 07:59:33.125728
1345,1345,PayPal,7918.96,2026-03-21 14:23:12.038427
1346,1346,PayPal,5499.21,2026-06-13 08:01:24.517904
1347,1347,Credit Card,10885.06,2026-05-29 07:14:59.261832
1348,1348,Google Pay,2286.01,2026-04-30 10:35:12.483075
1349,1349,Apple Pay,10003.79,2026-02-07 15:18:43.457002
1350,1350,Google Pay,9924.8,2025-08-25 20:33:53.614400
1351,1351,Google Pay,12062.54,2026-02-07 15:26:29.510777
1352,1352,Credit Card,8237.86,2026-01-10 14:45:32.169727
1353,1353,Credit Card,3898.88,2026-07-18 19:21:50.987808
1354,1354,Apple Pay,4405.99,2026-02-07 14:48:53.241582
1355,1355,PayPal,8917.49,2026-05-29 15:47:08.934784
1356,1356,Credit Card,5217.66,2025-09-09 14:24:45.386529
1357,1357,Debit Card,8714.6,2026-01-09 10:07:08.211146
1358,1358,PayPal,12499.57,2026-04-25 18:07:47.526011
1359,1359,PayPal,14029.92,2025-08-19 08:39:48.206361
1360,1360,Debit Card,12998.13,2025-12-01 14:47:52.825936
1361,1361,Google Pay,324.12,2025-09-18 19:08:03.163474
1362,1362,Apple Pay,12140.98,2026-05-03 10:21:25.271472
1363,1363,Apple Pay,11443.3,2025-10-24 19:29:43.643207
1364,1364,Debit Card,11317.94,2025-09-13 04:36:57.313751
1365,1365,Credit Card,8919.66,2026-03-07 00:04:12.543010
1366,1366,Credit Card,9538.59,2025-09-26 02:22:41.583110
1367,1367,Google Pay,6924.99,2025-12-25 04:12:19.587431
1368,1368,Apple Pay,356.42,2026-04-30 02:44:20.850373
1369,1369,Credit Card,2499.18,2026-05-16 07:49:02.253564
1370,1370,PayPal,12491.67,2025-09-10 19:23:03.510504
1371,1371,Credit Card,3213.06,2026-07-09 06:56:30.412749
1372,1372,Google Pay,1403.5,2026-02-15 03:58:37.307076
1373,1373,Credit Card,5362.2,2026-06-23 03:36:53.086402
1374,1374,Debit Card,6677.48,2025-10-04 06:36:55.846780
1375,1375,Apple Pay,14750.46,2026-01-08 00:38:17.970520
1376,1376,PayPal,15293.09,2026-07-11 00:19:05.753937
1377,1377,PayPal,19694.53,2025-08-03 13:08:47.631856
1378,1378,Credit Card,2518.09,2026-02-11 12:40:11.970577
1379,1379,Debit Card,770.19,2025-10-12 12:31:12.347529
1380,1380,Debit Card,11754.12,2025-08-21 03:21:45.104207
1381,1381,Debit Card,2579.57,2025-09-07 09:40:26.545876
1382,1382,Credit Card,813.42,2026-01-02 12:19:48.793225
1383,1383,Google Pay,11017.83,2026-05-15 16:28:35.512892
1384,1384,Debit Card,18388.67,2026-01-10 12:30:00.885887
1385,1385,Debit Card,3727.26,2025-09-16 03:50:17.394422
1386,1386,Credit Card,10853.17,2026-06-02 23:39:54.947749
1387,1387,Apple Pay,4530.74,2025-11-29 08:29:03.872309
1388,1388,Google Pay,11150.4,2025-12-11 06:34:58.644362
1389,1389,PayPal,12874.08,2026-06-10 02:11:45.803265
1390,1390,Apple Pay,17125.57,2025-12-05 03:45:20.967391
1391,1391,Google Pay,9332.37,2026-01-23 06:52:47.213663
1392,1392,Google Pay,1059.26,2025-08-03 10:04:52.974431
1393,1393,PayPal,15974.04,2026-06-06 13:31:43.517723
1394,1394,Apple Pay,16360.27,2026-06-15 04:36:45.341381
1395,1395,Apple Pay,9455.04,2026-03-06 12:53:52.068158
1396,1396,PayPal,7677.17,2026-02-01 21:47:05.716120
1397,1397,Apple Pay,6038.14,2026-02-25 01:50:31.083627
1398,1398,Debit Card,10590.98,2026-07-18 04:34:44.574492
1399,1399,PayPal,16609.55,2026-04-11 12:32:54.397964
1400,1400,PayPal,10594.38,2026-06-27 04:38:23.611418
1401,1401,Google Pay,10402.06,2026-05-11 14:10:54.511039
1402,1402,Credit Card,243.9,2025-08-06 10:45:05.458311
1403,1403,Apple Pay,8955.59,2025-11-23 00:32:59.095528
1404,1404,Apple Pay,4687.32,2026-07-19 15:34:45.817691
1405,1405,Debit Card,4070.14,2025-10-07 22:39:39.935958
1406,1406,PayPal,2499.18,2025-12-14 16:59:22.570476
1407,1407,Credit Card,1403.5,2025-11-25 21:25:48.124116
1408,1408,Credit Card,4483.09,2025-11-12 13:13:29.840533
1409,1409,Google Pay,3880.36,2026-05-06 19:36:13.661726
1410,1410,Debit Card,7269.9,2025-11-29 13:01:50.969645
1411,1411,Debit Card,4621.83,2026-03-26 12:34:19.969428
1412,1412,PayPal,13599.19,2026-04-04 22:30:14.727983
1413,1413,Google Pay,10653.3,2026-02-16 14:39:56.868679
1414,1414,Credit Card,9815.92,2025-09-07 08:57:40.813872
1415,1415,Debit Card,5875.77,2026-06-04 14:38:53.074980
1416,1416,Apple Pay,14535.24,2026-01-06 19:17:27.465643
1417,1417,Debit Card,8286.38,2026-07-01 01:02:47.811856
1418,1418,Debit Card,7419.94,2025-11-02 08:04:00.723160
1419,1419,Credit Card,14118.99,2025-09-10 00:42:06.318150
1420,1420,Debit Card,1875.52,2026-03-14 20:24:29.749612
1421,1421,Debit Card,6516.04,2026-01-22 02:37:40.525631
1422,1422,Google Pay,5509.99,2025-12-30 02:22:02.101321
1423,1423,Apple Pay,10346.37,2026-02-09 15:17:02.512293
1424,1424,Debit Card,4846.6,2025-12-05 20:59:34.824647
1425,1425,Credit Card,3015.29,2025-10-28 20:13:06.087318
1426,1426,Google Pay,17071.74,2026-01-06 08:23:13.245705
1427,1427,Debit Card,13753.74,2026-07-11 22:24:47.383685
1428,1428,Apple Pay,5275.44,2025-12-10 13:23:05.112123
1429,1429,Google Pay,17095.67,2026-05-17 22:27:21.783291
1430,1430,Apple Pay,7663.21,2025-08-31 09:46:10.080058
1431,1431,Google Pay,6386.92,2025-10-16 13:41:29.875435
1432,1432,PayPal,2046.37,2026-04-05 15:25:15.595873
1433,1433,Debit Card,11108.3,2026-03-23 08:06:20.990166
1434,1434,Google Pay,4433.56,2025-09-11 18:36:52.031112
1435,1435,Debit Card,16167.57,2026-05-05 05:38:22.099188
1436,1436,PayPal,4315.98,2025-09-07 18:43:27.261581
1437,1437,Credit Card,10494.72,2026-04-18 00:23:04.949253
1438,1438,Credit Card,1629.36,2025-12-29 13:19:22.980233
1439,1439,Debit Card,14548.69,2026-03-16 21:59:51.959031
1440,1440,Google Pay,7740.83,2026-01-15 12:15:25.396909
1441,1441,Debit Card,3272.5,2025-09-29 13:26:58.975122
1442,1442,Credit Card,6790.14,2026-02-28 03:50:40.284019
1443,1443,Google Pay,18247.02,2025-11-28 04:29:14.201348
1444,1444,Credit Card,3229.46,2026-04-26 01:22:27.986606
1445,1445,Apple Pay,8549.76,2026-01-11 13:24:26.217870
1446,1446,Credit Card,7377.75,2025-11-08 21:02:15.205322
1447,1447,PayPal,9344.96,2026-06-11 15:23:52.125592
1448,1448,Debit Card,5073.04,2026-07-14 19:02:19.602969
1449,1449,Google Pay,4461.24,2026-05-05 11:55:38.068190
1450,1450,Credit Card,9312.12,2026-04-23 16:20:39.636538
1451,1451,Google Pay,20475.39,2026-02-10 19:13:16.520714
1452,1452,Google Pay,6474.41,2025-11-01 02:17:18.416233
1453,1453,PayPal,3485.64,2026-07-18 16:20:19.149014
1454,1454,Debit Card,5869.44,2026-04-27 17:05:12.765968
1455,1455,PayPal,9979.0,2025-12-09 20:03:50.450248
1456,1456,Google Pay,17559.75,2026-04-13 22:34:05.279705
1457,1457,Apple Pay,7433.76,2025-08-04 02:05:45.383780
1458,1458,PayPal,2013.64,2026-02-07 05:31:33.015079
1459,1459,Google Pay,1861.99,2026-05-11 20:45:39.217708
1460,1460,Google Pay,12349.21,2026-03-09 03:43:16.920880
1461,1461,Credit Card,4037.43,2026-04-14 20:57:35.614920
1462,1462,Google Pay,9635.27,2026-02-13 16:39:01.321505
1463,1463,Google Pay,1059.26,2026-03-08 10:59:05.877993
1464,1464,PayPal,7678.82,2026-03-20 17:03:42.926772
1465,1465,Apple Pay,9758.18,2026-01-31 07:32:20.922246
1466,1466,PayPal,18639.63,2026-06-28 07:01:15.072420
1467,1467,Apple Pay,9139.74,2026-03-22 20:37:54.222182
1468,1468,Debit Card,2175.44,2026-06-02 22:12:38.944549
1469,1469,Apple Pay,3946.1,2025-10-01 21:19:23.558109
1470,1470,Apple Pay,12064.41,2025-12-23 12:12:04.094981
1471,1471,PayPal,11530.18,2026-06-09 12:08:59.492523
1472,1472,Credit Card,8372.11,2026-05-16 23:42:27.584051
1473,1473,PayPal,4323.47,2026-06-01 13:22:43.567794
1474,1474,PayPal,7155.99,2025-12-09 08:17:41.909815
1475,1475,Apple Pay,13995.85,2025-08-23 10:43:26.342491
1476,1476,PayPal,243.9,2025-08-16 22:58:37.575846
1477,1477,Apple Pay,7698.89,2025-08-25 16:46:54.420270
1478,1478,Credit Card,813.42,2025-12-30 00:43:41.201566
1479,1479,Debit Card,4461.24,2026-07-09 22:43:27.176850
1480,1480,Debit Card,8398.12,2026-05-11 07:13:18.560750
1481,1481,Google Pay,5253.32,2026-04-15 04:09:03.594819
1482,1482,Google Pay,9407.68,2025-08-11 12:04:08.872942
1483,1483,Google Pay,9266.47,2025-10-21 10:45:51.212919
1484,1484,Apple Pay,8425.26,2026-01-11 19:02:00.643220
1485,1485,Google Pay,4801.25,2026-06-01 00:11:25.827408
1486,1486,Google Pay,9664.76,2025-09-29 07:15:11.266484
1487,1487,Credit Card,10693.62,2026-02-11 15:59:25.409548
1488,1488,PayPal,6417.28,2025-09-13 18:11:51.978027
1489,1489,Apple Pay,4247.69,2025-11-22 02:29:15.879682
1490,1490,PayPal,6571.74,2026-04-22 23:00:07.495859
1491,1491,Google Pay,7269.9,2026-04-19 03:19:21.893409
1492,1492,Apple Pay,3574.49,2025-08-31 15:22:43.038751
1493,1493,Debit Card,8863.76,2025-08-07 08:25:34.663927
1494,1494,Credit Card,9380.09,2025-09-12 18:07:00.520780
1495,1495,Debit Card,6662.88,2026-07-26 20:27:30.953331
1496,1496,Apple Pay,5515.19,2026-02-23 01:49:22.694480
1497,1497,Debit Card,927.5,2026-03-17 21:15:25.571486
1498,1498,Debit Card,13333.02,2025-08-17 10:56:09.300841
1499,1499,Debit Card,1499.76,2026-06-23 05:18:49.531467
1500,1500,Google Pay,3723.98,2025-09-10 21:35:52.044465
1501,1501,PayPal,2960.85,2026-03-16 21:24:42.079331
1502,1502,Google Pay,8362.58,2026-03-05 03:25:30.763834
1503,1503,PayPal,3190.88,2026-04-05 15:56:30.810774
1504,1504,Credit Card,3723.98,2026-03-15 18:25:59.411108
1505,1505,Google Pay,13320.46,2026-06-11 03:50:47.966492
1506,1506,PayPal,13686.59,2025-08-18 15:12:38.839668
1507,1507,Debit Card,4381.16,2026-05-12 20:12:58.631910
1508,1508,Apple Pay,1195.0,2026-07-14 15:31:24.990360
1509,1509,Apple Pay,6889.02,2026-02-11 14:10:24.817463
1510,1510,PayPal,5031.0,2026-02-03 10:24:15.225639
1511,1511,Apple Pay,4775.96,2025-08-03 17:18:23.867135
1512,1512,PayPal,15559.72,2026-05-31 04:40:36.336106
1513,1513,Apple Pay,4594.78,2025-10-16 06:23:19.454991
1514,1514,PayPal,1403.5,2026-05-07 14:52:06.811802
1515,1515,Credit Card,1519.02,2025-12-27 04:15:40.928244
1516,1516,Credit Card,9898.14,2026-02-06 09:09:35.928879
1517,1517,Apple Pay,374.34,2025-12-19 01:47:40.983484
1518,1518,PayPal,3998.33,2025-10-23 03:13:29.695860
1519,1519,Apple Pay,15695.76,2026-07-28 00:20:26.225048
1520,1520,Google Pay,15296.34,2026-03-18 14:35:18.473072
1521,1521,Debit Card,6699.0,2026-06-08 15:36:32.918395
1522,1522,Credit Card,6624.56,2025-08-16 10:25:27.809234
1523,1523,Debit Card,10847.31,2026-07-12 02:55:39.435814
1524,1524,Google Pay,9816.64,2025-08-14 19:26:35.121547
1525,1525,Credit Card,7684.74,2026-06-19 06:58:39.384938
1526,1526,Google Pay,4186.75,2025-10-20 18:11:19.801058
1527,1527,Credit Card,2286.15,2026-06-21 22:36:58.664757
1528,1528,PayPal,3272.5,2026-07-17 06:39:10.505953
1529,1529,Credit Card,1391.25,2026-03-03 11:13:05.969604
1530,1530,Credit Card,9179.91,2026-07-01 10:38:26.526399
1531,1531,Google Pay,13506.76,2026-03-09 21:55:47.709790
1532,1532,PayPal,7225.58,2025-12-05 07:06:58.934973
1533,1533,Apple Pay,7771.68,2026-04-22 10:55:45.797184
1534,1534,Apple Pay,3643.43,2026-02-12 12:00:30.468469
1535,1535,Google Pay,4819.59,2026-05-03 09:10:58.298158
1536,1536,Google Pay,1830.89,2026-07-08 18:42:49.637568
1537,1537,Google Pay,4846.6,2025-08-03 16:48:21.060883
1538,1538,Debit Card,1830.89,2025-11-26 16:33:42.423236
1539,1539,Credit Card,5515.93,2026-04-21 17:00:06.718548
1540,1540,Apple Pay,7542.46,2025-11-14 00:59:43.153925
1541,1541,Google Pay,13323.14,2026-01-08 10:10:38.810441
1542,1542,Credit Card,1524.1,2025-12-31 02:56:42.167027
1543,1543,Debit Card,3054.41,2026-03-04 05:38:24.525453
1544,1544,Debit Card,1952.84,2025-11-04 01:20:23.611597
1545,1545,Apple Pay,7399.68,2025-12-07 20:28:51.284549
1546,1546,Debit Card,1425.44,2025-10-29 14:53:09.191297
1547,1547,Credit Card,11718.09,2025-12-05 07:09:49.481091
1548,1548,Google Pay,5587.04,2026-03-22 04:51:13.980105
1549,1549,Credit Card,9217.46,2026-07-14 12:26:33.138723
1550,1550,Google Pay,12265.2,2026-06-16 11:23:49.519389
1551,1551,PayPal,18426.49,2026-04-10 11:20:10.555917
1552,1552,Credit Card,4389.84,2026-01-16 05:30:07.494211
1553,1553,Debit Card,12191.12,2025-11-07 14:17:55.333078
1554,1554,Debit Card,2080.1,2026-06-03 18:31:04.643121
1555,1555,Apple Pay,13232.97,2025-12-03 06:30:55.116004
1556,1556,Google Pay,7076.07,2026-05-20 23:08:10.988558
1557,1557,PayPal,2383.99,2025-10-28 03:31:03.236690
1558,1558,PayPal,12641.2,2026-04-14 11:53:03.630962
1559,1559,Google Pay,2175.44,2025-11-12 01:37:48.687148
1560,1560,Google Pay,2118.52,2025-12-23 19:41:59.256255
1561,1561,PayPal,16017.76,2026-04-26 20:07:13.384787
1562,1562,Debit Card,11098.5,2025-10-25 03:22:07.946959
1563,1563,Google Pay,16190.56,2026-01-31 14:15:52.915824
1564,1564,Apple Pay,7872.12,2025-10-27 13:26:44.394661
1565,1565,Google Pay,2960.85,2026-05-18 09:05:29.824458
1566,1566,Debit Card,3272.5,2025-11-01 20:50:45.103662
1567,1567,Debit Card,7454.92,2025-09-18 08:12:38.024737
1568,1568,Google Pay,8331.38,2026-06-26 12:17:08.118580
1569,1569,Credit Card,1606.53,2026-03-08 23:26:10.180452
1570,1570,Apple Pay,3878.11,2026-02-05 04:59:17.600903
1571,1571,Credit Card,8939.56,2025-12-09 01:12:24.538467
1572,1572,Debit Card,12988.21,2026-04-26 23:52:18.180045
1573,1573,Apple Pay,5086.75,2025-10-24 01:06:06.901963
1574,1574,Debit Card,3432.1,2026-03-11 21:14:39.017061
1575,1575,Apple Pay,7585.9,2025-08-22 18:17:53.114497
1576,1576,Google Pay,15762.42,2025-08-06 10:34:46.659756
1577,1577,Google Pay,8329.6,2025-08-17 00:34:46.588345
1578,1578,Debit Card,10274.82,2026-06-23 02:36:29.899527
1579,1579,Apple Pay,14556.09,2026-07-26 03:54:59.940468
1580,1580,Debit Card,6996.99,2026-03-04 00:53:11.293706
1581,1581,PayPal,3400.7,2026-03-11 20:13:44.384693
1582,1582,Credit Card,15211.61,2026-05-12 07:56:36.715752
1583,1583,Google Pay,6310.77,2025-09-30 07:55:44.849049
1584,1584,Debit Card,6681.58,2025-10-24 20:18:37.577240
1585,1585,Credit Card,2083.66,2026-02-26 07:45:21.971504
1586,1586,Debit Card,2933.98,2026-03-30 20:08:59.843955
1587,1587,PayPal,4466.0,2026-02-28 06:45:10.737290
1588,1588,PayPal,10370.08,2025-09-06 21:16:38.235583
1589,1589,PayPal,544.19,2026-05-31 00:16:23.406359
1590,1590,Debit Card,788.09,2026-06-16 17:15:50.984011
1591,1591,Apple Pay,8179.14,2026-03-10 17:04:17.105178
1592,1592,Debit Card,9290.93,2026-07-23 02:25:41.306626
1593,1593,PayPal,14002.51,2026-01-16 03:58:53.081101
1594,1594,Google Pay,2190.58,2025-12-23 10:01:01.994512
1595,1595,Credit Card,7030.98,2026-07-23 12:17:42.442809
1596,1596,Debit Card,5847.89,2026-01-09 07:56:46.708643
1597,1597,Credit Card,14253.27,2026-05-12 10:22:04.807365
1598,1598,Apple Pay,14870.51,2026-03-27 03:38:06.447711
1599,1599,PayPal,2343.66,2026-01-23 15:05:17.136482
1600,1600,Google Pay,2433.0,2026-06-17 02:02:19.090031
1601,1601,PayPal,1650.19,2026-05-31 06:10:33.607399
1602,1602,PayPal,1787.38,2026-01-24 02:05:52.454732
1603,1603,PayPal,6207.75,2026-06-16 00:51:19.743751
1604,1604,Credit Card,16461.13,2026-06-05 11:39:32.238181
1605,1605,PayPal,1524.1,2025-09-20 06:04:07.985662
1606,1606,Apple Pay,8047.89,2025-08-21 02:49:39.008998
1607,1607,Google Pay,1389.1,2025-09-26 02:27:28.065882
1608,1608,PayPal,1361.29,2026-02-10 05:29:58.102381
1609,1609,PayPal,1773.5,2025-11-13 08:20:45.031109
1610,1610,Apple Pay,6040.92,2025-10-29 03:36:48.807493
1611,1611,PayPal,9289.16,2026-06-11 23:24:15.540603
1612,1612,Apple Pay,4361.14,2026-03-24 23:58:13.871036
1613,1613,Google Pay,18170.95,2026-07-30 03:13:34.536625
1614,1614,PayPal,12297.89,2025-12-08 05:10:40.796101
1615,1615,PayPal,13147.43,2026-01-08 21:38:00.343869
1616,1616,PayPal,8455.01,2025-09-24 07:28:34.321789
1617,1617,Google Pay,21478.49,2026-06-12 19:53:13.108105
1618,1618,Google Pay,3543.63,2026-05-29 06:39:13.347752
1619,1619,PayPal,10442.51,2025-12-21 18:14:56.591643
1620,1620,Google Pay,7057.0,2025-11-21 15:08:06.892823
1621,1621,Debit Card,1857.2,2026-07-29 18:30:11.988171
1622,1622,Apple Pay,14429.73,2026-07-17 16:11:04.096644
1623,1623,Google Pay,2873.73,2026-04-11 11:54:55.751772
1624,1624,Google Pay,8004.99,2025-08-31 18:36:31.504473
1625,1625,Credit Card,8157.33,2025-09-29 20:10:27.687895
1626,1626,Apple Pay,8069.49,2026-01-09 03:34:04.979212
1627,1627,Credit Card,3644.6,2026-06-25 00:36:49.559394
1628,1628,Google Pay,10697.06,2026-04-11 14:02:14.661472
1629,1629,Debit Card,6731.18,2025-09-04 21:42:23.713074
1630,1630,Apple Pay,2869.14,2025-11-19 17:39:47.296191
1631,1631,Debit Card,10610.54,2025-11-24 13:10:34.079011
1632,1632,Credit Card,4526.76,2026-04-09 11:51:37.308677
1633,1633,Apple Pay,7082.64,2025-12-21 09:46:01.474093
1634,1634,Google Pay,8269.5,2026-01-28 02:03:03.176034
1635,1635,Debit Card,1108.9,2025-12-12 10:48:03.704594
1636,1636,Apple Pay,13196.51,2026-07-25 14:22:15.970922
1637,1637,Credit Card,7030.98,2026-05-13 03:41:52.386326
1638,1638,PayPal,10489.6,2026-05-31 12:22:57.249668
1639,1639,Google Pay,10774.32,2026-05-06 14:41:20.417099
1640,1640,PayPal,1677.0,2026-02-04 11:45:31.139153
1641,1641,Credit Card,8083.58,2026-06-28 13:55:27.680440
1642,1642,Debit Card,14874.12,2026-04-14 17:29:32.809047
1643,1643,Google Pay,14526.79,2026-07-20 21:06:56.796879
1644,1644,PayPal,4819.59,2026-03-17 01:36:53.452997
1645,1645,Credit Card,5027.66,2026-02-24 09:02:34.909788
1646,1646,Debit Card,7759.01,2025-10-28 01:49:33.810562
1647,1647,Credit Card,3318.55,2026-02-14 09:11:55.445620
1648,1648,Credit Card,10650.58,2025-08-22 01:51:45.484620
1649,1649,Credit Card,2223.05,2026-03-16 03:43:16.910983
1650,1650,Credit Card,6385.21,2026-05-09 09:57:37.032915
1651,1651,Apple Pay,13398.22,2026-05-29 06:34:25.294375
1652,1652,Debit Card,19751.28,2026-04-08 17:15:42.557470
1653,1653,Google Pay,2762.86,2026-05-14 09:35:40.885644
1654,1654,Google Pay,6485.39,2026-05-08 02:16:37.555430
1655,1655,Apple Pay,11402.42,2025-08-20 03:15:59.582163
1656,1656,PayPal,14821.69,2026-06-02 06:34:51.315995
1657,1657,Apple Pay,7288.77,2026-02-02 21:37:07.203544
1658,1658,Debit Card,2486.71,2025-09-12 21:14:57.112004
1659,1659,PayPal,10304.23,2026-02-14 10:13:02.322948
1660,1660,Google Pay,11324.3,2025-12-04 22:39:34.453826
1661,1661,Debit Card,10584.32,2026-02-04 05:39:28.385327
1662,1662,Apple Pay,20425.95,2026-03-20 06:01:38.681384
1663,1663,Credit Card,17032.19,2026-07-09 06:36:58.797396
1664,1664,PayPal,8652.13,2026-05-12 00:14:03.365266
1665,1665,PayPal,3188.63,2025-10-23 05:25:47.756044
1666,1666,PayPal,16715.66,2026-03-07 11:36:04.568206
1667,1667,Credit Card,16226.75,2026-04-22 14:29:20.062084
1668,1668,Apple Pay,5446.57,2026-04-17 01:14:24.121786
1669,1669,PayPal,6780.97,2026-05-21 17:34:33.274362
1670,1670,Debit Card,10548.96,2026-02-08 12:04:36.497750
1671,1671,Debit Card,2803.25,2026-04-11 03:25:35.773912
1672,1672,Google Pay,10598.13,2025-12-01 12:41:19.682863
1673,1673,Google Pay,8896.46,2025-12-10 18:09:47.140437
1674,1674,Apple Pay,7036.15,2025-11-20 21:29:20.253160
1675,1675,Credit Card,8490.03,2026-07-11 10:23:11.108065
1676,1676,PayPal,10139.61,2026-04-22 11:39:32.305146
1677,1677,Apple Pay,18765.7,2026-04-10 14:02:09.250813
1678,1678,Credit Card,4823.39,2026-03-04 12:05:50.881161
1679,1679,Debit Card,13586.28,2025-10-13 07:13:12.789974
1680,1680,Google Pay,7192.5,2025-07-31 19:11:28.088290
1681,1681,Debit Card,6790.14,2026-05-23 19:00:42.146613
1682,1682,Google Pay,13441.63,2026-02-15 06:28:59.632945
1683,1683,Debit Card,9717.58,2025-11-13 15:09:18.156740
1684,1684,Credit Card,3950.85,2026-04-25 23:08:16.183318
1685,1685,PayPal,2343.66,2025-11-29 23:39:22.882400
1686,1686,Google Pay,12543.24,2026-05-30 02:23:53.055760
1687,1687,Credit Card,7465.52,2026-06-17 11:43:20.564139
1688,1688,PayPal,8445.66,2025-08-08 12:28:50.602767
1689,1689,PayPal,7269.9,2025-11-08 13:22:49.654655
1690,1690,Apple Pay,10610.66,2025-11-28 00:34:50.906753
1691,1691,Debit Card,6262.18,2026-06-27 21:49:36.584832
1692,1692,Apple Pay,14707.51,2026-04-05 20:53:05.000496
1693,1693,PayPal,4755.52,2025-11-13 03:19:53.038202
1694,1694,Apple Pay,11282.69,2026-06-09 00:17:53.949482
1695,1695,Credit Card,6541.71,2025-08-02 14:42:36.269116
1696,1696,PayPal,3268.82,2025-12-28 02:22:19.690018
1697,1697,Google Pay,3574.7,2026-06-08 23:44:35.364700
1698,1698,PayPal,7368.54,2026-05-03 15:10:33.292838
1699,1699,Apple Pay,337.15,2026-01-23 00:56:35.366997
1700,1700,Debit Card,16102.18,2026-03-25 07:50:03.230592
1701,1701,Debit Card,7030.98,2026-07-20 02:12:29.806927
1702,1702,Debit Card,10275.72,2025-08-01 06:11:02.819631
1703,1703,Apple Pay,10304.94,2025-10-29 05:03:41.575250
1704,1704,Credit Card,5388.18,2025-10-13 00:20:04.739846
1705,1705,Debit Card,8321.55,2026-03-25 13:02:33.252760
1706,1706,Credit Card,5327.19,2026-06-28 05:59:23.406156
1707,1707,PayPal,7437.69,2026-03-08 02:30:49.966721
1708,1708,Google Pay,9949.92,2025-11-27 20:24:53.404739
1709,1709,Debit Card,7659.38,2025-12-05 00:52:15.651902
1710,1710,PayPal,14090.85,2025-11-11 08:44:46.716619
1711,1711,Debit Card,18705.87,2026-07-21 14:57:07.033630
1712,1712,Apple Pay,6514.66,2026-02-23 01:08:53.109754
1713,1713,PayPal,7210.43,2026-04-21 10:17:22.390468
1714,1714,PayPal,10732.66,2026-01-12 06:24:01.690267
1715,1715,PayPal,11122.42,2026-03-15 18:24:56.395070
1716,1716,Apple Pay,10184.13,2026-04-14 02:16:25.527593
1717,1717,Debit Card,12411.85,2026-02-27 11:41:59.485811
1718,1718,Debit Card,7578.38,2026-05-19 23:48:39.494191
1719,1719,PayPal,16345.64,2026-02-03 10:38:31.358179
1720,1720,Credit Card,3213.06,2026-03-28 14:59:14.512407
1721,1721,Credit Card,406.71,2025-09-24 17:06:19.752108
1722,1722,Credit Card,7664.41,2025-10-27 02:17:45.769403
1723,1723,PayPal,7257.52,2026-02-18 09:18:33.069739
1724,1724,PayPal,3661.78,2025-10-10 11:00:46.269157
1725,1725,Google Pay,11958.54,2026-01-04 19:59:02.313234
1726,1726,Google Pay,6128.0,2025-09-11 23:11:02.933542
1727,1727,Credit Card,12282.81,2025-12-16 08:42:31.107661
1728,1728,Debit Card,5051.11,2026-04-30 21:17:25.071813
1729,1729,PayPal,16671.21,2025-09-13 02:05:14.526309
1730,1730,Credit Card,5703.71,2026-04-03 16:22:28.101413
1731,1731,Credit Card,8363.87,2026-02-27 00:22:26.819599
1732,1732,Debit Card,406.71,2025-12-06 03:07:08.970611
1733,1733,Debit Card,11281.09,2025-10-11 12:19:58.477811
1734,1734,Credit Card,12190.5,2026-06-09 16:19:55.492284
1735,1735,Apple Pay,999.84,2026-02-08 07:30:44.477999
1736,1736,Apple Pay,9718.32,2026-01-21 17:03:18.322933
1737,1737,Google Pay,4687.32,2026-03-27 12:33:29.489386
1738,1738,Google Pay,3129.4,2026-07-27 10:21:33.513656
1739,1739,Debit Card,15948.62,2026-02-16 02:51:26.921395
1740,1740,Google Pay,12795.28,2026-07-25 23:01:50.332963
1741,1741,PayPal,9738.17,2026-02-09 20:00:13.797287
1742,1742,Apple Pay,8814.25,2026-05-03 03:07:07.365175
1743,1743,Apple Pay,7030.98,2026-03-23 07:43:15.388081
1744,1744,Credit Card,2492.86,2025-09-23 08:56:21.540432
1745,1745,Apple Pay,7015.78,2026-03-20 09:14:46.018210
1746,1746,Debit Card,2423.3,2026-04-29 16:45:19.343293
1747,1747,Apple Pay,3090.64,2025-11-28 21:55:54.011463
1748,1748,Apple Pay,1378.53,2025-09-06 01:45:24.518408
1749,1749,PayPal,1861.99,2026-04-03 02:15:59.306324
1750,1750,Apple Pay,5585.97,2026-05-19 09:14:56.756879
1751,1751,Google Pay,10516.62,2026-03-17 02:08:37.423557
1752,1752,Credit Card,296.19,2026-07-09 07:18:03.373477
1753,1753,Credit Card,1195.0,2026-01-18 15:21:20.662031
1754,1754,PayPal,2233.0,2026-04-20 16:29:19.212447
1755,1755,PayPal,3343.5,2026-01-07 08:28:24.457784
1756,1756,Credit Card,11124.0,2026-01-17 22:17:01.677835
1757,1757,Apple Pay,1389.1,2026-04-09 15:37:20.142261
1758,1758,PayPal,5864.07,2025-12-28 07:26:48.452783
1759,1759,PayPal,11564.08,2025-08-10 16:40:37.568319
1760,1760,Debit Card,3298.69,2026-01-09 22:05:37.164154
1761,1761,PayPal,9536.94,2025-09-04 07:27:00.789073
1762,1762,Apple Pay,15983.03,2026-06-16 16:59:39.911829
1763,1763,Apple Pay,6486.97,2026-01-05 03:51:43.065508
1764,1764,Apple Pay,7675.68,2026-04-16 04:01:27.818422
1765,1765,Google Pay,4908.75,2025-09-09 04:48:35.628422
1766,1766,Debit Card,23233.63,2026-02-09 15:37:23.035322
1767,1767,Debit Card,6209.17,2026-07-13 09:24:35.888578
1768,1768,Apple Pay,14846.0,2025-08-21 23:56:46.851312
1769,1769,Google Pay,2190.58,2026-03-21 11:16:58.661216
1770,1770,Google Pay,2180.57,2026-03-01 10:55:14.401180
1771,1771,Debit Card,4519.1,2026-06-09 02:17:36.982266
1772,1772,Debit Card,9078.17,2025-10-28 10:49:40.125940
1773,1773,Credit Card,496.29,2026-02-03 02:58:40.913455
1774,1774,Apple Pay,3661.78,2026-07-25 21:34:50.972510
1775,1775,PayPal,15086.45,2025-09-10 10:16:16.627784
1776,1776,Debit Card,4733.66,2026-03-31 02:13:17.782573
1777,1777,Credit Card,6839.04,2025-10-11 09:09:49.815945
1778,1778,Debit Card,5620.47,2026-05-02 18:24:01.752972
1779,1779,Debit Card,17562.34,2025-10-25 00:00:47.012624
1780,1780,Debit Card,12820.49,2025-09-20 12:11:16.769610
1781,1781,Debit Card,6208.69,2026-05-24 07:52:03.009900
1782,1782,Credit Card,9012.36,2025-12-24 18:46:32.042563
1783,1783,Google Pay,7547.13,2026-07-07 16:35:15.952689
1784,1784,Credit Card,60.23,2026-03-12 03:09:25.844265
1785,1785,PayPal,18061.56,2026-04-01 00:33:44.874855
1786,1786,Google Pay,3321.38,2026-01-03 19:41:14.157590
1787,1787,Debit Card,11866.26,2026-07-03 23:38:21.301242
1788,1788,Credit Card,666.14,2025-08-15 19:46:43.313284
1789,1789,Apple Pay,5874.86,2026-02-14 16:57:59.378548
1790,1790,Credit Card,1361.29,2025-08-09 22:28:30.134852
1791,1791,Google Pay,8072.74,2026-03-19 13:20:06.741594
1792,1792,Apple Pay,365.85,2026-06-27 12:04:28.738969
1793,1793,Debit Card,14495.47,2026-03-21 01:20:06.592821
1794,1794,Google Pay,9995.12,2025-08-30 09:46:22.017061
1795,1795,Google Pay,12117.6,2026-07-24 07:59:36.852470
1796,1796,Apple Pay,13474.97,2026-01-27 06:25:02.985930
1797,1797,Credit Card,14871.2,2025-12-22 02:19:15.148060
1798,1798,Debit Card,4853.59,2026-05-13 01:03:06.428073
1799,1799,Google Pay,12094.47,2025-09-22 07:56:46.299835
1800,1800,Apple Pay,5468.47,2026-07-15 23:58:08.321257
1801,1801,PayPal,1986.76,2026-01-10 11:37:21.146835
1802,1802,Apple Pay,4857.93,2026-07-29 12:45:03.535415
1803,1803,Google Pay,8632.77,2025-11-14 08:40:24.440887
1804,1804,Google Pay,365.85,2026-04-30 06:31:00.696528
1805,1805,Google Pay,8156.98,2025-11-06 08:58:59.713097
1806,1806,Apple Pay,4403.88,2026-07-27 13:03:53.116638
1807,1807,PayPal,2929.43,2026-01-23 00:37:58.642529
1808,1808,Credit Card,928.6,2026-05-22 06:01:07.060932
1809,1809,Credit Card,6166.64,2025-11-02 15:29:48.728477
1810,1810,Google Pay,6770.5,2025-08-12 03:08:28.467435
1811,1811,Debit Card,1666.12,2025-08-27 12:16:45.014832
1812,1812,Debit Card,10837.03,2026-01-24 13:14:18.344346
1813,1813,Google Pay,8353.75,2026-03-02 20:53:09.732509
1814,1814,PayPal,8728.92,2026-07-11 14:31:24.741431
1815,1815,Debit Card,1973.9,2025-09-01 14:01:50.716988
1816,1816,Debit Card,11050.9,2025-08-08 16:50:11.853583
1817,1817,PayPal,4843.84,2026-03-20 00:49:15.842204
1818,1818,Apple Pay,2624.86,2025-12-28 03:01:41.727203
1819,1819,PayPal,5976.61,2025-10-27 02:06:58.892538
1820,1820,PayPal,10142.51,2025-09-23 14:40:07.062734
1821,1821,PayPal,9078.45,2025-10-21 08:38:30.638717
1822,1822,Debit Card,9815.71,2025-12-06 23:43:04.343161
1823,1823,Debit Card,3248.86,2026-07-18 19:43:46.721172
1824,1824,PayPal,1632.57,2026-03-04 19:53:59.208558
1825,1825,PayPal,2906.53,2025-12-01 14:29:32.211989
1826,1826,Credit Card,7453.6,2026-03-22 16:19:44.907298
1827,1827,Debit Card,3973.2,2025-11-19 00:48:11.953249
1828,1828,Apple Pay,7569.19,2025-07-31 13:47:37.238825
1829,1829,Apple Pay,6894.48,2026-02-14 09:19:12.224576
1830,1830,Credit Card,11950.99,2025-08-17 12:55:06.846022
1831,1831,Debit Card,3213.06,2026-01-22 21:44:22.827968
1832,1832,Debit Card,9429.68,2026-02-03 20:18:35.186325
1833,1833,PayPal,6670.46,2026-04-07 03:04:11.382015
1834,1834,Debit Card,14639.33,2025-09-18 12:33:58.581909
1835,1835,PayPal,6385.04,2026-05-05 05:53:34.251703
1836,1836,Google Pay,14009.07,2026-04-20 11:36:03.385405
1837,1837,Apple Pay,9792.85,2026-03-13 12:36:00.489184
1838,1838,Credit Card,13348.92,2025-09-06 22:41:27.007882
1839,1839,Apple Pay,9093.8,2025-10-09 19:07:50.730005
1840,1840,Debit Card,13153.24,2026-02-27 00:21:37.293844
1841,1841,Credit Card,6822.22,2026-07-09 06:53:04.593335
1842,1842,Credit Card,4735.48,2026-03-03 13:53:24.361338
1843,1843,Apple Pay,10578.53,2026-01-25 22:57:17.389172
1844,1844,Google Pay,10401.77,2025-09-21 15:56:44.060436
1845,1845,Google Pay,8647.34,2026-05-23 04:57:13.698439
1846,1846,Debit Card,16309.92,2026-02-08 01:10:58.835290
1847,1847,Debit Card,8673.4,2026-04-08 00:18:16.081151
1848,1848,Debit Card,9451.22,2025-11-23 11:16:17.820561
1849,1849,Google Pay,9572.43,2026-04-02 06:13:43.849115
1850,1850,Credit Card,9035.23,2025-08-28 19:55:18.860831
1851,1851,PayPal,14355.75,2026-05-09 08:11:16.346382
1852,1852,Debit Card,2175.44,2026-06-02 02:14:08.170475
1853,1853,Google Pay,4969.52,2025-10-07 19:48:28.935848
1854,1854,Apple Pay,7233.54,2025-12-03 06:38:43.317191
1855,1855,Debit Card,4687.32,2026-02-22 09:56:26.548079
1856,1856,Google Pay,4381.16,2026-03-02 16:04:55.740793
1857,1857,Credit Card,16108.65,2025-11-23 08:19:44.306329
1858,1858,PayPal,3085.46,2026-05-30 05:40:01.238871
1859,1859,Apple Pay,3318.6,2026-02-11 02:26:20.021328
1860,1860,Google Pay,8455.41,2025-11-10 23:25:07.837018
1861,1861,PayPal,8847.16,2026-02-08 20:03:46.418245
1862,1862,Credit Card,17094.35,2026-01-15 06:18:51.298771
1863,1863,PayPal,3581.24,2025-08-31 08:42:22.551345
1864,1864,Apple Pay,15711.45,2026-05-28 20:49:00.784964
1865,1865,Credit Card,4908.75,2026-01-12 06:49:24.647739
1866,1866,Apple Pay,7696.14,2025-11-29 05:23:22.081336
1867,1867,Apple Pay,6901.02,2025-09-24 11:12:52.847663
1868,1868,PayPal,10078.77,2026-07-11 10:46:33.838850
1869,1869,PayPal,3485.64,2025-08-01 21:54:47.309792
1870,1870,Google Pay,12915.03,2026-02-05 19:36:19.166279
1871,1871,Google Pay,12193.59,2026-04-15 21:46:26.422096
1872,1872,Google Pay,10416.37,2025-08-25 15:07:31.549379
1873,1873,Google Pay,243.9,2025-11-22 08:10:26.615117
1874,1874,Credit Card,2670.33,2026-03-23 08:08:23.058641
1875,1875,PayPal,337.15,2026-07-06 08:07:09.554969
1876,1876,Apple Pay,748.68,2026-07-20 08:56:38.105372
1877,1877,PayPal,5557.55,2026-03-13 02:29:05.734517
1878,1878,Debit Card,11704.13,2025-09-10 06:59:34.488795
1879,1879,Apple Pay,10420.44,2026-03-31 15:28:16.593215
1880,1880,Apple Pay,4687.32,2026-06-24 16:44:08.544640
1881,1881,PayPal,2785.8,2025-10-07 09:21:39.463839
1882,1882,Apple Pay,296.19,2026-01-14 10:30:07.545778
1883,1883,Credit Card,11037.16,2025-12-16 12:49:40.435817
1884,1884,Google Pay,9451.42,2025-12-14 13:40:01.253206
1885,1885,Debit Card,11004.81,2026-05-13 00:45:37.124104
1886,1886,PayPal,15761.28,2026-05-14 02:01:31.388696
1887,1887,Apple Pay,1524.1,2026-06-07 04:44:01.606521
1888,1888,Apple Pay,1519.02,2025-11-14 18:32:15.185089
1889,1889,Google Pay,8605.84,2026-07-25 06:55:41.538496
1890,1890,Debit Card,1524.1,2025-10-16 20:39:20.184476
1891,1891,Google Pay,927.5,2026-03-15 11:20:28.473877
1892,1892,PayPal,12091.33,2026-04-21 04:11:43.130795
1893,1893,Credit Card,13611.84,2026-04-04 15:40:54.488827
1894,1894,Google Pay,4562.81,2025-09-10 03:19:03.364712
1895,1895,Google Pay,7276.55,2026-03-01 09:38:55.338346
1896,1896,Google Pay,7108.62,2026-07-14 17:50:23.708691
1897,1897,Credit Card,120.46,2026-03-14 14:14:12.975932
1898,1898,PayPal,15815.69,2026-05-07 03:52:54.613133
1899,1899,PayPal,11579.48,2026-06-05 00:45:34.024429
1900,1900,Credit Card,3134.75,2026-03-07 22:33:03.433029
1901,1901,Google Pay,11823.33,2026-06-05 11:31:08.778451
1902,1902,Google Pay,4657.49,2026-01-19 04:24:06.711356
1903,1903,Apple Pay,5792.66,2025-09-30 10:15:15.437614
1904,1904,Credit Card,8539.75,2026-06-17 01:17:04.384425
1905,1905,PayPal,8162.57,2025-11-23 01:42:47.520131
1906,1906,Debit Card,7711.53,2025-08-18 22:08:01.367514
1907,1907,Google Pay,7515.46,2026-06-11 22:35:19.280399
1908,1908,Debit Card,8704.65,2026-04-09 18:44:54.674671
1909,1909,Debit Card,7190.26,2026-07-20 03:59:37.756797
1910,1910,Apple Pay,11333.84,2026-06-07 22:21:07.566194
1911,1911,PayPal,5472.2,2026-02-17 21:57:00.588992
1912,1912,Credit Card,12675.32,2025-11-23 09:10:57.833755
1913,1913,Google Pay,2070.71,2025-08-19 05:40:10.689188
1914,1914,Google Pay,11814.03,2026-03-18 05:06:42.711964
1915,1915,Debit Card,6156.02,2025-10-01 04:54:53.789160
1916,1916,Apple Pay,14869.88,2025-11-16 07:20:37.925205
1917,1917,Apple Pay,14433.99,2026-02-11 21:45:21.169004
1918,1918,PayPal,10057.31,2025-12-24 19:46:11.846292
1919,1919,Debit Card,9901.61,2025-10-17 09:21:45.545924
1920,1920,PayPal,3733.25,2026-01-28 09:04:04.102395
1921,1921,Apple Pay,12144.18,2025-11-03 06:14:30.823637
1922,1922,Credit Card,6037.64,2026-03-16 13:39:25.345033
1923,1923,Apple Pay,7386.73,2026-05-17 03:53:26.770368
1924,1924,Apple Pay,1721.04,2025-10-03 10:09:09.157101
1925,1925,Debit Card,12469.68,2025-11-04 20:28:48.296596
1926,1926,PayPal,3170.46,2025-10-29 17:45:00.247684
1927,1927,Credit Card,243.9,2026-05-10 05:52:18.475034
1928,1928,Apple Pay,3162.39,2025-11-16 01:03:19.095030
1929,1929,Debit Card,2233.0,2026-03-27 18:01:44.491381
1930,1930,PayPal,2561.3,2026-03-14 23:20:37.522298
1931,1931,Debit Card,6390.13,2026-05-04 09:01:24.511976
1932,1932,Debit Card,6591.92,2026-03-19 04:23:08.291290
1933,1933,PayPal,8817.53,2025-12-04 14:12:58.625867
1934,1934,Debit Card,7688.2,2025-11-27 13:57:22.729135
1935,1935,Credit Card,4350.88,2026-07-12 11:53:11.162266
1936,1936,PayPal,6284.51,2026-07-26 02:21:53.751377
1937,1937,PayPal,4207.97,2025-10-02 17:19:14.136681
1938,1938,Apple Pay,16581.42,2026-07-04 05:04:28.026382
1939,1939,Credit Card,10083.85,2026-06-24 21:23:57.877942
1940,1940,Google Pay,10383.44,2026-05-28 03:56:36.533947
1941,1941,Google Pay,6670.44,2026-01-01 19:44:22.471406
1942,1942,Google Pay,5278.59,2025-12-13 07:08:07.146429
1943,1943,Debit Card,1927.34,2026-01-03 04:35:23.281751
1944,1944,Credit Card,6675.99,2026-06-08 18:12:59.005892
1945,1945,Credit Card,7962.99,2025-12-27 20:19:02.712999
1946,1946,Debit Card,5074.13,2026-01-22 08:01:17.746649
1947,1947,Apple Pay,4735.43,2025-11-05 11:45:02.297770
1948,1948,Google Pay,11957.22,2025-12-06 00:33:35.574678
1949,1949,Credit Card,8636.65,2026-06-22 08:27:43.062344
1950,1950,Credit Card,2190.58,2026-06-27 23:06:40.631317
1951,1951,Debit Card,5498.89,2025-12-06 03:39:03.185657
1952,1952,Debit Card,592.38,2025-12-14 12:45:50.411316
1953,1953,PayPal,13266.84,2025-10-16 13:04:21.564031
1954,1954,Debit Card,8329.73,2025-10-28 10:15:18.378311
1955,1955,Google Pay,5064.3,2025-09-06 21:05:09.411566
1956,1956,PayPal,5492.67,2026-06-14 01:49:54.297587
1957,1957,Debit Card,7246.96,2026-02-11 08:15:44.302614
1958,1958,PayPal,4687.44,2026-03-27 05:58:57.740718
1959,1959,Credit Card,3108.07,2026-03-07 08:24:45.179158
1960,1960,Google Pay,813.42,2026-07-24 18:50:59.011071
1961,1961,Google Pay,2323.61,2025-11-13 09:31:18.817601
1962,1962,Credit Card,1949.44,2025-11-04 09:22:33.704282
1963,1963,Credit Card,6205.38,2026-06-25 23:03:21.566807
1964,1964,Google Pay,14607.43,2025-09-07 03:51:46.086232
1965,1965,Apple Pay,16396.72,2026-03-28 07:25:27.705280
1966,1966,Credit Card,12435.41,2026-07-10 23:50:36.842495
1967,1967,Google Pay,6793.62,2026-01-08 04:31:14.329556
1968,1968,Google Pay,674.3,2026-06-26 22:54:00.906736
1969,1969,Google Pay,10134.34,2025-10-13 01:32:39.196629
1970,1970,PayPal,3936.21,2025-08-18 09:33:51.161157
1971,1971,Credit Card,2013.64,2025-12-04 13:03:15.385561
1972,1972,Apple Pay,11288.02,2026-04-07 18:58:12.776020
1973,1973,Credit Card,5585.97,2026-04-13 21:08:29.405175
1974,1974,Google Pay,12975.82,2026-04-07 17:06:17.460763
1975,1975,PayPal,10872.45,2026-04-19 06:49:53.799752
1976,1976,Google Pay,11048.91,2025-11-29 15:08:26.467109
1977,1977,Credit Card,9942.09,2026-05-14 23:01:27.730203
1978,1978,Apple Pay,1220.13,2025-08-02 17:40:12.547304
1979,1979,Apple Pay,9664.54,2026-01-03 04:01:42.825416
1980,1980,PayPal,11654.4,2026-05-26 00:14:17.838969
1981,1981,PayPal,10661.82,2026-04-25 10:03:45.761987
1982,1982,PayPal,7748.17,2026-06-19 12:08:03.140820
1983,1983,PayPal,14821.28,2026-06-01 03:16:32.054263
1984,1984,Apple Pay,1391.25,2025-09-29 08:24:30.962450
1985,1985,Debit Card,4323.47,2025-11-15 21:11:01.568233
1986,1986,Apple Pay,1830.89,2026-05-12 09:25:22.759083
1987,1987,Debit Card,7030.98,2026-02-05 11:11:38.432056
1988,1988,PayPal,5330.51,2026-02-08 11:38:43.502393
1989,1989,Credit Card,1195.0,2026-07-29 16:55:50.608256
1990,1990,Apple Pay,6689.16,2026-06-02 21:21:30.473171
1991,1991,Debit Card,1951.88,2025-10-07 07:58:44.142608
1992,1992,Apple Pay,2233.0,2026-03-26 14:08:33.040017
1993,1993,Apple Pay,2039.88,2025-09-12 20:00:18.110184
1994,1994,PayPal,4844.19,2025-09-17 10:36:10.626376
1995,1995,Credit Card,12245.86,2025-11-04 21:20:16.661982
1996,1996,PayPal,6819.46,2026-04-26 15:45:21.544798
1997,1997,Google Pay,5098.68,2025-12-28 04:02:18.863693
1998,1998,PayPal,3485.64,2025-11-24 13:01:59.582844
1999,1999,Debit Card,13875.5,2025-09-27 08:15:28.459080
2000,2000,Apple Pay,5627.88,2026-07-05 15:09:27.251709
2001,2001,PayPal,7435.59,2025-09-18 04:13:52.832034
2002,2002,Google Pay,1861.99,2026-01-05 13:31:02.019394
2003,2003,PayPal,8058.62,2026-03-15 08:48:55.876088
2004,2004,Google Pay,2420.35,2025-12-29 20:00:28.684291
2005,2005,PayPal,1391.25,2025-10-08 12:42:11.717569
2006,2006,Google Pay,8680.05,2026-04-22 20:58:42.306480
2007,2007,PayPal,6192.71,2025-08-07 18:03:36.390915
2008,2008,Apple Pay,10514.12,2025-09-03 18:14:04.510715
2009,2009,Apple Pay,15258.36,2025-11-29 19:49:28.540931
2010,2010,Google Pay,4846.6,2026-03-27 22:06:04.347181
2011,2011,Apple Pay,4246.64,2026-06-07 07:56:59.125918
2012,2012,Debit Card,8585.38,2026-01-12 17:07:50.250613
2013,2013,PayPal,8359.18,2026-04-23 17:43:57.643841
2014,2014,Apple Pay,2926.56,2026-04-18 06:02:36.894604
2015,2015,Debit Card,5338.78,2025-11-10 02:51:44.943929
2016,2016,Google Pay,4815.9,2025-08-03 19:59:28.897783
2017,2017,Apple Pay,3816.69,2026-01-03 07:45:19.045648
2018,2018,Google Pay,2926.56,2025-10-04 10:51:12.786916
2019,2019,Credit Card,8265.04,2026-04-13 13:01:47.637583
2020,2020,Credit Card,180.69,2025-09-28 03:40:38.036008
2021,2021,Debit Card,13729.98,2025-09-28 15:31:33.986456
2022,2022,Apple Pay,14477.39,2025-09-09 18:29:11.430426
2023,2023,PayPal,7703.59,2026-06-14 10:28:48.837974
2024,2024,Google Pay,10849.44,2025-12-14 19:16:10.155587
2025,2025,Credit Card,14223.09,2025-12-29 13:54:04.830000
2026,2026,Apple Pay,12989.95,2025-11-22 19:54:05.516270
2027,2027,Credit Card,4027.28,2025-10-29 14:59:41.738408
2028,2028,PayPal,5869.44,2025-08-17 17:53:13.077854
2029,2029,PayPal,15430.49,2026-06-10 01:58:48.356436
2030,2030,PayPal,7988.9,2026-06-07 23:32:24.761074
2031,2031,Debit Card,7844.78,2025-08-06 07:52:28.588159
2032,2032,Google Pay,337.15,2026-07-15 02:29:09.596182
2033,2033,Apple Pay,986.95,2026-07-24 17:30:46.126468
2034,2034,Google Pay,7169.67,2026-02-06 06:29:08.012820
2035,2035,Debit Card,3343.12,2026-04-26 06:10:59.514300
2036,2036,Apple Pay,18329.85,2026-05-23 11:39:07.952041
2037,2037,Apple Pay,5328.74,2025-09-15 22:51:27.875394
2038,2038,Credit Card,12594.5,2026-05-09 07:05:47.877530
2039,2039,Credit Card,2190.58,2026-03-06 15:30:01.900257
2040,2040,Apple Pay,2364.0,2026-05-11 19:34:45.425209
2041,2041,Apple Pay,15317.72,2025-10-12 19:00:55.519508
2042,2042,Apple Pay,4695.66,2026-03-07 04:51:33.222247
2043,2043,Debit Card,11401.58,2026-06-29 18:17:22.912357
2044,2044,Apple Pay,11872.67,2025-08-06 08:23:15.397170
2045,2045,Apple Pay,9656.71,2026-06-15 01:54:08.261723
2046,2046,PayPal,2013.64,2025-09-13 06:19:58.180624
2047,2047,PayPal,3213.06,2026-06-22 05:13:25.501738
2048,2048,PayPal,10170.31,2025-08-18 07:51:25.325634
2049,2049,Credit Card,7549.53,2026-02-09 00:46:23.439611
2050,2050,PayPal,5967.21,2026-07-06 01:00:30.868915
2051,2051,Debit Card,4478.6,2026-01-28 08:38:55.862380
2052,2052,Credit Card,4687.32,2026-03-31 09:03:22.105912
2053,2053,Google Pay,1487.08,2025-11-24 14:40:03.731359
2054,2054,Debit Card,6382.01,2026-01-21 22:43:23.247900
2055,2055,Apple Pay,10583.45,2025-11-25 13:57:53.129356
2056,2056,Credit Card,9612.56,2025-12-26 16:57:57.000698
2057,2057,Google Pay,6753.43,2026-02-19 18:55:18.121763
2058,2058,Apple Pay,16435.66,2025-10-09 19:06:08.884649
2059,2059,Google Pay,14299.85,2026-04-10 16:42:22.291770
2060,2060,Google Pay,17478.58,2025-11-22 08:46:33.857911
2061,2061,Google Pay,15867.27,2025-10-25 05:42:28.914990
2062,2062,Apple Pay,1154.58,2026-07-29 02:14:51.017988
2063,2063,Credit Card,2286.15,2025-11-07 10:07:00.618454
2064,2064,Debit Card,8694.06,2026-07-25 00:03:15.217273
2065,2065,PayPal,5346.52,2025-11-04 16:45:09.487498
2066,2066,Google Pay,1389.1,2025-10-27 13:20:09.912185
2067,2067,Debit Card,5868.6,2026-07-17 02:26:44.347537
2068,2068,PayPal,8888.18,2026-05-11 18:56:11.019171
2069,2069,PayPal,15445.68,2025-09-28 07:20:03.403117
2070,2070,Apple Pay,3474.94,2025-08-25 20:05:12.376238
2071,2071,Credit Card,15801.63,2025-08-09 07:00:20.938070
2072,2072,Credit Card,7353.6,2025-11-20 07:15:00.198242
2073,2073,Apple Pay,1830.89,2026-02-05 06:24:57.826449
2074,2074,Google Pay,13058.8,2026-06-29 21:03:16.730417
2075,2075,Credit Card,11767.78,2025-10-07 17:09:06.456614
2076,2076,Debit Card,8084.44,2026-03-04 09:33:58.566730
2077,2077,PayPal,4139.99,2026-01-18 07:58:27.881778
2078,2078,Google Pay,18360.1,2025-08-19 12:59:14.317684
2079,2079,Debit Card,1487.08,2025-09-09 21:22:30.286827
2080,2080,Apple Pay,14901.49,2025-11-24 10:59:04.383392
2081,2081,Google Pay,20075.08,2025-08-28 13:17:18.302043
2082,2082,Google Pay,8158.89,2025-12-20 21:37:50.475761
2083,2083,Debit Card,10019.43,2025-08-03 11:00:16.730000
2084,2084,Google Pay,4027.28,2025-12-31 13:48:40.914262
2085,2085,Google Pay,8667.23,2025-10-17 00:20:34.220269
2086,2086,Debit Card,19597.65,2025-09-13 06:17:30.758670
2087,2087,PayPal,5061.66,2025-08-28 01:37:10.563451
2088,2088,PayPal,60.23,2026-07-30 00:11:16.959021
2089,2089,PayPal,9980.47,2025-12-23 08:42:15.470300
2090,2090,Debit Card,12816.37,2026-02-11 19:48:28.697084
2091,2091,Apple Pay,3798.48,2025-10-04 19:09:39.284085
2092,2092,Credit Card,9631.15,2026-04-13 20:56:19.949251
2093,2093,Google Pay,12693.83,2026-05-25 00:20:26.132186
2094,2094,Debit Card,10311.69,2025-08-07 16:19:11.818747
2095,2095,PayPal,4713.07,2026-05-29 19:20:41.989724
2096,2096,PayPal,4389.84,2025-11-21 08:42:00.437673
2097,2097,Debit Card,813.42,2026-01-08 10:57:06.576120
2098,2098,Debit Card,5492.67,2025-10-08 07:50:46.715173
2099,2099,Debit Card,11478.85,2026-01-13 23:45:13.393864
2100,2100,Debit Card,14277.28,2026-02-21 15:16:51.368943
2101,2101,Debit Card,16315.52,2025-11-06 16:01:49.380467
2102,2102,Apple Pay,7014.0,2025-09-27 15:53:30.567933
2103,2103,Credit Card,11436.67,2025-08-20 03:38:01.403743
2104,2104,Google Pay,2607.34,2025-11-20 18:55:24.900138
2105,2105,PayPal,17450.53,2026-06-18 15:10:46.033967
2106,2106,Google Pay,3585.0,2026-01-28 22:38:19.774936
2107,2107,PayPal,7691.11,2026-06-09 07:54:51.051810
2108,2108,Debit Card,10148.78,2025-08-22 08:41:12.159977
2109,2109,Google Pay,2807.0,2025-12-02 10:31:27.922412
2110,2110,PayPal,7089.85,2026-01-09 10:58:38.720690
2111,2111,Apple Pay,9581.0,2026-03-23 09:41:45.298504
2112,2112,Apple Pay,5031.0,2026-05-22 21:26:58.656017
2113,2113,Apple Pay,7214.89,2025-07-31 20:12:44.552840
2114,2114,Apple Pay,7829.54,2026-05-30 11:54:38.317181
2115,2115,PayPal,6684.83,2026-04-16 06:34:36.200041
2116,2116,Apple Pay,4466.0,2026-06-18 02:40:28.900124
2117,2117,PayPal,6131.94,2026-03-01 10:08:00.434762
2118,2118,Debit Card,2122.86,2026-02-13 03:40:31.993572
2119,2119,Debit Card,8448.46,2026-04-25 16:13:29.870076
2120,2120,PayPal,10292.42,2025-08-14 19:43:26.824184
2121,2121,Debit Card,6040.92,2025-10-20 15:10:23.487055
2122,2122,Credit Card,8345.02,2025-09-19 15:41:32.754228
2123,2123,Credit Card,499.92,2026-05-08 20:55:52.796796
2124,2124,Debit Card,2931.94,2026-01-04 19:34:57.282952
2125,2125,Credit Card,1403.5,2025-08-27 11:25:49.652018
2126,2126,PayPal,5123.78,2025-10-18 19:46:46.624874
2127,2127,Debit Card,406.71,2026-07-05 07:53:18.507209
2128,2128,Apple Pay,8723.86,2025-08-15 06:57:27.223433
2129,2129,Google Pay,2785.8,2025-12-20 07:52:12.328689
2130,2130,Apple Pay,5384.15,2026-07-09 04:01:41.662180
2131,2131,Google Pay,4559.13,2026-03-30 18:16:45.181261
2132,2132,Google Pay,1403.5,2025-10-22 12:50:43.109119
2133,2133,Apple Pay,15934.48,2025-07-31 03:02:37.110422
2134,2134,Apple Pay,11343.01,2026-05-02 13:59:17.505408
2135,2135,Google Pay,2974.16,2026-03-11 20:17:06.932086
2136,2136,Credit Card,3177.78,2025-11-09 10:41:32.718099
2137,2137,Credit Card,11758.05,2025-12-10 21:01:57.496326
2138,2138,Apple Pay,9889.3,2026-04-21 08:39:24.028300
2139,2139,PayPal,8810.12,2026-01-18 07:12:40.808284
2140,2140,Credit Card,10307.1,2025-08-12 14:53:43.416772
2141,2141,Apple Pay,2343.66,2025-10-28 04:05:02.163607
2142,2142,PayPal,2958.89,2026-03-10 20:18:59.556064
2143,2143,PayPal,12796.11,2026-03-25 20:22:43.160306
2144,2144,Debit Card,9792.63,2025-08-12 05:58:43.489701
2145,2145,PayPal,1769.35,2026-03-23 11:21:12.025298
2146,2146,Google Pay,8387.45,2026-02-03 19:18:11.305797
2147,2147,Debit Card,15254.12,2025-08-26 02:08:00.618873
2148,2148,Google Pay,8795.26,2026-03-20 03:42:55.657790
2149,2149,Apple Pay,986.95,2025-12-29 20:42:09.231284
2150,2150,Credit Card,1011.45,2025-08-06 06:54:22.578165
2151,2151,Apple Pay,2046.37,2025-08-16 16:09:49.292852
2152,2152,PayPal,11245.65,2026-05-17 15:21:02.920455
2153,2153,PayPal,2807.0,2025-12-04 10:05:45.063343
2154,2154,PayPal,6319.8,2025-12-20 12:47:41.021998
2155,2155,PayPal,2729.39,2026-05-23 07:52:56.446085
2156,2156,Apple Pay,3854.63,2025-12-27 07:25:14.525199
2157,2157,Credit Card,7568.17,2025-11-16 16:24:04.643979
2158,2158,Credit Card,1614.73,2025-12-10 11:57:43.008275
2159,2159,Google Pay,12009.54,2026-01-23 15:18:16.000875
2160,2160,PayPal,4386.31,2026-06-03 11:22:35.554642
2161,2161,Debit Card,120.46,2026-06-30 05:41:01.721773
2162,2162,Debit Card,16544.79,2026-05-30 15:42:15.274154
2163,2163,Credit Card,7983.9,2026-03-01 04:06:05.730043
2164,2164,PayPal,9763.14,2025-12-10 21:09:20.144014
2165,2165,Google Pay,9434.01,2026-01-25 20:51:54.623299
2166,2166,PayPal,3781.83,2025-10-07 19:55:38.782969
2167,2167,Apple Pay,4207.97,2025-08-19 01:06:47.696883
2168,2168,Credit Card,19595.96,2026-03-05 18:26:52.028421
2169,2169,Credit Card,6040.92,2025-09-25 14:25:57.769345
2170,2170,Debit Card,11267.12,2026-04-14 23:17:34.535015
2171,2171,PayPal,1636.25,2025-08-15 12:14:48.023218
2172,2172,Credit Card,4079.76,2025-08-17 13:21:26.380611
2173,2173,Debit Card,2180.57,2025-12-07 22:34:56.755377
2174,2174,Google Pay,4381.16,2025-08-30 03:39:15.042997
2175,2175,Debit Card,8037.03,2026-07-13 10:35:34.441257
2176,2176,Google Pay,7110.31,2026-03-07 07:06:15.567969
2177,2177,PayPal,1195.0,2026-07-20 23:49:51.725090
2178,2178,PayPal,13496.99,2026-05-31 05:34:22.260452
2179,2179,Apple Pay,463.75,2025-10-02 12:44:36.407071
2180,2180,PayPal,10511.85,2026-01-20 20:57:10.353211
2181,2181,Google Pay,12731.6,2026-02-28 15:39:12.675872
2182,2182,PayPal,22413.72,2026-01-18 02:39:00.317527
2183,2183,PayPal,13811.07,2026-01-01 01:31:57.130192
2184,2184,Apple Pay,10815.91,2026-03-12 09:29:28.653902
2185,2185,Google Pay,8066.16,2026-05-29 17:48:23.592582
2186,2186,Debit Card,6036.86,2026-01-19 02:10:13.186494
2187,2187,Apple Pay,14832.01,2025-08-09 15:37:04.869303
2188,2188,Apple Pay,12084.63,2025-11-25 05:26:55.575545
2189,2189,PayPal,13403.19,2026-05-21 23:50:29.066799
2190,2190,Debit Card,5109.86,2026-03-06 16:23:05.988856
2191,2191,Credit Card,8445.58,2025-08-09 05:36:08.304605
2192,2192,PayPal,8767.86,2026-05-04 08:40:16.753027
2193,2193,Apple Pay,12205.94,2026-06-09 12:17:58.516642
2194,2194,Google Pay,8655.12,2025-09-07 11:24:35.154855
2195,2195,Credit Card,11350.59,2026-04-14 11:16:12.731649
2196,2196,Google Pay,5310.53,2025-11-03 22:32:08.260554
2197,2197,PayPal,13865.55,2026-07-15 15:47:00.714903
2198,2198,Credit Card,2109.88,2026-05-28 13:41:40.136625
2199,2199,Debit Card,2263.38,2025-11-01 23:57:47.325910
2200,2200,PayPal,1606.53,2025-10-18 11:58:53.039240
2201,2201,PayPal,9526.25,2025-09-26 09:25:34.680130
2202,2202,Google Pay,6708.28,2025-09-16 03:10:55.658974
2203,2203,Debit Card,8151.08,2026-02-25 00:19:12.731290
2204,2204,PayPal,8694.06,2026-06-03 03:28:54.513984
2205,2205,PayPal,5736.57,2026-03-24 04:09:03.179345
2206,2206,PayPal,6514.62,2026-04-04 09:31:55.000606
2207,2207,Apple Pay,3930.04,2026-04-06 02:14:39.228949
2208,2208,Google Pay,14875.29,2026-01-07 06:00:16.610271
2209,2209,Debit Card,6624.52,2026-02-02 20:34:43.183419
2210,2210,Google Pay,2390.0,2025-09-28 19:21:28.899602
2211,2211,Apple Pay,5443.5,2026-07-04 04:21:00.918388
2212,2212,Credit Card,6279.31,2026-07-13 02:40:24.972162
2213,2213,Google Pay,5318.87,2025-10-10 18:57:31.865158
2214,2214,Google Pay,4027.28,2026-05-04 18:37:07.593312
2215,2215,Apple Pay,2828.0,2026-04-29 18:46:24.555643
2216,2216,PayPal,15539.16,2025-12-30 15:14:18.575612
2217,2217,Debit Card,9044.54,2025-11-09 18:43:15.080111
2218,2218,PayPal,7443.17,2026-03-02 01:56:20.327364
2219,2219,PayPal,4461.24,2026-03-17 05:11:26.879634
2220,2220,Apple Pay,11745.03,2026-03-11 02:34:11.451713
2221,2221,Credit Card,17602.23,2026-04-04 02:01:51.048624
2222,2222,Credit Card,504.81,2025-09-18 01:29:39.172185
2223,2223,Google Pay,8752.31,2026-05-22 05:59:34.174643
2224,2224,Apple Pay,4210.5,2025-10-09 08:22:39.652503
2225,2225,PayPal,5031.0,2026-05-27 11:06:24.271238
2226,2226,Credit Card,11520.95,2025-12-19 10:56:37.241544
2227,2227,Debit Card,13550.13,2026-03-31 21:55:05.403227
2228,2228,Debit Card,9616.89,2026-06-05 19:57:32.818325
2229,2229,Credit Card,7459.1,2026-03-22 13:53:35.487911
2230,2230,Apple Pay,7353.44,2026-02-14 10:49:09.956595
2231,2231,Debit Card,1632.57,2025-09-06 13:27:33.388433
2232,2232,PayPal,11850.57,2025-10-11 05:00:28.451156
2233,2233,Apple Pay,5007.26,2026-01-04 22:57:23.984057
2234,2234,Debit Card,2263.38,2025-09-24 13:28:58.814141
2235,2235,Credit Card,6972.99,2025-12-15 19:52:20.739552
2236,2236,Apple Pay,6698.14,2025-08-22 13:41:56.574892
2237,2237,Apple Pay,17498.69,2026-02-03 10:05:18.126971
2238,2238,PayPal,7673.18,2026-02-02 22:55:46.126756
2239,2239,Google Pay,4088.44,2026-04-09 23:47:24.464179
2240,2240,Debit Card,3679.76,2026-03-07 10:31:30.808137
2241,2241,Google Pay,1403.5,2026-01-26 20:45:07.802196
2242,2242,Debit Card,6496.59,2026-04-01 20:42:49.016499
2243,2243,Credit Card,12081.07,2025-11-19 23:23:53.905381
2244,2244,Debit Card,3703.07,2026-07-26 04:56:56.748172
2245,2245,PayPal,9971.09,2026-06-30 20:12:42.555953
2246,2246,Google Pay,2974.16,2026-02-27 15:44:59.352752
2247,2247,Apple Pay,20568.01,2026-01-12 04:10:49.278459
2248,2248,Credit Card,10113.63,2025-12-02 00:31:56.541491
2249,2249,Google Pay,9533.18,2025-12-03 21:57:13.677799
2250,2250,Google Pay,374.34,2025-10-09 22:08:45.368468
2251,2251,PayPal,1463.28,2026-03-20 15:39:35.248168
2252,2252,Apple Pay,365.85,2025-08-24 16:38:48.281192
2253,2253,Credit Card,6567.27,2025-10-12 19:04:23.755707
2254,2254,Apple Pay,6774.41,2026-05-09 15:11:51.340845
2255,2255,PayPal,5925.07,2025-09-23 11:34:39.355873
2256,2256,Credit Card,10755.55,2026-06-07 07:29:47.108997
2257,2257,Debit Card,1799.53,2026-01-27 02:14:04.532243
2258,2258,Debit Card,1973.9,2026-03-12 13:06:10.303954
2259,2259,Credit Card,7882.91,2025-08-01 18:55:56.326457
2260,2260,Apple Pay,12448.65,2025-11-12 02:23:49.226651
2261,2261,Apple Pay,8618.44,2026-03-17 12:26:04.397401
2262,2262,Debit Card,4668.89,2025-10-31 20:18:42.310883
2263,2263,Google Pay,11629.35,2026-05-13 02:15:48.102364
2264,2264,Google Pay,5640.15,2025-11-07 20:04:35.441052
2265,2265,Credit Card,4369.97,2025-08-30 09:58:01.864447
2266,2266,Credit Card,12031.07,2026-04-02 21:07:41.552393
2267,2267,Apple Pay,16505.01,2025-12-14 18:09:43.255270
2268,2268,Debit Card,21944.12,2026-03-29 14:24:57.979424
2269,2269,PayPal,8542.94,2025-11-11 13:12:09.377747
2270,2270,Apple Pay,1076.96,2026-07-09 07:06:15.436276
2271,2271,Apple Pay,3640.06,2025-09-14 13:17:47.758145
2272,2272,Credit Card,1585.98,2026-02-08 07:18:14.292120
2273,2273,PayPal,7198.43,2026-01-11 21:40:43.118374
2274,2274,PayPal,12739.87,2026-02-05 04:56:10.034499
2275,2275,Debit Card,6693.39,2026-01-25 12:28:58.902190
2276,2276,Google Pay,7137.06,2025-09-13 14:19:15.613738
2277,2277,Debit Card,6694.94,2025-09-30 07:01:00.057689
2278,2278,Google Pay,13840.27,2026-04-16 17:45:20.891650
2279,2279,Debit Card,7309.44,2026-03-15 14:32:48.832370
2280,2280,Apple Pay,2960.85,2026-01-25 15:09:29.791017
2281,2281,Apple Pay,9679.56,2026-03-24 04:44:29.397643
2282,2282,Debit Card,10889.15,2026-05-06 17:12:40.465088
2283,2283,Apple Pay,9613.56,2025-09-19 10:14:14.921306
2284,2284,Debit Card,7031.78,2026-04-18 11:04:04.736238
2285,2285,Debit Card,6949.86,2025-11-29 21:41:02.313445
2286,2286,Apple Pay,1355.45,2025-10-21 07:05:51.689152
2287,2287,PayPal,17728.4,2025-09-23 15:15:37.221521
2288,2288,Google Pay,3783.73,2025-08-28 14:01:06.574523
2289,2289,Apple Pay,5370.06,2026-05-20 08:55:39.659534
2290,2290,Debit Card,7269.9,2025-08-10 04:58:16.020458
2291,2291,Google Pay,7082.62,2025-10-31 13:56:43.640242
2292,2292,PayPal,3177.78,2026-04-17 16:43:14.297642
2293,2293,Apple Pay,1973.9,2026-03-28 08:18:36.806060
2294,2294,Credit Card,15107.64,2026-07-29 18:04:42.913151
2295,2295,Google Pay,20078.97,2026-05-30 18:32:16.284785
2296,2296,PayPal,4167.3,2025-10-23 11:26:37.379977
2297,2297,Apple Pay,1195.0,2025-10-18 00:36:08.726939
2298,2298,Debit Card,2518.86,2026-03-08 01:08:01.669557
2299,2299,Google Pay,5347.63,2026-04-30 15:01:20.953709
2300,2300,Debit Card,7192.5,2026-06-09 10:01:19.955315
2301,2301,Credit Card,6571.74,2026-06-27 09:37:38.111333
2302,2302,Google Pay,324.12,2026-07-15 18:09:46.658058
2303,2303,Credit Card,9486.68,2025-11-20 02:47:14.266330
2304,2304,Google Pay,3877.08,2026-03-25 12:50:59.045867
2305,2305,Google Pay,2553.73,2026-07-02 03:02:17.877069
2306,2306,PayPal,3344.28,2026-02-23 01:32:08.824425
2307,2307,Apple Pay,8964.62,2025-08-28 01:34:45.739873
2308,2308,PayPal,5492.67,2026-04-23 21:51:10.433167
2309,2309,PayPal,4901.5,2025-09-16 05:09:06.455180
2310,2310,PayPal,3354.0,2026-07-13 04:42:25.925638
2311,2311,PayPal,4363.9,2025-09-10 00:06:11.880002
2312,2312,Credit Card,1542.73,2026-02-08 00:05:56.160861
2313,2313,Credit Card,60.23,2025-11-15 09:17:49.131833
2314,2314,Credit Card,1666.12,2026-04-23 13:31:55.028664
2315,2315,Credit Card,9389.93,2026-06-09 18:11:47.216095
2316,2316,Credit Card,5523.41,2026-01-19 09:18:24.819043
2317,2317,PayPal,7935.88,2025-12-27 03:19:10.471797
2318,2318,Apple Pay,12362.27,2026-01-24 19:52:21.380507
2319,2319,PayPal,762.05,2026-05-22 15:12:09.945303
2320,2320,Debit Card,2823.68,2026-01-15 20:32:06.604963
2321,2321,PayPal,4350.88,2026-07-04 21:49:26.266213
2322,2322,Credit Card,10341.18,2025-11-21 06:05:59.098294
2323,2323,PayPal,14656.68,2025-10-26 19:20:07.576781
2324,2324,Credit Card,120.46,2026-04-16 12:23:14.969812
2325,2325,Apple Pay,5677.05,2025-10-10 23:35:30.843641
2326,2326,Debit Card,2960.85,2025-10-28 14:21:13.450994
2327,2327,Apple Pay,544.19,2026-03-02 14:30:50.987346
2328,2328,Google Pay,14710.54,2026-01-17 06:22:53.160609
2329,2329,Apple Pay,4350.88,2026-06-25 18:01:01.854674
2330,2330,Google Pay,8743.65,2026-06-05 13:29:13.524714
2331,2331,PayPal,13601.16,2026-04-22 23:56:22.356179
2332,2332,Apple Pay,12854.33,2026-05-26 14:15:35.122388
2333,2333,Debit Card,7018.64,2025-11-16 04:08:42.101038
2334,2334,Credit Card,4510.97,2025-09-28 08:00:34.722099
2335,2335,Google Pay,2810.98,2025-10-28 21:32:19.856736
2336,2336,Google Pay,10315.93,2026-01-30 16:18:04.684837
2337,2337,Apple Pay,18051.4,2025-11-01 08:41:42.267761
2338,2338,Debit Card,9345.18,2026-01-18 10:21:34.409815
2339,2339,Debit Card,6287.44,2025-08-16 10:57:04.444634
2340,2340,Google Pay,10724.33,2026-02-21 12:54:36.420136
2341,2341,Credit Card,592.38,2026-05-12 14:18:25.689776
2342,2342,Apple Pay,2190.58,2026-03-23 22:31:32.301901
2343,2343,Apple Pay,10642.89,2025-12-11 05:18:59.669433
2344,2344,Apple Pay,9088.95,2026-04-04 02:52:54.547860
2345,2345,Debit Card,7988.31,2026-05-26 21:38:26.656059
2346,2346,PayPal,8832.16,2026-04-01 06:42:09.957328
2347,2347,Google Pay,11519.92,2025-12-09 22:02:16.159733
2348,2348,PayPal,8282.58,2025-12-01 21:43:29.722198
2349,2349,Google Pay,2175.44,2025-11-03 09:59:41.745090
2350,2350,Google Pay,4179.68,2025-10-26 06:25:59.929031
2351,2351,Credit Card,7543.23,2026-02-01 17:32:02.982275
2352,2352,Debit Card,10993.08,2026-05-17 01:43:53.253879
2353,2353,Apple Pay,13687.45,2026-07-02 09:02:33.822397
2354,2354,Google Pay,1861.99,2025-11-11 16:59:00.046148
2355,2355,Google Pay,1058.24,2026-01-01 16:22:14.305788
2356,2356,Apple Pay,2175.44,2025-09-29 15:06:16.903174
2357,2357,Google Pay,15414.56,2025-09-24 02:31:35.707250
2358,2358,Credit Card,3540.25,2026-03-07 05:23:06.034432
2359,2359,Apple Pay,3026.83,2025-11-22 14:47:44.634029
2360,2360,Debit Card,7545.84,2025-12-04 05:17:38.181956
2361,2361,PayPal,10595.63,2026-01-17 16:03:33.381891
2362,2362,Google Pay,5150.51,2026-05-15 13:46:41.632515
2363,2363,PayPal,1749.0,2026-07-07 02:59:13.911817
2364,2364,Debit Card,14133.82,2026-02-25 18:46:23.411818
2365,2365,Apple Pay,10708.49,2026-04-17 00:07:42.381285
2366,2366,PayPal,8173.53,2025-08-04 08:50:01.928482
2367,2367,Debit Card,11156.72,2026-06-23 21:53:52.481328
2368,2368,Debit Card,12935.72,2026-01-30 21:20:38.902037
2369,2369,Credit Card,13130.83,2026-01-21 22:47:05.959545
2370,2370,Apple Pay,4466.0,2026-07-25 21:56:53.339735
2371,2371,Google Pay,14899.68,2026-07-18 10:25:04.648670
2372,2372,Apple Pay,7030.98,2026-01-09 06:09:04.562189
2373,2373,Apple Pay,11382.22,2026-07-21 07:27:49.399941
2374,2374,Apple Pay,1012.68,2025-11-05 05:35:05.503331
2375,2375,Apple Pay,18822.78,2025-11-10 10:44:26.598382
2376,2376,Credit Card,4461.24,2026-06-14 08:16:44.757225
2377,2377,Credit Card,4297.63,2025-12-03 21:57:47.053493
2378,2378,Debit Card,6530.76,2025-11-07 02:04:11.345750
2379,2379,Credit Card,12553.63,2025-11-03 12:50:22.264192
2380,2380,Apple Pay,3736.85,2025-11-20 10:10:33.087757
2381,2381,Debit Card,6925.82,2026-07-22 17:01:36.024746
2382,2382,PayPal,8047.05,2025-08-25 13:33:22.413577
2383,2383,Apple Pay,16762.44,2026-05-31 14:24:07.315279
2384,2384,Debit Card,2286.15,2026-05-24 07:41:50.748720
2385,2385,Google Pay,11915.4,2026-02-08 15:04:37.607256
2386,2386,Google Pay,8529.11,2025-07-31 18:23:00.214721
2387,2387,Credit Card,1666.12,2025-10-26 23:21:35.027838
2388,2388,Debit Card,3115.1,2026-01-30 13:46:12.783654
2389,2389,Debit Card,4297.66,2025-09-04 07:23:56.914850
2390,2390,Debit Card,12765.08,2026-06-08 07:46:57.042270
2391,2391,PayPal,13489.63,2025-08-12 23:58:57.429792
2392,2392,PayPal,7378.48,2026-01-26 12:29:00.991786
2393,2393,Apple Pay,13816.05,2026-03-05 12:23:37.076238
2394,2394,Debit Card,10377.18,2025-12-20 05:26:00.020912
2395,2395,Apple Pay,10175.81,2026-03-10 20:05:01.884264
2396,2396,Credit Card,9100.97,2026-06-20 14:52:50.377552
2397,2397,Apple Pay,12857.91,2026-06-20 17:44:39.108596
2398,2398,Apple Pay,11666.62,2025-08-26 03:43:11.805594
2399,2399,PayPal,18025.2,2026-07-15 06:19:41.111606
2400,2400,Credit Card,2046.37,2026-05-15 17:34:53.241203
2401,2401,Google Pay,19394.15,2025-10-30 21:25:47.341187
2402,2402,Debit Card,5324.7,2026-07-23 19:05:56.819891
2403,2403,Apple Pay,4889.18,2025-12-30 20:12:13.264503
2404,2404,Credit Card,6571.74,2026-01-26 07:14:42.380892
2405,2405,Credit Card,14363.13,2026-02-08 04:31:33.628813
2406,2406,Apple Pay,121.95,2026-01-28 02:01:11.546323
2407,2407,Debit Card,7406.39,2026-01-01 09:41:35.244792
2408,2408,PayPal,6047.02,2025-09-13 07:23:44.740448
2409,2409,PayPal,1463.28,2025-11-18 08:26:20.456954
2410,2410,Debit Card,10208.76,2026-07-04 04:27:34.778336
2411,2411,Apple Pay,11520.5,2026-05-28 19:23:22.095745
2412,2412,Google Pay,9014.19,2025-12-17 16:44:22.093726
2413,2413,Credit Card,1973.9,2026-04-03 06:11:48.132520
2414,2414,Debit Card,4754.33,2026-04-18 08:23:26.599139
2415,2415,Debit Card,120.46,2025-09-24 15:48:22.439339
2416,2416,Apple Pay,13817.63,2026-05-11 12:31:16.083134
2417,2417,Credit Card,406.71,2025-12-29 04:55:49.814916
2418,2418,Google Pay,10634.45,2026-03-01 22:04:23.175930
2419,2419,PayPal,19356.12,2026-06-08 06:15:16.021719
2420,2420,PayPal,11632.73,2025-11-19 14:19:33.388193
2421,2421,Google Pay,8684.04,2026-05-01 02:35:32.577265
2422,2422,Apple Pay,324.12,2025-12-24 01:52:33.284916
2423,2423,Apple Pay,5601.91,2025-12-25 20:15:10.416350
2424,2424,Debit Card,2823.68,2025-09-05 14:55:57.489331
2425,2425,Debit Card,463.75,2026-02-13 15:20:47.498235
2426,2426,Apple Pay,4541.86,2025-08-11 16:13:32.387116
2427,2427,Apple Pay,10807.64,2025-08-18 16:33:08.033885
2428,2428,Google Pay,3485.64,2026-01-12 21:57:18.776692
2429,2429,Debit Card,13040.66,2026-02-12 15:11:54.702749
2430,2430,Apple Pay,12273.87,2025-09-03 17:43:13.606064
2431,2431,Credit Card,13943.93,2025-08-07 17:01:45.884280
2432,2432,Google Pay,6662.32,2025-09-09 15:57:57.559707
2433,2433,Credit Card,15519.58,2026-06-19 09:15:34.383584
2434,2434,Google Pay,3390.31,2026-01-19 18:15:54.750437
2435,2435,Apple Pay,5032.85,2026-06-19 04:41:54.318034
2436,2436,Debit Card,10236.68,2025-11-13 01:52:47.672134
2437,2437,Credit Card,17161.99,2025-10-31 20:01:12.217679
2438,2438,Google Pay,7578.77,2026-01-27 14:02:17.132084
2439,2439,PayPal,15903.85,2025-09-23 03:00:57.994406
2440,2440,Credit Card,6182.64,2026-05-30 12:01:43.821154
2441,2441,Google Pay,6672.49,2025-10-01 17:10:59.050360
2442,2442,Google Pay,8475.69,2025-11-12 12:20:50.377736
2443,2443,Debit Card,10364.8,2026-07-05 23:19:30.839619
2444,2444,Apple Pay,7686.06,2026-07-08 14:20:20.066367
2445,2445,Google Pay,7803.45,2026-04-12 21:00:19.935978
2446,2446,Credit Card,1857.41,2025-11-06 02:16:57.653838
2447,2447,Debit Card,6138.63,2026-02-20 19:08:20.576440
2448,2448,Apple Pay,10867.33,2026-01-24 04:18:26.693278
2449,2449,Credit Card,9214.4,2026-07-02 16:21:24.694108
2450,2450,Apple Pay,5250.22,2026-07-06 22:09:10.417548
2451,2451,Apple Pay,7532.42,2025-08-06 02:55:08.833239
2452,2452,Google Pay,15417.15,2026-01-21 07:30:03.570378
2453,2453,Google Pay,3547.85,2026-06-25 04:59:38.711999
2454,2454,Google Pay,892.14,2025-08-20 12:33:06.074478
2455,2455,Debit Card,986.95,2026-02-15 02:26:58.465115
2456,2456,Debit Card,17101.56,2026-02-05 13:45:02.815201
2457,2457,Debit Card,7198.97,2026-01-22 19:52:20.188702
2458,2458,PayPal,2013.64,2026-04-25 15:45:53.552257
2459,2459,Credit Card,5518.98,2026-04-08 08:56:01.699095
2460,2460,Credit Card,5398.59,2025-08-22 01:48:25.776932
2461,2461,Google Pay,9767.9,2026-04-25 13:11:35.012032
2462,2462,Apple Pay,7932.06,2026-02-24 13:49:17.123975
2463,2463,Google Pay,10676.42,2025-12-14 21:55:07.241510
2464,2464,Credit Card,2854.87,2026-07-26 01:47:25.889003
2465,2465,Debit Card,14503.85,2026-06-30 06:01:46.589011
2466,2466,PayPal,7400.95,2026-06-11 14:34:36.954738
2467,2467,Google Pay,13471.39,2026-01-05 13:41:01.664259
2468,2468,Credit Card,10795.9,2026-01-14 23:59:32.019885
2469,2469,Google Pay,4725.82,2026-01-19 12:00:21.288821
2470,2470,PayPal,2180.57,2025-12-23 05:09:04.794524
2471,2471,Credit Card,6472.99,2026-07-05 00:26:50.371421
2472,2472,Apple Pay,2108.7,2026-05-07 05:56:14.499841
2473,2473,Debit Card,14967.13,2025-10-31 22:00:24.989710
2474,2474,Credit Card,10625.58,2026-06-20 17:24:49.073375
2475,2475,Debit Card,1519.02,2025-08-08 23:47:34.668696
2476,2476,Apple Pay,9613.25,2026-02-26 01:25:30.837979
2477,2477,Debit Card,9527.63,2025-08-13 01:36:33.753417
2478,2478,Credit Card,7888.82,2026-07-27 07:51:14.534972
2479,2479,PayPal,3888.28,2026-07-03 22:55:22.557898
2480,2480,Apple Pay,10172.95,2025-12-19 19:28:12.744722
2481,2481,Google Pay,3272.5,2026-04-27 07:30:43.400106
2482,2482,PayPal,4389.84,2026-02-21 16:22:25.745615
2483,2483,PayPal,296.19,2025-10-24 03:33:32.551076
2484,2484,PayPal,11464.98,2025-10-30 17:47:35.263359
2485,2485,PayPal,12853.68,2026-05-25 17:16:30.542912
2486,2486,Debit Card,1011.45,2025-12-03 02:42:26.712094
2487,2487,PayPal,11796.66,2025-10-26 06:24:36.746377
2488,2488,Apple Pay,6844.52,2025-08-28 11:43:30.037653
2489,2489,PayPal,6403.48,2026-05-24 22:11:29.148991
2490,2490,Debit Card,6558.74,2025-11-16 00:03:05.246190
2491,2491,PayPal,1220.13,2025-09-17 17:40:57.834414
2492,2492,Credit Card,5657.43,2026-01-17 12:48:51.589386
2493,2493,Credit Card,9293.48,2026-06-09 10:01:16.835615
2494,2494,Debit Card,4929.89,2026-03-13 14:51:25.397710
2495,2495,PayPal,5969.62,2025-10-21 23:33:53.202812
2496,2496,Credit Card,3162.39,2026-05-15 15:32:17.388679
2497,2497,PayPal,6361.61,2025-08-08 12:02:27.497609
2498,2498,Google Pay,9616.99,2026-04-16 15:08:03.954775
2499,2499,PayPal,2405.73,2026-06-19 16:10:24.118891
2500,2500,Credit Card,365.85,2025-12-11 13:13:49.921196
2501,2501,Credit Card,6423.42,2025-08-08 00:42:16.707645
2502,2502,PayPal,2423.3,2025-09-06 08:00:49.931723
2503,2503,Apple Pay,6387.16,2026-01-05 14:18:16.712310
2504,2504,Google Pay,19307.84,2025-09-20 02:29:45.853202
2505,2505,Debit Card,1542.73,2026-01-20 05:59:55.106114
2506,2506,PayPal,180.69,2026-04-07 00:05:48.424506
2507,2507,Debit Card,8193.66,2026-02-24 13:32:51.933485
2508,2508,Google Pay,6357.96,2026-04-08 09:09:00.765011
2509,2509,PayPal,9315.08,2026-05-27 10:25:39.539697
2510,2510,PayPal,13961.23,2025-09-23 20:53:34.691672
2511,2511,Debit Card,11824.79,2026-02-21 02:49:09.168275
2512,2512,Credit Card,5098.94,2025-09-01 19:24:35.706737
2513,2513,Apple Pay,2450.23,2025-08-30 19:17:42.705062
2514,2514,Debit Card,7291.0,2025-11-12 18:33:00.419644
2515,2515,PayPal,2286.15,2025-10-16 18:28:39.242739
2516,2516,Apple Pay,1959.01,2026-01-09 07:31:22.984102
2517,2517,PayPal,8811.57,2026-01-09 16:13:20.065097
2518,2518,Apple Pay,3520.14,2026-05-18 21:05:48.872488
2519,2519,Credit Card,13969.31,2026-06-05 00:31:58.628977
2520,2520,Google Pay,5644.86,2025-11-26 09:22:56.810657
2521,2521,Debit Card,1786.58,2026-01-29 19:19:22.599346
2522,2522,Credit Card,1857.2,2025-09-10 16:35:09.079734
2523,2523,Apple Pay,10013.13,2025-09-03 02:40:54.206155
2524,2524,Credit Card,5854.47,2026-05-24 03:22:00.880588
2525,2525,Google Pay,5505.53,2026-03-24 15:34:11.662182
2526,2526,Credit Card,6385.54,2026-05-22 14:05:39.449045
2527,2527,Debit Card,986.95,2025-08-16 00:25:57.623447
2528,2528,Debit Card,14999.58,2025-08-23 20:14:25.447873
2529,2529,Debit Card,3085.46,2025-11-03 19:15:05.355274
2530,2530,Apple Pay,1524.1,2026-03-30 18:58:26.523146
2531,2531,Debit Card,13753.28,2026-05-17 00:23:56.540243
2532,2532,Debit Card,2499.18,2025-08-28 19:32:56.377508
2533,2533,Google Pay,11163.06,2025-11-25 11:53:00.172388
2534,2534,Credit Card,4174.9,2026-06-25 16:45:58.013948
2535,2535,Debit Card,14019.86,2026-03-26 06:20:11.817330
2536,2536,Google Pay,17933.95,2025-09-07 22:06:23.918917
2537,2537,Apple Pay,6804.46,2026-06-21 22:26:19.494580
2538,2538,Google Pay,12574.46,2025-08-13 07:51:40.567555
2539,2539,PayPal,5752.36,2026-05-08 17:06:56.769576
2540,2540,Apple Pay,6834.7,2026-04-20 23:19:23.671693
2541,2541,Google Pay,11358.58,2025-09-29 03:15:35.678642
2542,2542,Credit Card,1857.2,2026-04-06 07:13:49.054270
2543,2543,PayPal,10293.52,2026-03-30 22:21:26.810624
2544,2544,Credit Card,10998.75,2026-07-18 06:46:11.023101
2545,2545,Credit Card,499.92,2026-03-30 19:01:46.073194
2546,2546,Google Pay,6273.31,2026-06-29 09:52:27.186301
2547,2547,PayPal,9528.17,2026-01-17 04:59:12.866453
2548,2548,Credit Card,10668.78,2026-06-20 00:36:45.169306
2549,2549,Credit Card,2370.49,2026-06-15 19:35:44.513579
2550,2550,Apple Pay,4310.35,2026-01-06 11:36:39.585848
2551,2551,Apple Pay,10802.56,2026-06-02 13:06:46.080918
2552,2552,Debit Card,1973.9,2026-03-12 19:53:01.662188
2553,2553,Google Pay,2180.57,2026-07-25 14:55:10.030866
2554,2554,Debit Card,17019.16,2025-09-26 22:15:59.116596
2555,2555,Google Pay,5140.3,2026-01-13 21:45:29.968277
2556,2556,Credit Card,2138.91,2026-05-20 03:03:10.115156
2557,2557,Credit Card,11249.1,2025-11-27 09:00:41.079559
2558,2558,PayPal,3722.01,2025-11-24 18:27:09.706929
2559,2559,Credit Card,10522.48,2026-04-22 18:27:00.994885
2560,2560,PayPal,9661.59,2025-12-12 20:42:10.128954
2561,2561,PayPal,5995.7,2025-10-18 05:25:18.353502
2562,2562,Google Pay,3085.46,2026-04-12 13:48:53.598045
2563,2563,Apple Pay,17237.48,2025-09-20 04:03:33.118695
2564,2564,Debit Card,24339.04,2025-11-04 23:49:36.981970
2565,2565,Google Pay,2546.29,2026-01-24 06:44:32.759841
2566,2566,Apple Pay,13373.59,2026-07-04 20:15:13.841335
2567,2567,Debit Card,7242.91,2026-07-01 05:52:45.419445
2568,2568,PayPal,6365.62,2026-03-30 16:22:51.662692
2569,2569,Credit Card,5392.44,2026-01-07 06:17:36.855390
2570,2570,Debit Card,2561.17,2025-09-04 16:07:30.349964
2571,2571,Apple Pay,5224.23,2025-09-10 03:35:39.483999
2572,2572,PayPal,1799.53,2026-04-27 06:46:51.630107
2573,2573,Debit Card,11808.67,2026-04-24 04:44:43.915036
2574,2574,Google Pay,18573.9,2026-04-08 06:34:15.145388
2575,2575,Debit Card,5932.03,2025-11-08 10:51:55.528691
2576,2576,PayPal,1012.68,2025-08-06 11:44:47.226505
2577,2577,Debit Card,5585.97,2026-05-26 12:54:27.346339
2578,2578,Apple Pay,12484.09,2025-10-06 14:26:02.446337
2579,2579,Debit Card,15591.78,2026-06-17 22:35:07.488425
2580,2580,Apple Pay,5799.45,2026-07-12 10:08:38.064856
2581,2581,Apple Pay,8119.1,2026-02-25 02:06:16.691658
2582,2582,Debit Card,7973.27,2026-07-15 22:40:40.636799
2583,2583,Credit Card,7539.0,2026-06-03 12:55:19.251267
2584,2584,Google Pay,5966.83,2026-06-19 13:02:23.472525
2585,2585,Debit Card,5742.13,2025-11-29 13:41:32.815364
2586,2586,Apple Pay,11462.89,2025-11-03 22:15:11.118118
2587,2587,Credit Card,10245.91,2026-03-20 16:38:52.144932
2588,2588,Debit Card,14951.93,2025-09-22 07:03:39.941771
2589,2589,Google Pay,8826.72,2025-10-09 05:56:58.659242
2590,2590,PayPal,11775.99,2025-09-20 05:21:21.197160
2591,2591,PayPal,7674.48,2025-08-18 14:27:53.099563
2592,2592,Debit Card,20015.82,2026-04-30 11:14:03.498345
2593,2593,Apple Pay,8699.69,2026-05-22 03:13:42.558282
2594,2594,Google Pay,11249.28,2026-07-18 11:09:28.352841
2595,2595,PayPal,2499.18,2026-06-21 00:54:44.698559
2596,2596,Apple Pay,9588.19,2025-08-25 19:52:02.069737
2597,2597,PayPal,6040.92,2026-04-05 04:23:33.255399
2598,2598,PayPal,3877.26,2025-11-04 04:14:25.947406
2599,2599,Credit Card,6930.73,2026-05-21 17:50:38.614269
2600,2600,PayPal,9740.41,2026-07-26 16:49:02.405779
2601,2601,Apple Pay,20386.97,2025-10-20 04:54:10.904228
2602,2602,Credit Card,12427.09,2026-01-06 20:50:12.447951
2603,2603,PayPal,7147.37,2026-04-14 09:50:18.015635
2604,2604,Credit Card,2789.15,2026-05-18 04:25:28.984324
2605,2605,Google Pay,2180.57,2026-03-01 02:01:52.182120
2606,2606,Apple Pay,6291.15,2025-11-02 02:39:24.249935
2607,2607,Google Pay,9574.82,2025-08-28 01:45:03.350589
2608,2608,Apple Pay,9738.17,2025-10-21 22:27:37.257328
2609,2609,Apple Pay,1524.1,2025-10-28 21:08:53.894048
2610,2610,Credit Card,8313.02,2025-08-18 03:14:46.677525
2611,2611,Google Pay,14953.76,2026-03-02 00:29:29.069187
2612,2612,PayPal,1677.0,2026-07-18 03:54:54.371914
2613,2613,Apple Pay,14269.39,2025-08-13 16:44:21.402913
2614,2614,Google Pay,8876.84,2026-03-16 21:28:13.535140
2615,2615,Apple Pay,6139.11,2026-01-11 01:59:06.297276
2616,2616,Credit Card,12922.25,2026-04-14 02:21:53.463405
2617,2617,Apple Pay,5142.62,2025-09-03 19:28:48.743040
2618,2618,Apple Pay,6620.07,2025-12-16 23:56:27.265169
2619,2619,Credit Card,8146.04,2026-02-04 18:14:14.832478
2620,2620,Debit Card,4079.76,2025-09-07 00:25:31.138208
2621,2621,Debit Card,6790.14,2026-05-12 13:00:45.539391
2622,2622,Credit Card,8966.79,2025-12-09 06:15:08.468224
2623,2623,Google Pay,9384.79,2025-10-28 21:24:56.732994
2624,2624,Debit Card,10709.01,2025-08-25 02:07:53.283740
2625,2625,Google Pay,1632.57,2026-06-24 15:36:28.943690
2626,2626,Apple Pay,15207.42,2025-12-27 03:12:54.057221
2627,2627,Apple Pay,928.6,2025-11-18 16:56:05.018874
2628,2628,PayPal,17341.29,2026-02-26 13:31:44.959757
2629,2629,Google Pay,828.93,2026-02-24 10:34:49.005396
2630,2630,Google Pay,13112.41,2026-02-14 21:28:36.359628
2631,2631,Apple Pay,7537.77,2026-06-19 00:06:21.297689
2632,2632,PayPal,5633.81,2025-11-06 20:35:34.237777
2633,2633,PayPal,18212.4,2025-11-15 21:01:54.662987
2634,2634,Debit Card,6851.66,2026-06-26 06:18:35.639693
2635,2635,Debit Card,15521.8,2026-07-26 05:59:48.677579
2636,2636,Google Pay,12159.24,2025-09-03 12:21:50.383898
2637,2637,PayPal,972.36,2026-02-06 16:54:50.528852
2638,2638,PayPal,9085.74,2026-02-27 14:13:06.856011
2639,2639,Google Pay,5285.17,2026-01-05 14:06:11.782591
2640,2640,PayPal,7654.34,2025-09-04 23:22:46.635334
2641,2641,Google Pay,2926.56,2025-10-06 08:14:07.924579
2642,2642,Apple Pay,1004.73,2025-11-03 12:10:42.987493
2643,2643,Credit Card,4807.14,2026-05-25 18:47:29.737163
2644,2644,Apple Pay,7970.26,2025-12-26 01:52:36.422099
2645,2645,Debit Card,7168.14,2026-05-01 14:14:44.526724
2646,2646,Google Pay,8920.66,2025-09-01 16:41:11.694659
2647,2647,Apple Pay,10401.42,2025-12-16 15:01:57.778541
2648,2648,Apple Pay,6881.69,2025-09-25 21:25:44.354035
2649,2649,PayPal,11279.39,2026-05-08 17:41:08.638051
2650,2650,PayPal,1663.19,2025-08-24 12:55:15.861974
2651,2651,PayPal,11621.97,2026-07-04 13:11:35.696862
2652,2652,Apple Pay,2013.64,2026-01-05 22:59:15.177372
2653,2653,Google Pay,15654.34,2026-01-18 19:18:09.299825
2654,2654,Credit Card,15400.28,2026-05-27 00:55:44.937230
2655,2655,Apple Pay,972.36,2026-06-11 18:25:26.670407
2656,2656,Debit Card,9134.8,2025-09-29 20:22:45.268139
2657,2657,Apple Pay,3661.78,2025-08-20 17:30:00.913460
2658,2658,Apple Pay,1677.0,2026-03-08 09:19:08.615817
2659,2659,Credit Card,12687.06,2025-09-28 18:33:21.269574
2660,2660,Debit Card,8828.2,2025-11-06 01:15:53.470841
2661,2661,Google Pay,6600.86,2025-09-21 01:18:43.410448
2662,2662,PayPal,11546.45,2026-02-17 15:35:19.631203
2663,2663,Debit Card,4062.81,2025-09-20 15:49:16.134256
2664,2664,PayPal,13880.74,2026-07-24 20:51:44.058532
2665,2665,Credit Card,13339.51,2025-10-05 06:54:12.210209
2666,2666,Apple Pay,2190.58,2026-06-28 13:15:22.476133
2667,2667,Debit Card,8074.62,2025-12-28 23:00:49.183229
2668,2668,Debit Card,2135.59,2025-09-02 02:36:54.467166
2669,2669,Apple Pay,2039.88,2026-03-05 22:37:40.140647
2670,2670,Google Pay,2618.44,2025-11-02 11:14:34.970727
2671,2671,PayPal,4350.88,2025-10-27 00:50:01.161420
2672,2672,PayPal,120.46,2026-05-30 10:53:17.255333
2673,2673,Google Pay,13174.05,2025-12-17 05:02:48.899338
2674,2674,Debit Card,4787.87,2026-05-15 12:13:53.493246
2675,2675,Google Pay,7402.2,2026-04-17 19:54:33.285956
2676,2676,Apple Pay,9687.91,2025-08-27 01:10:58.750689
2677,2677,Debit Card,5909.1,2025-11-14 07:17:07.968093
2678,2678,Debit Card,16359.64,2025-12-18 19:23:45.881433
2679,2679,Debit Card,2499.18,2025-12-06 10:32:03.714030
2680,2680,PayPal,648.24,2025-12-15 16:32:52.311097
2681,2681,Credit Card,4664.86,2025-09-04 14:55:43.139448
2682,2682,PayPal,4159.94,2026-01-07 01:57:56.648452
2683,2683,Google Pay,5907.97,2025-12-09 17:13:28.595104
2684,2684,PayPal,8588.51,2026-07-13 22:58:20.897979
2685,2685,Debit Card,1666.12,2025-12-22 00:27:34.094958
2686,2686,PayPal,8864.8,2026-05-03 00:08:26.204068
2687,2687,Credit Card,18167.46,2025-10-02 06:59:10.286424
2688,2688,Apple Pay,4302.66,2026-01-07 22:40:33.235376
2689,2689,PayPal,3349.07,2026-03-04 19:03:15.129643
2690,2690,Google Pay,6363.21,2025-10-18 01:03:01.841545
2691,2691,Debit Card,3260.7,2025-10-14 09:25:04.154960
2692,2692,Debit Card,14939.98,2025-10-16 06:09:10.100383
2693,2693,Apple Pay,15320.37,2025-11-28 12:32:20.806584
2694,2694,Credit Card,7745.64,2026-03-06 19:39:49.128805
2695,2695,Debit Card,2323.76,2026-05-28 05:42:00.713197
2696,2696,Credit Card,2190.58,2026-03-15 08:45:31.143274
2697,2697,Apple Pay,11517.79,2025-09-19 23:02:12.443013
2698,2698,Credit Card,18469.26,2025-08-14 09:03:05.549757
2699,2699,Credit Card,4432.51,2026-05-24 16:49:19.156947
2700,2700,Credit Card,16752.53,2026-05-25 20:33:00.266281
2701,2701,PayPal,1011.45,2026-06-20 21:32:24.479314
2702,2702,Debit Card,8874.44,2025-08-06 07:35:29.023837
2703,2703,PayPal,15012.52,2025-12-22 10:03:09.974016
2704,2704,Credit Card,3485.64,2026-01-14 03:54:11.739508
2705,2705,Google Pay,9974.3,2026-07-10 04:59:31.053755
2706,2706,Apple Pay,1391.25,2026-07-21 05:37:37.776187
2707,2707,Credit Card,4027.28,2025-11-17 06:51:44.442964
2708,2708,Apple Pay,2559.57,2026-03-22 05:56:16.250207
2709,2709,PayPal,8085.15,2026-03-26 16:12:10.388945
2710,2710,Debit Card,1585.23,2025-10-02 14:48:51.731104
2711,2711,Debit Card,2913.2,2026-06-09 19:48:06.863850
2712,2712,Apple Pay,2807.0,2025-09-05 05:44:02.604479
2713,2713,Credit Card,12549.63,2025-11-13 04:15:33.096440
2714,2714,Debit Card,1392.35,2025-09-02 21:33:31.391011
2715,2715,Apple Pay,9957.36,2026-04-15 14:41:18.894253
2716,2716,Debit Card,1220.13,2025-10-22 06:41:18.826429
2717,2717,Apple Pay,12919.23,2026-06-27 23:14:16.057019
2718,2718,Debit Card,6946.46,2025-08-06 09:05:47.734406
2719,2719,PayPal,4361.14,2026-06-22 19:50:56.813859
2720,2720,Google Pay,9327.16,2026-06-30 18:31:01.117687
2721,2721,Credit Card,1072.91,2026-04-08 15:40:17.739946
2722,2722,Apple Pay,5725.75,2026-02-21 07:40:59.872829
2723,2723,Google Pay,5954.42,2026-02-16 04:36:17.872678
2724,2724,Google Pay,4984.71,2026-05-25 15:40:54.275009
2725,2725,Google Pay,1542.73,2026-01-28 12:36:45.433031
2726,2726,Apple Pay,374.34,2026-02-23 06:20:02.312232
2727,2727,PayPal,10675.37,2026-05-16 16:05:58.682288
2728,2728,Credit Card,1636.25,2026-02-23 07:59:46.795314
2729,2729,PayPal,12195.31,2026-04-19 18:15:08.890693
2730,2730,Google Pay,20411.57,2026-01-13 05:40:08.805280
2731,2731,Debit Card,928.6,2026-02-15 21:09:10.263117
2732,2732,PayPal,6915.56,2026-02-20 11:25:53.175492
2733,2733,PayPal,9924.95,2025-08-07 16:11:15.577554
2734,2734,Apple Pay,10949.67,2026-07-11 16:03:03.146611
2735,2735,Google Pay,9040.8,2025-12-29 09:38:01.106479
2736,2736,Apple Pay,6139.11,2025-11-14 07:33:15.902423
2737,2737,Credit Card,14019.18,2025-11-16 18:32:39.795910
2738,2738,Credit Card,2118.52,2026-02-06 08:36:53.767768
2739,2739,Google Pay,3471.93,2026-01-31 12:08:59.139363
2740,2740,Credit Card,9974.71,2026-04-23 18:46:03.545001
2741,2741,Google Pay,9318.5,2025-11-11 00:39:41.561697
2742,2742,PayPal,8263.7,2025-11-17 15:20:29.465626
2743,2743,Google Pay,243.9,2026-02-19 18:50:05.089173
2744,2744,Apple Pay,7345.36,2026-06-14 18:39:22.854732
2745,2745,PayPal,14455.68,2026-07-24 23:16:34.633992
2746,2746,PayPal,15303.78,2026-03-10 00:32:00.336354
2747,2747,Credit Card,499.92,2026-01-09 00:22:36.325975
2748,2748,Apple Pay,9011.59,2025-11-11 12:03:13.223806
2749,2749,Google Pay,11218.46,2025-12-03 23:43:52.288616
2750,2750,Apple Pay,7769.82,2025-10-28 16:43:53.842225
2751,2751,Debit Card,15051.67,2025-12-11 04:01:03.824348
2752,2752,PayPal,3609.65,2026-02-08 21:22:29.666524
2753,2753,PayPal,7420.63,2026-05-13 15:04:00.471745
2754,2754,Google Pay,7234.05,2026-02-26 11:22:24.332124
2755,2755,Credit Card,9247.75,2025-11-23 00:01:27.002152
2756,2756,Google Pay,7326.55,2025-08-23 09:36:39.900549
2757,2757,PayPal,10950.59,2026-07-02 14:28:05.300799
2758,2758,Google Pay,2323.76,2026-06-10 15:13:28.290368
2759,2759,PayPal,5312.89,2025-08-27 04:24:14.510380
2760,2760,PayPal,5942.72,2025-10-18 14:22:06.968711
2761,2761,Google Pay,5467.83,2026-01-06 19:38:35.180151
2762,2762,Credit Card,365.85,2025-10-02 12:42:34.278932
2763,2763,Credit Card,5501.54,2025-12-22 05:17:01.460864
2764,2764,PayPal,2750.56,2026-05-07 12:01:56.385208
2765,2765,Credit Card,13594.94,2026-07-27 06:23:14.636638
2766,2766,Apple Pay,9533.28,2026-06-03 07:10:16.464870
2767,2767,Debit Card,17494.23,2026-03-16 08:12:50.178440
2768,2768,Debit Card,14366.77,2025-10-25 09:14:29.878673
2769,2769,Debit Card,15642.0,2026-04-15 03:26:21.665412
2770,2770,Debit Card,10220.39,2025-10-11 21:27:50.082001
2771,2771,PayPal,6317.59,2026-04-27 06:07:04.107391
2772,2772,Credit Card,17209.98,2026-03-20 02:12:59.376511
2773,2773,PayPal,9906.06,2026-06-20 19:09:39.119145
2774,2774,PayPal,9970.94,2025-09-02 22:11:11.153991
2775,2775,Debit Card,11826.19,2025-11-21 23:45:26.100192
2776,2776,Google Pay,7354.44,2025-08-28 06:41:27.816119
2777,2777,Debit Card,3422.61,2025-10-03 10:17:34.122994
2778,2778,PayPal,8211.9,2026-05-08 10:59:09.453503
2779,2779,Google Pay,7047.49,2026-03-11 02:59:21.748775
2780,2780,PayPal,6516.6,2025-10-22 21:45:42.045769
2781,2781,Debit Card,6325.2,2026-06-05 22:45:22.163218
2782,2782,Google Pay,8315.16,2025-09-06 06:36:17.983486
2783,2783,Apple Pay,21050.08,2025-11-13 16:27:30.307656
2784,2784,Google Pay,2175.97,2026-02-02 05:07:01.844118
2785,2785,PayPal,6119.64,2025-07-30 14:12:16.137916
2786,2786,PayPal,11377.2,2025-11-27 00:53:55.464153
2787,2787,Credit Card,6203.62,2026-01-09 21:14:32.838410
2788,2788,PayPal,1861.99,2025-10-15 21:19:09.465122
2789,2789,Google Pay,9518.02,2025-08-08 20:04:36.030265
2790,2790,Debit Card,1761.36,2025-08-05 17:55:48.648286
2791,2791,Credit Card,6426.69,2025-09-09 21:48:40.625139
2792,2792,Apple Pay,18595.81,2025-11-26 18:56:38.961868
2793,2793,Credit Card,4027.28,2026-06-02 16:55:45.699699
2794,2794,Debit Card,18127.04,2026-04-29 07:47:16.406877
2795,2795,Apple Pay,8272.32,2025-12-23 15:45:34.328374
2796,2796,Google Pay,4696.34,2025-12-05 20:57:11.955897
2797,2797,Credit Card,11324.06,2026-04-27 16:36:24.407193
2798,2798,PayPal,7409.65,2026-06-23 20:51:11.987084
2799,2799,Google Pay,8414.83,2025-08-15 13:43:27.772685
2800,2800,Google Pay,10440.36,2025-10-04 13:17:08.265137
2801,2801,PayPal,4626.97,2026-05-11 13:08:24.452313
2802,2802,Credit Card,10546.29,2025-08-01 08:15:24.191432
2803,2803,Google Pay,120.46,2026-04-17 18:36:30.003587
2804,2804,Debit Card,8766.55,2026-07-01 19:33:08.017472
2805,2805,Apple Pay,9470.44,2025-08-05 20:55:21.220779
2806,2806,Debit Card,4844.19,2025-12-20 13:14:17.558512
2807,2807,Credit Card,14261.85,2026-02-17 00:18:07.430362
2808,2808,Credit Card,19061.46,2025-10-12 22:05:38.172087
2809,2809,Credit Card,10958.34,2025-08-30 09:38:23.956544
2810,2810,PayPal,10194.57,2025-11-12 18:49:09.121552
2811,2811,Apple Pay,14229.77,2026-03-10 08:16:19.330979
2812,2812,Apple Pay,7382.81,2025-09-13 09:56:38.542621
2813,2813,Apple Pay,19191.56,2026-05-01 23:30:39.177858
2814,2814,PayPal,7032.69,2026-01-31 13:26:13.837693
2815,2815,Credit Card,12379.69,2026-06-04 18:50:36.210416
2816,2816,Apple Pay,6541.71,2025-08-07 15:31:17.972240
2817,2817,Debit Card,8088.2,2026-04-04 19:02:29.988693
2818,2818,Debit Card,1179.27,2025-12-28 20:08:20.353822
2819,2819,PayPal,5499.28,2026-03-29 19:59:33.501019
2820,2820,PayPal,12037.98,2025-08-18 19:24:01.338861
2821,2821,PayPal,6926.19,2025-11-20 21:51:58.114265
2822,2822,Credit Card,18857.16,2026-06-18 16:45:22.580733
2823,2823,Debit Card,7860.58,2026-03-14 02:46:20.739401
2824,2824,Google Pay,1606.53,2026-06-24 22:12:04.777098
2825,2825,PayPal,1666.12,2025-12-30 22:04:09.919514
2826,2826,Debit Card,12883.27,2026-07-27 18:36:47.465685
2827,2827,Debit Card,8852.09,2026-03-16 02:05:17.833840
2828,2828,Google Pay,7027.87,2026-07-23 21:45:29.595989
2829,2829,Credit Card,19634.49,2025-08-20 05:56:28.079171
2830,2830,Credit Card,1606.53,2025-10-13 09:53:13.744175
2831,2831,Google Pay,8329.16,2025-12-28 04:52:23.359273
2832,2832,Credit Card,5244.32,2026-05-04 15:45:55.966533
2833,2833,Credit Card,15187.34,2026-02-02 16:40:48.242758
2834,2834,PayPal,6008.48,2026-05-07 08:55:37.067435
2835,2835,Debit Card,1606.53,2025-09-10 20:39:17.586704
2836,2836,Apple Pay,8436.8,2025-09-24 10:33:10.797548
2837,2837,Credit Card,7773.93,2026-06-01 08:04:21.463281
2838,2838,Credit Card,12406.18,2025-08-01 07:26:51.986383
2839,2839,Apple Pay,6608.55,2025-09-19 02:13:19.506957
2840,2840,Apple Pay,12619.3,2026-06-10 00:49:24.789226
2841,2841,Apple Pay,12545.57,2025-11-24 05:21:11.625109
2842,2842,Credit Card,12989.86,2025-08-22 00:35:55.513480
2843,2843,Debit Card,5398.59,2026-06-29 11:16:44.646759
2844,2844,PayPal,1239.95,2025-09-04 06:12:35.412596
2845,2845,Apple Pay,10789.46,2026-04-08 23:51:15.277192
2846,2846,Google Pay,4085.65,2025-08-27 00:16:53.916979
2847,2847,Credit Card,12187.0,2025-09-17 03:25:29.007347
2848,2848,PayPal,6434.5,2025-12-23 23:12:56.114304
2849,2849,Credit Card,10516.95,2025-08-27 07:01:13.538576
2850,2850,Google Pay,21484.92,2025-08-23 05:01:51.450007
2851,2851,Google Pay,5123.19,2026-07-02 05:05:01.521671
2852,2852,Credit Card,2323.76,2026-05-03 12:46:11.387516
2853,2853,Debit Card,10901.34,2026-01-13 02:36:52.278710
2854,2854,Debit Card,7846.78,2026-06-18 19:07:25.498890
2855,2855,Apple Pay,15691.27,2026-05-20 01:49:25.380657
2856,2856,Debit Card,2343.66,2025-09-24 04:53:27.055606
2857,2857,Apple Pay,3448.03,2026-06-15 01:43:18.885356
2858,2858,PayPal,2807.0,2026-02-27 13:58:12.605391
2859,2859,Google Pay,8190.98,2026-03-03 04:56:19.203682
2860,2860,Credit Card,13630.58,2026-07-28 05:50:12.417101
2861,2861,Debit Card,2499.18,2025-12-31 13:17:26.135952
2862,2862,Credit Card,1666.12,2026-07-06 04:37:20.796564
2863,2863,Debit Card,1389.1,2026-07-03 02:45:24.465628
2864,2864,Debit Card,6445.08,2026-01-15 07:44:47.548871
2865,2865,Debit Card,6662.17,2025-11-24 06:18:51.533835
2866,2866,Google Pay,7840.45,2025-09-01 01:25:41.098665
2867,2867,Apple Pay,13348.78,2025-08-21 01:57:13.610069
2868,2868,Debit Card,9743.26,2026-03-15 23:39:30.540537
2869,2869,Credit Card,3709.53,2026-03-05 04:29:41.171137
2870,2870,Credit Card,5344.11,2026-01-10 09:32:01.942310
2871,2871,Credit Card,7513.8,2026-05-19 22:38:34.325490
2872,2872,Debit Card,12424.48,2026-05-26 21:43:14.625829
2873,2873,Apple Pay,11578.09,2025-12-13 18:30:57.177705
2874,2874,Apple Pay,4913.61,2025-11-20 01:58:53.784119
2875,2875,Apple Pay,6691.93,2025-12-28 04:09:08.197446
2876,2876,Debit Card,11497.18,2025-08-18 21:11:41.226266
2877,2877,Debit Card,12678.33,2026-02-19 11:49:47.070393
2878,2878,Debit Card,8750.4,2025-11-25 10:39:18.912959
2879,2879,Google Pay,1524.1,2026-03-16 20:47:08.272819
2880,2880,Credit Card,7349.87,2025-09-26 09:23:35.430401
2881,2881,Credit Card,12962.59,2026-05-25 15:13:38.417240
2882,2882,Apple Pay,4681.96,2025-12-18 08:32:18.689766
2883,2883,PayPal,7454.3,2025-09-01 12:50:28.568723
2884,2884,Apple Pay,2206.45,2026-06-01 15:14:09.919082
2885,2885,Credit Card,22274.31,2026-03-24 14:40:07.995162
2886,2886,Apple Pay,8802.89,2025-09-24 03:46:49.527503
2887,2887,Apple Pay,1606.53,2025-12-07 05:25:51.591454
2888,2888,Google Pay,6474.88,2025-09-24 02:54:50.438471
2889,2889,Debit Card,999.84,2025-11-24 04:14:35.823089
2890,2890,Google Pay,13051.41,2025-11-08 05:46:58.806826
2891,2891,Credit Card,9108.31,2026-01-16 16:14:12.358966
2892,2892,Apple Pay,8975.06,2026-01-22 17:45:10.629023
2893,2893,Credit Card,5971.45,2026-06-10 13:16:43.348794
2894,2894,Debit Card,1499.76,2026-04-05 05:15:46.858455
2895,2895,Debit Card,3213.06,2026-04-06 19:32:29.315978
2896,2896,Google Pay,15198.89,2026-04-27 02:01:02.849467
2897,2897,PayPal,15607.99,2025-08-02 14:18:20.911484
2898,2898,Apple Pay,3206.9,2026-06-09 13:15:25.240265
2899,2899,Credit Card,463.75,2026-05-27 18:40:46.170091
2900,2900,Credit Card,6933.03,2026-02-07 07:48:28.575927
2901,2901,Google Pay,1614.73,2025-11-16 06:53:22.613215
2902,2902,PayPal,2960.85,2026-02-17 00:57:02.138614
2903,2903,Google Pay,10669.97,2025-12-31 15:07:52.116838
2904,2904,Debit Card,14643.2,2026-07-29 09:14:29.388317
2905,2905,Credit Card,1636.25,2026-02-20 13:49:53.893267
2906,2906,Debit Card,2046.37,2025-10-03 19:13:14.754624
2907,2907,Apple Pay,12146.07,2025-08-22 13:55:20.321176
2908,2908,Google Pay,10430.16,2025-12-09 18:00:54.506158
2909,2909,Debit Card,7716.65,2026-02-13 07:42:43.643067
2910,2910,Credit Card,12259.62,2025-11-29 17:01:20.980585
2911,2911,PayPal,16881.47,2026-04-07 23:13:50.328510
2912,2912,PayPal,15606.33,2026-01-09 18:31:26.442701
2913,2913,Apple Pay,10882.34,2026-03-05 17:41:24.442305
2914,2914,Credit Card,6591.83,2026-03-28 13:15:07.726014
2915,2915,Google Pay,5398.59,2026-02-12 09:43:17.077807
2916,2916,Apple Pay,9360.67,2026-01-21 14:08:41.951596
2917,2917,Credit Card,1391.25,2026-05-17 16:57:08.986187
2918,2918,PayPal,10484.23,2026-03-02 15:13:46.699085
2919,2919,Credit Card,3635.15,2026-04-07 06:53:50.318608
2920,2920,Apple Pay,19588.98,2025-12-08 05:21:43.355209
2921,2921,Debit Card,2135.11,2026-06-21 08:58:33.733884
2922,2922,PayPal,11661.54,2026-05-24 07:01:42.435075
2923,2923,Debit Card,11978.87,2026-06-10 06:17:05.531564
2924,2924,Debit Card,4541.29,2025-10-16 01:41:31.991526
2925,2925,Debit Card,16547.37,2026-05-25 01:25:51.982103
2926,2926,Apple Pay,8206.75,2026-03-22 15:04:16.255135
2927,2927,PayPal,6972.17,2026-07-25 10:12:50.320655
2928,2928,PayPal,5618.13,2026-02-07 20:06:08.465667
2929,2929,Apple Pay,13042.88,2025-12-05 08:10:54.240322
2930,2930,Apple Pay,5877.38,2025-10-13 21:30:21.558384
2931,2931,Debit Card,9137.58,2026-03-09 04:38:13.696551
2932,2932,PayPal,7351.74,2026-06-16 01:27:23.829162
2933,2933,Apple Pay,2566.28,2025-10-10 15:52:14.873868
2934,2934,PayPal,21258.18,2025-09-04 15:06:46.808989
2935,2935,Credit Card,15393.94,2026-04-24 04:32:03.694714
2936,2936,Apple Pay,6878.86,2026-01-14 09:01:44.704231
2937,2937,Credit Card,2644.32,2026-03-07 00:36:09.435164
2938,2938,Credit Card,9147.53,2026-06-26 14:09:34.108891
2939,2939,Debit Card,5681.92,2026-01-16 13:53:28.671597
2940,2940,Google Pay,4661.36,2026-03-30 09:07:58.783203
2941,2941,Credit Card,7359.24,2026-06-02 05:03:03.976403
2942,2942,Debit Card,2153.3,2025-09-16 19:46:52.213547
2943,2943,Debit Card,10070.16,2025-07-30 23:15:41.298090
2944,2944,Apple Pay,14381.46,2026-07-17 01:01:43.731690
2945,2945,Google Pay,13443.48,2025-09-14 01:38:21.234709
2946,2946,Credit Card,6119.64,2025-08-08 01:10:12.926235
2947,2947,Apple Pay,7132.75,2025-11-21 23:13:37.900753
2948,2948,Credit Card,4793.34,2025-08-09 00:55:57.194049
2949,2949,Google Pay,7517.29,2026-07-22 14:29:07.583022
2950,2950,Google Pay,4079.76,2025-10-20 06:32:01.573024
2951,2951,PayPal,11438.79,2026-07-03 07:11:45.755736
2952,2952,Debit Card,8485.21,2026-03-29 04:42:32.893178
2953,2953,Google Pay,1994.94,2026-07-22 21:47:51.882602
2954,2954,Google Pay,13397.89,2026-07-28 14:59:58.546534
2955,2955,Google Pay,2967.49,2026-05-29 21:59:50.232976
2956,2956,Apple Pay,12595.67,2025-09-14 06:57:38.034386
2957,2957,Debit Card,10803.69,2025-09-05 16:55:39.714416
2958,2958,Apple Pay,6672.57,2025-08-25 07:54:49.577980
2959,2959,Google Pay,13546.24,2026-07-15 17:21:05.802888
2960,2960,PayPal,1666.12,2026-02-12 06:24:43.301214
2961,2961,Google Pay,1542.73,2026-02-26 01:00:08.270495
2962,2962,PayPal,1161.88,2025-11-19 03:23:18.708115
2963,2963,Credit Card,11508.15,2026-03-02 16:19:12.911948
2964,2964,Debit Card,9925.35,2026-06-20 06:50:32.800408
2965,2965,Credit Card,6553.5,2025-09-06 05:01:04.176290
2966,2966,Apple Pay,9758.12,2026-06-28 15:06:19.129005
2967,2967,Apple Pay,8855.84,2026-02-10 06:29:41.818800
2968,2968,Google Pay,9172.68,2026-02-16 09:24:31.962566
2969,2969,Google Pay,12550.73,2026-03-18 18:17:45.309893
2970,2970,Apple Pay,986.95,2026-01-13 22:10:16.085677
2971,2971,PayPal,6571.1,2026-02-15 13:21:18.408395
2972,2972,Debit Card,1836.18,2026-04-29 20:12:48.330328
2973,2973,Google Pay,4365.41,2025-12-07 21:30:25.017537
2974,2974,Apple Pay,1614.73,2026-07-20 13:08:40.046000
2975,2975,PayPal,5402.79,2026-02-09 03:21:44.471722
2976,2976,Google Pay,6764.32,2026-05-24 13:43:39.228268
2977,2977,Credit Card,4210.5,2026-02-08 13:04:26.088106
2978,2978,Credit Card,5607.6,2026-07-07 04:22:45.684604
2979,2979,PayPal,17650.68,2025-12-25 02:52:06.434126
2980,2980,Google Pay,5312.38,2025-11-06 23:30:47.581454
2981,2981,PayPal,14474.43,2026-03-12 20:17:04.551196
2982,2982,Credit Card,1677.0,2026-01-25 06:54:51.963970
2983,2983,PayPal,3348.5,2026-02-06 03:01:40.603887
2984,2984,Debit Card,10317.9,2025-08-07 10:32:09.960441
2985,2985,Apple Pay,15897.95,2025-09-18 07:37:23.779434
2986,2986,Debit Card,6119.64,2025-11-20 22:51:13.896869
2987,2987,Debit Card,324.12,2026-06-21 23:37:14.512167
2988,2988,PayPal,2343.66,2025-08-07 21:43:30.646938
2989,2989,Credit Card,972.36,2025-08-09 13:36:59.417856
2990,2990,Google Pay,7626.19,2025-09-18 18:55:42.647452
2991,2991,Apple Pay,8050.42,2026-07-23 16:16:30.053994
2992,2992,Debit Card,8917.83,2026-06-17 12:08:22.819025
2993,2993,Debit Card,13567.27,2025-12-20 18:57:41.724844
2994,2994,PayPal,11123.35,2026-02-15 18:58:48.557062
2995,2995,Apple Pay,3229.46,2026-01-24 07:26:23.399730
2996,2996,Apple Pay,9326.98,2026-01-30 20:50:34.409707
2997,2997,PayPal,813.42,2025-10-23 05:11:34.289762
2998,2998,Apple Pay,8566.2,2026-02-21 01:46:25.511928
2999,2999,Debit Card,9946.02,2025-11-05 16:23:11.987598
3000,3000,PayPal,16301.65,2025-11-29 14:05:46.872164
3001,3001,Credit Card,1014.09,2025-10-22 11:23:18.767078
3002,3002,Apple Pay,10488.88,2026-05-08 02:30:35.111870
3003,3003,Credit Card,1973.9,2026-01-05 20:59:17.737759
3004,3004,Credit Card,11473.27,2025-08-12 06:03:55.084647
3005,3005,PayPal,10439.36,2026-07-11 10:47:56.384322
3006,3006,Apple Pay,2920.76,2025-09-21 08:08:18.046816
3007,3007,PayPal,2933.6,2025-10-12 02:35:03.158207
3008,3008,Credit Card,5612.7,2025-12-09 23:55:30.153349
3009,3009,Debit Card,4027.28,2025-12-06 14:29:34.720645
3010,3010,Google Pay,4407.06,2026-01-10 02:47:13.264166
3011,3011,Credit Card,16445.25,2026-02-02 17:59:03.573003
3012,3012,Google Pay,4593.01,2026-04-13 05:28:53.183322
3013,3013,Apple Pay,4908.75,2026-04-07 14:57:51.724667
3014,3014,Apple Pay,15292.85,2025-08-05 15:09:04.475681
3015,3015,PayPal,7260.12,2025-10-10 19:34:13.816564
3016,3016,Credit Card,555.03,2026-07-15 07:30:33.656673
3017,3017,Apple Pay,3790.17,2025-12-26 18:18:39.868244
3018,3018,PayPal,13056.14,2025-10-05 13:46:06.942415
3019,3019,Google Pay,10503.9,2026-06-25 07:20:54.016429
3020,3020,Apple Pay,2778.2,2026-03-13 18:38:25.815233
3021,3021,Google Pay,6400.99,2026-02-20 16:00:17.527286
3022,3022,PayPal,13927.28,2026-02-07 00:54:25.386051
3023,3023,Debit Card,5670.04,2025-10-22 07:30:49.811479
3024,3024,Google Pay,9991.83,2026-05-11 09:11:56.500250
3025,3025,Apple Pay,5398.59,2026-04-13 11:52:30.040437
3026,3026,Debit Card,3139.24,2025-08-21 23:00:23.403085
3027,3027,Credit Card,20636.8,2026-05-02 10:37:38.674145
3028,3028,Credit Card,10984.56,2025-08-28 20:59:22.551059
3029,3029,Debit Card,365.85,2026-06-23 07:14:08.878766
3030,3030,Credit Card,12586.5,2026-07-02 13:34:24.900539
3031,3031,Credit Card,12191.67,2025-09-12 17:21:28.163160
3032,3032,Apple Pay,5060.97,2026-07-15 00:48:31.337006
3033,3033,Debit Card,1857.2,2025-08-02 15:33:54.743312
3034,3034,PayPal,2175.44,2026-02-12 20:56:17.840171
3035,3035,Apple Pay,17350.94,2026-06-18 01:37:49.390406
3036,3036,Debit Card,11659.18,2026-01-10 16:29:15.210894
3037,3037,Credit Card,4360.88,2026-03-09 20:12:55.603526
3038,3038,PayPal,1499.76,2026-04-18 05:06:23.935920
3039,3039,Credit Card,6880.42,2026-03-20 15:04:31.024514
3040,3040,Credit Card,8459.58,2025-12-13 16:34:37.415838
3041,3041,Credit Card,9215.49,2025-11-24 07:02:54.506242
3042,3042,Apple Pay,3272.5,2025-10-13 00:00:19.733481
3043,3043,PayPal,8541.23,2025-08-01 23:26:06.660786
3044,3044,Debit Card,7103.53,2026-03-26 06:37:47.776752
3045,3045,Google Pay,13270.74,2025-11-15 05:43:32.717701
3046,3046,Google Pay,3213.06,2025-08-06 00:44:01.324173
3047,3047,Debit Card,18031.91,2026-05-06 23:15:13.476768
3048,3048,Apple Pay,8659.28,2026-05-21 14:19:34.150923
3049,3049,Google Pay,1220.13,2026-07-28 22:16:23.307703
3050,3050,PayPal,2967.38,2025-10-14 20:54:48.687573
3051,3051,PayPal,4546.56,2026-06-29 22:59:44.592818
3052,3052,PayPal,6790.14,2026-07-09 23:57:00.226725
3053,3053,PayPal,4461.24,2025-08-27 14:44:15.066781
3054,3054,Google Pay,2011.58,2026-01-06 19:07:36.255736
3055,3055,Debit Card,5442.2,2026-02-27 22:28:19.481316
3056,3056,PayPal,4389.84,2025-10-12 23:05:03.837463
3057,3057,Credit Card,5799.32,2025-12-11 04:56:49.904652
3058,3058,Apple Pay,13190.44,2026-04-24 14:47:00.203139
3059,3059,Apple Pay,5887.83,2025-09-15 04:07:38.332690
3060,3060,PayPal,8174.28,2025-12-19 23:48:39.912136
3061,3061,PayPal,5245.66,2025-10-12 05:06:42.676258
3062,3062,Apple Pay,15718.5,2025-12-30 02:59:02.681990
3063,3063,Apple Pay,4466.0,2026-03-14 02:05:20.469092
3064,3064,PayPal,1666.12,2025-11-22 14:00:38.105865
3065,3065,PayPal,7994.35,2026-07-14 00:38:12.637213
3066,3066,PayPal,7788.59,2025-08-18 21:25:31.035848
3067,3067,Google Pay,243.9,2026-03-05 16:16:36.094554
3068,3068,Apple Pay,1632.57,2026-05-07 00:20:52.144298
3069,3069,Google Pay,15954.48,2026-03-18 15:24:40.804096
3070,3070,PayPal,5801.84,2026-04-10 16:01:27.767606
3071,3071,Apple Pay,18565.03,2026-01-17 21:20:44.959011
3072,3072,PayPal,3203.03,2025-10-31 11:03:48.125360
3073,3073,PayPal,14212.51,2026-03-21 18:29:32.506656
3074,3074,Credit Card,6412.2,2026-03-05 16:24:29.616864
3075,3075,Credit Card,337.15,2026-02-21 20:00:07.163450
3076,3076,Debit Card,3723.98,2026-01-19 06:30:45.317858
3077,3077,PayPal,10618.53,2026-02-11 21:32:12.425010
3078,3078,Credit Card,5681.24,2025-08-15 00:16:59.365820
3079,3079,Credit Card,5474.95,2025-08-11 21:52:56.491826
3080,3080,PayPal,2118.52,2026-05-23 09:16:28.034046
3081,3081,PayPal,7712.3,2025-10-22 19:47:07.819399
3082,3082,Debit Card,6227.5,2025-12-11 04:31:38.955515
3083,3083,Credit Card,10045.08,2025-09-03 02:31:54.896484
3084,3084,Google Pay,10065.39,2026-01-01 03:00:28.947849
3085,3085,PayPal,11754.25,2026-01-05 23:39:44.439998
3086,3086,Debit Card,5286.48,2025-08-01 11:09:39.684046
3087,3087,Apple Pay,6207.85,2025-12-19 14:21:53.446013
3088,3088,Credit Card,8563.24,2026-02-18 08:26:54.460500
3089,3089,Credit Card,6306.09,2025-10-03 07:30:33.238122
3090,3090,PayPal,3289.69,2025-09-28 01:16:57.731339
3091,3091,Debit Card,13472.26,2026-04-30 16:40:41.315388
3092,3092,Google Pay,2070.28,2025-09-06 02:25:48.148875
3093,3093,Debit Card,2887.05,2026-03-04 09:18:01.077584
3094,3094,PayPal,1677.0,2026-07-02 23:16:29.398830
3095,3095,PayPal,17129.04,2026-07-05 05:55:46.720123
3096,3096,Google Pay,15685.26,2026-04-28 23:49:37.737522
3097,3097,Google Pay,17829.36,2026-01-19 19:03:35.037645
3098,3098,Debit Card,8281.21,2026-02-13 17:33:51.561427
3099,3099,Apple Pay,13836.53,2026-02-27 18:33:43.307598
3100,3100,Debit Card,19145.63,2026-05-08 14:53:30.946804
3101,3101,Credit Card,6889.2,2025-10-09 12:23:48.362824
3102,3102,Apple Pay,1389.1,2025-09-15 09:29:14.097751
3103,3103,Credit Card,3890.19,2026-03-29 18:05:30.362801
3104,3104,Debit Card,2974.16,2026-02-03 06:30:04.275415
3105,3105,PayPal,11502.17,2025-12-20 05:01:23.930626
3106,3106,Debit Card,6198.82,2025-11-05 17:01:09.878265
3107,3107,Apple Pay,2118.52,2026-02-23 17:02:09.650988
3108,3108,Apple Pay,18914.31,2026-07-20 04:13:25.148341
3109,3109,Google Pay,4041.91,2026-03-14 13:47:43.032800
3110,3110,Google Pay,6008.73,2026-02-05 05:05:39.803384
3111,3111,Debit Card,12456.32,2026-04-21 13:17:52.796388
3112,3112,Debit Card,14461.43,2026-06-17 23:12:18.060454
3113,3113,Credit Card,4389.84,2025-11-10 17:01:30.798724
3114,3114,PayPal,3177.78,2026-04-16 13:09:49.377285
3115,3115,Apple Pay,17806.01,2026-01-28 18:16:38.638721
3116,3116,Debit Card,8951.58,2025-10-11 15:49:31.955679
3117,3117,Credit Card,10159.15,2025-08-14 08:33:53.123137
3118,3118,PayPal,14566.75,2025-09-25 07:22:56.702390
3119,3119,Debit Card,4413.57,2025-09-06 13:20:55.260089
3120,3120,Google Pay,2875.01,2026-06-20 15:59:28.493506
3121,3121,Apple Pay,180.69,2025-11-21 00:13:32.229645
3122,3122,PayPal,13679.07,2026-03-21 15:14:17.596555
3123,3123,Credit Card,1542.73,2025-08-20 15:08:35.595492
3124,3124,PayPal,10964.74,2025-12-02 13:19:49.851836
3125,3125,Credit Card,4840.7,2026-06-25 07:31:02.019415
3126,3126,Google Pay,5609.08,2025-12-24 05:33:27.732372
3127,3127,PayPal,13870.71,2026-04-28 23:22:37.898962
3128,3128,PayPal,8619.42,2026-07-03 13:11:03.459742
3129,3129,Debit Card,19636.22,2025-09-13 20:47:22.830784
3130,3130,Debit Card,9231.12,2026-07-10 16:39:38.169841
3131,3131,Debit Card,9303.6,2026-01-19 15:17:30.983918
3132,3132,Credit Card,11160.24,2026-07-05 03:56:25.067493
3133,3133,Debit Card,243.9,2025-08-25 21:51:09.267350
3134,3134,PayPal,13021.65,2026-07-22 17:06:36.133571
3135,3135,Credit Card,9636.97,2026-05-19 22:27:24.359779
3136,3136,Google Pay,7385.16,2026-06-28 21:37:07.226657
3137,3137,Apple Pay,7350.29,2026-03-30 09:12:00.233863
3138,3138,PayPal,3523.32,2026-02-03 12:37:22.308245
3139,3139,Credit Card,6733.54,2026-05-07 20:19:16.542064
3140,3140,Google Pay,8542.64,2025-09-01 16:23:46.181438
3141,3141,Apple Pay,120.46,2026-01-07 13:35:52.343117
3142,3142,Apple Pay,10626.69,2025-10-10 12:41:50.018872
3143,3143,Credit Card,648.24,2025-11-11 23:30:38.759659
3144,3144,Debit Card,8047.09,2026-06-26 20:46:19.278744
3145,3145,Apple Pay,7066.26,2025-12-15 02:25:22.371754
3146,3146,Debit Card,7433.08,2026-07-10 11:21:43.228501
3147,3147,Apple Pay,15551.73,2026-02-13 10:31:17.700712
3148,3148,PayPal,14795.51,2026-04-09 20:44:25.381711
3149,3149,PayPal,16164.1,2026-02-06 07:59:30.773862
3150,3150,Debit Card,19958.28,2025-09-14 10:24:16.977115
3151,3151,Debit Card,2477.48,2026-05-08 10:55:02.096282
3152,3152,PayPal,10115.98,2025-12-22 16:38:42.731019
3153,3153,Apple Pay,1692.8,2026-01-07 00:01:21.126918
3154,3154,Credit Card,4079.76,2025-10-08 04:46:05.684461
3155,3155,Credit Card,5867.11,2026-06-18 05:12:59.407843
3156,3156,Debit Card,11435.66,2025-12-05 03:21:07.718544
3157,3157,Google Pay,296.19,2025-12-17 04:07:38.634724
3158,3158,PayPal,7476.48,2026-05-31 04:31:35.206252
3159,3159,Apple Pay,8818.6,2025-11-07 00:57:22.373531
3160,3160,Credit Card,6450.39,2025-08-11 10:19:41.944822
3161,3161,Debit Card,3165.88,2026-07-16 04:48:47.982551
3162,3162,Credit Card,5676.83,2025-09-06 18:42:38.540557
3163,3163,Debit Card,3285.72,2025-12-21 21:45:28.619136
3164,3164,Credit Card,4105.56,2026-02-07 21:07:24.817030
3165,3165,Apple Pay,748.68,2026-07-25 00:48:49.391133
3166,3166,Apple Pay,5623.31,2025-08-25 23:41:58.649698
3167,3167,Credit Card,14677.08,2025-11-16 20:20:30.556652
3168,3168,Credit Card,6943.87,2026-07-12 15:30:40.952760
3169,3169,Credit Card,7336.98,2025-12-12 03:04:59.788291
3170,3170,Debit Card,999.84,2025-08-02 09:20:52.444490
3171,3171,PayPal,7950.53,2026-03-10 02:11:01.791079
3172,3172,Google Pay,12240.48,2025-09-26 11:37:54.854848
3173,3173,Credit Card,243.9,2026-06-10 05:54:20.497381
3174,3174,PayPal,10516.69,2025-10-30 08:21:38.445991
3175,3175,Apple Pay,14362.28,2026-07-06 19:01:39.920710
3176,3176,PayPal,10080.3,2026-06-20 15:39:54.594010
3177,3177,Credit Card,2167.36,2026-06-17 23:45:19.063672
3178,3178,PayPal,4718.31,2026-05-15 00:23:18.035314
3179,3179,Debit Card,6167.93,2025-09-09 04:58:03.898763
3180,3180,Debit Card,13549.98,2025-09-04 18:43:23.063713
3181,3181,Google Pay,14626.3,2026-02-04 06:54:09.977263
3182,3182,PayPal,6861.89,2025-08-05 11:52:10.337261
3183,3183,Credit Card,6745.72,2025-10-09 07:03:12.884187
3184,3184,PayPal,16184.96,2026-06-02 04:57:15.190717
3185,3185,PayPal,9765.0,2026-06-28 14:37:00.480896
3186,3186,Apple Pay,892.14,2025-09-07 04:47:40.002654
3187,3187,Google Pay,9522.68,2026-07-09 03:02:03.394586
3188,3188,Credit Card,4433.35,2025-08-27 01:45:11.787538
3189,3189,Debit Card,3229.46,2026-04-19 06:47:31.500694
3190,3190,PayPal,3354.0,2025-12-10 18:38:26.308883
3191,3191,PayPal,7357.01,2026-06-23 14:16:07.913695
3192,3192,PayPal,8514.9,2025-07-31 23:13:04.952585
3193,3193,Credit Card,10523.67,2025-10-21 10:22:28.698012
3194,3194,Google Pay,999.84,2026-07-13 01:58:19.963238
3195,3195,PayPal,5817.63,2026-06-12 09:44:15.361121
3196,3196,Debit Card,1666.12,2026-07-12 05:15:30.094526
3197,3197,Debit Card,7285.54,2025-08-21 05:45:25.317061
3198,3198,Apple Pay,9229.65,2026-02-03 20:49:52.547183
3199,3199,PayPal,6973.79,2025-11-17 20:53:18.346903
3200,3200,PayPal,8306.41,2025-08-04 07:04:05.415672
3201,3201,Credit Card,9828.3,2026-06-03 03:29:59.905429
3202,3202,Debit Card,7016.77,2026-05-08 11:46:38.608767
3203,3203,Debit Card,14585.82,2025-09-04 13:02:00.209131
3204,3204,Debit Card,9662.2,2025-08-25 04:56:12.681668
3205,3205,Apple Pay,12075.87,2026-07-13 19:01:02.909213
3206,3206,Debit Card,6593.59,2025-10-12 20:34:09.023250
3207,3207,Apple Pay,16207.9,2025-10-26 22:44:16.138859
3208,3208,Debit Card,5251.41,2025-12-09 12:58:37.153510
3209,3209,Google Pay,1575.47,2025-11-01 14:21:27.536700
3210,3210,Apple Pay,2423.3,2026-01-08 21:08:33.951277
3211,3211,PayPal,5564.59,2026-01-21 21:29:17.386396
3212,3212,Google Pay,12001.66,2026-06-12 19:44:45.715306
3213,3213,Debit Card,5002.82,2025-11-07 23:22:36.994460
3214,3214,Google Pay,11031.61,2025-11-22 11:52:20.498704
3215,3215,Credit Card,8455.45,2026-03-02 18:57:58.386947
3216,3216,Credit Card,7674.35,2026-05-24 00:43:03.274263
3217,3217,Debit Card,6452.88,2025-09-18 20:00:36.306720
3218,3218,PayPal,4027.28,2025-12-15 17:54:25.998000
3219,3219,Debit Card,14998.94,2025-08-22 01:18:36.623860
3220,3220,PayPal,5106.44,2025-10-13 17:02:49.836976
3221,3221,Credit Card,5812.34,2026-03-25 13:39:00.144829
3222,3222,PayPal,4133.88,2025-09-13 18:01:52.072272
3223,3223,Google Pay,9929.24,2026-02-12 08:33:58.727366
3224,3224,Debit Card,6247.59,2025-10-09 15:03:42.378861
3225,3225,PayPal,6016.36,2026-03-18 20:20:55.659036
3226,3226,PayPal,8306.47,2026-06-29 23:04:17.460443
3227,3227,Debit Card,10426.3,2026-03-01 19:39:38.794339
3228,3228,Credit Card,6112.5,2026-01-30 23:50:48.398993
3229,3229,Credit Card,2926.56,2025-10-29 21:57:10.297728
3230,3230,Apple Pay,12668.49,2026-01-11 16:38:17.417298
3231,3231,PayPal,11320.48,2026-05-10 02:44:43.873861
3232,3232,PayPal,1857.2,2025-11-06 09:24:42.809243
3233,3233,PayPal,1558.3,2025-09-28 13:59:04.772237
3234,3234,PayPal,3915.88,2026-01-03 11:36:24.966171
3235,3235,Apple Pay,13639.21,2025-08-13 16:25:09.298671
3236,3236,Google Pay,19721.86,2026-07-02 12:05:57.437021
3237,3237,Debit Card,17766.4,2026-01-07 11:35:13.547465
3238,3238,Debit Card,13238.83,2025-07-30 17:05:17.883534
3239,3239,Credit Card,4943.26,2025-11-08 18:30:01.873553
3240,3240,Apple Pay,13244.27,2025-11-13 00:28:18.388301
3241,3241,PayPal,12705.15,2026-02-21 18:36:30.217928
3242,3242,Apple Pay,6609.09,2025-12-01 07:45:28.574946
3243,3243,Debit Card,5585.97,2026-07-13 23:54:50.278280
3244,3244,Google Pay,1632.57,2026-06-13 10:14:28.586967
3245,3245,Debit Card,6571.1,2025-11-10 10:15:53.624591
3246,3246,Apple Pay,9542.78,2026-05-28 18:10:55.335105
3247,3247,PayPal,10820.83,2025-08-09 04:04:25.105479
3248,3248,Credit Card,1542.73,2026-06-08 00:01:32.062621
3249,3249,Credit Card,6567.59,2026-01-19 20:23:10.481638
3250,3250,Debit Card,5558.9,2026-07-01 07:04:18.644966
3251,3251,Credit Card,6496.65,2026-04-11 06:30:30.544085
3252,3252,Credit Card,1799.53,2025-12-05 02:27:26.508852
3253,3253,Debit Card,4908.75,2026-04-05 15:01:48.052314
3254,3254,Google Pay,4442.28,2026-04-30 14:04:32.889943
3255,3255,Credit Card,337.15,2025-11-17 18:24:46.343369
3256,3256,Google Pay,1602.9,2025-10-18 15:26:03.037941
3257,3257,Google Pay,604.42,2026-04-10 09:17:01.791979
3258,3258,Credit Card,17520.2,2026-06-14 09:36:14.962318
3259,3259,PayPal,14021.9,2025-11-13 23:42:12.151712
3260,3260,Credit Card,60.23,2026-03-02 00:27:42.184559
3261,3261,Credit Card,13349.85,2026-01-31 08:00:47.195503
3262,3262,PayPal,10550.03,2025-10-18 16:52:35.895070
3263,3263,Credit Card,16616.5,2025-11-06 14:12:59.031752
3264,3264,PayPal,4796.89,2025-11-08 10:39:27.711216
3265,3265,PayPal,2268.7,2026-02-10 08:53:06.948705
3266,3266,PayPal,17525.69,2026-03-01 00:20:39.030485
3267,3267,Apple Pay,9611.16,2026-03-01 11:44:40.268085
3268,3268,Apple Pay,12785.49,2025-11-26 06:17:16.821171
3269,3269,Credit Card,6470.81,2026-01-16 15:29:10.504313
3270,3270,PayPal,5272.99,2026-01-01 15:24:51.731589
3271,3271,Credit Card,5031.0,2026-06-24 13:53:50.996082
3272,3272,Apple Pay,10547.07,2026-03-02 12:07:25.995313
3273,3273,Google Pay,5709.9,2025-10-14 11:23:47.589198
3274,3274,Credit Card,7845.47,2026-07-03 09:06:37.402368
3275,3275,PayPal,4844.19,2026-05-12 10:29:10.315545
3276,3276,Credit Card,2406.61,2026-02-13 03:34:32.087879
3277,3277,Google Pay,60.23,2025-08-28 07:04:48.346856
3278,3278,Debit Card,12520.3,2026-05-16 08:43:21.978534
3279,3279,Google Pay,2024.02,2026-03-30 05:14:33.563871
3280,3280,Google Pay,3177.78,2025-08-05 07:28:04.459557
3281,3281,PayPal,121.95,2025-12-19 10:34:01.964990
3282,3282,Debit Card,6119.64,2025-10-22 05:15:19.425101
3283,3283,PayPal,5001.35,2026-01-16 20:41:27.899136
3284,3284,Google Pay,14480.32,2026-01-05 10:35:54.909018
3285,3285,Debit Card,5350.72,2025-10-03 02:16:44.833292
3286,3286,Credit Card,13511.12,2025-11-23 03:46:06.176761
3287,3287,PayPal,18783.24,2026-07-18 21:24:17.533581
3288,3288,Apple Pay,5076.84,2025-12-10 11:08:44.189759
3289,3289,Apple Pay,1830.89,2026-04-29 09:48:15.454742
3290,3290,Credit Card,15889.82,2026-02-24 00:50:42.209870
3291,3291,Credit Card,1187.76,2026-03-11 11:42:32.478436
3292,3292,Debit Card,12282.72,2026-07-25 17:59:49.475592
3293,3293,Debit Card,13876.75,2026-03-06 12:12:47.703378
3294,3294,Debit Card,12880.17,2026-02-18 19:06:48.858384
3295,3295,Credit Card,5589.02,2026-03-02 12:44:43.345041
3296,3296,Google Pay,7975.24,2026-05-02 17:25:10.749784
3297,3297,Apple Pay,4478.22,2025-08-04 18:20:55.510767
3298,3298,PayPal,12164.44,2025-11-15 10:05:29.561096
3299,3299,Apple Pay,5137.08,2025-09-09 23:36:57.722355
3300,3300,Credit Card,374.34,2026-05-13 07:27:34.526884
3301,3301,Apple Pay,4537.15,2025-10-28 16:30:18.584186
3302,3302,Apple Pay,4020.17,2026-02-16 08:27:07.255441
3303,3303,Credit Card,10500.25,2025-09-21 18:26:47.506701
3304,3304,Google Pay,5240.9,2026-04-20 15:43:36.745555
3305,3305,Google Pay,8518.1,2026-05-31 14:08:18.996239
3306,3306,PayPal,13190.87,2025-09-17 13:24:09.753597
3307,3307,Credit Card,3844.44,2025-11-10 22:04:51.663481
3308,3308,PayPal,999.84,2025-11-24 01:33:41.810667
3309,3309,Apple Pay,8366.27,2026-05-15 18:23:08.654495
3310,3310,PayPal,12605.52,2025-09-25 14:52:48.267890
3311,3311,PayPal,9625.92,2026-05-04 21:21:07.865350
3312,3312,Apple Pay,9295.84,2025-12-06 05:58:23.460622
3313,3313,Debit Card,6503.73,2026-07-03 14:35:57.924428
3314,3314,Debit Card,17783.41,2026-04-21 10:42:09.944172
3315,3315,Debit Card,15439.82,2026-04-22 12:39:06.768663
3316,3316,Apple Pay,10666.83,2026-06-07 10:38:48.550320
3317,3317,Credit Card,8213.38,2025-11-02 18:40:24.012745
3318,3318,Debit Card,11846.54,2025-11-23 19:17:26.272503
3319,3319,PayPal,6571.74,2026-06-27 00:36:46.214350
3320,3320,Google Pay,4353.08,2026-01-01 23:13:52.115383
3321,3321,Credit Card,6624.64,2025-12-24 19:08:22.108492
3322,3322,Google Pay,9398.8,2025-11-04 21:54:07.994032
3323,3323,Credit Card,13786.86,2025-11-18 13:14:23.597094
3324,3324,Debit Card,10478.02,2026-03-20 18:33:47.879694
3325,3325,Debit Card,5059.05,2025-08-15 14:14:58.494346
3326,3326,Credit Card,11264.14,2026-05-30 21:47:05.166513
3327,3327,Debit Card,7287.27,2026-05-05 06:49:22.985705
3328,3328,Debit Card,11573.11,2025-10-05 15:22:14.490416
3329,3329,Credit Card,3272.5,2026-03-11 03:01:08.351444
3330,3330,Credit Card,10677.81,2026-04-28 05:03:40.248151
3331,3331,PayPal,7696.96,2025-12-29 23:03:13.811122
3332,3332,Credit Card,3485.64,2026-04-20 02:51:22.328871
3333,3333,Credit Card,1807.94,2025-09-25 22:10:49.647509
3334,3334,Debit Card,11653.25,2026-04-12 06:42:10.884080
3335,3335,Debit Card,7154.56,2026-06-10 01:36:22.504820
3336,3336,Debit Card,9264.66,2025-12-25 23:20:49.015893
3337,3337,Apple Pay,16712.54,2025-11-06 11:44:10.672171
3338,3338,Google Pay,8957.55,2026-07-10 16:00:14.016673
3339,3339,PayPal,9564.47,2025-12-03 19:20:35.580664
3340,3340,Credit Card,1463.28,2026-05-03 02:12:30.791813
3341,3341,Debit Card,8918.0,2026-04-25 04:46:31.896825
3342,3342,PayPal,1050.53,2026-05-29 18:59:52.875001
3343,3343,Google Pay,2778.2,2026-07-21 12:44:35.362865
3344,3344,Google Pay,15980.71,2026-01-03 10:51:25.793271
3345,3345,PayPal,2607.4,2026-01-29 22:53:55.372641
3346,3346,Google Pay,4092.74,2026-05-20 06:51:46.876849
3347,3347,PayPal,7788.63,2026-07-25 09:34:26.724876
3348,3348,PayPal,2785.8,2025-12-08 03:58:25.886586
3349,3349,Google Pay,11353.64,2026-02-25 01:08:27.044494
3350,3350,Google Pay,11813.33,2026-03-19 03:08:20.127282
3351,3351,Apple Pay,14274.24,2026-03-02 14:18:45.022064
3352,3352,Google Pay,2499.18,2026-01-23 19:04:53.480752
3353,3353,Google Pay,9517.54,2025-08-21 23:50:50.903728
3354,3354,Google Pay,5313.43,2026-03-15 12:05:09.124560
3355,3355,PayPal,5525.28,2026-03-05 16:24:48.315108
3356,3356,Debit Card,9333.2,2025-12-27 19:53:31.077687
3357,3357,Apple Pay,6699.0,2026-03-23 12:14:34.700413
3358,3358,Google Pay,10997.91,2025-12-03 20:06:05.050910
3359,3359,PayPal,11925.12,2026-07-01 10:24:35.432400
3360,3360,Credit Card,7497.25,2026-04-16 21:35:04.396628
3361,3361,Debit Card,1011.45,2026-06-25 19:55:43.299560
3362,3362,Credit Card,8109.73,2025-08-01 18:48:30.466436
3363,3363,Apple Pay,5332.62,2026-04-14 07:02:28.073857
3364,3364,Apple Pay,13017.56,2026-06-28 15:08:45.959020
3365,3365,Google Pay,7246.04,2026-02-01 17:44:33.566516
3366,3366,Credit Card,14339.96,2026-06-22 17:02:52.391888
3367,3367,Credit Card,10283.61,2026-06-23 09:01:43.127609
3368,3368,Google Pay,9843.55,2026-06-24 20:30:10.575207
3369,3369,Apple Pay,16773.3,2025-08-09 03:20:11.756299
3370,3370,Apple Pay,12276.75,2025-12-19 02:33:50.338856
3371,3371,Google Pay,16649.11,2025-10-03 13:56:24.213551
3372,3372,Debit Card,12694.31,2026-02-25 15:30:02.616132
3373,3373,Debit Card,3177.78,2026-07-29 22:24:55.398421
3374,3374,PayPal,6260.76,2026-05-18 19:00:36.939311
3375,3375,Credit Card,3386.4,2026-03-04 05:24:44.667264
3376,3376,Credit Card,13792.95,2025-11-19 18:26:51.573237
3377,3377,Debit Card,4687.32,2026-05-12 00:20:04.048990
3378,3378,Credit Card,5576.98,2026-05-11 11:37:12.634156
3379,3379,Google Pay,8863.52,2026-01-02 07:54:53.915049
3380,3380,Credit Card,2785.8,2025-08-18 04:14:52.652889
3381,3381,Google Pay,14488.42,2025-12-06 08:10:16.812710
3382,3382,Apple Pay,6013.84,2026-02-13 09:50:19.476444
3383,3383,PayPal,6526.32,2026-04-03 17:46:14.021932
3384,3384,Credit Card,1524.1,2026-05-23 22:19:15.340729
3385,3385,Debit Card,3354.0,2026-06-05 07:31:59.658008
3386,3386,Apple Pay,2039.88,2025-08-01 10:14:57.691587
3387,3387,Credit Card,11441.9,2025-10-01 18:18:25.561089
3388,3388,Credit Card,7633.51,2025-11-02 08:30:31.932661
3389,3389,Debit Card,3643.36,2025-12-18 14:20:25.334306
3390,3390,Apple Pay,7827.92,2025-10-16 20:19:31.353391
3391,3391,Google Pay,3263.22,2026-06-14 23:27:20.726587
3392,3392,Debit Card,1011.45,2026-01-31 01:37:42.183845
3393,3393,Google Pay,14842.7,2026-05-08 05:36:14.566022
3394,3394,Apple Pay,22910.1,2026-06-27 08:42:45.686654
3395,3395,Debit Card,3354.0,2026-07-13 17:55:00.918238
3396,3396,PayPal,9415.28,2026-05-21 03:43:06.891176
3397,3397,Apple Pay,10687.01,2025-12-07 23:36:09.938249
3398,3398,Debit Card,12344.81,2025-09-29 09:27:02.128983
3399,3399,Debit Card,12970.01,2025-11-28 04:38:16.763046
3400,3400,Credit Card,4628.19,2026-07-07 10:22:23.796565
3401,3401,PayPal,9133.1,2025-12-08 23:33:19.250283
3402,3402,Apple Pay,8377.34,2026-01-31 02:30:55.196298
3403,3403,Debit Card,180.69,2025-09-01 02:33:08.980647
3404,3404,Apple Pay,8774.71,2025-09-10 05:50:36.549973
3405,3405,Debit Card,4628.19,2026-06-09 04:42:24.220712
3406,3406,Apple Pay,4602.16,2025-09-06 00:09:07.596650
3407,3407,Google Pay,4087.36,2026-05-20 03:16:15.405287
3408,3408,Credit Card,4027.28,2025-12-27 17:42:50.155638
3409,3409,Google Pay,3332.73,2025-11-29 02:22:03.163021
3410,3410,Debit Card,748.68,2025-12-08 20:56:25.561443
3411,3411,Apple Pay,11911.8,2025-11-18 22:43:27.939579
3412,3412,Debit Card,4226.94,2026-04-20 22:04:58.130847
3413,3413,PayPal,14538.14,2025-08-15 07:08:32.452477
3414,3414,Google Pay,9995.99,2026-05-17 22:06:43.859305
3415,3415,Google Pay,8872.68,2026-03-13 21:34:16.345344
3416,3416,Credit Card,1499.76,2025-09-18 22:34:51.511081
3417,3417,Credit Card,3750.02,2026-02-02 23:15:45.990534
3418,3418,Apple Pay,10635.44,2026-07-12 02:11:11.017572
3419,3419,Google Pay,3085.46,2025-08-24 17:13:49.390528
3420,3420,Apple Pay,7019.3,2026-02-26 02:26:28.799921
3421,3421,Apple Pay,9285.55,2026-01-17 21:16:05.861698
3422,3422,PayPal,374.34,2026-02-06 13:26:21.437641
3423,3423,Debit Card,3430.44,2026-06-08 00:36:35.192403
3424,3424,Google Pay,7713.42,2026-04-01 04:18:36.655187
3425,3425,PayPal,13105.09,2026-02-10 18:00:34.547359
3426,3426,Google Pay,5809.4,2026-03-19 20:29:19.002101
3427,3427,Debit Card,18420.3,2025-11-02 01:05:22.518322
3428,3428,Debit Card,5693.32,2025-11-16 08:23:41.445833
3429,3429,Google Pay,10866.3,2026-07-20 02:00:47.037853
3430,3430,Apple Pay,18001.25,2026-03-13 16:00:39.754286
3431,3431,Google Pay,4977.9,2026-03-27 15:28:28.828422
3432,3432,PayPal,7364.0,2025-08-07 08:21:18.883715
3433,3433,Apple Pay,1800.43,2026-06-07 10:31:12.114901
3434,3434,Credit Card,7030.98,2026-06-09 21:56:31.626436
3435,3435,Google Pay,5767.85,2026-06-27 07:31:21.979417
3436,3436,Credit Card,9011.9,2026-06-26 13:19:01.334652
3437,3437,PayPal,10684.87,2026-05-26 09:13:58.474915
3438,3438,Apple Pay,6941.76,2026-06-20 01:17:15.368180
3439,3439,PayPal,18187.16,2025-12-11 11:53:26.952020
3440,3440,Apple Pay,1487.08,2026-05-23 18:47:31.920750
3441,3441,Credit Card,12032.46,2026-05-25 14:44:00.910473
3442,3442,Google Pay,1606.53,2025-11-08 15:08:38.531567
3443,3443,Credit Card,5400.62,2026-02-20 09:54:55.875888
3444,3444,Apple Pay,10601.26,2026-07-01 07:25:07.539930
3445,3445,Google Pay,2969.72,2026-07-02 23:32:14.704981
3446,3446,Google Pay,15149.5,2026-07-05 22:05:52.230857
3447,3447,PayPal,7465.52,2025-08-13 04:25:32.909083
3448,3448,Apple Pay,7142.41,2025-12-19 12:24:08.050583
3449,3449,Debit Card,5079.93,2026-03-19 10:47:35.886427
3450,3450,Credit Card,13990.86,2026-02-16 12:37:45.688799
3451,3451,Apple Pay,13430.87,2026-04-02 05:40:51.691561
3452,3452,Google Pay,21075.33,2026-03-02 11:48:47.617834
3453,3453,Credit Card,5779.68,2026-05-12 21:14:06.224176
3454,3454,PayPal,8594.82,2025-08-28 06:25:36.420716
3455,3455,Google Pay,6282.31,2025-10-22 16:10:46.600028
3456,3456,Apple Pay,986.95,2025-08-06 05:40:30.529790
3457,3457,Debit Card,4792.51,2026-04-11 06:30:13.819051
3458,3458,Apple Pay,5584.26,2025-12-02 13:04:41.088584
3459,3459,PayPal,1499.76,2025-11-26 10:11:30.618769
3460,3460,Debit Card,8331.87,2026-07-29 23:25:08.434001
3461,3461,Credit Card,13155.79,2026-02-07 09:27:33.454638
3462,3462,PayPal,16092.45,2025-11-13 14:03:19.137425
3463,3463,Credit Card,6742.72,2026-01-03 13:30:14.198235
3464,3464,Apple Pay,9227.09,2026-01-26 03:58:47.070918
3465,3465,Debit Card,6699.0,2026-02-27 09:13:13.871323
3466,3466,Debit Card,2233.0,2026-03-20 15:23:17.559990
3467,3467,Debit Card,22528.78,2026-06-25 15:36:24.904592
3468,3468,Apple Pay,17778.2,2025-12-04 14:06:54.810365
3469,3469,Debit Card,5276.25,2025-10-14 07:57:28.392988
3470,3470,PayPal,2905.89,2025-09-02 00:03:38.749787
3471,3471,Debit Card,7805.97,2026-05-16 08:14:00.594187
3472,3472,PayPal,7269.9,2026-01-12 08:39:36.980187
3473,3473,PayPal,4209.45,2025-12-27 13:17:21.296125
3474,3474,Credit Card,9491.08,2026-05-09 07:51:55.503515
3475,3475,Debit Card,15259.8,2026-04-18 14:55:42.028085
3476,3476,Apple Pay,4159.94,2025-11-06 09:46:08.638347
3477,3477,Debit Card,4908.75,2026-04-26 05:44:23.983039
3478,3478,Debit Card,10252.62,2026-03-09 15:26:17.176536
3479,3479,Apple Pay,8908.03,2026-03-12 20:47:31.389321
3480,3480,Debit Card,2807.0,2025-11-29 05:50:35.631989
3481,3481,Google Pay,7930.93,2025-12-25 03:04:03.740943
3482,3482,Credit Card,5389.68,2026-02-08 18:19:16.271404
3483,3483,PayPal,16088.54,2026-06-27 04:00:25.650189
3484,3484,PayPal,4908.75,2025-12-27 07:22:51.282608
3485,3485,Google Pay,2665.75,2025-10-12 17:09:55.026449
3486,3486,Apple Pay,12573.81,2026-04-27 22:37:03.068744
3487,3487,Google Pay,2531.5,2025-11-14 12:22:58.939267
3488,3488,Apple Pay,840.38,2026-02-01 06:05:25.058821
3489,3489,Apple Pay,4190.46,2026-02-28 11:51:11.777804
3490,3490,Debit Card,5492.67,2026-01-09 19:05:07.085988
3491,3491,Debit Card,12867.81,2025-12-04 09:50:01.002838
3492,3492,Credit Card,5667.48,2026-07-23 13:54:19.667149
3493,3493,PayPal,4297.22,2026-04-03 08:36:18.780716
3494,3494,Credit Card,5031.0,2026-04-07 03:47:55.541838
3495,3495,Apple Pay,19482.35,2026-02-07 16:46:24.520265
3496,3496,Google Pay,8388.31,2026-04-18 14:18:58.284124
3497,3497,Google Pay,6560.1,2026-05-05 12:36:39.121113
3498,3498,PayPal,972.36,2026-01-16 01:35:26.797707
3499,3499,Google Pay,2569.96,2026-06-01 19:41:19.439786
3500,3500,PayPal,15033.02,2026-05-05 13:47:41.627301
3501,3501,Credit Card,9856.08,2026-06-10 09:24:55.266548
3502,3502,Credit Card,8173.56,2026-07-17 22:25:06.944832
3503,3503,Credit Card,1795.42,2025-10-21 18:18:25.364323
3504,3504,Debit Card,4389.84,2025-11-03 11:25:28.520950
3505,3505,Debit Card,13979.81,2026-01-23 12:59:04.018936
3506,3506,Credit Card,13049.11,2026-01-28 09:27:40.919373
3507,3507,PayPal,2039.88,2025-10-22 21:33:03.665873
3508,3508,PayPal,4656.47,2026-01-19 10:52:41.155522
3509,3509,PayPal,2039.88,2026-05-03 16:10:15.477823
3510,3510,Google Pay,2464.12,2026-05-11 07:51:26.053340
3511,3511,Apple Pay,20670.71,2026-03-31 05:55:09.637974
3512,3512,Google Pay,9550.17,2026-06-06 21:59:53.482330
3513,3513,Credit Card,4100.3,2026-07-13 08:41:33.620033
3514,3514,Credit Card,12960.82,2025-12-14 22:12:48.457658
3515,3515,Debit Card,7222.22,2025-11-16 19:13:13.746896
3516,3516,Debit Card,16039.49,2026-04-13 05:46:58.494855
3517,3517,Apple Pay,5204.51,2025-10-03 20:15:37.152957
3518,3518,Credit Card,7252.73,2026-03-23 05:21:30.398910
3519,3519,PayPal,10727.98,2025-12-22 19:39:09.375610
3520,3520,Apple Pay,9743.38,2026-05-09 22:46:41.388819
3521,3521,Debit Card,986.95,2026-06-13 02:22:11.672380
3522,3522,Apple Pay,13911.53,2025-09-24 20:36:47.306128
3523,3523,Apple Pay,9522.68,2026-07-03 04:34:18.575758
3524,3524,Debit Card,9616.45,2026-07-25 20:46:23.132592
3525,3525,Debit Card,4413.23,2026-01-31 13:04:28.364595
3526,3526,Debit Card,4792.51,2025-10-14 01:40:20.194158
3527,3527,PayPal,5310.4,2025-11-01 22:02:52.547412
3528,3528,Apple Pay,13429.46,2025-08-02 13:09:07.067217
3529,3529,PayPal,9743.33,2026-06-15 04:23:24.573516
3530,3530,Credit Card,9838.78,2025-11-04 21:12:01.226580
3531,3531,PayPal,121.95,2026-03-21 03:08:21.069389
3532,3532,Apple Pay,6051.67,2025-08-25 17:23:42.880676
3533,3533,Credit Card,6119.64,2026-02-16 11:23:50.832207
3534,3534,PayPal,9484.8,2026-05-02 16:37:51.013309
3535,3535,Google Pay,16732.92,2025-11-22 14:56:02.030927
3536,3536,Google Pay,12096.76,2026-04-03 15:41:55.992535
3537,3537,Debit Card,19090.99,2025-11-22 14:14:07.445755
3538,3538,Debit Card,14513.95,2025-11-10 18:34:36.282657
3539,3539,Apple Pay,8084.44,2026-07-21 08:03:47.304524
3540,3540,PayPal,4819.59,2025-11-15 04:26:42.404776
3541,3541,Credit Card,4389.84,2025-08-21 17:56:33.590211
3542,3542,Google Pay,16151.37,2025-08-31 01:01:58.387412
3543,3543,Debit Card,3585.0,2026-07-22 13:28:40.207642
3544,3544,Apple Pay,14550.57,2026-01-15 09:36:33.850227
3545,3545,Credit Card,10077.95,2025-10-08 06:32:44.462430
3546,3546,Apple Pay,14856.9,2025-12-14 16:49:40.135246
3547,3547,Apple Pay,6434.93,2025-12-28 09:51:25.806187
3548,3548,Apple Pay,6835.15,2025-12-04 03:55:16.725081
3549,3549,Google Pay,9913.88,2025-12-03 11:43:50.835396
3550,3550,Google Pay,15639.57,2026-07-01 12:12:53.573304
3551,3551,Credit Card,12095.74,2025-12-12 05:17:27.908474
3552,3552,Debit Card,11043.12,2025-09-11 00:48:42.816748
3553,3553,Debit Card,1059.26,2025-08-03 11:40:21.516215
3554,3554,PayPal,4270.16,2026-01-06 13:26:31.209664
3555,3555,Credit Card,7406.59,2026-02-27 14:46:18.066934
3556,3556,Apple Pay,12440.75,2026-03-07 18:33:24.467816
3557,3557,Debit Card,14040.23,2026-01-18 11:56:24.553962
3558,3558,Google Pay,1815.21,2025-11-29 19:25:27.336779
3559,3559,Google Pay,999.84,2025-08-25 01:59:55.222948
3560,3560,Debit Card,17594.64,2026-03-06 03:01:36.798723
3561,3561,PayPal,4298.71,2026-04-23 17:06:58.623359
3562,3562,Google Pay,7453.32,2025-10-04 21:39:25.458183
3563,3563,Credit Card,9605.5,2026-07-14 08:53:31.887060
3564,3564,Debit Card,8202.84,2025-11-12 14:31:47.008539
3565,3565,Google Pay,14841.77,2026-05-26 13:58:46.966137
3566,3566,PayPal,6790.14,2025-09-27 14:42:41.319649
3567,3567,Debit Card,7114.57,2025-11-03 03:45:49.827332
3568,3568,Google Pay,7945.74,2026-04-06 13:47:26.620448
3569,3569,Apple Pay,14274.45,2026-01-31 14:51:18.952245
3570,3570,Apple Pay,592.38,2026-06-17 18:14:45.138746
3571,3571,Google Pay,15103.85,2025-08-14 18:28:11.905432
3572,3572,Apple Pay,5519.05,2026-03-12 13:04:15.076505
3573,3573,Debit Card,365.85,2026-07-05 04:32:32.485460
3574,3574,Apple Pay,4819.59,2026-03-26 22:06:14.491887
3575,3575,Google Pay,9643.3,2026-05-02 17:02:47.890161
3576,3576,Debit Card,7864.67,2025-11-23 07:58:18.375613
3577,3577,Debit Card,4177.38,2025-12-21 07:32:51.019297
3578,3578,Apple Pay,9123.04,2025-11-04 01:38:08.062446
3579,3579,Debit Card,1857.2,2025-10-30 17:28:27.355961
3580,3580,Google Pay,4801.7,2026-01-20 03:28:55.834379
3581,3581,Credit Card,10556.22,2026-03-24 05:31:02.550770
3582,3582,Credit Card,1011.45,2025-12-06 13:17:28.945887
3583,3583,Google Pay,11287.19,2025-10-31 10:21:37.278170
3584,3584,Debit Card,5789.93,2026-06-01 14:42:13.213897
3585,3585,Debit Card,5700.0,2026-05-05 08:34:24.103423
3586,3586,Debit Card,8759.42,2025-11-25 02:53:54.777188
3587,3587,PayPal,2190.58,2026-01-04 05:05:20.951889
3588,3588,PayPal,7665.57,2025-12-16 04:07:47.224193
3589,3589,Google Pay,14860.36,2026-03-03 00:29:26.431400
3590,3590,Credit Card,7809.56,2026-03-02 18:59:17.307895
3591,3591,Google Pay,6785.66,2026-02-09 07:16:39.878390
3592,3592,Google Pay,13542.29,2026-07-16 23:35:36.217337
3593,3593,Debit Card,3182.91,2025-12-09 19:17:58.377994
3594,3594,Google Pay,1322.54,2026-07-02 12:14:49.621509
3595,3595,Apple Pay,7822.88,2026-07-12 10:15:49.289918
3596,3596,PayPal,14365.33,2025-08-29 22:30:18.565249
3597,3597,Credit Card,3973.4,2026-04-30 02:51:00.075020
3598,3598,Google Pay,19235.41,2026-03-08 19:50:42.399393
3599,3599,PayPal,11124.81,2025-11-11 23:19:39.224898
3600,3600,PayPal,20678.05,2025-10-19 22:07:43.645849
3601,3601,PayPal,16739.16,2026-06-20 10:37:23.633026
3602,3602,PayPal,7043.83,2025-08-26 20:57:55.925347
3603,3603,Apple Pay,2006.1,2026-02-11 13:27:30.148459
3604,3604,Apple Pay,2013.64,2025-11-18 21:36:18.269928
3605,3605,PayPal,5585.97,2025-10-11 06:41:30.606103
3606,3606,Apple Pay,5404.52,2026-02-02 19:56:48.924565
3607,3607,Google Pay,7724.99,2025-08-20 21:26:44.751191
3608,3608,Apple Pay,7990.09,2026-02-08 09:08:43.802929
3609,3609,PayPal,12711.25,2026-02-21 04:40:07.842093
3610,3610,PayPal,4889.76,2026-03-30 22:35:21.839533
3611,3611,Apple Pay,10630.98,2026-07-25 02:00:16.803761
3612,3612,Apple Pay,12558.92,2026-03-03 10:13:48.011609
3613,3613,Debit Card,7098.54,2026-02-18 00:34:18.316075
3614,3614,PayPal,3599.06,2025-08-03 21:27:11.017201
3615,3615,Credit Card,4092.74,2026-05-01 05:06:12.488054
3616,3616,Apple Pay,7417.66,2026-01-28 11:00:50.028816
3617,3617,PayPal,11213.67,2026-02-06 18:30:37.523668
3618,3618,Debit Card,2778.2,2026-06-08 05:04:15.257851
3619,3619,Apple Pay,10984.33,2026-06-26 13:18:01.329458
3620,3620,Google Pay,6584.89,2026-01-08 23:37:57.509093
3621,3621,Apple Pay,9362.3,2025-10-11 21:28:21.735868
3622,3622,PayPal,8024.32,2025-09-14 16:48:28.699177
3623,3623,Credit Card,7192.53,2026-03-08 21:20:33.297661
3624,3624,Google Pay,2496.46,2026-02-21 23:01:31.666909
3625,3625,Google Pay,5215.76,2026-04-22 10:44:01.930919
3626,3626,Credit Card,3085.46,2026-05-25 15:00:17.739418
3627,3627,Debit Card,3380.87,2025-11-08 17:40:32.680423
3628,3628,Google Pay,4896.72,2026-07-01 06:15:02.833210
3629,3629,Credit Card,2933.98,2025-08-17 12:58:33.214138
3630,3630,Credit Card,14112.45,2026-07-24 16:31:32.380981
3631,3631,PayPal,9302.82,2025-11-04 08:31:35.761678
3632,3632,Credit Card,296.19,2026-02-25 07:14:44.847539
3633,3633,Apple Pay,8938.2,2025-09-02 12:28:02.689451
3634,3634,PayPal,9113.27,2026-07-29 16:44:33.253320
3635,3635,Credit Card,9794.05,2025-10-18 16:20:58.418041
3636,3636,PayPal,4027.28,2025-11-18 21:53:26.634768
3637,3637,Apple Pay,11774.78,2026-01-30 19:38:29.661020
3638,3638,Apple Pay,7698.84,2026-04-09 13:51:08.691806
3639,3639,Apple Pay,3061.75,2025-09-23 13:05:40.799120
3640,3640,PayPal,4011.88,2025-08-03 21:29:07.700850
3641,3641,Apple Pay,1824.23,2026-07-30 07:34:40.129977
3642,3642,Apple Pay,5141.8,2025-09-18 07:32:55.838472
3643,3643,Credit Card,7111.04,2026-06-29 10:44:30.985879
3644,3644,Debit Card,3199.7,2026-02-07 05:34:43.976656
3645,3645,PayPal,11795.32,2025-08-18 17:57:28.675056
3646,3646,PayPal,3856.7,2025-11-02 05:03:12.460192
3647,3647,Google Pay,2727.03,2026-02-20 11:24:15.318142
3648,3648,Credit Card,13418.61,2026-03-24 14:54:55.521195
3649,3649,Debit Card,13730.16,2025-10-28 09:30:54.856436
3650,3650,Google Pay,4768.2,2025-12-03 18:45:56.054671
3651,3651,Google Pay,8869.98,2026-02-11 19:08:53.607280
3652,3652,Apple Pay,7746.45,2026-03-21 11:03:43.147833
3653,3653,Apple Pay,5122.83,2025-08-21 18:44:31.915147
3654,3654,Debit Card,10568.77,2025-09-13 19:54:59.422083
3655,3655,PayPal,4783.76,2026-01-17 04:46:41.460193
3656,3656,Google Pay,20711.41,2025-11-07 03:35:41.547246
3657,3657,Google Pay,13788.49,2026-03-01 19:37:53.242400
3658,3658,PayPal,12357.49,2026-02-15 00:11:17.108721
3659,3659,Apple Pay,4563.81,2025-09-19 18:32:27.054176
3660,3660,Google Pay,14914.17,2026-06-30 23:46:06.015466
3661,3661,Debit Card,7252.76,2026-07-02 15:03:53.349950
3662,3662,Credit Card,2118.52,2025-12-29 06:07:49.088077
3663,3663,PayPal,4214.69,2025-08-02 00:01:46.139411
3664,3664,PayPal,15329.55,2025-11-11 19:53:05.260458
3665,3665,PayPal,14427.72,2026-05-26 07:27:35.690100
3666,3666,Google Pay,499.92,2026-06-10 00:01:32.597813
3667,3667,PayPal,7239.44,2025-11-11 10:48:23.511040
3668,3668,Apple Pay,5942.72,2025-09-30 13:19:23.900947
3669,3669,Debit Card,7084.7,2025-12-10 09:26:39.875139
3670,3670,PayPal,2323.76,2026-06-10 01:53:37.495461
3671,3671,Google Pay,9132.86,2026-04-21 16:41:09.251875
3672,3672,PayPal,17018.89,2025-09-20 15:24:32.263377
3673,3673,Debit Card,19283.9,2025-10-28 19:01:09.900316
3674,3674,Apple Pay,2190.58,2025-11-17 01:11:12.665824
3675,3675,PayPal,1677.0,2026-03-25 12:40:10.015385
3676,3676,Google Pay,243.9,2025-11-11 04:42:47.265846
3677,3677,Credit Card,21803.85,2026-03-12 07:38:15.468542
3678,3678,PayPal,4350.88,2025-10-18 18:00:18.382344
3679,3679,Debit Card,1636.25,2026-03-31 04:42:29.893032
3680,3680,Debit Card,1378.53,2025-08-02 18:17:38.781661
3681,3681,Credit Card,2343.66,2026-06-09 18:29:36.780567
3682,3682,Debit Card,9115.95,2026-06-09 19:34:21.639442
3683,3683,Google Pay,1123.02,2026-05-20 04:13:30.321166
3684,3684,Google Pay,15279.63,2025-08-29 10:30:11.537751
3685,3685,Apple Pay,11035.99,2026-02-19 21:37:33.926450
3686,3686,Debit Card,9004.88,2026-02-28 14:59:22.894012
3687,3687,Google Pay,12355.32,2025-08-23 15:17:23.332933
3688,3688,Credit Card,12064.41,2026-04-17 02:34:56.399400
3689,3689,Apple Pay,6752.43,2026-05-14 20:45:49.343714
3690,3690,Google Pay,17071.8,2025-09-02 21:44:56.609056
3691,3691,Apple Pay,10809.37,2025-09-17 02:54:34.239860
3692,3692,Apple Pay,16649.51,2026-04-19 22:35:32.301824
3693,3693,Google Pay,3283.53,2025-09-28 07:46:17.168301
3694,3694,Apple Pay,5126.56,2026-06-26 17:07:01.863281
3695,3695,Apple Pay,4461.24,2025-10-16 21:00:44.745642
3696,3696,PayPal,4233.6,2026-06-27 10:53:05.110250
3697,3697,Credit Card,8199.88,2025-09-13 02:47:22.812892
3698,3698,Apple Pay,7498.5,2026-02-20 16:38:51.750889
3699,3699,Google Pay,4716.73,2026-01-18 12:53:18.523707
3700,3700,Apple Pay,19230.03,2025-08-29 05:58:50.224990
3701,3701,Apple Pay,2561.19,2025-12-10 23:14:14.366901
3702,3702,PayPal,11822.06,2025-11-06 02:13:28.995393
3703,3703,Apple Pay,9706.5,2026-01-30 17:26:17.365133
3704,3704,Debit Card,12965.81,2025-09-17 06:40:29.406393
3705,3705,PayPal,11878.21,2025-09-26 01:10:47.853174
3706,3706,Credit Card,3213.06,2026-03-09 19:49:10.331223
3707,3707,Google Pay,13434.3,2025-08-31 10:35:04.779843
3708,3708,Debit Card,9939.75,2026-05-09 01:35:57.949857
3709,3709,Credit Card,6453.22,2026-07-21 03:03:37.671616
3710,3710,PayPal,7462.41,2025-09-14 23:33:41.432058
3711,3711,Credit Card,4735.83,2025-12-31 16:51:39.647362
3712,3712,Debit Card,12868.74,2025-10-18 23:04:12.289669
3713,3713,Apple Pay,5642.01,2026-07-26 03:17:47.199939
3714,3714,Credit Card,972.36,2026-02-21 22:17:19.044089
3715,3715,Credit Card,15502.39,2026-06-19 23:02:48.704021
3716,3716,Google Pay,10558.32,2025-10-13 02:32:33.660948
3717,3717,Apple Pay,180.69,2025-11-22 17:27:29.119913
3718,3718,Credit Card,14032.8,2025-11-03 09:10:53.422533
3719,3719,Apple Pay,3499.82,2025-11-23 17:34:49.791618
3720,3720,Debit Card,9325.05,2026-06-14 18:28:56.713825
3721,3721,Debit Card,8488.4,2025-12-15 06:47:54.863534
3722,3722,Google Pay,2838.82,2026-01-06 11:07:11.123704
3723,3723,Debit Card,13760.26,2026-03-11 22:46:40.967389
3724,3724,Debit Card,17554.83,2026-07-15 08:42:36.771486
3725,3725,PayPal,12746.07,2026-01-31 02:54:11.110885
3726,3726,Credit Card,15385.22,2026-01-09 09:23:37.595393
3727,3727,PayPal,11021.05,2026-07-09 11:10:56.734691
3728,3728,Debit Card,5898.34,2026-01-18 03:21:33.429283
3729,3729,Debit Card,3467.3,2026-04-13 08:25:57.838593
3730,3730,PayPal,6139.11,2025-11-18 22:16:29.350743
3731,3731,Google Pay,10992.32,2026-06-03 07:07:12.205037
3732,3732,Google Pay,14419.74,2026-02-28 16:43:55.211311
3733,3733,Google Pay,5868.76,2025-11-10 00:25:02.017914
3734,3734,Debit Card,6922.39,2025-08-21 19:02:06.687331
3735,3735,Google Pay,2519.98,2025-12-22 07:37:52.687459
3736,3736,Apple Pay,1161.88,2025-11-10 08:43:14.762830
3737,3737,Credit Card,12876.44,2026-01-27 17:21:33.735294
3738,3738,PayPal,5969.62,2025-10-07 11:54:58.422698
3739,3739,Debit Card,9864.63,2026-04-04 16:44:37.401622
3740,3740,Debit Card,8570.58,2026-06-27 00:26:48.368850
3741,3741,Credit Card,592.38,2026-01-02 17:41:13.113840
3742,3742,Apple Pay,7771.68,2025-09-29 18:53:12.499077
3743,3743,Debit Card,5210.34,2026-07-08 20:45:51.094244
3744,3744,Apple Pay,15267.24,2026-03-20 03:52:24.143841
3745,3745,PayPal,7485.7,2026-02-01 17:12:47.371203
3746,3746,Google Pay,9333.32,2026-01-12 11:48:34.848270
3747,3747,Apple Pay,1765.92,2026-06-15 06:44:47.867646
3748,3748,Google Pay,4912.82,2025-12-20 11:33:26.806165
3749,3749,PayPal,2660.49,2025-12-20 14:12:00.752147
3750,3750,Debit Card,1011.45,2026-01-19 07:36:47.714157
3751,3751,Debit Card,9656.54,2025-10-26 07:03:02.432180
3752,3752,PayPal,11242.72,2026-04-13 00:56:00.429480
3753,3753,Google Pay,11743.39,2026-06-20 08:03:45.138199
3754,3754,PayPal,2997.78,2026-03-19 20:02:34.313493
3755,3755,Credit Card,4004.76,2026-04-28 05:02:19.648239
3756,3756,Debit Card,2211.4,2025-08-05 02:26:15.085397
3757,3757,PayPal,1524.1,2026-01-16 12:13:45.958989
3758,3758,Debit Card,60.23,2025-09-07 00:56:30.384511
3759,3759,Google Pay,5063.15,2025-11-23 20:21:55.347117
3760,3760,Google Pay,13192.01,2026-03-17 20:35:46.238353
3761,3761,Debit Card,7919.13,2026-03-16 02:29:02.937472
3762,3762,Credit Card,7880.76,2026-04-27 09:45:56.708661
3763,3763,Debit Card,12056.77,2025-09-28 18:02:08.074875
3764,3764,Debit Card,5646.69,2025-09-03 16:09:21.783865
3765,3765,Apple Pay,3354.0,2026-03-04 16:07:10.636910
3766,3766,Google Pay,3680.33,2025-11-28 22:51:43.940980
3767,3767,Debit Card,10702.39,2026-02-22 16:38:56.912260
3768,3768,Apple Pay,3928.88,2026-05-10 17:37:48.789721
3769,3769,Google Pay,10480.73,2026-01-28 20:33:08.642156
3770,3770,Credit Card,8027.96,2025-12-01 05:07:56.934395
3771,3771,Google Pay,2683.26,2026-03-03 00:08:30.005676
3772,3772,Google Pay,1487.08,2025-12-01 08:10:04.204537
3773,3773,PayPal,4908.9,2026-03-13 04:31:09.895239
3774,3774,Apple Pay,15803.94,2025-08-01 23:25:20.270663
3775,3775,Debit Card,6316.94,2026-07-10 15:43:45.895241
3776,3776,Debit Card,13614.1,2025-11-14 06:25:13.531814
3777,3777,Google Pay,5251.12,2026-07-18 12:22:40.798116
3778,3778,Credit Card,2510.23,2026-02-05 12:05:39.735922
3779,3779,Apple Pay,14933.14,2026-02-05 21:54:53.071032
3780,3780,Google Pay,3585.0,2026-03-26 02:08:07.484801
3781,3781,Apple Pay,7315.42,2026-02-06 21:18:30.445108
3782,3782,Credit Card,10954.92,2025-08-19 14:19:46.341561
3783,3783,Credit Card,15626.28,2025-12-04 13:37:44.107559
3784,3784,Credit Card,2974.16,2026-04-29 15:37:35.835496
3785,3785,Google Pay,14350.91,2026-02-07 00:52:48.522639
3786,3786,Google Pay,8198.03,2025-10-23 11:24:46.173488
3787,3787,PayPal,16389.41,2026-07-23 19:00:45.688387
3788,3788,Credit Card,4899.69,2026-02-20 04:12:50.651580
3789,3789,Google Pay,1606.53,2025-09-30 02:13:25.103359
3790,3790,Credit Card,15404.85,2026-05-05 11:52:22.292791
3791,3791,Google Pay,15453.98,2026-06-27 07:36:45.441828
3792,3792,Google Pay,6694.21,2026-06-11 05:55:42.483345
3793,3793,Apple Pay,1403.5,2025-11-02 12:05:46.011169
3794,3794,PayPal,13395.58,2025-12-03 16:33:20.826601
3795,3795,PayPal,12767.22,2026-06-25 12:33:15.330953
3796,3796,Google Pay,6976.54,2025-12-14 06:58:13.939823
3797,3797,Apple Pay,9333.65,2025-10-29 21:55:17.406150
3798,3798,Debit Card,7956.51,2025-10-27 21:16:54.903611
3799,3799,Credit Card,7901.68,2026-04-17 22:16:25.677073
3800,3800,Credit Card,20985.24,2025-09-03 04:37:52.322369
3801,3801,Apple Pay,7278.37,2026-02-22 00:32:19.125945
3802,3802,Apple Pay,16680.23,2025-10-04 16:56:18.972351
3803,3803,Debit Card,9440.5,2026-07-27 07:29:57.898048
3804,3804,Google Pay,2778.2,2025-09-28 17:57:04.088215
3805,3805,Debit Card,5135.47,2026-04-22 17:31:04.545603
3806,3806,Debit Card,11132.45,2025-12-27 12:54:22.697559
3807,3807,PayPal,3047.02,2025-12-10 08:46:55.998288
3808,3808,Google Pay,9645.64,2025-08-20 02:26:47.232273
3809,3809,Credit Card,11181.55,2026-07-10 16:24:40.693154
3810,3810,Debit Card,15742.12,2025-10-20 23:36:28.848650
3811,3811,Debit Card,2785.8,2026-06-07 04:31:46.461179
3812,3812,PayPal,14196.94,2025-09-22 05:53:19.539075
3813,3813,Debit Card,5492.67,2025-12-21 02:28:05.540765
3814,3814,Debit Card,2601.53,2026-01-09 13:11:48.891239
3815,3815,Credit Card,9296.5,2026-02-02 02:27:25.255065
3816,3816,PayPal,648.24,2025-12-14 22:12:47.685353
3817,3817,Credit Card,2190.58,2025-11-14 10:06:28.324886
3818,3818,Google Pay,13619.91,2026-05-17 12:36:23.207323
3819,3819,PayPal,16759.62,2026-07-30 04:53:32.131040
3820,3820,Credit Card,6684.83,2025-12-04 22:29:58.676942
3821,3821,Google Pay,12761.38,2026-07-29 16:15:54.315090
3822,3822,Debit Card,15371.09,2026-01-03 04:54:55.258736
3823,3823,Google Pay,674.3,2025-10-06 03:41:32.730938
3824,3824,Debit Card,13375.99,2026-07-07 04:03:29.826005
3825,3825,Google Pay,13085.28,2025-08-11 11:01:17.786159
3826,3826,PayPal,9882.34,2026-02-14 15:59:08.475435
3827,3827,Credit Card,8159.44,2026-02-01 15:46:00.251602
3828,3828,Google Pay,2927.42,2026-05-24 09:07:21.164770
3829,3829,Google Pay,3250.1,2025-10-18 16:08:29.093327
3830,3830,Debit Card,19978.46,2026-07-12 23:19:14.340215
3831,3831,Apple Pay,9956.09,2025-12-17 13:58:29.146019
3832,3832,Credit Card,2286.15,2025-07-30 04:32:13.225034
3833,3833,Google Pay,9524.67,2025-09-21 01:00:19.974924
3834,3834,Apple Pay,10651.55,2025-10-23 15:05:40.228314
3835,3835,Apple Pay,10012.63,2025-10-23 17:10:01.955668
3836,3836,Google Pay,2180.57,2026-01-11 16:28:11.377047
3837,3837,Credit Card,3123.18,2026-07-13 16:07:11.288867
3838,3838,Credit Card,10028.76,2026-03-02 21:51:19.727520
3839,3839,Debit Card,4948.92,2026-05-28 09:12:06.329023
3840,3840,Credit Card,9129.12,2026-04-21 14:17:46.476527
3841,3841,Apple Pay,5467.71,2026-04-04 13:46:37.676475
3842,3842,Apple Pay,4297.66,2026-03-26 17:18:39.572323
3843,3843,Google Pay,13815.6,2025-10-21 21:30:20.514871
3844,3844,Credit Card,16019.81,2025-12-25 12:56:56.355181
3845,3845,PayPal,8338.4,2025-11-16 20:38:20.986297
3846,3846,PayPal,5590.97,2025-10-02 21:42:36.091736
3847,3847,PayPal,3212.33,2025-08-30 19:30:53.706509
3848,3848,Credit Card,324.12,2026-05-20 02:34:17.342027
3849,3849,PayPal,4238.49,2026-06-12 01:04:55.915641
3850,3850,Google Pay,11322.78,2025-08-31 18:21:00.225224
3851,3851,Apple Pay,3151.95,2025-12-18 11:54:10.385428
3852,3852,Google Pay,5556.79,2026-03-15 23:03:49.287561
3853,3853,Credit Card,14686.01,2026-03-24 15:08:06.018764
3854,3854,Google Pay,5625.41,2026-04-28 08:59:56.589506
3855,3855,Credit Card,2610.27,2025-12-03 22:07:58.934674
3856,3856,Debit Card,14584.69,2026-02-01 22:10:06.528121
3857,3857,Credit Card,12714.13,2026-03-12 10:31:16.051641
3858,3858,PayPal,7336.95,2026-03-05 09:02:31.470996
3859,3859,Apple Pay,7191.34,2026-07-22 18:26:04.536432
3860,3860,Apple Pay,999.84,2025-08-24 15:35:46.836596
3861,3861,Apple Pay,3272.5,2025-09-15 16:39:33.378744
3862,3862,Google Pay,2974.16,2025-08-10 02:47:55.376187
3863,3863,Apple Pay,9214.08,2025-11-30 23:22:21.070395
3864,3864,Google Pay,4819.59,2026-05-08 20:57:03.901750
3865,3865,Credit Card,5308.83,2025-09-23 12:48:08.723461
3866,3866,PayPal,1463.28,2026-01-26 05:07:46.749991
3867,3867,Google Pay,11602.74,2026-02-27 11:34:01.920401
3868,3868,PayPal,12664.82,2025-08-21 18:29:02.845245
3869,3869,Debit Card,337.15,2026-01-18 05:31:51.302590
3870,3870,Debit Card,2808.31,2025-12-08 06:13:56.933283
3871,3871,PayPal,3719.52,2026-06-04 17:40:58.167401
3872,3872,Debit Card,14668.32,2026-07-14 06:57:37.492756
3873,3873,Credit Card,6558.39,2025-08-01 07:19:34.750270
3874,3874,Debit Card,4386.02,2026-05-27 23:33:23.262777
3875,3875,PayPal,6053.66,2025-10-29 18:25:19.701102
3876,3876,PayPal,1542.73,2025-12-17 06:10:10.488042
3877,3877,Debit Card,833.06,2026-02-07 14:02:02.771264
3878,3878,PayPal,11502.6,2025-12-04 10:06:44.122438
3879,3879,Debit Card,7324.19,2026-03-06 02:16:55.721210
3880,3880,Google Pay,16581.92,2025-11-11 12:29:48.838478
3881,3881,Apple Pay,4190.46,2026-04-12 12:27:18.765943
3882,3882,Google Pay,2695.05,2026-06-15 03:46:09.010752
3883,3883,Google Pay,6541.71,2026-02-02 08:42:26.311489
3884,3884,PayPal,2100.11,2025-08-26 12:54:09.233659
3885,3885,PayPal,2888.86,2026-05-10 17:24:20.810815
3886,3886,Google Pay,5095.9,2025-11-02 15:03:39.049039
3887,3887,PayPal,708.47,2025-07-31 22:11:37.152887
3888,3888,PayPal,10689.67,2025-09-18 22:54:34.601364
3889,3889,Credit Card,4819.59,2026-07-18 07:47:11.033260
3890,3890,Credit Card,4027.28,2025-10-16 02:02:53.200168
3891,3891,Debit Card,7030.98,2025-11-05 23:03:01.023858
3892,3892,PayPal,2175.44,2026-07-27 08:51:09.689173
3893,3893,Apple Pay,6014.71,2025-09-24 12:38:41.865475
3894,3894,Credit Card,22708.33,2025-11-27 12:39:34.847718
3895,3895,PayPal,1606.53,2026-01-22 04:12:17.276617
3896,3896,Credit Card,6395.87,2026-04-23 01:49:42.405481
3897,3897,Credit Card,5031.0,2026-03-16 01:22:49.508260
3898,3898,Debit Card,6055.06,2026-04-25 22:12:57.571942
3899,3899,Google Pay,10519.4,2025-10-14 17:39:23.163226
3900,3900,Debit Card,15086.56,2026-04-14 08:46:42.104539
3901,3901,PayPal,1417.23,2025-11-20 19:06:41.662667
3902,3902,Apple Pay,9696.89,2026-07-23 09:59:48.663477
3903,3903,Google Pay,1666.12,2026-06-10 17:01:42.174703
3904,3904,Google Pay,9724.5,2026-01-22 09:16:38.055645
3905,3905,Credit Card,3566.94,2026-01-28 06:41:37.693362
3906,3906,Google Pay,13971.77,2026-04-29 13:01:27.544415
3907,3907,PayPal,5276.43,2025-09-29 18:15:47.891041
3908,3908,Google Pay,8500.91,2025-11-22 17:37:35.721331
3909,3909,Credit Card,8233.78,2026-01-14 11:27:15.997097
3910,3910,Google Pay,17853.84,2026-04-28 12:26:14.075056
3911,3911,Apple Pay,11004.79,2025-10-13 03:42:37.261638
3912,3912,Apple Pay,15022.57,2026-06-09 21:02:03.079341
3913,3913,Apple Pay,6865.77,2025-10-30 02:47:22.563118
3914,3914,Credit Card,3085.46,2025-08-31 11:12:20.530439
3915,3915,Apple Pay,4870.43,2025-09-18 01:34:00.194053
3916,3916,Apple Pay,11877.98,2026-02-25 15:39:51.976456
3917,3917,Google Pay,17009.95,2026-07-24 10:45:31.639663
3918,3918,Apple Pay,6677.25,2026-07-09 11:23:29.191479
3919,3919,Debit Card,1225.8,2025-08-28 00:46:54.254970
3920,3920,Apple Pay,15647.55,2025-11-03 23:53:05.939321
3921,3921,Apple Pay,927.5,2026-03-22 17:41:16.919260
3922,3922,PayPal,13123.31,2025-09-16 21:12:28.400687
3923,3923,Apple Pay,2636.36,2025-08-09 15:48:54.406982
3924,3924,Google Pay,4819.59,2026-01-13 07:07:51.068681
3925,3925,Google Pay,11221.65,2025-08-27 07:42:43.670303
3926,3926,Google Pay,6005.48,2026-02-02 22:02:51.632527
3927,3927,Credit Card,11387.49,2026-03-15 19:27:53.113145
3928,3928,Google Pay,5741.81,2026-05-27 12:01:16.534538
3929,3929,Google Pay,6119.64,2025-09-07 08:02:03.101754
3930,3930,Google Pay,6812.12,2026-03-19 16:58:15.873693
3931,3931,Google Pay,15112.07,2025-08-06 21:10:32.063688
3932,3932,Debit Card,17056.68,2026-01-03 06:18:49.502573
3933,3933,Debit Card,6967.37,2025-08-06 15:28:35.590920
3934,3934,Debit Card,6948.42,2026-05-03 17:31:30.432300
3935,3935,Google Pay,12210.6,2026-04-24 20:49:47.597092
3936,3936,PayPal,6136.37,2025-09-19 09:17:26.019820
3937,3937,Apple Pay,7981.63,2025-12-19 20:23:45.354241
3938,3938,Credit Card,762.05,2026-02-23 09:52:52.098549
3939,3939,Google Pay,6111.52,2025-10-20 01:55:26.927615
3940,3940,Apple Pay,11319.58,2025-10-25 22:35:35.878214
3941,3941,Google Pay,3354.0,2025-09-05 00:09:28.037600
3942,3942,Apple Pay,3183.21,2026-01-23 19:00:38.367795
3943,3943,Credit Card,10940.98,2025-11-10 01:38:36.204563
3944,3944,Credit Card,1861.99,2026-03-11 14:19:40.177014
3945,3945,Apple Pay,3313.6,2025-12-09 04:02:35.875196
3946,3946,PayPal,748.68,2026-07-05 16:14:00.587864
3947,3947,Google Pay,2068.29,2025-10-02 02:03:41.116173
3948,3948,PayPal,1123.02,2026-06-27 02:48:58.168724
3949,3949,Credit Card,9752.07,2026-01-06 22:24:47.930346
3950,3950,Debit Card,4909.79,2026-06-11 18:26:22.959886
3951,3951,PayPal,3083.5,2025-12-05 07:46:32.368777
3952,3952,Debit Card,15415.63,2026-02-15 22:30:11.962030
3953,3953,Credit Card,6773.18,2026-02-23 10:49:36.822936
3954,3954,Credit Card,7982.19,2026-01-02 08:11:53.289986
3955,3955,Debit Card,12402.88,2026-04-09 19:49:43.338683
3956,3956,Apple Pay,6382.93,2026-03-01 19:03:20.015603
3957,3957,Credit Card,9742.17,2025-08-14 21:29:06.208657
3958,3958,Apple Pay,22278.71,2025-11-15 10:22:02.959905
3959,3959,Google Pay,5135.54,2026-02-08 09:26:36.931705
3960,3960,PayPal,15636.54,2026-07-22 03:10:57.370725
3961,3961,Google Pay,4555.9,2025-09-28 20:46:08.147724
3962,3962,PayPal,1059.26,2025-09-18 18:35:10.542247
3963,3963,Apple Pay,4080.56,2026-02-15 22:29:52.217542
3964,3964,Credit Card,7610.43,2026-01-01 01:18:41.843448
3965,3965,Apple Pay,4777.8,2025-11-20 14:58:38.642555
3966,3966,PayPal,2539.36,2026-02-23 04:36:19.128240
3967,3967,Credit Card,5492.67,2026-02-26 18:52:15.494037
3968,3968,Debit Card,4774.87,2025-08-29 09:01:32.904527
3969,3969,Google Pay,6830.53,2025-08-02 04:44:59.933587
3970,3970,Google Pay,7450.59,2026-02-24 02:14:51.656957
3971,3971,Credit Card,7545.59,2025-10-18 10:02:20.086771
3972,3972,Debit Card,12087.59,2025-10-22 11:34:05.887146
3973,3973,Google Pay,8632.73,2025-10-11 03:52:28.674969
3974,3974,Google Pay,8710.96,2026-04-22 08:53:39.650393
3975,3975,Google Pay,13506.31,2026-07-06 14:07:26.550030
3976,3976,Apple Pay,3458.19,2026-04-30 15:36:56.571319
3977,3977,PayPal,9845.2,2026-02-18 21:27:33.844252
3978,3978,Debit Card,4440.65,2026-06-30 03:25:24.941938
3979,3979,Credit Card,5878.85,2026-01-31 19:09:53.344235
3980,3980,Debit Card,8680.27,2025-10-19 12:13:41.550197
3981,3981,Apple Pay,13820.54,2026-01-22 23:00:21.690018
3982,3982,Google Pay,8869.98,2025-11-25 18:32:26.960912
3983,3983,Google Pay,7390.43,2026-03-14 05:14:01.774774
3984,3984,Debit Card,6300.33,2026-07-12 12:28:08.427565
3985,3985,Apple Pay,3902.76,2026-02-27 13:04:38.441787
3986,3986,Credit Card,12309.19,2026-05-11 06:54:56.448543
3987,3987,PayPal,13079.79,2025-11-02 18:14:12.841303
3988,3988,Debit Card,4280.5,2026-05-07 13:04:46.358932
3989,3989,Google Pay,14336.04,2026-03-05 03:59:34.204266
3990,3990,Google Pay,3510.07,2026-05-09 16:18:43.076189
3991,3991,Debit Card,7065.56,2025-09-24 17:35:42.141723
3992,3992,Debit Card,7574.03,2026-02-20 20:15:54.291342
3993,3993,Credit Card,592.38,2026-04-07 20:10:08.528270
3994,3994,Apple Pay,3973.13,2025-11-12 20:17:23.468019
3995,3995,Apple Pay,3551.88,2025-11-06 01:19:27.074043
3996,3996,Google Pay,7048.05,2025-10-25 01:28:55.867993
3997,3997,PayPal,17296.81,2026-07-19 00:58:27.719690
3998,3998,Apple Pay,14890.9,2026-02-15 18:05:11.016288
3999,3999,Google Pay,10179.49,2025-11-02 10:06:10.445404
4000,4000,PayPal,19036.4,2026-06-09 18:55:00.909729
4001,4001,Google Pay,8107.11,2025-11-14 10:06:36.021130
4002,4002,Apple Pay,13291.34,2026-01-07 03:50:52.678272
4003,4003,Credit Card,10789.35,2026-03-06 12:08:59.173989
4004,4004,Debit Card,11547.66,2025-12-27 19:28:29.059981
4005,4005,Apple Pay,13657.97,2026-02-03 12:50:52.052868
4006,4006,Google Pay,8608.82,2026-06-25 07:30:03.117576
4007,4007,Apple Pay,5398.59,2025-09-17 11:33:03.621279
4008,4008,Google Pay,6751.14,2025-08-15 09:12:24.164518
4009,4009,Debit Card,5110.87,2026-05-01 01:11:43.480433
4010,4010,PayPal,7051.49,2026-06-20 02:47:12.704521
4011,4011,Debit Card,4434.97,2026-06-20 20:43:38.132529
4012,4012,PayPal,8172.96,2025-07-31 09:56:34.680387
4013,4013,Google Pay,8794.78,2025-11-23 10:49:53.924021
4014,4014,Google Pay,4819.59,2025-11-12 23:24:07.525983
4015,4015,Apple Pay,3175.3,2025-08-21 08:56:07.077189
4016,4016,Credit Card,12200.8,2025-09-11 22:05:38.882207
4017,4017,Apple Pay,12889.83,2026-06-23 14:09:29.547601
4018,4018,PayPal,648.24,2026-04-04 09:49:44.926201
4019,4019,PayPal,1666.12,2025-11-22 03:10:27.975520
4020,4020,Apple Pay,7329.48,2025-10-27 05:22:24.378823
4021,4021,Credit Card,12778.13,2025-12-28 02:49:29.334913
4022,4022,Apple Pay,4835.58,2025-10-13 15:55:09.988009
4023,4023,Apple Pay,2727.03,2025-08-21 22:57:39.323445
4024,4024,Apple Pay,5640.87,2026-06-21 12:06:13.842908
4025,4025,Debit Card,10653.24,2025-09-11 00:25:55.018397
4026,4026,PayPal,6843.99,2026-01-08 22:52:24.981060
4027,4027,Google Pay,15223.18,2025-08-30 15:24:44.661601
4028,4028,Google Pay,1933.29,2025-12-21 14:30:40.684938
4029,4029,Credit Card,20347.51,2026-04-11 07:15:32.193176
4030,4030,PayPal,16411.25,2026-07-07 04:27:10.471557
4031,4031,Apple Pay,9060.08,2026-07-12 04:45:51.463350
4032,4032,Credit Card,4813.28,2025-09-17 19:05:12.302238
4033,4033,Apple Pay,10716.61,2026-07-01 03:45:54.625176
4034,4034,Debit Card,5220.57,2026-04-01 21:21:48.071098
4035,4035,Debit Card,10341.03,2026-04-30 02:06:43.086824
4036,4036,PayPal,20534.72,2025-09-29 05:50:05.942469
4037,4037,Google Pay,6906.25,2026-07-08 09:11:19.554916
4038,4038,Google Pay,11028.62,2026-05-14 02:53:16.292589
4039,4039,PayPal,7534.7,2026-01-30 20:59:42.306571
4040,4040,Apple Pay,13437.36,2025-08-08 19:39:54.789742
4041,4041,Google Pay,8927.17,2025-12-20 17:12:03.272723
4042,4042,Apple Pay,4687.32,2025-09-10 22:57:40.714093
4043,4043,PayPal,1973.9,2026-06-21 16:31:41.710118
4044,4044,Debit Card,9443.61,2025-09-27 23:57:41.022053
4045,4045,Credit Card,1012.68,2026-07-20 16:17:43.209748
4046,4046,Google Pay,12924.73,2025-09-23 03:12:40.833710
4047,4047,Apple Pay,18240.18,2025-10-13 05:30:24.000167
4048,4048,Credit Card,762.05,2025-12-21 06:50:58.928231
4049,4049,Google Pay,8661.15,2026-03-07 09:56:44.316843
4050,4050,Google Pay,2180.57,2026-03-10 03:56:44.279212
4051,4051,Credit Card,8767.08,2025-12-21 07:47:49.323074
4052,4052,PayPal,10692.76,2025-07-31 16:38:41.152778
4053,4053,Debit Card,15995.46,2025-08-12 03:43:59.065373
4054,4054,Apple Pay,9049.21,2025-10-25 02:32:23.417678
4055,4055,Debit Card,19533.08,2026-04-11 14:48:29.405632
4056,4056,Google Pay,1677.0,2025-10-18 11:54:43.212258
4057,4057,Google Pay,4618.51,2026-02-19 15:29:48.073103
4058,4058,Debit Card,7554.54,2025-10-01 04:33:54.417910
4059,4059,Debit Card,17822.16,2025-10-13 13:09:05.427607
4060,4060,Credit Card,4908.75,2026-07-29 18:31:05.293872
4061,4061,Credit Card,1059.26,2026-03-30 00:43:39.647110
4062,4062,Google Pay,1799.53,2026-05-21 02:13:10.389345
4063,4063,Google Pay,15286.34,2026-03-09 16:10:39.876449
4064,4064,Debit Card,1487.08,2025-11-26 11:21:29.657297
4065,4065,Credit Card,8598.45,2026-05-12 18:39:56.891813
4066,4066,PayPal,6141.2,2025-10-17 12:17:58.299478
4067,4067,Credit Card,8159.59,2026-04-17 06:47:12.123410
4068,4068,Google Pay,506.34,2025-09-14 10:35:06.297588
4069,4069,PayPal,4810.77,2026-06-18 01:22:27.046437
4070,4070,Credit Card,374.34,2026-04-15 02:38:41.177826
4071,4071,Google Pay,6364.98,2025-11-04 22:22:48.178795
4072,4072,Google Pay,5858.17,2025-09-09 20:26:34.451254
4073,4073,Google Pay,14598.21,2026-03-06 22:53:53.142303
4074,4074,Debit Card,180.69,2026-02-23 12:52:43.165985
4075,4075,Apple Pay,6076.55,2026-04-30 22:31:33.327360
4076,4076,Apple Pay,748.68,2025-12-13 12:52:59.887679
4077,4077,Debit Card,11136.83,2025-11-13 03:43:45.192096
4078,4078,Credit Card,12955.78,2026-03-01 17:31:47.471662
4079,4079,PayPal,3782.24,2025-08-10 00:35:08.784697
4080,4080,Apple Pay,11140.66,2026-02-18 05:07:01.777537
4081,4081,Apple Pay,4972.34,2026-02-17 07:06:36.171364
4082,4082,Credit Card,7704.49,2026-06-06 15:28:22.480380
4083,4083,Google Pay,7300.99,2025-11-01 11:05:28.409246
4084,4084,Credit Card,15399.9,2025-10-24 07:23:46.711398
4085,4085,PayPal,5009.11,2026-03-09 16:53:10.992465
4086,4086,Debit Card,2749.9,2026-06-24 14:31:47.306371
4087,4087,Debit Card,11740.2,2025-11-11 05:21:14.468924
4088,4088,Apple Pay,10987.56,2026-01-07 16:01:42.275314
4089,4089,Credit Card,6699.0,2026-04-02 20:51:37.033829
4090,4090,PayPal,7366.28,2025-08-27 19:26:42.033968
4091,4091,Google Pay,1636.25,2025-08-29 13:24:45.669217
4092,4092,Debit Card,2807.0,2026-03-10 09:37:32.733767
4093,4093,Credit Card,4466.0,2026-02-09 07:52:43.758225
4094,4094,PayPal,2557.83,2026-07-08 10:13:25.346930
4095,4095,Google Pay,3272.5,2025-09-20 03:47:58.480970
4096,4096,Google Pay,3959.34,2025-09-30 19:49:21.071987
4097,4097,Google Pay,7245.11,2025-12-22 06:43:19.442571
4098,4098,Credit Card,3516.63,2026-04-24 01:22:55.756771
4099,4099,Credit Card,6426.55,2025-11-02 04:58:42.061845
4100,4100,Debit Card,14877.76,2026-02-03 14:45:07.052606
4101,4101,Apple Pay,9967.92,2026-07-20 05:00:59.141560
4102,4102,Google Pay,7776.95,2026-04-07 08:36:46.142420
4103,4103,Debit Card,14960.77,2026-03-14 01:24:50.595999
4104,4104,PayPal,4526.76,2026-01-06 00:12:47.299319
4105,4105,Debit Card,7543.23,2026-05-13 06:27:31.589972
4106,4106,Debit Card,8732.44,2025-10-27 14:03:36.453746
4107,4107,PayPal,10931.55,2026-01-25 00:17:22.253401
4108,4108,Debit Card,1830.89,2026-04-26 22:51:31.389830
4109,4109,Credit Card,11873.81,2025-11-11 08:46:07.124031
4110,4110,Google Pay,21481.54,2025-11-21 14:06:21.232553
4111,4111,Debit Card,9389.34,2025-12-31 11:25:59.856410
4112,4112,Debit Card,10969.19,2025-08-30 21:28:57.828290
4113,4113,Credit Card,14553.83,2026-07-07 07:10:01.885012
4114,4114,Credit Card,12234.17,2025-10-09 03:15:37.305926
4115,4115,Google Pay,2086.92,2025-11-09 01:51:51.852389
4116,4116,Google Pay,17267.15,2026-06-24 04:05:09.301213
4117,4117,Google Pay,3007.08,2026-04-07 12:24:14.853938
4118,4118,PayPal,2873.52,2026-07-11 17:31:57.441154
4119,4119,Google Pay,9450.47,2025-11-26 16:10:58.216153
4120,4120,PayPal,1859.76,2025-08-02 06:32:37.152992
4121,4121,Apple Pay,888.57,2026-06-05 00:44:30.118401
4122,4122,Google Pay,7689.06,2025-08-01 21:51:54.943048
4123,4123,Debit Card,14213.41,2026-04-24 16:57:51.971638
4124,4124,Google Pay,4603.74,2026-01-21 19:59:42.304853
4125,4125,Apple Pay,5250.32,2026-04-06 23:47:18.544903
4126,4126,Debit Card,10946.03,2026-04-13 03:02:37.247336
4127,4127,Apple Pay,5500.74,2026-03-31 00:38:38.484476
4128,4128,Google Pay,2486.71,2025-12-17 00:03:19.814749
4129,4129,Google Pay,4559.63,2026-01-06 06:05:16.619457
4130,4130,PayPal,4596.45,2026-05-22 12:48:08.110894
4131,4131,PayPal,7948.65,2025-08-05 01:36:13.898699
4132,4132,Credit Card,11773.86,2025-11-05 18:09:45.273115
4133,4133,PayPal,1012.68,2026-02-01 09:49:08.849472
4134,4134,Debit Card,6814.46,2025-11-13 14:38:27.601497
4135,4135,Debit Card,6040.92,2026-03-18 07:57:58.036267
4136,4136,Apple Pay,21254.78,2025-10-09 16:32:04.451015
4137,4137,Apple Pay,833.06,2025-09-03 13:59:55.123791
4138,4138,PayPal,7368.13,2026-05-29 15:49:12.112962
4139,4139,PayPal,4210.5,2026-01-30 08:51:54.528673
4140,4140,Debit Card,5908.76,2025-10-28 07:33:21.796506
4141,4141,Credit Card,5112.93,2025-10-13 04:23:01.704612
4142,4142,Credit Card,16468.27,2026-04-29 12:29:56.316302
4143,4143,Debit Card,10203.51,2026-05-31 17:15:44.245024
4144,4144,PayPal,16370.77,2026-02-02 11:05:07.466182
4145,4145,PayPal,4461.24,2026-06-10 00:42:23.334101
4146,4146,Debit Card,10203.1,2026-06-09 03:29:42.742930
4147,4147,Apple Pay,8405.78,2026-03-15 20:27:21.046659
4148,4148,PayPal,6235.44,2026-01-08 12:51:15.637406
4149,4149,Debit Card,4638.44,2026-05-23 13:54:17.181688
4150,4150,PayPal,7677.85,2025-09-16 11:00:14.221487
4151,4151,Google Pay,2415.13,2026-03-26 12:03:33.760741
4152,4152,Credit Card,7269.9,2026-07-06 06:36:42.540481
4153,4153,Apple Pay,7036.96,2025-12-19 23:36:14.563962
4154,4154,Apple Pay,9390.57,2025-08-14 16:54:32.320692
4155,4155,Google Pay,16793.79,2026-06-09 11:11:48.697056
4156,4156,Debit Card,12117.26,2025-12-04 10:38:06.513996
4157,4157,PayPal,2778.2,2026-01-07 08:45:01.522481
4158,4158,Apple Pay,15284.95,2025-09-16 12:09:05.268130
4159,4159,Apple Pay,6898.35,2025-09-27 17:58:12.214348
4160,4160,Google Pay,9889.98,2026-02-22 07:55:00.580196
4161,4161,Credit Card,13304.78,2026-03-09 20:56:33.982175
4162,4162,Apple Pay,3734.5,2026-02-04 04:07:50.841063
4163,4163,PayPal,3625.55,2025-12-12 03:13:13.449855
4164,4164,Google Pay,10489.99,2025-08-17 02:38:49.861419
4165,4165,Debit Card,18484.19,2025-10-02 09:08:18.024237
4166,4166,Google Pay,6297.16,2026-01-10 06:35:39.192580
4167,4167,Credit Card,6571.74,2026-01-31 19:25:58.482926
4168,4168,Credit Card,17546.53,2026-06-27 14:47:46.740037
4169,4169,Google Pay,8931.65,2025-10-04 20:03:19.704030
4170,4170,Apple Pay,4230.46,2026-02-20 08:16:30.182318
4171,4171,Apple Pay,7008.21,2026-03-24 03:24:49.578741
4172,4172,Debit Card,1352.8,2025-12-31 19:12:36.882644
4173,4173,Debit Card,3229.46,2026-06-16 01:41:43.525735
4174,4174,Credit Card,12078.48,2025-09-18 17:25:49.674759
4175,4175,Apple Pay,6556.6,2025-11-21 19:10:35.578802
4176,4176,Credit Card,14869.17,2026-02-01 06:39:35.649483
4177,4177,Apple Pay,7022.04,2025-09-19 00:51:56.786568
4178,4178,Credit Card,11111.45,2026-01-20 20:42:06.237452
4179,4179,Apple Pay,3690.64,2026-01-21 02:27:06.467898
4180,4180,Google Pay,12509.57,2026-07-14 22:04:53.099352
4181,4181,Credit Card,9869.82,2026-01-04 15:41:33.824216
4182,4182,Google Pay,6515.28,2026-04-07 05:59:57.306798
4183,4183,PayPal,12259.03,2025-08-08 18:01:53.874190
4184,4184,Debit Card,13018.35,2026-07-16 21:13:46.388152
4185,4185,PayPal,6109.39,2025-12-26 21:05:13.817711
4186,4186,Apple Pay,1542.73,2026-03-31 11:28:11.668837
4187,4187,Debit Card,6571.74,2025-12-19 08:10:26.994355
4188,4188,Credit Card,7108.27,2025-12-28 10:53:07.988350
4189,4189,Apple Pay,6952.44,2026-03-16 13:35:35.815123
4190,4190,PayPal,8979.62,2026-06-10 14:59:06.093782
4191,4191,Credit Card,7734.37,2026-04-23 09:26:06.895488
4192,4192,Debit Card,8324.9,2026-06-17 00:15:15.415868
4193,4193,Apple Pay,7785.76,2026-04-06 11:23:12.225732
4194,4194,Debit Card,9376.03,2026-06-10 02:39:37.314003
4195,4195,Debit Card,888.57,2026-02-18 00:28:53.415743
4196,4196,Apple Pay,11210.35,2026-02-01 15:27:03.456361
4197,4197,Google Pay,674.3,2026-02-18 06:17:22.257159
4198,4198,Apple Pay,8652.39,2026-02-12 15:30:52.722061
4199,4199,PayPal,4281.5,2025-09-01 04:40:10.947588
4200,4200,Credit Card,3402.68,2025-11-22 20:08:41.690920
4201,4201,Credit Card,5810.33,2026-01-09 13:41:33.517533
4202,4202,Credit Card,13289.6,2026-02-15 22:00:48.374092
4203,4203,PayPal,5463.89,2026-06-07 19:29:56.853600
4204,4204,Debit Card,16816.65,2025-12-31 05:02:22.648484
4205,4205,Credit Card,12731.43,2026-07-29 12:16:48.604397
4206,4206,Debit Card,4844.19,2026-05-21 09:12:24.418664
4207,4207,Credit Card,4436.37,2026-07-14 10:48:23.941552
4208,4208,PayPal,9859.83,2026-03-20 22:22:56.665778
4209,4209,Debit Card,7639.37,2025-11-20 22:11:33.970516
4210,4210,Debit Card,3646.41,2025-09-23 03:13:51.485961
4211,4211,Google Pay,10062.42,2025-11-05 03:39:18.549945
4212,4212,Google Pay,5793.05,2025-08-21 07:32:16.382756
4213,4213,Debit Card,15414.32,2026-04-17 03:56:21.390273
4214,4214,Debit Card,8641.82,2025-11-07 14:53:51.769287
4215,4215,PayPal,2974.16,2025-07-30 13:10:32.769249
4216,4216,Credit Card,5446.29,2026-06-19 16:06:45.758824
4217,4217,Apple Pay,7165.43,2025-08-07 05:07:45.006847
4218,4218,PayPal,12530.58,2026-05-06 14:23:27.798071
4219,4219,Apple Pay,8322.77,2026-05-12 17:22:44.103106
4220,4220,Credit Card,7140.92,2026-07-18 03:36:48.778215
4221,4221,Apple Pay,6150.41,2026-03-09 16:46:31.753010
4222,4222,Credit Card,121.95,2026-07-12 09:13:03.241965
4223,4223,Google Pay,3599.06,2026-04-15 16:33:22.470730
4224,4224,PayPal,9354.75,2025-10-04 07:10:19.927793
4225,4225,Apple Pay,8907.07,2026-05-11 07:45:11.677625
4226,4226,Apple Pay,15614.96,2025-10-21 18:23:33.038646
4227,4227,PayPal,1897.59,2026-07-27 06:26:14.988182
4228,4228,Credit Card,4282.6,2025-12-16 02:25:12.858508
4229,4229,PayPal,6370.7,2026-07-17 08:24:48.046350
4230,4230,PayPal,5329.55,2025-09-24 13:15:53.341138
4231,4231,PayPal,8218.71,2025-12-31 21:28:45.928729
4232,4232,Apple Pay,4908.75,2025-11-07 05:34:47.889129
4233,4233,PayPal,9816.17,2026-06-26 22:57:24.068717
4234,4234,Debit Card,14658.85,2026-07-14 12:56:17.950048
4235,4235,Google Pay,2343.66,2025-11-11 02:19:52.598392
4236,4236,Debit Card,13705.28,2025-10-11 12:59:00.653629
4237,4237,PayPal,2855.76,2025-08-25 23:33:00.124072
4238,4238,Google Pay,13046.63,2025-11-02 13:53:17.304049
4239,4239,Debit Card,1606.53,2025-10-09 18:36:57.694902
4240,4240,Apple Pay,18460.68,2025-10-26 01:05:41.645909
4241,4241,Debit Card,5579.52,2025-09-04 05:57:50.164458
4242,4242,Google Pay,15217.04,2026-03-25 21:02:17.526450
4243,4243,Debit Card,13381.86,2025-12-12 10:42:07.781797
4244,4244,Debit Card,4819.59,2025-11-07 05:28:40.846335
4245,4245,Apple Pay,2343.66,2026-04-18 18:41:14.787688
4246,4246,PayPal,10978.97,2025-10-31 13:18:19.607308
4247,4247,Debit Card,8356.42,2025-11-07 12:11:53.906708
4248,4248,Debit Card,5615.64,2026-03-02 18:49:55.749139
4249,4249,PayPal,3199.72,2026-04-08 21:20:11.380885
4250,4250,Debit Card,5206.41,2026-07-11 00:35:54.689580
4251,4251,Google Pay,6091.47,2025-12-08 08:09:03.133350
4252,4252,Debit Card,7319.46,2025-12-26 02:08:24.214206
4253,4253,Debit Card,9988.16,2025-09-27 00:08:48.700955
4254,4254,Google Pay,8832.02,2025-10-31 22:29:14.218626
4255,4255,Debit Card,11621.5,2025-12-31 10:21:59.465678
4256,4256,PayPal,6589.86,2026-05-01 06:06:23.607530
4257,4257,Debit Card,3665.63,2025-07-31 12:27:23.750784
4258,4258,Google Pay,8625.42,2025-11-25 01:44:37.787117
4259,4259,PayPal,19253.88,2025-09-12 16:04:54.823782
4260,4260,PayPal,14656.52,2025-08-09 11:17:11.413457
4261,4261,Debit Card,6433.94,2026-01-02 19:36:58.327437
4262,4262,Credit Card,10709.91,2025-12-11 20:28:00.145842
4263,4263,PayPal,11318.74,2025-09-16 08:29:39.429856
4264,4264,Debit Card,7814.0,2026-03-17 22:54:13.670012
4265,4265,Google Pay,10728.71,2025-10-25 02:18:58.218621
4266,4266,PayPal,9323.62,2025-08-03 03:51:17.950064
4267,4267,Credit Card,14956.84,2026-05-15 13:05:16.359469
4268,4268,PayPal,6489.79,2025-08-30 17:15:52.249445
4269,4269,Debit Card,7893.56,2026-04-07 01:40:12.824496
4270,4270,Google Pay,11715.21,2025-12-07 21:11:17.628316
4271,4271,Credit Card,12336.93,2025-08-05 17:35:23.383121
4272,4272,Debit Card,1519.02,2026-04-14 07:21:08.955383
4273,4273,Debit Card,11874.08,2026-02-26 13:02:40.151542
4274,4274,PayPal,1614.73,2026-01-08 21:45:23.295477
4275,4275,Credit Card,3986.26,2026-07-09 02:07:52.907862
4276,4276,Credit Card,11037.38,2026-02-22 04:17:58.390681
4277,4277,Apple Pay,11380.52,2025-10-29 05:36:36.079029
4278,4278,Debit Card,10942.2,2025-12-13 14:55:52.228395
4279,4279,Google Pay,7309.22,2025-08-02 20:23:20.987966
4280,4280,PayPal,1012.68,2026-01-26 05:58:41.257977
4281,4281,Credit Card,4654.8,2026-07-28 21:48:32.098574
4282,4282,Credit Card,1011.45,2026-01-07 04:36:08.022522
4283,4283,PayPal,4216.41,2026-03-19 14:35:32.747520
4284,4284,Debit Card,12927.67,2025-12-08 19:46:51.486854
4285,4285,Google Pay,13003.63,2025-08-14 05:30:05.708414
4286,4286,Google Pay,11732.75,2026-01-08 13:30:13.444196
4287,4287,Google Pay,2227.84,2026-05-12 06:57:46.486710
4288,4288,Credit Card,3510.63,2025-10-11 12:37:30.444781
4289,4289,Debit Card,3386.3,2026-07-22 11:54:23.481591
4290,4290,Google Pay,9967.13,2025-08-25 10:04:27.284704
4291,4291,Debit Card,1487.08,2026-02-23 18:59:59.663714
4292,4292,Credit Card,15167.67,2026-06-19 16:17:34.264210
4293,4293,Apple Pay,5112.93,2025-10-09 23:58:38.189037
4294,4294,Debit Card,15326.0,2026-01-08 08:43:24.300119
4295,4295,PayPal,1973.9,2025-12-31 18:21:27.735107
4296,4296,Debit Card,337.15,2026-04-06 08:46:39.809047
4297,4297,Credit Card,4381.16,2026-05-30 02:42:17.342382
4298,4298,Credit Card,1614.73,2026-07-29 21:04:17.985564
4299,4299,Debit Card,13594.18,2025-10-10 19:14:35.730971
4300,4300,PayPal,2714.02,2025-08-09 10:09:54.309824
4301,4301,Google Pay,11174.95,2026-03-27 22:33:51.496423
4302,4302,Apple Pay,4152.67,2025-08-02 01:59:34.131926
4303,4303,Apple Pay,4871.07,2026-04-08 09:07:13.727782
4304,4304,Credit Card,833.06,2025-11-30 17:05:32.829302
4305,4305,Debit Card,893.29,2025-08-11 10:29:17.380357
4306,4306,Debit Card,8797.35,2026-05-28 00:05:59.778788
4307,4307,Google Pay,8832.51,2026-04-11 10:48:09.612401
4308,4308,Apple Pay,8408.12,2026-01-09 03:06:38.541537
4309,4309,PayPal,10560.02,2026-02-26 00:15:52.733145
4310,4310,Google Pay,544.19,2025-10-03 19:04:31.577473
4311,4311,Google Pay,9981.3,2026-05-06 01:02:28.307552
4312,4312,PayPal,8667.23,2025-12-15 13:53:39.734537
4313,4313,Apple Pay,6949.36,2025-10-06 01:34:59.194998
4314,4314,Credit Card,12188.57,2026-01-08 01:46:44.839386
4315,4315,PayPal,2919.27,2026-07-29 14:45:06.881175
4316,4316,Apple Pay,6825.43,2026-04-20 14:55:48.886792
4317,4317,Apple Pay,10161.21,2026-01-31 16:53:18.458149
4318,4318,Google Pay,3735.8,2026-01-13 00:11:36.144416
4319,4319,Google Pay,296.19,2026-05-24 19:38:20.747029
4320,4320,Google Pay,11956.65,2026-05-20 00:58:45.662062
4321,4321,PayPal,13423.71,2025-11-12 01:20:02.872733
4322,4322,Google Pay,13472.91,2026-04-07 01:18:52.493501
4323,4323,Apple Pay,5519.04,2025-08-10 03:07:46.001411
4324,4324,Debit Card,11355.75,2025-11-15 02:39:34.050191
4325,4325,Credit Card,7736.33,2026-04-17 04:45:54.870450
4326,4326,Credit Card,10542.15,2026-03-28 20:13:52.320469
4327,4327,Apple Pay,8683.45,2025-11-29 03:27:59.712355
4328,4328,Google Pay,3047.47,2026-03-26 02:38:49.960139
4329,4329,Debit Card,365.85,2026-06-15 04:31:05.927031
4330,4330,Debit Card,5048.28,2026-07-08 06:13:10.671789
4331,4331,PayPal,11632.47,2026-03-17 19:03:19.875623
4332,4332,PayPal,16528.98,2025-11-18 15:05:44.922831
4333,4333,Credit Card,6789.05,2026-03-10 21:23:28.242573
4334,4334,Google Pay,13740.89,2025-09-17 03:59:01.977640
4335,4335,PayPal,5449.91,2026-02-16 07:24:25.372616
4336,4336,Apple Pay,4318.7,2026-04-26 19:37:52.750836
4337,4337,Credit Card,6611.05,2026-05-08 01:42:32.093150
4338,4338,Debit Card,10635.4,2026-01-14 08:20:23.132339
4339,4339,Credit Card,17158.9,2025-09-18 08:20:46.080550
4340,4340,Debit Card,10459.01,2026-06-07 23:24:37.846896
4341,4341,Google Pay,120.46,2026-06-17 17:22:16.153129
4342,4342,PayPal,17259.03,2026-04-23 15:32:45.816163
4343,4343,Apple Pay,12480.09,2026-02-07 01:27:25.652908
4344,4344,Credit Card,10089.0,2026-07-16 15:16:28.930838
4345,4345,Credit Card,7227.79,2025-12-19 00:40:00.033777
4346,4346,Debit Card,243.9,2025-11-19 01:35:35.501488
4347,4347,Google Pay,7698.87,2026-05-07 07:41:34.128638
4348,4348,Google Pay,10930.36,2026-04-08 17:49:19.851287
4349,4349,Debit Card,8314.5,2025-12-26 10:37:58.739605
4350,4350,Debit Card,7276.01,2026-07-22 05:15:21.545135
4351,4351,Apple Pay,5109.45,2025-10-02 16:24:47.855045
4352,4352,Debit Card,21575.65,2026-03-12 01:01:32.794236
4353,4353,Google Pay,10614.12,2026-05-31 19:10:48.026583
4354,4354,Debit Card,11883.28,2025-11-21 04:51:14.323734
4355,4355,Debit Card,10703.87,2025-10-29 02:24:39.896892
4356,4356,Google Pay,13171.47,2026-03-09 14:40:53.182288
4357,4357,PayPal,20430.16,2025-09-01 12:30:28.169090
4358,4358,Credit Card,6956.44,2026-04-24 01:39:11.202071
4359,4359,Google Pay,13944.75,2025-10-15 09:01:46.452352
4360,4360,Credit Card,6541.71,2025-09-03 00:14:39.465898
4361,4361,Apple Pay,7762.5,2025-12-05 05:15:47.606795
4362,4362,Apple Pay,14677.96,2026-05-11 06:20:35.862638
4363,4363,Apple Pay,4207.24,2026-06-04 15:05:55.363664
4364,4364,Apple Pay,13721.98,2026-01-11 14:05:15.518302
4365,4365,Google Pay,11157.3,2026-03-10 10:15:23.126613
4366,4366,Google Pay,13796.25,2026-07-12 10:47:38.923213
4367,4367,Debit Card,8121.28,2026-02-25 21:28:33.787451
4368,4368,Credit Card,6203.76,2026-04-29 05:22:52.188257
4369,4369,Apple Pay,7227.94,2026-04-02 02:19:18.733980
4370,4370,Credit Card,7164.8,2025-08-02 11:05:41.179369
4371,4371,Debit Card,13191.16,2025-12-16 18:24:08.562904
4372,4372,Debit Card,4155.85,2025-11-23 13:23:29.189740
4373,4373,PayPal,6634.25,2026-03-05 07:55:58.973237
4374,4374,Apple Pay,14983.24,2025-08-29 02:10:52.913848
4375,4375,PayPal,3723.98,2026-07-16 07:49:07.434822
4376,4376,PayPal,9505.41,2025-11-27 22:38:45.459926
4377,4377,PayPal,5492.67,2026-02-11 03:21:09.746789
4378,4378,Apple Pay,4466.0,2026-02-13 07:24:40.892909
4379,4379,PayPal,8786.85,2026-06-23 04:56:24.155569
4380,4380,Apple Pay,5458.82,2026-01-02 12:41:07.840188
4381,4381,Debit Card,6737.37,2025-08-07 20:42:51.560551
4382,4382,Credit Card,10539.12,2025-09-14 12:00:05.755852
4383,4383,Google Pay,9167.84,2026-07-10 08:15:55.750275
4384,4384,Apple Pay,6292.13,2026-02-21 03:40:07.735146
4385,4385,Apple Pay,15094.32,2026-02-11 13:55:31.687254
4386,4386,PayPal,11924.96,2026-05-05 12:29:39.723808
4387,4387,PayPal,13757.86,2026-01-21 20:20:41.483527
4388,4388,PayPal,2402.7,2025-07-30 18:31:30.564290
4389,4389,PayPal,10978.9,2025-08-11 04:23:46.963082
4390,4390,PayPal,3813.14,2026-03-02 10:07:12.694303
4391,4391,Debit Card,13041.84,2025-12-09 15:51:57.702389
4392,4392,Google Pay,12313.0,2026-05-27 03:40:10.286155
4393,4393,Apple Pay,10072.69,2025-11-21 05:19:25.487714
4394,4394,PayPal,5803.55,2026-03-18 08:56:41.483403
4395,4395,Credit Card,1728.4,2026-05-31 23:46:10.877220
4396,4396,PayPal,18581.53,2025-07-31 01:10:51.249513
4397,4397,Google Pay,11841.49,2025-11-05 11:49:22.898904
4398,4398,Google Pay,9287.96,2026-01-14 09:48:32.597638
4399,4399,PayPal,2735.95,2025-11-12 23:03:08.748471
4400,4400,Credit Card,592.38,2026-04-18 22:11:23.550524
4401,4401,PayPal,8026.04,2025-10-03 20:25:47.371064
4402,4402,Google Pay,10633.51,2026-07-21 20:51:02.825020
4403,4403,Credit Card,180.69,2026-05-24 12:29:17.969329
4404,4404,Debit Card,7355.1,2026-03-24 17:47:37.176486
4405,4405,PayPal,8791.77,2025-12-27 06:17:12.972085
4406,4406,Apple Pay,499.92,2026-02-13 01:13:10.284481
4407,4407,Google Pay,11194.37,2025-08-25 08:11:48.052466
4408,4408,Google Pay,8272.11,2025-08-31 07:27:10.281959
4409,4409,PayPal,5151.68,2025-08-31 13:13:01.857482
4410,4410,Debit Card,4023.28,2026-03-10 14:28:07.223380
4411,4411,Credit Card,7521.44,2026-03-29 20:28:11.869158
4412,4412,Google Pay,5492.67,2025-08-13 06:50:37.750099
4413,4413,Apple Pay,9896.16,2025-11-08 13:00:30.785086
4414,4414,Google Pay,2233.0,2025-12-15 20:12:19.885573
4415,4415,Apple Pay,2356.09,2026-02-26 06:34:35.586495
4416,4416,Apple Pay,14612.12,2025-08-02 04:58:59.443993
4417,4417,Apple Pay,12504.41,2026-04-27 22:12:31.103964
4418,4418,PayPal,4381.16,2026-01-27 03:14:18.258553
4419,4419,PayPal,10003.2,2026-03-16 17:34:13.244537
4420,4420,PayPal,7826.77,2025-11-18 22:03:33.738702
4421,4421,Debit Card,3082.8,2025-11-14 16:36:20.431170
4422,4422,Debit Card,592.38,2026-07-04 06:25:25.628978
4423,4423,Apple Pay,6534.79,2026-04-23 04:53:56.121175
4424,4424,Apple Pay,1542.73,2026-01-14 09:54:00.746018
4425,4425,Google Pay,6040.92,2026-06-29 03:49:54.458039
4426,4426,Apple Pay,8122.76,2025-09-02 08:40:44.944903
4427,4427,PayPal,4079.76,2026-05-13 23:17:06.148687
4428,4428,Credit Card,7969.6,2025-10-14 22:27:07.430816
4429,4429,PayPal,5450.86,2026-04-06 06:10:52.997317
4430,4430,Credit Card,3585.0,2026-05-07 04:16:05.920315
4431,4431,Apple Pay,3681.56,2026-06-17 10:02:12.841202
4432,4432,Google Pay,13284.95,2026-06-13 02:13:24.353452
4433,4433,PayPal,5831.04,2025-11-26 20:13:37.099704
4434,4434,Google Pay,18162.42,2026-02-13 15:40:35.054141
4435,4435,Debit Card,3213.06,2025-10-22 15:22:16.251162
4436,4436,Google Pay,14282.61,2026-01-18 03:19:06.408536
4437,4437,Apple Pay,3446.78,2025-08-27 03:11:23.897338
4438,4438,Google Pay,6300.45,2026-02-09 20:12:38.338140
4439,4439,PayPal,7008.65,2026-06-12 04:33:51.082410
4440,4440,Credit Card,10835.79,2025-09-21 09:53:40.223689
4441,4441,Credit Card,9290.92,2025-09-17 13:24:48.347726
4442,4442,PayPal,7907.54,2026-04-08 11:28:51.813526
4443,4443,Google Pay,927.5,2026-05-24 19:55:47.537649
4444,4444,PayPal,10594.78,2026-02-19 06:13:36.336941
4445,4445,PayPal,10471.98,2026-05-17 03:10:37.116863
4446,4446,Google Pay,16343.28,2025-08-23 12:42:52.658349
4447,4447,Apple Pay,5248.17,2026-04-01 02:33:00.326943
4448,4448,Google Pay,12524.09,2026-02-04 01:19:19.592022
4449,4449,Apple Pay,1012.68,2026-06-17 14:07:16.774008
4450,4450,Apple Pay,1857.2,2025-12-02 04:43:19.878794
4451,4451,Debit Card,14121.21,2026-01-14 07:57:45.551334
4452,4452,Apple Pay,15627.65,2026-03-31 00:49:57.408232
4453,4453,Credit Card,18540.96,2025-08-28 08:20:18.893123
4454,4454,Apple Pay,10787.09,2026-04-09 14:48:35.594683
4455,4455,Apple Pay,2526.52,2025-09-22 06:03:06.107106
4456,4456,Credit Card,15395.75,2026-01-30 05:19:54.794204
4457,4457,Debit Card,5422.51,2025-12-09 12:38:06.590816
4458,4458,PayPal,15007.48,2026-05-16 12:14:36.300923
4459,4459,Google Pay,9927.5,2025-07-31 21:22:30.438785
4460,4460,Apple Pay,7735.16,2026-03-25 19:07:16.741226
4461,4461,Credit Card,5095.9,2026-05-12 04:51:39.973826
4462,4462,PayPal,296.19,2026-02-18 00:44:16.466430
4463,4463,Credit Card,4846.6,2025-08-28 08:50:50.661884
4464,4464,PayPal,6790.14,2026-03-23 15:01:30.699589
4465,4465,Apple Pay,9535.12,2026-06-13 16:17:50.034655
4466,4466,PayPal,4846.6,2026-04-11 21:32:57.473149
4467,4467,PayPal,5937.95,2026-05-05 01:22:59.506371
4468,4468,Google Pay,1861.99,2026-03-12 19:35:33.826299
4469,4469,Debit Card,2160.06,2026-03-27 04:27:14.215616
4470,4470,Apple Pay,11627.29,2025-12-23 18:23:52.274940
4471,4471,PayPal,2323.76,2026-04-05 09:54:22.748296
4472,4472,Google Pay,2449.67,2026-02-05 20:16:15.832492
4473,4473,PayPal,5492.67,2026-03-10 06:31:02.520040
4474,4474,Credit Card,13770.03,2026-06-17 19:42:54.428922
4475,4475,Google Pay,15379.66,2025-12-13 07:22:48.227020
4476,4476,Credit Card,4350.88,2025-09-23 05:26:43.074276
4477,4477,Credit Card,1637.07,2026-07-20 19:45:17.381100
4478,4478,Credit Card,13861.35,2026-01-20 00:24:28.628049
4479,4479,Google Pay,5598.64,2025-10-23 20:04:32.493360
4480,4480,Debit Card,9053.57,2025-08-13 18:29:06.127451
4481,4481,PayPal,3471.54,2025-10-14 15:41:39.113053
4482,4482,Google Pay,6365.01,2025-10-16 15:36:31.955043
4483,4483,Debit Card,1857.2,2026-05-16 08:57:11.434950
4484,4484,PayPal,2118.52,2026-03-13 19:17:27.808059
4485,4485,PayPal,17936.59,2026-03-18 08:28:43.651280
4486,4486,Apple Pay,5407.15,2026-04-27 22:27:01.236068
4487,4487,Credit Card,8564.46,2026-01-22 04:52:33.925371
4488,4488,Debit Card,12205.24,2026-01-16 03:15:46.401983
4489,4489,Apple Pay,13470.8,2026-02-05 23:39:50.844311
4490,4490,Apple Pay,11804.33,2025-09-30 05:01:15.536149
4491,4491,Credit Card,9907.29,2026-03-31 06:37:50.310278
4492,4492,PayPal,4526.76,2026-07-24 11:52:36.913574
4493,4493,Debit Card,11204.51,2025-11-27 01:39:31.337453
4494,4494,Google Pay,12061.98,2026-05-20 03:39:41.060962
4495,4495,Google Pay,12088.89,2025-09-28 10:16:48.055096
4496,4496,Apple Pay,9441.62,2026-06-13 07:27:47.135007
4497,4497,Apple Pay,2812.21,2026-07-07 15:55:43.471217
4498,4498,Google Pay,3085.46,2026-02-13 16:27:54.746842
4499,4499,Google Pay,13827.43,2026-05-22 12:23:31.667115
4500,4500,Debit Card,6210.84,2026-07-26 13:44:15.741849
4501,4501,Apple Pay,3677.7,2026-01-26 15:20:44.924064
4502,4502,Debit Card,6190.31,2026-04-17 08:49:29.776908
4503,4503,PayPal,9264.85,2026-04-25 07:25:35.966072
4504,4504,PayPal,8570.53,2025-10-24 16:09:16.903519
4505,4505,Debit Card,2046.37,2026-04-22 04:13:24.357937
4506,4506,Google Pay,14058.25,2025-10-03 06:02:13.185234
4507,4507,Debit Card,1011.45,2025-12-08 09:46:38.261825
4508,4508,PayPal,3410.15,2026-01-14 16:53:22.651450
4509,4509,Credit Card,3599.06,2026-03-23 06:00:14.199713
4510,4510,PayPal,4687.32,2025-12-04 10:44:49.943388
4511,4511,Google Pay,12841.64,2025-09-09 06:46:20.390156
4512,4512,Google Pay,14133.61,2025-12-05 02:04:07.448335
4513,4513,Credit Card,7030.98,2026-07-27 17:04:25.375994
4514,4514,PayPal,1220.13,2025-08-15 13:53:38.609336
4515,4515,Debit Card,11368.86,2026-05-23 23:25:18.404588
4516,4516,Credit Card,5285.21,2025-11-22 11:49:39.603168
4517,4517,Debit Card,3515.02,2025-11-02 01:37:39.817397
4518,4518,PayPal,8764.69,2025-08-05 02:32:55.035166
4519,4519,Debit Card,4841.09,2026-07-03 05:16:58.864533
4520,4520,Credit Card,3295.67,2025-10-05 04:26:19.170908
4521,4521,Credit Card,14209.2,2026-03-06 10:51:23.630483
4522,4522,PayPal,11251.38,2026-07-12 21:48:00.354852
4523,4523,Credit Card,12569.81,2026-01-05 02:11:35.729831
4524,4524,Apple Pay,17880.32,2026-01-12 13:38:36.628699
4525,4525,Debit Card,13403.02,2025-11-18 22:18:36.721102
4526,4526,Credit Card,6526.32,2025-08-25 22:10:43.870134
4527,4527,Google Pay,9283.54,2026-04-06 08:47:52.637613
4528,4528,Apple Pay,3352.46,2026-04-28 09:32:08.781059
4529,4529,PayPal,2227.84,2026-03-17 17:07:10.986524
4530,4530,Credit Card,10307.24,2026-04-28 13:15:27.468824
4531,4531,Google Pay,14765.77,2026-04-06 14:12:25.691981
4532,4532,PayPal,8558.16,2026-04-28 04:10:12.919083
4533,4533,Debit Card,5031.38,2026-02-27 01:02:40.952687
4534,4534,Apple Pay,3979.91,2026-05-30 22:01:58.255337
4535,4535,Credit Card,14384.66,2026-03-24 23:59:20.858306
4536,4536,Google Pay,10823.3,2026-06-17 01:31:11.018040
4537,4537,PayPal,13003.35,2025-08-03 14:13:28.521403
4538,4538,Google Pay,12213.5,2026-06-28 13:00:48.996682
4539,4539,Debit Card,6139.11,2026-07-03 10:24:03.429312
4540,4540,PayPal,4381.16,2026-07-18 22:26:47.562684
4541,4541,Google Pay,5546.49,2026-06-30 04:06:31.528081
4542,4542,Google Pay,16308.16,2025-10-17 05:31:17.165817
4543,4543,Google Pay,1123.02,2025-11-27 13:13:38.574086
4544,4544,Apple Pay,7157.55,2026-02-06 07:25:28.172759
4545,4545,Credit Card,7288.37,2026-02-04 18:19:18.152350
4546,4546,PayPal,11525.14,2026-01-25 06:25:32.259510
4547,4547,PayPal,14053.95,2026-03-21 18:48:04.230290
4548,4548,Credit Card,11181.62,2025-09-20 05:15:19.307522
4549,4549,Google Pay,6342.79,2025-08-03 07:35:11.414783
4550,4550,Credit Card,8916.6,2025-09-07 16:38:03.367947
4551,4551,PayPal,8385.33,2025-10-24 12:06:08.119205
4552,4552,Credit Card,13428.08,2026-02-28 09:47:34.699032
4553,4553,Debit Card,2777.19,2025-10-01 06:00:59.522338
4554,4554,Apple Pay,11377.76,2025-09-29 14:23:02.038873
4555,4555,Google Pay,1542.73,2025-11-21 21:27:24.851602
4556,4556,Google Pay,9497.0,2026-02-07 08:18:02.483317
4557,4557,Google Pay,1059.26,2025-12-17 07:54:36.373627
4558,4558,Debit Card,14333.07,2026-06-10 12:32:19.650222
4559,4559,Google Pay,6790.14,2025-12-31 13:55:17.894718
4560,4560,Apple Pay,6415.64,2026-06-24 08:17:09.845717
4561,4561,Credit Card,10381.65,2026-01-05 06:23:36.214332
4562,4562,Credit Card,3722.84,2025-11-21 03:34:10.898558
4563,4563,Debit Card,7030.98,2025-09-06 01:16:03.975490
4564,4564,PayPal,18054.32,2026-06-14 02:00:55.481000
4565,4565,Apple Pay,12266.41,2026-01-13 08:55:22.086673
4566,4566,Debit Card,6013.88,2026-04-30 21:20:19.807523
4567,4567,PayPal,9049.19,2026-06-22 20:37:36.872905
4568,4568,Debit Card,2043.95,2025-11-12 00:49:18.094910
4569,4569,Debit Card,5127.0,2026-05-16 21:06:35.067809
4570,4570,Apple Pay,16401.62,2026-05-24 19:50:45.384682
4571,4571,PayPal,15940.39,2026-01-06 12:30:39.950938
4572,4572,Debit Card,8703.02,2026-02-21 13:26:32.331383
4573,4573,Google Pay,1749.0,2025-09-01 05:26:02.757130
4574,4574,Debit Card,15767.06,2025-12-27 17:43:30.145684
4575,4575,Apple Pay,5900.72,2026-05-03 08:38:30.799428
4576,4576,Debit Card,9780.75,2026-03-26 01:24:17.125329
4577,4577,Debit Card,6790.14,2025-12-04 15:53:46.874222
4578,4578,Apple Pay,8468.09,2026-05-20 23:26:02.458183
4579,4579,PayPal,12747.08,2025-09-10 04:13:57.424290
4580,4580,Credit Card,14371.7,2025-12-19 06:01:36.894296
4581,4581,PayPal,5505.45,2025-11-13 07:10:44.957366
4582,4582,Credit Card,6186.13,2025-08-28 22:52:19.035379
4583,4583,PayPal,2712.52,2026-07-08 19:56:35.172701
4584,4584,Debit Card,13864.44,2026-06-07 10:43:20.078480
4585,4585,Debit Card,14320.53,2025-10-21 09:15:37.917613
4586,4586,Apple Pay,11736.03,2026-07-12 07:56:52.866772
4587,4587,Apple Pay,2390.0,2025-12-13 04:30:33.503449
4588,4588,Apple Pay,8711.58,2026-07-30 06:18:47.047458
4589,4589,Apple Pay,927.5,2026-03-06 09:21:57.933682
4590,4590,PayPal,7587.72,2025-10-24 08:23:16.957147
4591,4591,Credit Card,11817.41,2026-01-28 06:56:38.328498
4592,4592,PayPal,6174.09,2025-10-10 01:58:18.234543
4593,4593,Google Pay,13101.37,2025-10-24 11:01:29.628710
4594,4594,Google Pay,6700.07,2026-05-29 17:38:35.543738
4595,4595,Debit Card,6436.29,2026-03-17 05:19:51.282113
4596,4596,Google Pay,13140.13,2025-11-13 14:06:48.855155
4597,4597,Credit Card,7505.18,2026-06-27 12:42:11.233256
4598,4598,Apple Pay,9308.47,2025-08-08 07:05:09.415168
4599,4599,Credit Card,9225.35,2026-04-29 10:48:12.304056
4600,4600,Apple Pay,3311.31,2025-11-06 23:36:35.723775
4601,4601,PayPal,3213.06,2025-12-02 01:50:14.853472
4602,4602,Apple Pay,4928.09,2026-03-01 00:35:34.759168
4603,4603,Debit Card,10882.88,2026-06-22 00:40:43.992179
4604,4604,PayPal,9194.0,2025-09-21 06:19:48.670080
4605,4605,Debit Card,8487.87,2025-09-30 18:06:51.461439
4606,4606,Google Pay,5881.91,2026-06-10 05:41:23.303610
4607,4607,Credit Card,7805.23,2025-08-13 06:15:17.337029
4608,4608,PayPal,4141.59,2026-07-02 01:55:39.191693
4609,4609,Credit Card,3069.81,2026-03-12 23:14:36.220078
4610,4610,PayPal,3470.75,2025-08-07 19:47:29.663348
4611,4611,Google Pay,12303.63,2026-07-08 12:39:03.110734
4612,4612,PayPal,2638.63,2025-11-13 07:43:08.393116
4613,4613,Credit Card,5579.28,2025-09-10 13:21:32.208854
4614,4614,Credit Card,10352.88,2026-05-10 12:17:43.036422
4615,4615,Debit Card,374.34,2025-09-08 23:36:32.127150
4616,4616,Credit Card,14008.71,2025-11-15 01:12:42.865506
4617,4617,Google Pay,5301.08,2025-09-29 16:09:55.887847
4618,4618,Credit Card,10084.6,2026-06-05 06:21:22.123516
4619,4619,Apple Pay,12477.21,2025-10-06 02:18:47.097773
4620,4620,Google Pay,1123.02,2025-09-06 08:03:48.131034
4621,4621,Debit Card,8286.93,2026-03-27 03:24:50.212122
4622,4622,Apple Pay,3177.78,2026-04-12 16:59:43.658417
4623,4623,Debit Card,12155.58,2025-10-08 10:49:45.484668
4624,4624,Apple Pay,6444.65,2026-01-12 14:31:07.126426
4625,4625,Credit Card,5404.9,2025-11-15 16:14:00.849895
4626,4626,Apple Pay,6022.56,2026-06-22 09:18:52.228437
4627,4627,PayPal,6790.14,2026-01-17 20:13:12.749904
4628,4628,Google Pay,17703.91,2025-11-17 02:13:54.455064
4629,4629,Debit Card,6699.0,2026-04-19 08:21:50.921178
4630,4630,Debit Card,9678.89,2026-01-01 18:02:12.452585
4631,4631,Credit Card,9212.94,2026-05-01 01:07:48.233182
4632,4632,Google Pay,1195.0,2026-06-17 05:59:55.339748
4633,4633,Debit Card,12611.73,2025-09-24 06:53:18.936832
4634,4634,PayPal,17841.06,2025-08-03 03:41:45.881888
4635,4635,Credit Card,1671.32,2026-05-28 10:53:09.599771
4636,4636,Apple Pay,2390.0,2026-05-26 18:55:56.707812
4637,4637,PayPal,11874.56,2026-05-22 22:20:33.324637
4638,4638,Credit Card,10666.36,2025-11-07 19:01:05.204099
4639,4639,Debit Card,13248.94,2025-08-21 06:53:42.534993
4640,4640,Google Pay,833.06,2025-12-10 13:50:55.721635
4641,4641,Credit Card,1499.76,2026-04-11 08:41:48.013524
4642,4642,Credit Card,674.3,2026-05-26 10:32:51.816447
4643,4643,PayPal,4027.28,2026-05-01 14:44:48.993448
4644,4644,Credit Card,8029.28,2025-12-23 20:53:43.947996
4645,4645,Debit Card,1542.73,2025-08-06 17:55:50.834615
4646,4646,Apple Pay,6187.22,2026-01-30 22:00:58.307675
4647,4647,Debit Card,5134.53,2026-01-20 10:36:43.301149
4648,4648,PayPal,6518.21,2026-07-14 00:15:38.361919
4649,4649,Google Pay,6253.38,2026-03-22 05:07:46.653151
4650,4650,Google Pay,23964.36,2025-11-25 21:39:29.653851
4651,4651,Apple Pay,8041.47,2026-07-01 04:03:36.825724
4652,4652,Google Pay,16119.83,2025-09-20 00:28:36.564211
4653,4653,PayPal,8930.53,2025-09-11 18:24:47.899127
4654,4654,Credit Card,18731.27,2026-02-17 06:15:47.341820
4655,4655,PayPal,11957.22,2026-03-25 02:45:25.998307
4656,4656,Debit Card,506.34,2025-08-02 14:50:47.912712
4657,4657,Debit Card,10318.24,2026-06-17 05:51:35.018264
4658,4658,Debit Card,7209.59,2026-04-23 20:08:31.114420
4659,4659,PayPal,5438.98,2025-10-11 01:28:35.849115
4660,4660,Apple Pay,8441.78,2025-08-01 19:24:52.324741
4661,4661,PayPal,2332.1,2026-02-14 06:03:33.198267
4662,4662,Debit Card,16878.04,2026-06-23 17:39:08.993272
4663,4663,Apple Pay,1872.68,2026-02-05 00:07:32.318745
4664,4664,Credit Card,927.5,2026-01-18 01:26:10.138742
4665,4665,Debit Card,13183.25,2025-09-16 21:04:01.008789
4666,4666,PayPal,10877.04,2025-12-27 20:57:10.567582
4667,4667,Google Pay,10245.62,2026-07-25 05:17:56.975930
4668,4668,PayPal,10673.49,2026-07-18 23:52:42.214064
4669,4669,Debit Card,11395.92,2025-09-13 00:23:34.372902
4670,4670,Credit Card,1418.16,2026-04-24 13:05:28.721629
4671,4671,Credit Card,14174.8,2025-09-30 00:14:23.760871
4672,4672,PayPal,8208.56,2025-08-06 08:11:41.053049
4673,4673,Apple Pay,9891.75,2026-05-20 07:46:48.567209
4674,4674,PayPal,5833.55,2026-03-15 05:40:38.416345
4675,4675,Google Pay,12160.44,2025-12-23 00:56:34.261133
4676,4676,Debit Card,5855.1,2026-01-25 22:21:22.422784
4677,4677,Debit Card,7388.09,2026-03-09 14:42:00.300244
4678,4678,Debit Card,7548.45,2026-06-23 06:31:30.785465
4679,4679,Google Pay,10764.14,2025-09-22 17:57:12.352016
4680,4680,Credit Card,4908.75,2025-11-17 06:09:27.307934
4681,4681,Google Pay,1519.02,2026-01-20 20:02:03.428088
4682,4682,Debit Card,6883.92,2026-03-13 21:35:50.121578
4683,4683,Credit Card,1463.28,2025-11-24 06:35:47.539754
4684,4684,Debit Card,4953.52,2025-12-08 01:01:07.554558
4685,4685,Credit Card,8408.67,2026-05-03 14:14:29.871756
4686,4686,PayPal,4092.74,2026-02-04 04:06:06.946959
4687,4687,Debit Card,592.38,2026-02-12 22:01:34.567427
4688,4688,Google Pay,2546.28,2026-01-20 16:06:14.113766
4689,4689,PayPal,11561.56,2026-03-25 00:10:11.481666
4690,4690,Credit Card,14009.8,2026-04-01 12:17:59.692270
4691,4691,Debit Card,7693.58,2025-11-25 06:08:00.893068
4692,4692,Debit Card,19532.54,2025-11-03 16:00:04.270014
4693,4693,Credit Card,6189.03,2025-12-12 13:24:31.079628
4694,4694,PayPal,14209.65,2025-12-07 21:31:46.616116
4695,4695,Apple Pay,6168.6,2026-07-03 13:13:05.825557
4696,4696,Credit Card,3566.61,2025-11-24 13:41:26.609594
4697,4697,Debit Card,4519.15,2026-01-30 23:51:58.243819
4698,4698,Credit Card,4647.19,2026-03-12 08:56:39.042457
4699,4699,PayPal,7829.08,2025-09-19 09:32:20.765083
4700,4700,Credit Card,6514.16,2026-02-10 07:24:29.212105
4701,4701,Apple Pay,1059.26,2025-09-05 17:40:38.888736
4702,4702,Google Pay,2320.14,2026-03-14 09:24:59.093622
4703,4703,PayPal,3546.13,2025-12-08 23:04:45.853429
4704,4704,Apple Pay,12925.76,2026-03-06 18:15:58.175994
4705,4705,PayPal,9518.5,2026-02-20 23:37:58.690229
4706,4706,Credit Card,15492.05,2026-01-30 07:44:33.893697
4707,4707,Google Pay,5012.67,2026-03-07 19:27:27.030786
4708,4708,Debit Card,6806.12,2026-03-22 17:17:47.869550
4709,4709,Debit Card,3594.08,2026-04-04 02:15:03.229501
4710,4710,Google Pay,11081.82,2026-03-13 07:23:12.577924
4711,4711,Apple Pay,8723.86,2025-12-29 07:24:48.697770
4712,4712,Google Pay,2172.46,2026-07-16 19:19:27.201426
4713,4713,Debit Card,7498.18,2026-02-27 05:27:59.263655
4714,4714,Google Pay,1581.21,2025-12-12 14:21:31.983784
4715,4715,Credit Card,17644.12,2026-03-19 04:20:36.286979
4716,4716,Apple Pay,12096.3,2025-12-17 12:59:22.079985
4717,4717,Apple Pay,8879.57,2026-04-17 00:00:56.343694
4718,4718,PayPal,11632.4,2026-02-18 07:17:31.166221
4719,4719,Credit Card,10019.43,2025-09-08 16:13:46.911373
4720,4720,Debit Card,5137.98,2026-04-14 03:47:45.642589
4721,4721,Credit Card,2108.7,2026-04-18 10:45:34.337338
4722,4722,Google Pay,4381.16,2026-05-21 09:48:05.722205
4723,4723,PayPal,3473.36,2025-12-29 18:02:51.192374
4724,4724,Credit Card,1830.89,2026-06-28 02:00:37.638323
4725,4725,Google Pay,8881.85,2025-08-17 02:32:36.811728
4726,4726,PayPal,12818.12,2025-11-14 01:43:32.346497
4727,4727,Debit Card,3485.64,2026-04-19 19:07:45.813652
4728,4728,Apple Pay,10674.56,2026-03-20 18:36:25.177342
4729,4729,Apple Pay,7871.38,2025-09-12 04:38:12.741502
4730,4730,Google Pay,10991.85,2025-12-21 11:13:40.864655
4731,4731,Apple Pay,4691.9,2026-04-08 21:29:34.195319
4732,4732,PayPal,14965.69,2025-09-01 17:39:40.244617
4733,4733,Apple Pay,13679.26,2026-03-07 06:13:44.075207
4734,4734,PayPal,8734.18,2025-10-01 03:03:50.469680
4735,4735,Debit Card,3023.86,2025-12-04 01:39:15.863054
4736,4736,Credit Card,296.19,2026-04-03 06:39:04.225174
4737,4737,Google Pay,8230.95,2026-01-01 03:47:23.564806
4738,4738,Credit Card,13153.2,2025-12-15 06:09:35.550539
4739,4739,Google Pay,5027.45,2025-09-10 00:06:22.182350
4740,4740,Credit Card,10157.16,2026-01-08 05:27:17.602242
4741,4741,Debit Card,6937.63,2026-03-16 18:27:28.990706
4742,4742,Google Pay,18395.76,2026-01-07 16:00:26.286984
4743,4743,Google Pay,2830.01,2025-12-11 08:26:42.086736
4744,4744,Apple Pay,748.68,2026-05-09 08:44:45.857216
4745,4745,Debit Card,5681.37,2026-03-09 00:04:21.040706
4746,4746,PayPal,11942.14,2026-02-18 20:54:53.663769
4747,4747,Debit Card,11698.59,2026-06-05 20:24:59.664218
4748,4748,Debit Card,13220.14,2025-09-04 23:06:59.187865
4749,4749,Credit Card,9599.83,2026-01-01 14:31:58.072742
4750,4750,Debit Card,6290.25,2026-04-08 01:02:43.956584
4751,4751,PayPal,5519.05,2025-08-18 06:02:23.364730
4752,4752,Apple Pay,2233.0,2026-04-01 14:44:42.798790
4753,4753,PayPal,11771.63,2026-05-17 08:36:40.547276
4754,4754,PayPal,3969.73,2026-07-26 01:04:02.363260
4755,4755,Debit Card,11572.71,2025-08-13 05:49:11.341793
4756,4756,PayPal,3485.64,2025-09-26 11:43:31.727992
4757,4757,Google Pay,2974.16,2026-02-03 11:27:46.586510
4758,4758,Apple Pay,9777.92,2026-04-04 17:38:15.921026
4759,4759,Credit Card,3700.34,2025-09-25 20:28:41.742178
4760,4760,Debit Card,8606.87,2025-11-11 11:26:41.828654
4761,4761,Credit Card,7679.64,2025-12-13 10:38:13.243728
4762,4762,Apple Pay,14665.54,2026-03-06 12:37:07.392073
4763,4763,Apple Pay,4943.88,2026-06-23 18:05:15.068574
4764,4764,Google Pay,4981.31,2026-05-30 11:05:40.451428
4765,4765,Credit Card,11778.0,2025-11-30 09:50:29.582141
4766,4766,Apple Pay,11488.94,2026-04-12 16:34:13.954870
4767,4767,Debit Card,5321.52,2026-01-12 12:36:35.319646
4768,4768,Apple Pay,7030.98,2026-05-19 06:38:44.029964
4769,4769,Credit Card,14208.12,2026-04-18 03:31:24.465291
4770,4770,Debit Card,10423.76,2025-12-02 22:38:25.425641
4771,4771,Google Pay,1486.0,2026-01-06 08:17:41.422493
4772,4772,Credit Card,1220.13,2026-03-10 21:22:42.408501
4773,4773,Debit Card,12712.35,2026-02-13 02:34:04.600225
4774,4774,Google Pay,17290.77,2025-09-12 17:08:50.671809
4775,4775,Apple Pay,5790.82,2025-10-28 13:30:09.270409
4776,4776,Google Pay,7402.17,2025-10-27 13:14:23.700283
4777,4777,Credit Card,17813.94,2026-06-20 15:05:02.693645
4778,4778,Credit Card,6119.64,2026-07-06 05:16:59.738997
4779,4779,Debit Card,8835.12,2025-12-31 07:10:37.585459
4780,4780,PayPal,5585.97,2025-10-25 23:19:54.681406
4781,4781,Apple Pay,6141.49,2025-12-18 03:59:48.256543
4782,4782,PayPal,9174.33,2026-06-16 06:38:18.426674
4783,4783,Debit Card,2189.55,2025-09-27 23:29:33.531348
4784,4784,Google Pay,5492.67,2026-01-25 14:45:11.715027
4785,4785,Apple Pay,9182.96,2025-12-02 23:04:11.741025
4786,4786,Google Pay,14019.18,2026-05-08 07:39:58.967383
4787,4787,Apple Pay,2343.66,2026-03-21 06:45:50.181033
4788,4788,PayPal,6571.74,2025-08-28 23:54:04.923858
4789,4789,PayPal,2144.48,2025-08-27 05:20:58.079848
4790,4790,Credit Card,5623.12,2026-02-12 05:33:28.086789
4791,4791,Google Pay,13557.57,2026-03-31 02:14:24.545351
4792,4792,PayPal,5034.98,2026-02-15 04:20:38.806135
4793,4793,Apple Pay,1161.88,2025-10-18 22:26:52.711361
4794,4794,Credit Card,9319.3,2025-08-03 16:18:18.200001
4795,4795,Credit Card,986.95,2025-11-30 19:15:58.908354
4796,4796,Google Pay,8123.63,2025-11-19 10:35:16.143102
4797,4797,PayPal,3079.15,2025-08-05 15:32:20.668021
4798,4798,PayPal,3464.49,2026-05-06 04:59:51.721381
4799,4799,Debit Card,7959.82,2026-01-08 16:16:51.513601
4800,4800,Apple Pay,6239.61,2025-12-16 14:46:37.994113
4801,4801,Credit Card,7099.2,2026-01-25 04:51:35.069125
4802,4802,Credit Card,2039.88,2026-05-04 03:28:26.784841
4803,4803,Debit Card,17162.46,2025-11-18 13:28:12.844898
4804,4804,Credit Card,463.75,2025-11-09 22:56:29.480566
4805,4805,Debit Card,4167.3,2026-01-14 16:35:34.742080
4806,4806,PayPal,10412.48,2026-01-22 06:31:21.753682
4807,4807,PayPal,2531.5,2025-10-23 08:05:27.919538
4808,4808,Credit Card,2936.04,2026-05-28 20:16:19.305016
4809,4809,Apple Pay,7412.23,2026-06-09 10:48:49.188637
4810,4810,Debit Card,10825.06,2026-06-26 12:38:40.776434
4811,4811,Apple Pay,16287.21,2025-12-08 13:56:32.796592
4812,4812,PayPal,12111.52,2026-07-13 05:43:29.669254
4813,4813,Apple Pay,1519.02,2026-02-03 02:48:05.328410
4814,4814,Credit Card,8061.02,2026-05-07 04:04:52.110117
4815,4815,Debit Card,2960.85,2025-12-09 01:35:21.403456
4816,4816,Credit Card,13013.3,2026-01-25 21:11:35.527188
4817,4817,Google Pay,14789.0,2026-04-21 01:31:14.702471
4818,4818,Google Pay,10144.49,2025-08-05 16:57:28.295097
4819,4819,Google Pay,566.57,2026-02-25 07:17:41.691423
4820,4820,Apple Pay,3299.29,2025-10-31 23:31:20.962835
4821,4821,Debit Card,10298.5,2025-08-28 23:55:35.427110
4822,4822,Credit Card,14232.08,2026-02-07 06:16:18.585130
4823,4823,Apple Pay,11394.04,2026-01-14 05:18:29.753871
4824,4824,Google Pay,9722.14,2026-03-04 14:43:55.938830
4825,4825,Apple Pay,13001.65,2025-12-11 01:31:45.778254
4826,4826,Google Pay,5614.62,2025-09-03 11:20:16.580648
4827,4827,Debit Card,4251.02,2025-11-27 10:40:52.686424
4828,4828,Debit Card,14888.63,2025-10-31 12:54:59.146783
4829,4829,Google Pay,9029.12,2026-05-11 04:30:25.647918
4830,4830,PayPal,4364.01,2026-05-04 10:41:31.062537
4831,4831,Apple Pay,1403.5,2025-12-14 01:30:41.070524
4832,4832,Apple Pay,8068.73,2026-07-20 16:14:40.145344
4833,4833,Google Pay,12355.27,2025-11-13 15:14:49.993673
4834,4834,Google Pay,11991.2,2026-03-07 09:55:02.849138
4835,4835,Credit Card,11247.37,2026-03-30 02:49:33.035895
4836,4836,Debit Card,2323.76,2025-11-29 04:59:10.134991
4837,4837,Debit Card,13602.64,2026-01-16 15:02:58.327854
4838,4838,Debit Card,10133.16,2026-03-27 16:12:43.625354
4839,4839,Debit Card,12034.91,2026-01-21 09:35:47.799882
4840,4840,Debit Card,4361.17,2026-07-21 22:58:25.700279
4841,4841,PayPal,324.12,2025-11-21 05:38:24.447851
4842,4842,Credit Card,9904.24,2025-09-14 01:10:22.576991
4843,4843,Credit Card,4628.19,2026-07-09 19:23:23.479015
4844,4844,Apple Pay,4624.73,2025-08-05 19:05:33.910519
4845,4845,Credit Card,9940.85,2025-09-18 21:56:08.886353
4846,4846,Google Pay,13496.04,2026-02-19 10:33:31.188039
4847,4847,Debit Card,2665.96,2025-09-21 16:08:32.591142
4848,4848,Google Pay,13734.88,2026-02-20 04:53:06.944846
4849,4849,Credit Card,3005.52,2026-04-21 21:05:33.413494
4850,4850,PayPal,8499.52,2026-07-05 02:45:51.803812
4851,4851,Apple Pay,4100.3,2026-01-09 02:39:39.105713
4852,4852,Apple Pay,648.24,2026-05-24 01:01:37.227027
4853,4853,PayPal,4350.88,2025-08-31 19:43:47.108573
4854,4854,Google Pay,6296.89,2026-07-05 15:56:02.267481
4855,4855,Debit Card,13340.35,2025-10-04 21:37:03.292194
4856,4856,Apple Pay,6259.05,2025-11-27 16:26:25.513819
4857,4857,Google Pay,19009.51,2026-01-15 18:18:27.376053
4858,4858,Apple Pay,8036.72,2026-02-19 07:49:02.102681
4859,4859,Google Pay,7030.98,2026-03-07 03:01:56.582065
4860,4860,Debit Card,19600.22,2025-09-23 13:39:30.205671
4861,4861,Apple Pay,9456.62,2025-11-28 19:36:26.992561
4862,4862,Debit Card,4493.57,2025-11-06 23:39:51.638029
4863,4863,Apple Pay,9152.6,2025-10-10 22:16:38.678812
4864,4864,Credit Card,2046.37,2026-01-24 06:55:14.322989
4865,4865,Debit Card,365.85,2025-10-12 08:16:29.350634
4866,4866,Apple Pay,6915.16,2026-05-12 15:06:32.953072
4867,4867,Google Pay,11261.21,2025-11-05 05:26:06.751759
4868,4868,Google Pay,15929.59,2025-11-28 14:02:38.622007
4869,4869,Debit Card,10190.25,2026-02-16 13:12:45.594230
4870,4870,Credit Card,8682.63,2025-09-15 22:42:40.779466
4871,4871,Google Pay,3177.78,2026-03-23 10:00:06.738237
4872,4872,Apple Pay,2390.0,2026-06-12 22:14:35.105649
4873,4873,Google Pay,5484.16,2025-12-11 08:07:57.868124
4874,4874,Credit Card,15483.66,2026-06-23 18:09:00.963084
4875,4875,PayPal,8650.69,2025-10-25 13:56:17.058358
4876,4876,Google Pay,7694.25,2025-11-08 22:05:28.386506
4877,4877,Google Pay,10350.4,2025-10-25 22:08:40.163449
4878,4878,PayPal,4819.59,2026-02-12 12:30:02.798767
4879,4879,Debit Card,10353.37,2026-05-15 03:17:03.907265
4880,4880,Credit Card,1389.1,2026-03-29 19:41:03.097030
4881,4881,PayPal,5523.54,2026-02-12 09:56:11.442168
4882,4882,Google Pay,9876.81,2026-04-15 04:00:58.181875
4883,4883,Google Pay,8879.24,2026-05-05 20:40:53.641222
4884,4884,Apple Pay,7605.39,2026-05-12 07:05:15.333380
4885,4885,Debit Card,4349.61,2025-08-03 12:33:40.122863
4886,4886,Google Pay,10425.28,2026-03-12 07:45:01.453253
4887,4887,Google Pay,10774.51,2025-08-10 07:12:49.066994
4888,4888,Credit Card,9558.59,2025-12-21 02:13:50.663000
4889,4889,Credit Card,14047.01,2025-09-13 14:05:33.331048
4890,4890,Credit Card,12032.46,2025-12-25 21:39:22.168073
4891,4891,Apple Pay,5691.16,2025-10-05 12:55:45.170764
4892,4892,Credit Card,12388.55,2026-05-05 04:17:33.394992
4893,4893,Apple Pay,7630.09,2026-06-07 18:59:35.835801
4894,4894,PayPal,12353.97,2026-06-29 12:48:20.634743
4895,4895,PayPal,6783.23,2025-08-12 07:29:23.000874
4896,4896,Apple Pay,1606.53,2026-05-12 11:33:35.248678
4897,4897,Apple Pay,9333.32,2026-03-30 23:18:45.409106
4898,4898,Apple Pay,8206.13,2025-09-21 06:32:43.035747
4899,4899,Credit Card,24190.75,2025-11-17 07:34:32.028632
4900,4900,Credit Card,499.92,2025-10-13 01:37:33.810136
4901,4901,PayPal,972.36,2026-07-24 19:53:17.517952
4902,4902,Credit Card,4753.56,2026-04-08 09:32:41.746773
4903,4903,PayPal,2778.2,2026-05-01 05:24:02.821892
4904,4904,Credit Card,5924.62,2026-01-05 00:49:56.118337
4905,4905,Debit Card,8970.58,2026-03-28 22:46:36.157659
4906,4906,Debit Card,17612.29,2025-10-20 13:49:05.540521
4907,4907,Debit Card,11185.85,2025-09-08 16:22:26.642809
4908,4908,Debit Card,2180.57,2025-11-04 12:10:13.482190
4909,4909,Apple Pay,4969.52,2025-08-29 04:03:05.653709
4910,4910,Credit Card,1012.68,2025-11-18 03:39:08.050878
4911,4911,Credit Card,8074.78,2026-06-07 20:03:48.041831
4912,4912,Google Pay,4628.19,2026-05-29 13:23:49.666439
4913,4913,Credit Card,8436.4,2026-01-08 01:07:50.113087
4914,4914,Credit Card,13844.69,2026-03-26 09:22:28.338377
4915,4915,PayPal,4846.6,2025-12-15 16:43:30.091371
4916,4916,Google Pay,11374.95,2026-07-12 23:18:49.062954
4917,4917,Google Pay,8564.98,2026-05-27 21:21:50.170150
4918,4918,Debit Card,3806.94,2025-07-31 22:31:38.504390
4919,4919,PayPal,8178.7,2026-03-31 21:08:44.162977
4920,4920,Credit Card,15025.62,2026-01-25 18:22:25.166769
4921,4921,PayPal,14376.93,2026-06-18 08:46:57.784179
4922,4922,Debit Card,19570.45,2026-05-11 00:55:06.935443
4923,4923,Credit Card,7528.66,2026-03-17 02:34:41.723493
4924,4924,Credit Card,5415.33,2026-01-07 19:56:06.534887
4925,4925,Apple Pay,2390.0,2025-11-25 11:19:41.820891
4926,4926,Apple Pay,9619.24,2025-11-30 07:39:06.773788
4927,4927,Google Pay,5772.41,2025-09-09 14:11:12.782881
4928,4928,Google Pay,5677.25,2025-11-23 06:31:07.124227
4929,4929,Credit Card,5398.59,2026-05-25 21:32:05.106657
4930,4930,Google Pay,4628.19,2025-12-26 01:28:35.988147
4931,4931,Credit Card,8286.38,2025-08-25 05:14:57.464545
4932,4932,PayPal,5278.41,2026-02-17 08:15:22.927935
4933,4933,Apple Pay,14835.0,2026-04-05 02:24:07.434422
4934,4934,Google Pay,1389.1,2026-02-21 05:50:56.528226
4935,4935,Debit Card,9274.64,2026-02-25 23:37:31.124344
4936,4936,Apple Pay,10233.04,2025-08-15 20:20:43.519048
4937,4937,Debit Card,19717.12,2025-11-23 15:49:14.618542
4938,4938,Apple Pay,10994.58,2026-03-21 07:46:59.858470
4939,4939,Credit Card,2286.15,2026-04-01 08:56:53.770794
4940,4940,PayPal,4326.03,2025-12-11 18:38:39.298279
4941,4941,PayPal,9848.42,2025-09-22 22:04:39.293478
4942,4942,Credit Card,9846.42,2026-02-18 23:03:36.482732
4943,4943,Apple Pay,8552.6,2025-11-09 23:56:27.624516
4944,4944,Debit Card,8663.41,2026-04-02 06:38:36.753115
4945,4945,Apple Pay,14746.07,2026-04-02 04:42:13.251665
4946,4946,Credit Card,7750.43,2026-01-12 20:18:41.107530
4947,4947,Google Pay,20618.64,2026-04-11 17:04:37.537977
4948,4948,Apple Pay,6936.23,2025-10-01 22:43:58.743346
4949,4949,Google Pay,15561.96,2025-09-06 17:45:55.877896
4950,4950,PayPal,12072.62,2025-08-13 18:43:30.559900
4951,4951,Credit Card,10653.76,2025-09-02 07:46:17.839488
4952,4952,Debit Card,6709.68,2026-05-01 14:30:10.839835
4953,4953,PayPal,11259.14,2026-07-02 18:26:38.971845
4954,4954,Apple Pay,6486.97,2025-11-19 03:23:53.295978
4955,4955,Debit Card,5756.76,2026-06-17 12:20:08.607518
4956,4956,Google Pay,8248.74,2026-06-04 12:49:05.755196
4957,4957,Credit Card,5154.59,2025-12-05 23:37:10.762479
4958,4958,Google Pay,13618.88,2025-10-03 17:33:12.704146
4959,4959,PayPal,8428.05,2026-02-19 05:47:59.122727
4960,4960,Apple Pay,23109.08,2025-10-29 02:53:44.362797
4961,4961,Apple Pay,476.88,2025-10-29 20:11:17.561867
4962,4962,Apple Pay,365.85,2026-01-14 18:51:23.252846
4963,4963,Debit Card,3905.15,2026-01-19 02:52:12.297159
4964,4964,Credit Card,11283.4,2026-02-21 17:56:45.932910
4965,4965,Credit Card,11394.52,2026-03-16 11:36:11.073461
4966,4966,Google Pay,4309.9,2026-04-22 00:26:20.096690
4967,4967,PayPal,13347.28,2026-02-04 13:22:00.911026
4968,4968,Apple Pay,12222.22,2025-11-26 22:28:11.875491
4969,4969,Debit Card,9912.06,2025-10-22 21:33:33.593551
4970,4970,PayPal,1973.9,2026-07-08 09:23:31.356934
4971,4971,PayPal,16109.77,2025-09-24 12:16:15.009551
4972,4972,Credit Card,12879.3,2026-04-14 17:47:14.909298
4973,4973,PayPal,16375.58,2026-04-03 06:08:11.563560
4974,4974,Google Pay,12974.81,2026-05-23 16:29:47.595431
4975,4975,PayPal,8981.44,2025-12-02 14:53:01.813333
4976,4976,Apple Pay,3787.19,2026-02-06 09:27:34.541651
4977,4977,Apple Pay,2039.88,2026-01-30 22:46:17.742352
4978,4978,Google Pay,3410.01,2025-11-17 19:44:40.026216
4979,4979,Google Pay,11174.79,2025-11-22 08:38:07.855997
4980,4980,PayPal,8520.48,2025-11-17 15:30:18.653311
4981,4981,PayPal,10919.22,2025-08-03 05:05:20.892055
4982,4982,PayPal,11152.55,2026-01-25 19:03:23.901317
4983,4983,Credit Card,7391.85,2026-07-02 18:11:19.300109
4984,4984,Credit Card,6841.69,2025-12-14 05:09:05.726777
4985,4985,Apple Pay,7425.49,2026-05-18 01:56:02.434166
4986,4986,Credit Card,6449.36,2026-04-25 13:13:16.741271
4987,4987,Credit Card,10798.52,2026-01-13 14:16:04.373501
4988,4988,Apple Pay,13703.76,2025-09-19 23:34:52.657183
4989,4989,Credit Card,2118.52,2026-07-20 12:45:22.776265
4990,4990,Apple Pay,3025.35,2026-06-14 01:09:29.025962
4991,4991,Credit Card,1403.5,2026-07-22 00:55:50.332074
4992,4992,Google Pay,972.36,2025-12-07 01:17:57.793516
4993,4993,PayPal,999.84,2026-03-05 17:21:52.717855
4994,4994,Apple Pay,6568.34,2026-01-31 12:06:17.463537
4995,4995,Debit Card,6017.29,2025-09-06 19:49:05.490514
4996,4996,Google Pay,4689.85,2026-01-10 06:51:25.054201
4997,4997,Google Pay,4956.72,2026-02-27 20:05:10.634901
4998,4998,Debit Card,13599.31,2025-09-09 01:54:28.581470
4999,4999,Debit Card,1666.12,2025-09-22 15:13:37.261307
5000,5000,Credit Card,6565.28,2025-09-28 08:19:21.791227
