shipping_id,order_id,carrier,tracking_number,shipping_date,delivery_date
1,1,FedEx,b43680c4-1e71-4534-8a9c-56d84651b984,2026-03-23 11:58:23.265242,2026-05-29 23:46:22.949806
2,2,FedEx,7758e21e-ee6c-41fd-887e-435fae98eb8d,2026-02-08 09:04:51.973920,2026-02-28 00:42:13.045240
3,3,FedEx,fc954ccd-dc08-4c85-8533-2f1d3ba6945f,2025-09-22 15:44:47.211307,2025-11-26 05:50:51.278182
4,4,Amazon Logistics,173b2a40-8a24-4c70-9f0b-92fb349ac074,2026-03-14 15:17:18.440377,2026-07-06 18:16:28.118908
5,5,USPS,73e13575-b24d-41f9-9ee8-e989152f79ae,2025-10-14 01:28:00.888497,2025-10-20 22:25:53.921923
6,6,FedEx,ffc5ad63-20c6-448e-8f80-06abd6752b05,2025-09-22 20:57:25.004181,2026-03-04 04:44:51.468524
7,7,UPS,e166558a-a998-43f6-80c8-9bb7dc1c81a1,2026-02-10 13:02:05.532375,2026-02-16 13:10:26.346488
8,8,DHL,bb387349-3385-4a29-ae00-3c8872838413,2026-06-23 21:17:18.524597,2026-06-27 19:53:33.337651
9,9,FedEx,4a204e73-9c64-45eb-b7d6-e703efe84352,2026-01-07 12:50:49.411196,2026-03-17 17:52:20.684612
10,10,UPS,c0c4a5d2-6b9b-463f-8d4f-1614c150788e,2026-03-30 01:59:03.398925,2026-07-13 02:57:05.811917
11,11,UPS,357da435-c15d-4d5f-8e75-9d7b3dfa44ef,2025-09-05 19:53:33.137614,2025-09-09 11:28:00.239942
12,12,Amazon Logistics,694eac83-7b0d-43a5-a5e6-fc8d3aa69235,2025-09-27 23:01:58.695620,2025-12-30 10:42:06.622465
13,13,UPS,c55ca703-0c0c-4da7-8963-2183772bc8c4,2025-08-31 13:46:08.069615,2026-07-29 19:18:53.394475
14,14,USPS,a617e486-fc43-4b35-9b76-79f52a272300,2026-08-08 23:14:47.485788,2026-08-15 19:51:58.770053
15,15,FedEx,68fd9d9f-5aef-4bb7-bdf6-7b3927449956,2026-05-01 09:52:39.932820,2026-06-13 13:34:45.491897
16,16,USPS,ec524cf9-48ea-4253-96c1-47f42fc31d89,2026-04-02 19:33:44.375009,2026-06-08 08:10:49.571566
17,17,UPS,a6e7c351-0760-4ea8-958f-9d2e1f0b4e4a,2026-01-21 16:51:41.173216,2026-02-14 18:52:24.884088
18,18,USPS,1feaea29-185d-4e0a-9d7a-6924f3476688,2026-02-24 20:12:57.084041,2026-06-06 12:45:08.552393
19,19,UPS,d4538e57-ee71-4006-96a5-44a718b342c6,2026-03-14 12:47:37.893817,2026-06-20 12:17:02.762878
20,20,USPS,dc73678b-0f4d-4450-b3ce-c4b6a7937de5,2025-12-27 14:25:43.868202,2026-04-10 23:28:12.912814
21,21,USPS,a22d026e-29d1-4098-b2fb-a6b9003a1a86,2026-04-07 17:57:14.014212,2026-05-15 15:50:15.464204
22,22,USPS,49240512-a3af-4206-9a54-61c67c0b435c,2025-08-17 06:46:52.386726,2026-06-06 15:17:01.534546
23,23,Amazon Logistics,126b37b7-03c2-46f8-b061-6af2a2978745,2026-07-13 04:57:03.642894,2026-07-21 00:23:07.669980
24,24,DHL,3b19a7ab-56df-4611-8da0-e3b45bce866a,2026-01-07 14:13:05.432038,2026-08-07 20:08:53.793155
25,25,FedEx,093881d4-5a44-447a-b7cc-5b4af8a9e797,2026-05-07 02:40:23.356771,2026-07-21 04:19:53.162329
26,26,UPS,aad03870-74d6-42f5-bfe1-7ed0d529f14f,2025-09-11 06:13:35.591916,2026-01-10 14:20:43.433054
27,27,USPS,a13d72f6-6286-46c6-9acd-41b643da447e,2025-11-22 14:18:32.090609,2026-05-19 13:44:57.605059
28,28,FedEx,cca8a82b-6a1d-47f1-95f4-927e4882e8ef,2026-02-16 05:12:39.178926,2026-08-16 18:18:10.986410
29,29,DHL,426f1378-d4c9-492c-8380-278203a269ff,2026-03-06 03:54:16.063506,2026-04-18 01:36:46.207547
30,30,UPS,def7ecf4-d8c4-4b75-a53a-915c0b5b8e5e,2025-09-09 20:49:12.448460,2026-03-18 18:39:14.812545
31,31,FedEx,63b14a2f-755f-4b83-897a-d6ac97c7e86e,2025-11-10 05:15:30.133954,2026-06-07 14:07:55.661180
32,32,USPS,8a529fd0-1382-432e-9e18-41927c5bada0,2026-02-21 21:03:48.853292,2026-04-25 20:28:58.088900
33,33,USPS,06e4d12e-7728-48f3-bcab-ab54830087b3,2026-03-03 20:44:13.976331,2026-06-29 20:21:41.937049
34,34,USPS,d6476fcf-9a6f-4f56-97e0-a069740b9db1,2026-03-07 23:06:34.506986,2026-04-19 03:33:32.481563
35,35,USPS,5196f861-e243-4b32-810f-545e2abca3c9,2026-05-14 22:23:39.453887,2026-06-15 12:09:36.061843
36,36,USPS,abcad46d-343d-4135-b355-8910bf2371c0,2026-04-21 07:05:09.161747,2026-07-02 07:53:58.805805
37,37,DHL,bcdb1525-c823-40eb-a119-0e145051a7ad,2026-07-01 19:23:51.918778,2026-07-11 17:40:43.425864
38,38,UPS,e8e9d294-869e-47f2-9245-4ffd5df99e77,2026-04-03 15:24:56.597231,2026-06-10 18:23:08.314426
39,39,USPS,e8936200-eecd-4c39-81cc-7348fd58f537,2026-06-21 15:56:27.767109,2026-08-03 06:59:55.479032
40,40,UPS,6f4bcdec-9068-4033-8de2-4c2667e96786,2025-12-27 19:41:41.401142,2026-07-18 11:07:16.119978
41,41,DHL,81b37fc3-ca25-4d31-8767-d78a0ce498d9,2025-12-09 21:32:31.418695,2026-02-06 11:04:27.993954
42,42,USPS,319d68c4-bbe6-4a0a-aa55-0c090d817357,2026-05-13 23:00:20.910216,2026-06-18 06:42:58.317374
43,43,Amazon Logistics,a7d0be51-59e5-48c1-895f-42092aaf193b,2025-10-22 15:34:28.282008,2026-01-27 07:33:30.283951
44,44,DHL,ae20b78f-0877-483e-805e-999e19fbe717,2025-11-19 02:03:42.103998,2025-12-29 01:04:17.964878
45,45,DHL,e22b3240-2c9e-4b2f-a018-6f69ffc53e79,2026-03-12 05:34:18.163658,2026-05-31 19:58:38.225004
46,46,UPS,407168e4-7df0-45e2-958e-ad7abf915b5e,2026-03-07 16:57:01.979542,2026-05-15 11:12:19.468126
47,47,USPS,cebbd745-d755-41be-8dbb-ad4ea2b70d68,2026-02-22 03:30:49.654737,2026-06-08 15:29:47.083706
48,48,FedEx,e21b8a7c-2bb4-4c53-b534-7acf504d8bdc,2026-08-03 03:45:26.221370,2026-08-13 01:10:04.971459
49,49,USPS,ec351774-39ac-41de-b5f4-dd944dc0064e,2025-11-22 15:12:34.018381,2026-03-09 23:45:47.405406
50,50,UPS,f61a1dc6-2121-4ac1-8cab-bb63e7308bdb,2026-04-25 08:06:09.529005,2026-08-13 06:24:54.009632
51,51,UPS,cdedddda-1afd-4b95-9f56-d33f7a0159bb,2026-03-25 07:33:25.126732,2026-05-25 15:44:49.346539
52,52,USPS,b8d92fc8-f486-4458-b535-ad4584c4f65d,2026-03-01 17:50:39.141985,2026-06-22 13:46:45.346399
53,53,Amazon Logistics,3cd2b0b5-3aff-4a65-a9af-7a1709c4b5cc,2026-07-21 02:51:28.244836,2026-08-16 17:56:00.896307
54,54,UPS,dcaaaab3-8ef9-4496-87a7-16515f01542b,2026-03-05 22:16:28.652587,2026-03-15 22:13:12.709620
55,55,FedEx,150200b6-df7a-4154-a9cc-0fa37332db97,2025-11-08 08:28:08.434195,2026-01-23 03:19:08.591184
56,56,FedEx,b39308f3-27d3-4348-809f-4c5d9798cea6,2025-11-24 18:10:46.567561,2026-07-17 05:32:00.219562
57,57,DHL,2a28c5e2-be44-422c-9386-6b2ef06d884f,2025-12-16 14:33:19.054207,2026-04-07 22:41:46.490379
58,58,UPS,2aa53ed9-c871-40dc-9cf6-b17ab69bf411,2026-05-03 15:14:32.173883,2026-07-23 08:47:15.636591
59,59,UPS,72a9fb17-141f-42a5-9eec-2cb06a15ba74,2026-02-23 01:31:04.720479,2026-06-09 05:15:16.307464
60,60,DHL,3b4c9bb0-0f5f-49a6-ad8c-f8ea208aa585,2026-05-06 05:35:53.269099,2026-05-29 11:41:52.718318
61,61,FedEx,0fd9ac07-3a04-43b4-9164-977b7e4a0648,2025-10-07 02:03:27.053563,2026-03-05 15:55:59.360526
62,62,USPS,9630d6b2-0e05-455a-a455-ed0dfe4bbff4,2026-06-26 23:50:49.340897,2026-08-11 03:58:43.894609
63,63,Amazon Logistics,183961db-35a9-4776-a03e-6fc54fe2d27b,2026-03-13 16:22:25.560111,2026-03-22 05:20:29.461674
64,64,DHL,0bb35931-5c6d-40b5-9c68-f2dee183d96d,2025-12-16 11:06:47.334758,2026-08-16 19:31:41.626304
65,65,UPS,fb54bcd7-e0a9-4d30-a53c-af1464b9054f,2025-09-14 00:16:36.503101,2026-03-27 23:07:14.442562
66,66,USPS,7fe0a640-852a-40be-bb0d-dcf6b7b55725,2026-02-05 13:41:32.475079,2026-03-12 07:24:53.181986
67,67,FedEx,0d48ce94-4968-4dcc-bcbd-c0f4eb00a2d1,2026-01-17 06:13:09.348053,2026-03-08 15:09:29.966467
68,68,UPS,90f4c0d2-c873-47f1-a8d1-624b622776fb,2026-07-17 02:14:54.684111,2026-07-27 17:21:18.909189
69,69,DHL,6df2f205-d51e-4bfa-b91b-f0977bc999af,2026-01-27 00:11:37.080530,2026-03-09 18:54:39.987177
70,70,USPS,dcfbe0fe-ba70-4bcc-b418-3c496284af4a,2026-08-03 12:41:10.215670,2026-08-07 18:47:39.096254
71,71,USPS,8e09b261-cab8-4e1c-a786-79f5781737be,2025-09-21 21:15:16.746142,2026-01-08 06:21:59.410670
72,72,Amazon Logistics,683669a4-6c35-47ca-90f7-5a0aee14b1ac,2026-06-18 10:11:14.338238,2026-06-27 09:46:16.727756
73,73,Amazon Logistics,8ff042d8-f7eb-44df-b527-9b91040dc4d6,2026-02-23 19:37:47.491607,2026-06-05 16:48:10.533987
74,74,Amazon Logistics,fe848ef4-c789-4c5a-95ac-3b57746dde01,2026-04-08 01:45:52.626170,2026-05-10 12:30:26.268873
75,75,UPS,66a8b99d-d745-4f85-9bc7-95fa3db707af,2026-05-28 02:48:42.588912,2026-05-31 07:04:26.237229
76,76,FedEx,e520c42f-f6d8-4d86-a9f3-3b3128081ba4,2026-05-23 15:34:22.643448,2026-07-16 21:42:14.570970
77,77,Amazon Logistics,fe88fb44-9a5f-4d68-8de9-1458d854621b,2026-02-15 05:12:32.511021,2026-03-15 03:09:55.616539
78,78,UPS,34060fe5-8eb8-47c2-9bab-475064c28cc3,2026-05-11 14:54:33.617389,2026-06-04 06:58:25.277290
79,79,USPS,025fc72b-0c49-41e2-a5ba-4b3e939860d4,2026-03-16 10:57:11.395848,2026-04-19 13:26:19.633847
80,80,Amazon Logistics,f2ab5a6e-5676-49b5-96e6-62f4090a8d8b,2026-06-20 07:46:41.938039,2026-08-03 09:22:01.831564
81,81,DHL,17083b13-e4a7-4dfe-bf51-1d98be0bf4e5,2025-08-18 11:05:24.913499,2025-12-27 19:17:18.217457
82,82,Amazon Logistics,4a8d9f36-ceb9-470b-a599-fcebc7a68fc7,2025-12-10 01:24:40.850452,2026-07-15 11:18:36.094041
83,83,UPS,b4aa9c5f-592f-43ff-af86-ac35aec6252c,2025-08-23 18:20:05.515033,2026-01-28 03:36:46.434706
84,84,FedEx,dc4c53d9-f25b-46cb-9f51-36366c1b3165,2025-09-13 09:15:15.616059,2025-09-21 04:18:33.475439
85,85,Amazon Logistics,a6b8a21e-b26f-4991-95ef-5dd6540fae2f,2025-11-28 10:30:47.366746,2026-06-20 04:07:54.216126
86,86,DHL,31941eb5-3c03-44a8-85bf-591148c2600e,2026-01-23 10:29:16.524909,2026-05-20 09:12:53.714136
87,87,DHL,5fcfb3f4-7b60-42ac-8c82-462adb2b3ebf,2026-01-24 13:03:08.799607,2026-04-11 13:57:59.485413
88,88,USPS,db8ef9f0-bae1-4b4c-be7b-f9fa12f6f770,2026-05-31 04:57:53.152709,2026-07-23 18:41:44.013341
89,89,DHL,48e05d5e-b4c5-4be6-bbcd-cebe973f94a0,2025-09-20 23:36:44.502485,2026-03-15 17:00:04.566467
90,90,Amazon Logistics,7a6934d0-4017-435f-b551-e411e801c4b6,2026-05-30 10:00:13.337602,2026-06-20 07:35:43.513999
91,91,Amazon Logistics,39e45643-7936-4f41-9b9f-edb2bd867cd8,2025-08-25 11:05:33.516010,2025-12-29 09:52:09.698771
92,92,USPS,2f5da3e8-c65c-485d-993f-4a22a10fd0cb,2026-07-07 15:28:35.328336,2026-07-11 16:49:31.505362
93,93,DHL,ddb37a8d-ee85-484d-8cae-1a940ff49339,2025-09-25 16:07:52.281050,2026-02-10 13:25:04.313457
94,94,USPS,d239d691-b346-4c9a-8ab0-2634293c4cae,2026-03-24 04:20:10.275432,2026-05-29 18:13:49.808457
95,95,Amazon Logistics,6a9daee6-2c35-41ef-9962-e9b9629eefdf,2025-08-28 15:45:43.392895,2026-05-30 13:00:15.079093
96,96,UPS,ba248cd7-ba08-435c-aa6d-538c07fb43c3,2025-10-25 23:45:45.043303,2026-08-02 12:27:50.514377
97,97,DHL,9ff33cf3-4eea-4eeb-9a12-4b4b5c348490,2025-12-03 23:50:08.697853,2026-01-14 07:42:47.987822
98,98,FedEx,b64f7564-ddd8-4bd8-a211-783d398e4d96,2026-01-18 18:08:40.142342,2026-05-08 13:07:00.906645
99,99,USPS,c79b4d22-a056-456e-a515-07b2b0125f65,2026-06-25 02:36:02.557452,2026-07-18 09:33:27.661879
100,100,DHL,311c5ccc-2d48-4c9f-92c2-0322beb903f8,2026-07-21 07:56:31.854119,2026-07-23 04:16:17.194937
101,101,DHL,b50ca2d0-6829-49d3-a6b3-a4a89d896bf5,2026-01-11 03:17:11.997937,2026-04-05 10:27:08.281790
102,102,UPS,0aa982b3-f56f-437b-a928-dcdcc41436f5,2025-10-24 21:08:43.844058,2026-01-31 18:14:15.478934
103,103,DHL,555c98a2-f4c7-4b74-8a71-462b568b3264,2025-09-27 19:34:35.369072,2026-01-30 15:20:23.255890
104,104,FedEx,074385dd-4523-42ea-af3d-c3c90794801d,2025-08-31 13:11:51.951631,2025-10-25 23:00:45.550767
105,105,USPS,094b9dcb-dab0-46ca-9dd9-a18bcd8941b2,2026-05-01 03:50:36.956043,2026-07-24 03:04:24.941255
106,106,Amazon Logistics,3f094e96-40b7-449a-9634-c796d7bde07e,2025-10-07 15:36:33.855455,2026-03-05 13:08:36.967227
107,107,FedEx,de265c99-d6e8-4e0a-9d5a-8630453bb269,2026-03-20 00:21:01.634908,2026-04-07 08:31:30.328141
108,108,FedEx,c59f7b3d-0add-4331-bcad-708a8bdc571a,2026-06-25 22:15:55.799731,2026-06-29 19:21:33.258520
109,109,DHL,34656b76-dfec-4b5f-ae48-5e8bec07b01c,2025-12-04 22:29:03.464971,2026-07-18 13:19:02.834108
110,110,USPS,1cfe8b82-64b9-4079-978e-d08f6200a760,2026-08-12 01:40:50.926216,2026-08-14 15:39:29.753506
111,111,USPS,2255c368-e6ad-46ed-8b26-b659a37fe37a,2026-01-31 13:08:54.352206,2026-04-04 02:06:43.102032
112,112,FedEx,43fdeaaa-7a49-4a84-a343-cfdc93e8304e,2025-11-03 22:27:46.838356,2026-07-07 11:16:45.862905
113,113,Amazon Logistics,62344390-9251-487a-9d93-42775fd3fdb7,2026-01-30 03:05:59.373148,2026-02-24 01:33:30.133223
114,114,USPS,221f4d16-231f-4fdb-a336-a23b2c6c4aba,2026-03-21 08:26:43.899069,2026-05-15 00:56:41.161146
115,115,USPS,54b862b8-af1f-48f2-b250-2e4c802fd599,2025-10-19 14:37:06.870780,2025-11-23 13:23:06.986181
116,116,Amazon Logistics,cd47ee85-6cf6-40ac-9dee-1e9d205ce8d6,2025-09-09 19:21:27.742421,2025-09-24 13:15:00.059181
117,117,FedEx,8e48b7f8-5616-4f00-8782-0065a4f20487,2026-04-14 10:07:50.410833,2026-05-28 14:38:24.815116
118,118,Amazon Logistics,dd0f3295-5a5c-409d-8df2-7836e681e1a4,2026-04-29 01:53:32.611677,2026-08-01 05:32:10.667977
119,119,FedEx,fc619806-c45f-46e7-8569-b79bd1d00693,2025-09-20 07:37:32.731803,2026-05-15 17:12:42.967936
120,120,USPS,59762a2f-10fc-4a42-b9e7-c23575a60eb9,2025-08-24 05:06:42.880319,2026-06-09 22:44:43.003553
121,121,Amazon Logistics,77417b99-f6e6-4d22-ba55-2394f5ccadab,2025-12-30 03:31:07.904983,2026-02-19 13:06:26.803336
122,122,Amazon Logistics,63e491f9-2721-4503-9796-f887176b9f94,2025-12-02 06:36:47.035639,2025-12-28 01:32:35.028834
123,123,UPS,bca21fbd-2b6e-426e-980c-7fbaaa73b958,2026-06-06 03:27:34.528554,2026-07-20 03:49:55.133786
124,124,Amazon Logistics,3fb3d345-ea5e-4c4d-a222-feeb0fef94f7,2025-09-11 18:17:29.869530,2026-04-09 05:26:04.451653
125,125,UPS,54fe63a5-2f20-4a19-8b52-d2829e3dc3a6,2025-11-18 05:22:16.490970,2025-11-23 13:04:32.629671
126,126,UPS,eee192a3-5d3e-4fd2-a205-12e087dab3e0,2026-01-02 14:34:02.465750,2026-08-17 12:59:07.362650
127,127,Amazon Logistics,0d745969-78c2-430b-b283-ef0ffb71ba13,2026-03-16 02:07:54.433471,2026-06-18 02:45:51.367449
128,128,DHL,73c19e0f-ff9d-45ec-9ce8-0e88fef7a7b3,2026-07-16 20:32:24.850389,2026-08-14 12:34:20.215639
129,129,UPS,8fd828fa-953c-4f02-8167-ebd51822ed10,2026-02-26 09:56:25.121654,2026-05-04 01:49:28.624832
130,130,Amazon Logistics,10c964ad-80b7-4cf2-8fa3-aa6956e52fac,2026-04-29 04:56:01.642978,2026-05-25 17:01:32.777557
131,131,Amazon Logistics,ac85916d-de59-46c2-a812-af7c403b5b48,2026-07-07 02:51:50.831833,2026-07-29 12:49:30.568910
132,132,UPS,ad0ead84-a222-4662-bcd7-04f626121670,2026-04-27 02:59:29.456480,2026-06-09 07:11:00.966581
133,133,FedEx,53acb72c-7d5c-4e95-a041-dbb0e4cf10f9,2026-02-04 02:36:31.559585,2026-07-27 21:01:36.266387
134,134,Amazon Logistics,ff6a0e5d-c858-494b-97da-34d87b26a7cc,2025-10-01 14:29:14.463605,2026-02-02 14:35:54.528038
135,135,DHL,5f575013-bfdf-41ef-a459-ca65c8b47424,2026-01-03 05:06:50.406152,2026-07-31 14:35:13.157459
136,136,FedEx,be44b061-b25c-4272-bd9c-b674c4174950,2025-09-19 14:28:07.299660,2026-08-15 13:10:13.870614
137,137,FedEx,63c8507a-ad35-4e73-9b8f-dabc6a6d93f1,2025-12-08 05:35:56.476665,2026-02-02 01:15:02.251747
138,138,USPS,fae87c38-06c9-4cc1-ac48-6fb35f6ca60c,2025-12-29 07:30:22.740039,2026-07-27 01:18:57.062925
139,139,FedEx,f43d802a-f881-425f-a652-e3d3e03f19d5,2026-08-12 11:05:31.388219,2026-08-19 06:41:00.329810
140,140,USPS,00aeee42-8dd0-4002-95d9-5b600a7fb341,2026-04-02 21:44:54.387150,2026-06-26 19:53:18.962509
141,141,USPS,1b49f641-ad49-4d8f-b33a-ffd2f3b82776,2026-03-26 05:33:19.686847,2026-06-10 12:19:29.206939
142,142,FedEx,b55b8cfb-526f-4a3d-81c3-d381a55ef1bd,2026-05-17 20:59:47.294312,2026-06-22 23:49:44.458027
143,143,USPS,a6296b22-9d2f-4f43-9863-fc4da36eeccb,2025-12-04 20:39:43.207878,2026-05-15 06:29:29.593122
144,144,DHL,6e348a86-46b0-4a16-8270-989dcd101f6d,2025-12-11 07:35:53.284986,2026-07-23 22:50:42.517269
145,145,DHL,9b115953-10a6-4614-a68b-7aaf5354a950,2026-02-09 06:36:27.589495,2026-06-22 14:38:25.014127
146,146,Amazon Logistics,61fb935f-9854-42db-b09c-a3aa8a9f7b53,2026-01-06 05:18:53.424415,2026-06-28 00:13:52.045385
147,147,DHL,ce0b4af5-f007-4773-b80b-ddc0db2d58a3,2025-10-15 15:39:16.022965,2026-01-29 23:53:32.423885
148,148,USPS,51ff3727-d529-41fc-9e82-3e98ec6a7b28,2026-03-11 12:53:48.765318,2026-05-27 10:41:55.807403
149,149,Amazon Logistics,697884e9-3f20-4904-9051-25c552b757a3,2026-06-18 17:24:20.719310,2026-08-13 09:21:47.157586
150,150,UPS,29cfe162-ee1c-49b4-9dcf-732c30192566,2026-07-19 06:57:02.637904,2026-08-07 12:13:14.534884
151,151,UPS,64c9ffc4-02ca-47ef-b26a-7e570fc04a18,2026-04-13 11:04:19.987920,2026-06-27 12:17:13.012073
152,152,DHL,57095a46-7982-4b63-8fc2-d7cdb3a1fd5c,2026-03-11 10:09:32.801391,2026-03-15 15:35:04.424470
153,153,USPS,b6a91e58-adeb-4cb3-b17d-a04592e95200,2026-03-19 09:45:55.270003,2026-07-10 06:14:02.957984
154,154,Amazon Logistics,e79ace2a-6c2c-4005-affc-02955f85fdc3,2025-11-02 09:46:27.585974,2026-05-18 04:45:38.465488
155,155,FedEx,66169912-7fa4-45a8-b28a-10389b22f3bd,2025-09-09 05:54:59.167089,2025-12-17 05:35:14.127276
156,156,DHL,1692befd-9131-4a6d-90ce-445f825dae16,2025-11-29 12:52:47.968374,2026-06-09 01:38:58.183980
157,157,FedEx,9d519da4-ec12-48fe-b306-6cfc22f8fb90,2025-11-22 00:11:27.179670,2026-03-25 06:30:42.936164
158,158,FedEx,051a5ec4-232d-47d9-911c-9a8b356c0552,2026-05-27 23:53:47.287109,2026-06-13 08:34:22.595629
159,159,DHL,14d6f7df-6dd4-48a8-8061-e256a5680a16,2026-06-08 16:45:59.209201,2026-06-28 03:34:45.452656
160,160,DHL,6e6a9a1c-e35b-4e1e-aa0a-ed94fe31abb3,2026-07-11 21:53:35.745741,2026-08-12 10:12:13.698911
161,161,UPS,6accb7c8-0a14-4dfc-9f6b-3894cfad1f5a,2026-04-09 16:14:22.464082,2026-06-24 12:34:57.851908
162,162,Amazon Logistics,7e630e92-dc59-48e8-a91d-7633e98e7f43,2026-01-15 18:31:23.469526,2026-05-02 23:04:49.231004
163,163,UPS,a789af24-ad39-48e3-b223-e488f1e6f8aa,2025-12-02 20:57:19.018972,2026-06-11 15:17:14.255113
164,164,DHL,c2e31eee-66fb-45e3-8f70-25696dcabbdd,2025-12-09 17:44:32.953071,2026-03-26 14:14:37.285594
165,165,FedEx,66e78782-9b48-4998-9f62-e378ecdc200d,2026-05-02 21:45:47.948806,2026-07-11 07:20:46.152753
166,166,Amazon Logistics,8bec46bb-7492-4dc9-918b-ddb1358a427d,2025-09-26 05:36:01.778710,2026-08-13 12:31:44.740077
167,167,Amazon Logistics,f5ea546e-93dd-45ce-a1b0-2ac254f1cb60,2026-07-07 07:45:50.399723,2026-07-20 05:50:32.180973
168,168,FedEx,1b1ad9a7-cbbb-4501-97cd-e4f3ddce7988,2026-02-25 05:01:15.695825,2026-05-02 17:07:10.197372
169,169,USPS,c76ba1e9-c4a1-49cd-8809-f526ab86e817,2025-12-08 15:10:30.966709,2026-02-26 15:18:40.236317
170,170,Amazon Logistics,86f64e20-985e-4201-89f4-aa001161959f,2025-10-11 14:10:22.262883,2026-06-13 23:00:47.742448
171,171,USPS,6bfe3acf-6862-4161-b4a5-ac19d92cf314,2025-09-18 15:13:37.732926,2026-05-06 00:39:06.626014
172,172,Amazon Logistics,f0e54d31-00ec-449c-b8fa-df975b7fdd99,2025-10-18 04:27:34.616987,2025-11-02 08:55:49.002779
173,173,DHL,dbf30163-d491-4eac-bf78-061d700b1e4f,2026-01-15 06:17:01.166226,2026-04-11 21:12:29.647863
174,174,USPS,d0ed1aba-b12e-477f-a65a-e1e19493212b,2026-03-29 21:09:33.217115,2026-06-19 00:39:47.205076
175,175,Amazon Logistics,f7842e24-9934-4622-a3b3-392e23b3e1e4,2026-02-26 09:42:29.818556,2026-04-11 02:35:34.782021
176,176,Amazon Logistics,c4f91b1a-858a-4cef-b335-d27b5271dc48,2026-04-21 06:48:31.437368,2026-07-16 10:10:12.959895
177,177,USPS,de2d8880-7de8-4df1-b865-62166d970847,2026-01-21 05:27:44.570783,2026-03-16 18:07:26.917358
178,178,UPS,c09b5b97-a5b5-42d0-9142-ae0bd9cbdadf,2026-04-24 02:42:19.150610,2026-08-15 11:47:27.485996
179,179,Amazon Logistics,6d7624d6-f4f6-4a2f-8164-21fb44620efc,2026-06-13 14:33:42.454557,2026-08-11 03:15:33.967269
180,180,DHL,b01b0a47-8e7b-45ce-b4a2-86c63256fd80,2026-06-30 01:18:08.526168,2026-07-27 06:56:02.983588
181,181,UPS,6b9cbd42-c119-4a69-8d36-e3af4db102c8,2025-08-21 10:22:51.191701,2026-02-07 11:02:28.022828
182,182,FedEx,acae167e-6993-4acd-8814-c02e2f1c5e4b,2026-07-05 03:53:21.551584,2026-08-10 02:36:00.162653
183,183,USPS,ce6069dd-64f1-4591-b268-efa2ab0b94af,2026-05-22 00:49:11.457043,2026-05-22 17:34:47.158021
184,184,USPS,677cc79c-69e0-40d7-94e2-eca564e727bb,2025-09-18 13:17:39.337780,2025-09-23 23:55:08.090052
185,185,USPS,1ac21c09-3d51-44dc-92ef-8c78134d6edf,2026-07-27 10:57:07.567246,2026-07-28 00:02:20.174318
186,186,FedEx,3a47b7c9-3434-4f10-8344-26cb75f11d29,2026-01-23 14:40:48.516760,2026-03-06 17:07:07.998209
187,187,Amazon Logistics,7ef6358e-59ed-4ae7-8c80-b26650431a33,2026-05-04 21:40:14.934877,2026-05-16 18:10:25.383800
188,188,UPS,402984a2-eef2-49d6-843a-c413ed7e4155,2025-11-12 01:16:31.013263,2026-04-26 20:30:23.434106
189,189,DHL,8dd83c9f-42c9-4a0b-a80c-d025efa8f98a,2025-10-09 02:35:56.091240,2025-12-29 15:49:19.347599
190,190,DHL,cbe62008-48a0-4229-af99-edb651c873aa,2026-03-24 03:45:53.308199,2026-04-12 07:45:22.882641
191,191,Amazon Logistics,dc519949-9cfb-4663-8ced-f359f0941b90,2025-11-15 18:50:39.100825,2026-04-30 15:45:18.352141
192,192,UPS,709a83f1-3857-4c70-8aae-bca3009dd8d5,2026-01-15 01:00:57.613101,2026-07-30 07:05:11.491910
193,193,DHL,8aa9c9bb-0d04-45bb-aff4-a24d26b39698,2026-03-13 10:58:53.123114,2026-07-23 11:15:52.308139
194,194,USPS,e14b7179-41a8-42a1-b8ef-677ca4e6ac1f,2025-09-19 10:48:28.555225,2026-06-30 17:58:41.910044
195,195,USPS,0b0b99a2-4fc3-4d74-930e-caacf378c406,2025-11-18 00:21:48.075006,2025-12-18 01:27:59.958668
196,196,USPS,3e851f5d-b019-4480-b7ab-7ca4aa8bb3be,2025-12-15 21:22:03.026001,2026-07-15 20:48:08.128489
197,197,USPS,6dc3338e-dae7-4fc1-8bb1-30aa12cd8f2b,2025-11-14 13:12:18.831884,2026-01-25 15:34:46.214412
198,198,UPS,55ad4cfb-2140-4c79-b387-703313079be4,2026-01-24 17:14:33.703135,2026-04-11 19:43:44.233664
199,199,Amazon Logistics,691e512e-7900-4427-b5a3-46a1c04f70ff,2025-10-10 16:29:05.429627,2026-05-04 01:24:12.988913
200,200,DHL,5b893f91-4fbf-47c2-b9ee-8bf2a0b08468,2025-12-25 14:48:42.573586,2026-05-28 12:11:48.072464
201,201,Amazon Logistics,ce3fde0a-fad7-456a-a0dd-ffc791cd3382,2026-01-19 02:55:00.841213,2026-02-06 21:30:20.397934
202,202,USPS,0162a3ed-c05d-4b18-b7c3-70f4437c3ce8,2026-05-23 02:18:52.882794,2026-06-11 22:35:41.441945
203,203,UPS,02b5e256-829e-482a-8231-96fe9dbf82d2,2026-07-03 11:15:32.575419,2026-07-17 03:46:20.980389
204,204,Amazon Logistics,1e360f27-d7e5-46e9-ac91-4709de413de0,2026-03-19 05:22:11.863577,2026-04-01 04:52:56.140694
205,205,DHL,3ebe7abe-0a30-4a9f-b7c9-83ddfd495984,2026-03-28 00:18:49.019155,2026-04-26 03:21:20.762816
206,206,DHL,2d8e2b26-4349-4e98-92be-1208f14c8a54,2026-07-07 09:14:57.015169,2026-07-19 19:29:36.137876
207,207,USPS,de56677b-2ed2-42ea-9e83-d739e62111f1,2026-02-12 08:46:59.973884,2026-07-27 13:20:49.326710
208,208,Amazon Logistics,e17d090f-dcd6-4f99-a92e-4fc294980e4c,2026-07-24 19:24:11.607855,2026-08-12 05:45:24.336417
209,209,Amazon Logistics,9b0da2b2-145f-4671-90dd-413ab0ce6306,2025-08-16 07:17:06.857983,2026-05-19 16:19:36.294321
210,210,DHL,31b3dced-b084-4d7a-9d9c-1a37153db0a8,2026-05-18 19:43:52.886806,2026-07-29 15:08:38.471781
211,211,Amazon Logistics,3263065c-d26d-4738-9a09-28d753b46208,2026-01-01 18:11:15.842099,2026-07-19 08:01:24.213403
212,212,DHL,123ed72b-2a86-41ed-a6a8-cdb5c0093508,2026-04-03 07:56:43.724851,2026-07-12 12:04:39.320702
213,213,Amazon Logistics,3346f080-e4f1-427c-83ce-a6ddbb5c90b9,2025-12-31 15:40:43.216419,2026-07-29 03:08:46.887497
214,214,Amazon Logistics,25ded6aa-4fbb-4d7a-bc4d-1fb6cc3e3045,2026-06-22 02:58:41.523917,2026-08-18 14:21:23.326202
215,215,UPS,fb2ee4a2-d961-4ca1-befe-6fbbf9939a7a,2026-06-25 08:38:32.546685,2026-08-10 00:26:16.003902
216,216,USPS,2d41a679-47ca-46ce-962d-c2199a106e48,2026-04-08 19:43:01.891954,2026-07-09 01:24:38.867914
217,217,Amazon Logistics,6e16101a-1273-4e92-a41a-7415e8b75d88,2025-09-11 21:02:10.486923,2026-02-11 06:51:47.841644
218,218,USPS,8624bc49-f097-4d51-a8a7-189d3ab9a608,2026-06-29 05:57:44.269772,2026-07-03 05:50:03.287706
219,219,USPS,c49f76f8-f425-406d-bda0-10fea13ec4d2,2025-12-09 09:37:17.972392,2026-08-01 00:29:36.113239
220,220,USPS,33a4746b-468c-4dba-af16-523084623717,2025-10-14 01:34:05.794220,2025-11-29 19:52:30.013123
221,221,DHL,33606362-4e5d-410d-a7d1-fdc6d5c9ce20,2025-09-05 04:24:50.680319,2026-05-15 01:32:10.936075
222,222,USPS,a316dd17-cc21-4180-97d5-f90d32db1765,2025-10-27 13:09:59.456255,2026-08-20 11:13:37.654650
223,223,Amazon Logistics,243eff98-8163-411c-b3b7-f47186563679,2026-02-08 15:22:56.572815,2026-03-08 10:48:12.315592
224,224,USPS,8279c5e5-6dc7-4431-92ef-2f50b6bb6228,2025-12-06 04:57:47.363672,2026-03-31 09:27:51.423327
225,225,FedEx,80bd9760-9533-4cdc-ba69-e261ba16fa48,2026-03-03 17:12:50.927514,2026-08-20 07:53:32.103492
226,226,DHL,64d47c48-7625-4d9e-989c-d6ad1e652f85,2025-09-28 14:57:15.093608,2026-02-19 17:19:27.998877
227,227,Amazon Logistics,2ade3a3d-1c23-4f91-8d64-289c25e36042,2025-10-31 16:51:03.838267,2026-02-06 12:03:38.055704
228,228,Amazon Logistics,ad45db51-f858-4780-b59d-05d49cf1b5b0,2025-12-06 01:19:15.003422,2026-02-19 07:35:13.084231
229,229,DHL,e76e36ce-b3ce-415f-b890-3d816e6be6f9,2025-10-15 17:50:12.623199,2025-12-05 02:43:28.797950
230,230,USPS,60e3425e-9e87-4748-90d1-773a28e925dc,2025-09-09 10:06:18.074452,2026-02-23 16:01:24.620900
231,231,USPS,955d448c-75cf-47a2-8de4-6d31dd983cc7,2026-06-06 03:45:42.545126,2026-07-25 04:52:27.352933
232,232,UPS,919266cd-2cd9-4116-aea5-f71510f2d9f2,2026-06-26 06:01:21.795456,2026-08-02 10:38:34.984499
233,233,Amazon Logistics,3b49e543-9ede-4db3-92ea-75433e12be9f,2025-09-28 22:39:08.712222,2026-08-08 02:48:04.336225
234,234,DHL,dd40d70b-32f7-42fb-9add-03e12218935f,2025-10-01 13:32:28.504269,2025-10-01 20:25:58.331206
235,235,UPS,ba48b04f-2bec-42af-a399-21b8b39579e4,2025-09-23 12:41:18.487236,2026-01-11 04:47:20.824922
236,236,USPS,379b9ad8-0ae1-4e36-ac0b-f7dc3babcff2,2025-11-25 11:48:03.091729,2026-06-30 19:53:49.855592
237,237,FedEx,3eb1315f-7aaf-487c-992f-c77a94f9b132,2025-12-26 14:01:54.731495,2026-02-21 22:03:39.106220
238,238,USPS,4bfa7b77-1d4a-4a01-bf1c-468a665033fb,2026-02-05 06:02:50.240320,2026-08-02 07:20:37.375109
239,239,USPS,61a44be8-56a7-41ca-afde-2772e721ece8,2026-01-09 05:37:45.657157,2026-02-19 21:09:02.673605
240,240,UPS,96e0c6fd-3855-4470-8779-86e06cb5e99a,2026-04-11 17:58:32.484155,2026-05-07 14:00:39.964970
241,241,USPS,efccd6d2-8a76-456c-8f7c-7839d85b4a1f,2025-10-16 09:58:14.941835,2026-06-24 19:57:15.793656
242,242,DHL,bb321685-3218-46e8-b2c7-1f11aa8f4ac1,2026-06-18 01:10:27.523530,2026-08-06 21:36:20.100674
243,243,Amazon Logistics,f1a25440-6b67-4ace-a190-b81d393a2007,2026-03-18 04:57:38.492152,2026-08-16 10:56:20.818540
244,244,Amazon Logistics,d439ce46-3553-40f8-87e5-3f672c9a618e,2025-08-18 12:22:27.480733,2025-10-08 17:11:56.136800
245,245,UPS,79a357cd-0e6d-4662-9e7e-30eec350ffcf,2026-05-15 02:49:34.024326,2026-07-11 04:55:53.750381
246,246,DHL,ce7bccb9-ce13-47d8-8175-d16f2b9622c3,2026-07-06 10:30:22.620810,2026-07-15 09:18:14.254627
247,247,FedEx,ece4474d-b947-40ea-bc19-38f9aadb7ebd,2025-10-19 11:55:01.804928,2026-04-18 03:03:40.753920
248,248,UPS,0d3a17f6-671e-4f71-931a-5c19da3d4244,2026-03-02 16:33:07.148213,2026-05-23 19:31:12.668169
249,249,USPS,e931fdc6-6e2e-4d74-884a-f479facaafc8,2025-08-31 12:52:35.534954,2026-05-26 01:45:18.669348
250,250,Amazon Logistics,706faf52-59d3-4750-8827-885ba91ad18e,2026-05-12 09:04:24.357985,2026-06-05 03:28:35.659847
251,251,DHL,122a63dd-3e5e-4f30-a2ba-73189e03c6ba,2026-01-30 07:45:58.950509,2026-03-09 01:49:39.284810
252,252,UPS,9146cc29-5942-496c-aed6-ce0b6cbb05dd,2025-08-21 14:21:10.520000,2026-03-10 13:50:44.043849
253,253,FedEx,7cd74c9e-83f6-4e2f-8883-2a9281b8c631,2026-03-05 02:35:09.317835,2026-06-09 18:07:54.146945
254,254,Amazon Logistics,7043b5b5-c3e9-4d12-bbfc-f755043139f2,2025-12-03 16:46:38.224272,2026-01-20 12:18:07.276246
255,255,DHL,ef001eac-b379-45e3-9e70-613d1dcb9088,2026-02-15 19:38:56.477545,2026-05-26 02:27:31.668243
256,256,FedEx,0c2ee09e-eb32-4464-8bc2-5c9b6344c881,2025-09-13 19:24:05.059588,2026-04-25 16:15:24.588679
257,257,UPS,f9e10834-70f0-4ec2-8089-3738f2bda61d,2026-05-27 19:04:04.341675,2026-07-31 07:41:57.788113
258,258,DHL,18e807b1-a4a9-49e2-8cd5-177201744543,2025-11-25 13:41:04.114431,2026-02-01 04:56:48.982288
259,259,Amazon Logistics,27da55a2-3e3e-49c1-9744-57395fd79802,2026-07-27 16:28:56.575396,2026-08-11 10:25:28.013949
260,260,FedEx,e88db610-238e-43b8-9fcc-d52b04feeaf7,2025-12-02 03:40:20.736542,2026-02-11 18:55:12.573950
261,261,FedEx,5cceb6d4-859d-489f-9db4-9b019d943925,2025-09-06 19:31:49.259740,2026-02-05 07:39:56.323706
262,262,Amazon Logistics,d58d3811-67f0-4ad1-bea9-1da78fb2d5bb,2025-10-29 04:36:27.049513,2025-12-20 08:42:40.038852
263,263,Amazon Logistics,3f651bcf-f0a7-49fa-8a8f-50c6422944c8,2025-10-16 09:14:17.826839,2026-06-09 14:27:49.115109
264,264,FedEx,fe4c4650-2a68-422e-a3a3-a63df4aed15d,2026-01-24 21:29:59.789041,2026-04-07 12:59:22.304221
265,265,FedEx,fa042757-83dd-41b7-a48f-d0c8ce9f2ec6,2025-10-16 03:25:28.825608,2026-04-13 07:36:07.850590
266,266,Amazon Logistics,5b00a3c4-cd8b-4597-bfa6-eb97ee34bc9e,2026-08-03 05:46:06.468392,2026-08-05 09:13:35.620117
267,267,DHL,3434ef8c-4d71-429b-9efe-06e19610e4a3,2026-03-10 19:32:03.288335,2026-07-29 01:12:51.401795
268,268,Amazon Logistics,fe2e856b-3768-42eb-b685-947deee320b3,2026-02-28 14:42:08.088326,2026-03-19 22:13:46.456904
269,269,FedEx,3efdfd3d-3932-42b4-bd5f-69147d0dd0d0,2026-06-05 20:55:05.811743,2026-06-07 22:14:41.587882
270,270,Amazon Logistics,676b3e0f-624b-4581-9e00-dddc9122c886,2026-05-06 15:10:10.587822,2026-08-18 22:54:00.804412
271,271,DHL,e3e552ae-6260-4241-84f8-2eab580cc5d7,2025-12-30 23:11:28.830231,2026-04-30 14:58:56.424605
272,272,Amazon Logistics,0e6063c1-6223-43af-961e-b536bbb61599,2026-04-03 06:04:35.562901,2026-06-27 22:14:06.048970
273,273,UPS,b6435aa1-a29a-4071-93bd-1738732a6eda,2025-10-12 21:37:31.495882,2026-01-24 08:46:17.625896
274,274,UPS,86a67ec9-1512-47c0-bb3b-69891117b564,2025-11-29 09:35:46.704495,2026-05-28 06:12:55.253178
275,275,USPS,0dc503ef-f869-4d40-8b8f-0a49a84d49d2,2026-08-08 00:39:25.145761,2026-08-09 20:22:00.654773
276,276,DHL,fe3428f0-7a6b-4142-a71e-364dea3f69b0,2026-05-08 07:20:54.308589,2026-07-08 03:34:52.904934
277,277,DHL,9418b4f5-6cdd-4f60-a6dd-7987c59a59d4,2025-10-28 19:48:24.893268,2026-03-21 22:13:42.334560
278,278,FedEx,efaa26c8-3db6-4666-b7b4-7017face24df,2026-01-14 18:58:04.617322,2026-08-01 03:53:32.560660
279,279,FedEx,9408d6c8-434e-41ce-b12a-979da3e19e7d,2025-09-04 22:36:40.118628,2026-04-03 23:13:52.414234
280,280,FedEx,5446336b-f398-45db-a0c5-b24888292df8,2025-12-16 09:48:59.972910,2026-05-13 04:09:08.001502
281,281,FedEx,2d098c20-db70-4698-be00-c11475a28535,2025-08-25 15:15:48.907021,2026-02-25 07:49:56.804624
282,282,Amazon Logistics,5fe00e36-f463-4485-836c-4416b29ee39d,2025-12-05 00:48:14.490073,2026-06-06 04:51:40.184983
283,283,Amazon Logistics,5f00a371-ba16-46af-88c6-e3c13e853075,2026-06-18 15:46:27.099447,2026-07-01 10:46:16.182863
284,284,FedEx,c6a23039-0fa6-4bef-9638-6c7f3ffded8d,2026-02-16 06:06:51.302810,2026-08-08 06:30:17.514133
285,285,DHL,b5c3c208-eefd-432d-a453-6ad7dbdb8cd3,2026-07-26 17:45:56.673116,2026-08-17 08:34:01.082916
286,286,Amazon Logistics,6a766315-5f0f-4893-8dd7-e8cab9bc2530,2025-10-16 19:34:37.473070,2026-08-18 09:05:37.496969
287,287,UPS,71d44af4-1bef-4d27-945c-ef4f6925fb58,2026-05-12 15:48:16.654029,2026-08-15 08:55:02.487233
288,288,FedEx,d4ecfae2-4aa8-4574-9899-a3256b0093e2,2025-10-08 10:38:03.722530,2026-08-08 06:25:32.639752
289,289,UPS,73679c71-5d77-4f69-879a-3ed7cb2be1d3,2026-03-11 19:50:52.486494,2026-08-06 10:20:56.612122
290,290,DHL,7c48809a-b02d-4efd-b54a-306662c139a7,2025-12-17 23:40:34.966665,2025-12-22 18:21:35.611357
291,291,Amazon Logistics,ba2cd45e-39b7-4d56-9885-878bbc715c95,2025-10-17 19:57:35.209937,2026-05-06 15:36:13.897009
292,292,DHL,28232731-4124-4352-b509-7c87512a6387,2025-10-14 19:01:23.048033,2026-07-07 08:14:03.430694
293,293,FedEx,79694b48-bd2c-41d0-be1e-217fbcfe34b7,2025-12-12 15:44:45.800822,2026-07-11 21:16:48.732944
294,294,UPS,49b18936-d396-4e2e-b417-5356f7f154b3,2026-02-01 04:17:49.027417,2026-04-20 10:17:12.005972
295,295,UPS,111e7867-b991-4bb2-8e23-002196803ccc,2025-09-27 08:31:26.524376,2026-04-18 20:18:06.888425
296,296,DHL,b0391ce3-0c26-40d2-8145-b96a15c3f463,2025-12-10 21:38:53.697043,2026-03-08 14:10:22.502323
297,297,UPS,c3290e64-a74e-4b2a-be7e-ed73fd84083e,2026-01-21 03:40:11.867436,2026-03-16 07:44:41.711636
298,298,USPS,1264219c-43aa-4ab8-9f71-ac1b2f371971,2025-10-02 15:29:48.006988,2025-12-25 01:37:49.031633
299,299,DHL,f204c9bd-829a-4ce8-bfe0-bcff605e7f9f,2025-10-15 20:22:35.061435,2026-04-27 13:57:42.687013
300,300,Amazon Logistics,3d22ee49-528f-431a-896b-d5f4b173f5a5,2026-01-30 22:00:57.926195,2026-02-17 14:14:31.456886
301,301,FedEx,9e1816a6-4cae-433a-8843-9e7991120ca3,2026-02-08 03:51:15.898067,2026-02-27 23:49:14.472055
302,302,Amazon Logistics,74fa0a4c-cfd8-474a-ba79-4f37f436b58e,2025-10-01 03:34:46.788907,2026-07-25 07:33:14.259156
303,303,FedEx,f70bcb3f-a694-434b-8cf2-c06668291527,2026-04-18 18:38:47.465533,2026-08-17 04:30:15.996475
304,304,DHL,6cdb95d4-b38d-4bd1-8c20-ab072e0129bb,2025-12-15 14:52:33.624279,2026-02-23 10:14:21.797471
305,305,Amazon Logistics,2a456237-696b-4ba7-9eac-73d705ee899a,2025-08-18 09:03:32.729459,2025-12-20 16:22:59.587000
306,306,USPS,ae30310f-b2b7-406a-8579-019d334c0e64,2025-12-09 01:25:39.342448,2026-05-13 03:02:30.530429
307,307,UPS,5fd9a00e-943c-49de-92ba-89136a5b580c,2026-08-06 15:30:15.133513,2026-08-19 21:04:39.999527
308,308,Amazon Logistics,36aa35e3-39af-4c51-8526-50b6cb2ca0a1,2026-06-09 20:45:47.572728,2026-07-20 16:00:38.883635
309,309,UPS,716e10ee-be9b-4dd8-b415-7165d30c55c9,2025-09-04 06:48:09.584230,2026-01-10 15:37:33.680578
310,310,Amazon Logistics,e53d5cc8-732d-46d5-be69-ca26f7696f66,2025-12-05 23:46:09.074252,2026-08-08 12:25:01.006178
311,311,FedEx,a0a88505-0815-42cc-ac43-35f95c07bc59,2026-05-28 20:51:40.413517,2026-08-11 05:35:52.404481
312,312,DHL,5b3d08fa-19d3-469d-a3d7-2526f11862d3,2026-04-30 07:13:09.595580,2026-06-16 14:05:25.220787
313,313,Amazon Logistics,07438d13-e901-4893-8731-b148aa2c2539,2026-04-06 09:13:57.568828,2026-07-09 19:41:59.898056
314,314,UPS,addfdd53-e271-40cb-984b-12f73cd92ae8,2026-08-12 08:24:31.033542,2026-08-20 04:56:43.801231
315,315,USPS,d2bcdf17-050c-47aa-9f00-dbf117577967,2025-11-04 06:20:41.435051,2026-03-12 07:45:05.424827
316,316,UPS,ffadfa19-2bc5-4eed-bc74-33280a88e517,2026-08-01 20:00:04.640200,2026-08-15 11:55:09.907699
317,317,FedEx,c7afda59-efd8-4f6b-b0ee-d7db96af260e,2026-03-04 21:08:08.478770,2026-03-18 23:22:47.190557
318,318,USPS,8490415c-9d92-4099-be7e-f1de2e21d122,2025-09-29 00:16:44.459524,2026-04-11 21:10:40.231130
319,319,DHL,81a87056-0703-40ba-ab6b-89b408f0b993,2026-04-06 18:39:14.713139,2026-06-04 06:28:17.601155
320,320,USPS,b36b6993-e0d4-416b-b6f2-403fa9c51438,2025-08-18 14:07:26.396981,2026-08-09 18:08:27.228784
321,321,FedEx,1138e32e-c79a-4452-b167-9e99201e2a61,2025-09-08 02:08:58.208351,2025-10-14 05:41:43.858899
322,322,DHL,981f3e1e-19e8-4503-a518-93644466a942,2025-09-17 00:25:12.627450,2026-06-30 05:15:53.992131
323,323,UPS,111432e3-e89b-43e5-8b59-ff9768661acb,2026-05-25 03:46:31.386536,2026-06-23 07:00:39.498830
324,324,Amazon Logistics,a80342f1-7913-4917-ae04-cbb1db914eb1,2025-12-24 07:06:26.632518,2026-07-01 14:23:50.865595
325,325,UPS,7b3a031e-9873-4ddf-8c09-8a874147b2d4,2026-08-08 16:34:08.080631,2026-08-13 17:52:13.114600
326,326,Amazon Logistics,dc688948-c609-4149-9cfa-dd7bef5d3f87,2026-01-12 07:47:42.309497,2026-02-06 06:15:37.402441
327,327,UPS,345fd764-4752-4a29-99a8-d41e70526e1d,2025-12-01 01:04:10.280236,2026-04-05 08:38:31.665862
328,328,DHL,f6e29050-5cfe-4b2f-b6b4-905c03e689cd,2026-02-02 09:03:40.892136,2026-02-28 00:15:18.180373
329,329,UPS,fdce2210-82f1-434e-a079-692d79975ea0,2025-09-19 10:53:35.779000,2026-04-07 05:04:24.900154
330,330,USPS,3d579894-becc-4d90-acd2-a2cc50884b95,2026-04-03 02:07:21.656284,2026-05-07 23:35:48.397409
331,331,FedEx,14f65b89-d85b-4425-89ae-3c93c075e546,2026-01-14 11:28:44.734380,2026-08-07 14:35:48.899485
332,332,FedEx,c9c27b1e-bc1c-46c0-a690-e3b34ecb3d06,2025-09-29 23:03:45.651455,2026-05-17 14:23:56.261072
333,333,DHL,4c65955b-5beb-446a-97a2-d93ebaf8d749,2025-09-01 15:46:35.758385,2025-12-17 16:19:16.187001
334,334,Amazon Logistics,4ada4801-c910-4292-ae80-887baf8b4c9e,2025-10-07 00:38:06.725568,2026-01-23 13:12:56.755586
335,335,Amazon Logistics,e0a1a1e1-b4a7-4763-989e-008ef09f5545,2025-10-09 17:19:17.933682,2026-05-26 19:48:11.200681
336,336,Amazon Logistics,a68c59c5-4940-4685-a516-3c926a5736f8,2026-06-05 06:39:04.646169,2026-07-13 17:47:27.093415
337,337,Amazon Logistics,3d455a07-f553-4fc6-8e44-496b3ba10537,2026-06-07 03:17:50.461056,2026-06-30 01:38:22.088982
338,338,Amazon Logistics,79c167d2-f17f-4427-9d90-283a817a5059,2026-03-11 22:53:43.286613,2026-06-18 15:31:02.963678
339,339,FedEx,222c25de-a524-4df6-85dc-24ec4fa1f07e,2026-06-13 21:40:11.138701,2026-07-29 22:11:32.318796
340,340,Amazon Logistics,17ea5d0c-a936-4c63-a3ac-94470a2ff463,2026-01-26 21:29:38.888932,2026-05-02 00:26:03.273953
341,341,Amazon Logistics,b07ae12a-570d-40a1-ab5f-3b81b914260c,2026-04-30 05:40:06.087694,2026-08-17 09:44:01.747277
342,342,FedEx,552f64a6-cfdf-4336-929e-068921dec5a6,2026-07-28 18:51:30.701596,2026-08-18 09:57:52.814780
343,343,Amazon Logistics,d62fff89-5e2f-4099-af65-201903f43c27,2026-04-10 05:53:53.058506,2026-06-12 21:47:07.778088
344,344,FedEx,b0b8a6de-3f41-457f-8217-7d8315eaec91,2026-04-03 19:14:15.105545,2026-07-30 15:30:27.069129
345,345,USPS,d4d87397-c798-40ed-b52a-9449d1374354,2026-07-06 23:12:43.766126,2026-08-02 03:58:25.003463
346,346,USPS,9f925791-ccf4-49d8-9523-d998d429ceb3,2025-09-28 14:34:30.437340,2026-08-14 13:18:46.702500
347,347,USPS,84ca9f18-319f-4b4f-abce-326112096c4a,2026-06-24 05:04:08.902648,2026-08-09 22:59:49.001412
348,348,FedEx,6d316e20-826f-4074-824b-b03fcd8a3ce0,2025-11-29 05:48:05.054988,2026-08-07 23:53:35.235046
349,349,DHL,73c83dba-c794-4ef3-bb82-2b3d1488732a,2026-04-07 10:16:23.257262,2026-08-15 03:49:54.972603
350,350,FedEx,4e2d9343-22f0-4ec2-981e-0a9b8b4a9492,2026-06-07 18:53:23.363275,2026-07-12 04:12:36.727930
351,351,DHL,1c5e84eb-57ca-4452-aed9-acd0db216c0f,2025-11-18 08:54:59.429753,2026-08-13 19:39:42.739597
352,352,DHL,33e27700-33b6-49ee-a6af-6850dfe4140e,2026-02-05 23:16:04.097086,2026-08-05 21:47:38.316812
353,353,USPS,0dedc2da-245a-44cc-9f1e-94f119cc19bf,2026-05-31 10:50:14.763393,2026-07-31 11:51:03.652635
354,354,DHL,cd8f836e-2402-4a66-a1c0-b7f3039fbe34,2026-07-01 14:53:59.941834,2026-07-28 08:41:34.452693
355,355,Amazon Logistics,df65d75d-e063-4831-9ac5-e04ec9a13a83,2026-06-28 05:29:20.207056,2026-08-07 18:47:54.971570
356,356,UPS,6db8c95d-a9cf-4459-85ef-9c3b263fbb0e,2026-02-27 02:19:16.173072,2026-08-09 22:56:27.010082
357,357,UPS,1fd0daa0-9a2e-4046-815f-50f3b53bc669,2026-06-15 06:44:25.634381,2026-07-21 14:47:39.855330
358,358,USPS,68b0356b-34b3-42d6-a00c-4c43990d9a1c,2026-03-08 01:20:32.982687,2026-04-12 00:49:27.443181
359,359,DHL,2727d915-bc19-40ad-a17d-e1fa940cd858,2026-04-28 23:10:13.148025,2026-07-17 10:22:16.370339
360,360,Amazon Logistics,61db1b2b-79be-460f-be5c-4a40ff8a712c,2026-04-23 20:59:00.322049,2026-07-11 01:59:07.456975
361,361,Amazon Logistics,dfd6a01f-1184-4d34-a5f7-b21f560ca695,2026-06-30 19:15:47.928242,2026-08-17 13:31:32.525676
362,362,FedEx,efb4e18c-45c0-47d3-b4c1-a743c51f6e28,2026-08-11 23:43:42.356195,2026-08-16 13:42:19.438182
363,363,USPS,ae5537c1-6982-484e-a5a3-a39978327ed5,2026-02-26 06:01:33.938410,2026-03-13 08:30:56.429139
364,364,Amazon Logistics,3f7a7628-be2b-4f62-a3fe-9efed47a3c00,2025-12-07 15:53:37.294658,2026-04-05 11:53:36.922749
365,365,USPS,40fa8e21-5972-44b0-84a2-c0b999ccff3d,2026-03-18 19:51:58.312093,2026-06-14 00:42:12.420717
366,366,USPS,910b41c8-8c0f-4975-b378-c46b686790bc,2025-10-02 04:57:03.540915,2026-01-26 08:57:01.031977
367,367,UPS,00498f83-8899-4b95-92ec-4c207cd2664f,2025-10-19 04:47:41.886425,2026-07-17 16:27:50.478342
368,368,UPS,dc45e742-78ed-4c01-8bf8-01dc33f99900,2026-05-03 04:47:00.678871,2026-05-27 10:59:13.288635
369,369,FedEx,1b38ae19-79f1-49b7-ab4e-0336eee62980,2025-10-15 07:57:51.610346,2026-07-12 19:32:39.640322
370,370,Amazon Logistics,e68c669a-d06d-4d66-8317-7d9831d23302,2025-11-05 18:17:34.935384,2026-04-16 16:32:18.360683
371,371,UPS,38a11198-d473-48fb-83d0-116a359318ad,2025-10-17 11:52:58.821263,2026-06-06 10:08:35.341619
372,372,DHL,cec8bf67-efa6-441f-8e12-cdfb98b0d8ee,2026-05-05 03:26:54.556896,2026-07-11 04:01:59.155273
373,373,Amazon Logistics,0c0abb8b-e12f-4b35-80ea-9ba24f6e090d,2026-04-23 13:09:45.460805,2026-07-09 03:44:13.152256
374,374,UPS,b41983d7-5061-458b-8e11-df464e62a811,2026-06-11 06:44:36.376178,2026-07-11 09:05:05.420245
375,375,UPS,4b6c4229-7ac2-4ee6-a4bb-eec8313d460f,2026-02-02 05:22:31.455723,2026-07-04 00:31:14.551850
376,376,UPS,e289c492-3f26-4dc7-afc5-80a4f32c1997,2025-11-14 22:01:06.418990,2026-06-18 02:47:41.278672
377,377,UPS,3765261a-ab1d-4614-8be0-95bb7e6fe82a,2026-04-29 23:37:56.569354,2026-06-13 21:36:03.159520
378,378,Amazon Logistics,526441ee-456d-4abf-b362-fe28b35f7f6c,2025-12-17 18:58:47.566624,2025-12-29 06:41:17.957612
379,379,USPS,ed0fc5fb-455e-4d2f-aa0c-1d1f8ac28235,2025-12-27 05:53:17.143167,2026-01-05 08:10:06.636829
380,380,UPS,d00f2423-bb60-4a52-809c-89b6c13aa314,2026-02-20 03:51:46.124597,2026-08-13 09:17:21.055368
381,381,FedEx,25395753-5bd5-4161-a19f-f3c8370aaef5,2026-02-20 10:23:29.886611,2026-06-03 08:10:51.135827
382,382,DHL,77b2ae6e-d05d-443e-b775-3f3b0be678b2,2025-11-05 02:21:13.911196,2026-08-02 01:25:43.583301
383,383,USPS,ab7e9258-5063-4b3a-ba93-e89d97871b81,2026-07-18 16:18:55.150834,2026-07-20 05:27:02.458153
384,384,UPS,34b88e03-e4fb-451e-86c7-3d268bdedf8b,2026-03-24 02:35:39.268425,2026-07-08 10:46:57.982727
385,385,Amazon Logistics,ceec9884-3223-4a6f-b3f5-0a14dbc94b24,2026-02-07 20:48:01.109880,2026-02-19 10:27:37.280588
386,386,Amazon Logistics,7beec122-4279-4bd2-bdd7-748fbdaf6583,2026-05-07 04:08:31.702903,2026-05-10 16:54:12.890112
387,387,DHL,04656d39-a3c5-49de-b0e7-8f03bc5fd8e9,2025-12-15 19:42:21.796037,2026-02-23 19:37:08.337551
388,388,UPS,da887962-2cd3-4946-aa45-95af4d4e1be8,2026-04-01 21:29:45.554091,2026-07-06 13:06:04.099564
389,389,Amazon Logistics,3d6a5086-da61-40c6-bc94-8bc6e5a0b62e,2026-01-08 11:19:57.155625,2026-03-12 00:17:14.123378
390,390,USPS,f8b9744c-ed92-48cb-b825-46348d7f6a5e,2026-05-04 10:03:26.550920,2026-06-15 07:03:39.299652
391,391,UPS,85916e9d-e543-4834-ab0b-31ab1037d187,2026-06-18 21:49:49.474995,2026-06-27 21:56:55.525728
392,392,DHL,14cfb1c6-5d56-40b8-a45b-1359030e5e4e,2025-09-02 14:33:53.590944,2026-07-24 03:10:45.650686
393,393,DHL,8f8386e7-a31d-49ce-8967-300e40402e19,2026-07-09 22:21:54.147398,2026-07-25 12:58:23.434980
394,394,UPS,896a8ee8-5120-4de1-ad47-c54584167d4e,2025-10-13 09:38:47.411684,2026-05-24 20:11:38.532045
395,395,FedEx,26c464de-3095-4975-b305-c4eaabc6881c,2026-04-21 23:05:51.119251,2026-07-07 15:27:32.913652
396,396,FedEx,0f636b4f-2c0e-445c-9ff8-b25a2a2cc720,2026-02-13 06:48:50.846285,2026-04-25 00:42:50.793715
397,397,Amazon Logistics,7fb1e600-ff85-4d43-b5d5-d40fe932d95a,2026-03-23 13:55:11.064399,2026-05-13 19:48:50.431695
398,398,DHL,d96bec92-8f86-436c-82eb-87f5f8a8e637,2026-07-19 02:59:33.879771,2026-08-07 19:34:24.020144
399,399,UPS,8be4577f-1a26-4a70-a2f5-adf7f6bbda03,2026-03-15 20:16:28.451846,2026-05-19 22:08:39.616837
400,400,FedEx,89b9145c-89e9-4b07-bedf-95ca8a959871,2026-05-09 01:25:26.794629,2026-06-12 23:45:45.539356
401,401,USPS,83df7350-97e4-467b-8328-2297fcaea93e,2025-12-25 15:36:38.982916,2026-07-12 19:27:08.282267
402,402,DHL,9b00c728-a932-4094-9637-4368f926241c,2025-09-16 02:28:55.858028,2025-12-20 17:25:42.405463
403,403,FedEx,d9e58d73-ba40-4fdc-a77b-71ff13557ebe,2025-09-21 16:19:24.076081,2026-04-16 14:09:51.290237
404,404,DHL,ebe54055-89b1-455b-b72f-7a626834f125,2025-10-04 22:01:07.885092,2025-10-17 16:20:55.359400
405,405,USPS,1fffe5a1-c706-4053-a29c-328420715a6c,2026-06-15 03:50:55.019383,2026-07-04 19:23:57.134266
406,406,UPS,85142c9f-55b3-4acb-a718-957cee093e39,2025-09-10 02:19:43.183169,2026-07-30 18:10:04.730921
407,407,Amazon Logistics,2d3964ea-1ce3-4b05-a4f9-fdae6a908a37,2025-10-21 23:26:35.284091,2026-04-19 10:17:30.753687
408,408,USPS,6bacb995-a48c-4951-bb5c-e17c02ab388c,2025-08-15 23:14:56.311748,2026-07-05 18:19:50.558072
409,409,DHL,c438bceb-bdf8-410a-abed-6e2dcf68f8c0,2025-09-04 10:00:53.855460,2026-03-08 15:14:06.701089
410,410,Amazon Logistics,eba3e192-cf6c-40af-b1e6-d7915f48c3df,2025-10-20 23:09:08.028195,2026-05-10 10:53:05.240299
411,411,Amazon Logistics,36077e23-5084-4f14-a6a0-61fe8864bfbd,2025-12-06 10:26:53.752680,2026-02-24 13:25:24.685110
412,412,UPS,0d6f38c8-da83-46a7-afcb-24fa74774b9e,2026-01-06 09:25:56.658685,2026-03-16 02:37:18.612756
413,413,FedEx,e8c203ca-462d-495e-b057-5d185620dc1d,2025-10-26 16:37:25.239623,2025-12-23 12:55:11.240583
414,414,UPS,35862623-7f7c-4478-9cb0-61de84c37d62,2026-08-01 20:47:10.610426,2026-08-17 13:43:26.088150
415,415,FedEx,44edc365-aa41-4f98-ba47-44c3a9bb2107,2025-08-25 14:33:57.129409,2026-02-13 04:45:13.744114
416,416,UPS,12e5ca0d-64e2-4ef7-82b2-7415d51ebf1a,2025-11-08 20:51:58.798104,2026-04-27 23:46:36.911309
417,417,Amazon Logistics,2790f0ff-2739-4989-9daa-33c33343e9ce,2025-12-04 10:42:51.651482,2025-12-22 06:06:57.905125
418,418,DHL,d6b3101c-133d-4d1a-b4c4-a42a6c002ef7,2026-05-24 12:18:54.562117,2026-08-17 22:12:01.685112
419,419,UPS,d13cd92b-555c-47ec-b679-1f572e208336,2025-09-09 06:59:40.192392,2026-03-25 02:53:31.774194
420,420,FedEx,4766a4ff-6206-43a9-bf6e-d896f93747e3,2026-02-06 04:47:53.852811,2026-05-16 15:16:48.345081
421,421,Amazon Logistics,77a766af-308a-4db5-8211-584ea5310f10,2026-06-14 06:19:17.961076,2026-07-01 14:46:58.868413
422,422,DHL,597afcef-8eb6-4615-b25c-5fc9c72418b8,2026-01-07 01:26:33.488235,2026-06-23 19:55:26.565201
423,423,FedEx,4b5b1dcb-94bb-4328-861a-2c8c067fc415,2026-03-06 06:40:01.278268,2026-08-09 11:23:51.007503
424,424,UPS,d0d5395f-036e-4c11-a79f-48ce598798da,2026-07-08 15:15:21.799929,2026-08-02 04:23:38.906750
425,425,Amazon Logistics,3801cb92-9b6c-4dff-ab5b-336c9d73d158,2026-01-19 00:26:25.015874,2026-05-28 11:05:58.472831
426,426,FedEx,69b66083-0033-4604-b21b-5560c35879d4,2026-07-19 01:00:20.154879,2026-08-05 15:28:23.264337
427,427,FedEx,8c828f5e-08e9-4823-9c66-cf3823f6f95f,2025-10-11 15:47:12.684248,2026-04-13 02:28:17.631547
428,428,UPS,4d32cfa7-f787-4c06-b6be-0929dcfabc30,2026-03-18 14:35:34.676209,2026-06-06 05:47:01.581093
429,429,Amazon Logistics,dd687f6f-2e56-4991-8481-e75067679197,2025-11-30 09:18:42.221693,2026-04-06 16:54:15.237501
430,430,USPS,abfc3f32-3e5c-4a89-96be-25530103e432,2026-04-07 04:45:54.744514,2026-04-11 17:00:57.478348
431,431,FedEx,6ce2d7f8-661a-4f19-8293-2d526c8cdecb,2025-11-20 02:11:04.417969,2026-07-06 13:58:17.547569
432,432,USPS,21b7caf3-0594-4e0b-a2ed-44529af86db3,2026-02-01 03:45:43.674839,2026-07-29 11:59:29.869757
433,433,USPS,4224e7de-70b4-4c31-acbd-e1439f7b1ee5,2026-04-05 15:34:02.483147,2026-07-19 13:40:21.513595
434,434,DHL,151ccfc6-7128-4377-ad0d-1d2cf2966f14,2025-10-19 14:37:44.848330,2026-02-14 10:23:12.560224
435,435,FedEx,f47f8d55-c95e-4d8c-9a36-94ec7286d96b,2025-10-26 02:23:49.928733,2025-12-07 21:50:41.582583
436,436,USPS,1dbc5477-27de-429d-8aaf-592020c3106e,2026-05-23 03:10:31.869995,2026-07-01 05:06:32.222494
437,437,USPS,a3e42fae-687d-47ef-81d4-d4c4a219eaf9,2026-02-20 20:03:14.192368,2026-04-02 19:01:50.185171
438,438,Amazon Logistics,0061cfb1-a553-4a4b-ad47-ed929355b606,2026-06-04 07:35:16.456331,2026-06-19 20:29:09.860322
439,439,USPS,b427b8bf-4692-463e-b96c-b2d5176a1154,2026-02-11 03:54:08.447567,2026-05-08 07:25:45.706197
440,440,FedEx,b2287f35-547d-4f87-97a8-3f294266cb5e,2025-11-18 07:05:18.942032,2026-03-26 04:10:52.789337
441,441,UPS,2935a429-81fc-419a-9e93-f91e799a7c86,2026-06-05 13:12:06.220462,2026-07-30 04:14:00.732270
442,442,Amazon Logistics,573b533b-3652-497a-b9ff-658f5fd1736a,2026-01-25 18:09:45.401330,2026-07-07 08:35:56.538895
443,443,USPS,2ebda56b-c3cc-4fc6-8ef1-c648fa64ab8f,2026-01-18 21:19:17.017479,2026-06-07 14:58:21.863138
444,444,Amazon Logistics,5ad8c5cd-3470-454a-a4e4-05cf17e6b58c,2026-05-09 21:29:02.019211,2026-07-01 19:05:13.414528
445,445,UPS,c3272041-35ad-4e82-8835-49ae7e3868b8,2025-10-02 14:28:03.714864,2026-03-14 07:31:59.681936
446,446,UPS,8028a567-a284-4d24-b9b2-68ff306e8755,2026-01-08 03:27:18.270603,2026-04-15 10:44:10.140541
447,447,DHL,4b102973-6b78-435b-ae88-47b121d7ced0,2026-03-20 04:00:17.325161,2026-04-15 07:38:59.258878
448,448,USPS,dae86577-23df-4aab-be51-a803dfdd32d8,2026-05-25 18:34:43.706411,2026-08-09 00:10:17.958637
449,449,UPS,02dc73dc-b21d-4da9-967a-5ccb9e680215,2026-04-14 20:18:47.211161,2026-04-22 10:03:12.913578
450,450,FedEx,1a4fce2b-7e3a-4263-b517-f239f65898a0,2025-08-27 21:53:29.863662,2026-05-10 07:50:58.284118
451,451,Amazon Logistics,3a442f3b-3a9f-4eec-b010-5013e1f57045,2026-07-10 21:24:44.109015,2026-08-04 15:50:37.943854
452,452,UPS,58dc0b83-0d97-45a1-a43f-f97b8a634c1e,2026-03-10 02:30:04.027406,2026-08-13 07:09:52.521853
453,453,USPS,1b687d97-e88a-4900-89c2-410511effa5e,2026-02-11 11:34:45.350563,2026-02-20 06:51:47.065016
454,454,UPS,aafee679-6a00-4347-9dd3-e2b06bc9ee20,2026-01-06 13:42:19.697805,2026-01-22 16:13:14.996354
455,455,UPS,970a6abb-fe8e-461a-ba92-ff6ad845a26b,2025-08-21 15:18:08.233262,2026-03-10 01:47:08.223835
456,456,FedEx,477734ba-11e7-4dd9-a12f-7f49e356aae2,2025-11-12 08:06:12.450998,2026-06-19 23:58:28.722758
457,457,FedEx,9d0efba9-bea8-445c-8280-ef9394fa1dca,2025-12-20 12:52:18.018507,2026-03-17 19:03:27.846561
458,458,UPS,f924ab66-4cd3-46e0-9460-0b87b7cf745e,2026-04-18 12:14:38.749421,2026-05-18 17:06:08.906507
459,459,FedEx,8ffa57ae-8495-4883-9b75-99aa0e4bfef1,2026-08-12 07:11:09.651475,2026-08-14 01:36:41.184029
460,460,FedEx,bc07eeaf-b68b-45e7-8143-b2067d32e485,2025-10-02 16:46:54.907408,2026-07-19 07:41:02.355519
461,461,FedEx,17637c81-8f5a-40a1-9e7b-98b6679f6b6b,2025-11-19 17:04:33.316259,2026-01-02 17:52:15.557777
462,462,Amazon Logistics,449d73c4-584b-4cb0-851c-fa346477d57a,2026-06-26 11:46:22.912605,2026-08-18 02:09:44.534133
463,463,UPS,503f293d-b560-448f-a179-3b7ab0d7dd2b,2025-08-18 14:19:21.310818,2026-01-17 16:55:29.281659
464,464,UPS,493160f1-cc19-406c-b451-fd82d36f8f68,2026-05-11 01:09:54.517048,2026-06-12 19:28:27.973059
465,465,DHL,18cd3609-7a6b-40be-8875-35276c854ccc,2025-08-20 22:56:13.816889,2026-04-10 02:09:58.197510
466,466,USPS,b370db37-1883-45d1-872b-056ea136cd5a,2025-09-01 10:28:58.614135,2026-02-13 04:33:12.891650
467,467,FedEx,ca0688ae-0ab3-4191-b76f-3cca9d4dec7c,2026-06-01 04:14:19.434191,2026-06-03 19:44:11.912598
468,468,FedEx,0e42f416-20cd-4903-a7a3-bfe71b77335f,2026-04-12 04:53:41.731777,2026-05-28 11:55:38.628277
469,469,DHL,2166de64-980b-4254-825d-0d5d736ecb01,2025-08-20 17:31:23.967148,2025-12-31 21:26:22.966976
470,470,FedEx,0b134c73-98f4-4221-a87a-e489eea898e7,2026-04-09 11:42:58.104476,2026-05-29 17:41:55.732698
471,471,Amazon Logistics,b4b7a5c2-3c70-4a33-a00e-bfe62c3b8d7a,2026-06-09 19:37:52.813982,2026-06-28 20:52:49.444118
472,472,Amazon Logistics,b0014d74-fa47-48f6-b96e-e0d448bcf7c4,2025-12-26 00:32:37.285006,2026-01-03 09:12:41.416138
473,473,UPS,6bebcbf4-6276-4071-ba57-78cd2d28fc66,2026-07-11 01:33:06.714215,2026-07-21 15:46:42.964936
474,474,UPS,739f6eff-ea30-47e0-9135-c6481173638d,2026-04-11 21:35:10.348974,2026-08-20 11:08:28.053570
475,475,Amazon Logistics,60cdb7bd-68a1-406d-b989-399459a339aa,2025-11-03 16:51:14.310351,2025-11-06 08:08:42.522249
476,476,Amazon Logistics,4dc2cdd8-da26-48d5-9bb0-feb3868d964f,2025-08-18 06:20:49.902324,2026-07-11 03:56:38.580969
477,477,UPS,b43e8110-0a99-4714-a102-c4be1d330ded,2026-02-06 03:42:40.606174,2026-04-13 20:49:10.954675
478,478,DHL,473d8110-210a-4171-acd3-501d4b5f04be,2025-11-27 04:51:47.888219,2026-04-28 23:25:02.231053
479,479,USPS,92bb9204-9000-4fcd-b684-f05d95bbb92b,2026-07-30 10:24:51.667655,2026-08-13 12:12:56.879921
480,480,USPS,692dc467-fb2c-48d7-a9c5-4794985c8d01,2025-08-19 15:46:21.138247,2026-07-17 15:19:16.725501
481,481,FedEx,b1a6fb13-8162-4d42-956a-ad44032bced0,2026-06-04 13:34:22.552468,2026-07-24 23:23:26.344748
482,482,FedEx,f7746a8b-e21e-4233-921e-8c81f2518aa2,2026-03-30 14:49:06.866830,2026-04-10 05:46:26.194742
483,483,DHL,8059be32-60e4-4271-be21-4b3e96577a42,2026-08-08 09:43:59.281567,2026-08-13 21:04:21.595846
484,484,Amazon Logistics,f058fee8-fdca-4cbe-a42f-b5eb209fb73a,2026-02-17 19:19:11.487837,2026-08-01 09:20:32.836370
485,485,FedEx,11a93803-04e8-4402-bbc7-df86442fb210,2026-04-08 17:05:07.920325,2026-06-18 03:15:09.789587
486,486,UPS,b4ccd5f2-7d77-4691-af1b-a98e9378133b,2026-01-15 20:18:35.296597,2026-03-11 00:16:07.779400
487,487,DHL,c3435148-aa87-478d-bc31-8588632e6f79,2025-10-04 04:17:49.954349,2026-02-06 13:35:46.660391
488,488,USPS,a087daa9-3501-4e36-923c-9b149c1c3c64,2026-07-10 18:42:51.800293,2026-08-14 04:04:55.226817
489,489,USPS,4277cd47-5935-4fe3-ab6d-43313c8b87a1,2025-11-24 19:37:49.187334,2026-05-09 13:53:09.782387
490,490,USPS,387b4cfe-e2d1-4823-a78d-ca3982d0f130,2026-07-20 16:46:59.318718,2026-07-22 02:38:04.895016
491,491,DHL,9f45b036-3b78-4cb2-b04d-1b24ed00890b,2026-01-23 12:32:40.108761,2026-04-28 01:47:47.579362
492,492,DHL,92b0f09e-520c-4e6d-8d94-7f36b52cbe28,2025-09-10 05:56:59.113322,2025-11-02 05:24:42.792511
493,493,USPS,d2b188f3-3d94-499d-aa4e-543a09f617b3,2026-08-12 07:08:54.745885,2026-08-15 15:19:02.589959
494,494,FedEx,7c03e864-0cd1-43d7-9866-d5c2a15d99f0,2026-02-06 07:16:03.164075,2026-08-02 21:35:35.627246
495,495,DHL,652ba6e0-35a8-4855-a31a-fb5385c7d861,2026-01-28 02:23:58.892019,2026-06-27 14:42:32.407117
496,496,FedEx,f9e11a04-307e-4a8c-9fbe-a9c9de5c5086,2025-10-08 13:39:42.371034,2026-06-30 14:03:28.094824
497,497,FedEx,0df2d603-bd39-4531-9517-07b7fb23a041,2026-04-19 09:03:26.263898,2026-04-24 12:44:58.194550
498,498,USPS,56801987-69c4-4f92-9a70-40eaff09459a,2026-01-03 19:04:02.451237,2026-03-07 23:39:09.546981
499,499,USPS,04b83a76-59e8-44ce-b336-725cfa06d8e2,2026-06-22 11:24:17.306078,2026-07-02 02:16:11.540063
500,500,FedEx,a09a9917-1242-455a-8986-cc194ce2a786,2025-08-30 16:46:11.044265,2026-07-29 15:46:29.562268
501,501,UPS,24ee090c-a0b4-4b0f-8684-ecff0c452988,2025-12-09 02:49:48.609369,2026-04-30 13:45:41.543597
502,502,FedEx,96e56a9a-3ab9-4166-9226-f0d8c4c7d041,2026-03-06 03:14:21.404088,2026-04-19 06:23:56.232818
503,503,FedEx,105271dd-97a5-4ccd-adde-709046bbb1a8,2025-08-21 22:49:10.668370,2025-09-25 14:20:36.832325
504,504,FedEx,87f79227-5882-475e-bc06-5da4142c6a38,2025-12-19 11:00:54.009882,2026-07-21 18:56:35.318080
505,505,DHL,1accf4e1-c5e7-493b-b1c7-3943da2bf6be,2026-07-09 12:57:11.464176,2026-08-12 19:08:55.380506
506,506,FedEx,22d2cc04-cc69-4440-929e-49535e122f98,2026-04-22 07:12:00.830612,2026-05-24 20:55:58.772542
507,507,FedEx,0a2e4721-f84c-40ca-9ee9-ccfd5bb49768,2026-02-05 08:38:48.470884,2026-05-05 04:00:45.774514
508,508,UPS,ef3bfefa-a140-4cf0-a836-99f431f5afb2,2026-03-13 04:24:57.331546,2026-04-09 20:35:07.331150
509,509,USPS,9ecf27fe-d847-4cb4-8e5e-c48fdc03c61f,2025-10-12 19:59:11.974795,2025-10-28 17:04:55.676063
510,510,Amazon Logistics,bf52e28c-7b06-46a8-93d8-3d350f3f957d,2025-11-17 01:21:21.422554,2026-01-24 20:50:45.357531
511,511,FedEx,183944c9-cbd1-4aad-8957-46b2906029bc,2026-02-15 01:27:47.478413,2026-07-08 21:44:52.754916
512,512,DHL,8a4b9db2-cd1a-4896-b012-5a7c568c73d9,2025-12-15 03:37:55.742861,2026-02-04 19:48:44.988884
513,513,USPS,5b182aa4-ef7b-4d91-8575-3426e56cd921,2026-04-06 22:47:35.713812,2026-07-12 23:24:09.566068
514,514,USPS,cc98957a-a568-413c-9fd4-85a77c504c1c,2025-11-09 09:43:07.284948,2026-07-24 14:40:21.714053
515,515,Amazon Logistics,79861b25-93ae-42c2-8cb3-2bd0c6357d3e,2026-08-13 20:10:17.756755,2026-08-17 19:39:44.660629
516,516,FedEx,d3bca9c9-7a5a-4c51-b803-09a75950ab0e,2025-10-04 06:18:10.597568,2026-07-28 10:53:39.848310
517,517,Amazon Logistics,7a0515ce-8943-459e-a790-d9f9738dd4d3,2025-11-02 19:10:45.019268,2026-04-23 21:40:41.542655
518,518,USPS,f27a8797-76c1-4415-9410-ffac3bd726ee,2025-11-07 21:30:15.193942,2026-02-28 01:07:28.338501
519,519,FedEx,5516eef5-5ddf-4ae9-bafa-2c01dc33b16c,2026-04-14 17:39:30.145945,2026-06-28 17:40:24.280020
520,520,UPS,14165f06-d7f8-43b9-b3ae-220903faf2f7,2026-01-16 02:54:40.883164,2026-04-29 19:33:41.653537
521,521,FedEx,b55cb30b-7c0a-4db1-9368-c82406416608,2026-06-27 00:11:27.597041,2026-07-27 12:27:12.408473
522,522,DHL,a1e274fb-ea2c-403d-bb22-a93d3da84737,2026-06-23 22:56:49.190222,2026-08-04 17:46:19.225846
523,523,Amazon Logistics,bde08378-cd41-4175-88ee-215d2ec017a0,2026-02-16 23:22:50.156451,2026-02-28 13:12:27.151701
524,524,USPS,421e7141-7eef-4fa1-a03f-c414f2574f8b,2025-09-14 05:48:14.115378,2025-10-22 18:45:15.812555
525,525,USPS,4598784c-a7e0-4ad8-9234-91fa6dc76077,2026-07-15 01:02:49.928619,2026-07-16 03:23:49.894536
526,526,USPS,d1d59df5-1cf2-40ab-bd6f-9d8894313ec1,2025-10-31 02:26:44.081797,2026-06-20 18:20:11.455226
527,527,Amazon Logistics,5446295d-24fe-43ae-8c2c-48500ffdb0ba,2025-10-18 11:49:51.210925,2026-04-13 02:32:07.475568
528,528,FedEx,f7559886-7da2-422c-98c5-ba829eac8379,2026-01-11 23:33:08.220649,2026-04-27 19:52:27.379856
529,529,Amazon Logistics,e8f98dbc-ee99-4d65-ae32-5f1e7916aeb4,2026-04-22 18:11:30.638034,2026-06-09 05:00:14.525033
530,530,USPS,0d6faab3-985d-4b5a-a2a6-bf9e4808e707,2026-01-11 06:05:08.282554,2026-08-16 01:00:49.962512
531,531,FedEx,8ff7f7e2-d4db-4cca-9ac9-87dfdc6f4e86,2026-02-13 22:03:41.992128,2026-04-28 16:26:06.542701
532,532,USPS,ff0541f7-30f0-4823-9caf-4f4d37e73a3f,2026-08-07 14:58:57.199635,2026-08-09 19:47:30.705435
533,533,FedEx,29867197-e290-47d1-b006-d8792e318620,2026-06-23 13:10:42.320673,2026-08-12 06:17:19.250338
534,534,Amazon Logistics,83f5b3f4-0118-430e-9dcd-7c112a74f332,2025-08-31 11:38:09.260272,2026-05-15 02:24:02.739619
535,535,UPS,67c10eed-1ada-494b-8188-2c136102a424,2026-03-02 20:01:10.520883,2026-08-05 00:31:56.072491
536,536,USPS,a1791af6-b616-4cd2-a6d8-4b14b4d67393,2025-11-03 06:22:07.972627,2026-07-11 17:57:50.294175
537,537,FedEx,4e582cc3-d5b1-41fd-bd14-e0875a832359,2026-06-29 01:28:48.841574,2026-08-17 23:38:41.943691
538,538,USPS,ea9b6b3e-b7d8-4d5d-ad4c-4f640bd042c4,2026-02-17 05:26:13.259875,2026-05-15 13:20:35.093290
539,539,FedEx,2f7dee0b-e045-4142-abb8-23b9ca4befee,2025-09-02 09:44:53.893356,2025-12-02 14:04:05.949466
540,540,FedEx,ffea045a-ba03-4ce6-be77-aab6b3bdc5af,2025-12-24 11:42:57.269674,2026-04-07 09:11:54.477653
541,541,USPS,b04e3003-3397-49d7-8173-24e073e90fe6,2026-05-28 19:36:03.224866,2026-06-11 01:20:02.309047
542,542,Amazon Logistics,cbd72c2f-cbbb-499a-a035-35fbe429caa8,2026-06-17 16:43:47.119192,2026-08-01 20:16:34.824382
543,543,DHL,5a1be9ee-3e4c-4bd8-a765-4f59a7d8a018,2026-05-23 11:31:02.017287,2026-08-09 19:23:51.439609
544,544,DHL,762352ac-0006-4cbb-99dc-341f0b34e799,2026-01-07 07:42:25.932436,2026-08-11 21:00:28.847647
545,545,USPS,d9668726-aa85-4ef8-8511-98962f99a8e3,2025-09-25 11:35:12.747659,2026-05-16 09:40:14.230826
546,546,FedEx,8823a485-0cf4-4547-af9d-7e41f8e6a65c,2026-08-11 16:44:02.522762,2026-08-11 20:38:01.210335
547,547,USPS,9f676aa7-e2f6-4be8-9764-cd03a26266b2,2026-01-19 14:56:25.532056,2026-08-02 14:11:23.346632
548,548,DHL,e329d9ef-1d25-461f-9aab-04b40f73b78f,2026-06-04 10:57:03.330838,2026-06-15 13:46:35.827574
549,549,Amazon Logistics,4bf0bc39-730c-46ef-a0bf-4f987338d4ef,2025-08-18 17:33:50.513178,2026-01-15 10:36:14.089949
550,550,DHL,274b9e6f-4fe1-4575-9ec6-6d6f548f4675,2025-10-10 07:12:04.599550,2025-10-27 18:53:34.571134
551,551,DHL,cf18cdd3-989d-47cb-8624-633b97f24e4b,2026-04-22 18:37:15.507924,2026-06-01 08:40:17.029099
552,552,USPS,4ff7036f-6394-4b9d-bd57-7db31f09520a,2026-06-28 11:24:13.601732,2026-07-05 14:29:00.697363
553,553,USPS,9be714ec-3278-428f-bcd1-a433464e3d4c,2026-03-07 04:15:28.349366,2026-07-12 09:21:21.697940
554,554,Amazon Logistics,0c42fbf8-3375-4e34-8abd-fa86f8dea002,2026-01-21 22:15:38.347279,2026-04-11 17:19:12.177130
555,555,DHL,6238d0d5-160e-4ef5-9407-c4470372cfc5,2026-06-24 08:36:34.929474,2026-06-24 22:52:46.706043
556,556,Amazon Logistics,29847924-0dd9-4983-95fc-01ab5d28a72c,2026-06-26 10:56:34.052938,2026-08-11 10:30:40.190048
557,557,FedEx,95bf4d66-4fc0-45a8-a39e-67fbe385ddcb,2025-11-13 05:05:18.956304,2025-11-23 20:18:27.634082
558,558,Amazon Logistics,0d797a74-f043-4f6e-91e9-729a612efadf,2026-03-03 10:25:46.799144,2026-08-08 18:27:06.741646
559,559,UPS,393bfdce-1f5e-44bb-9812-76e56927de36,2025-11-13 15:33:32.026334,2025-11-30 10:35:41.605608
560,560,UPS,9310063a-16a6-472c-9bb0-066a236c54f6,2026-07-19 11:22:23.328873,2026-08-13 13:35:02.668035
561,561,Amazon Logistics,c7b00fee-f8f4-44c9-b4d3-bad42b455e66,2026-01-27 19:27:32.480512,2026-02-03 13:02:35.494643
562,562,UPS,6dd0ccb5-b17c-4bab-a437-cb29f5e8295c,2026-05-19 12:11:17.511906,2026-06-12 20:21:39.159622
563,563,USPS,4553e712-4082-4d7e-b3c3-33a96d8563b9,2026-02-06 21:01:05.051252,2026-05-07 05:35:43.256544
564,564,UPS,bd57efa7-7205-43fd-a524-f73c1afc9733,2026-05-02 01:22:35.347757,2026-07-05 07:41:09.546523
565,565,USPS,fefa6ad4-2a45-4fde-ab36-630d3fee038f,2025-12-16 04:21:21.523321,2026-07-05 01:40:53.695003
566,566,FedEx,45dea4a3-4400-44e3-900e-1b749711f358,2026-06-14 09:16:39.354199,2026-07-04 20:47:24.198618
567,567,FedEx,8fd2574c-e245-4ab0-91f3-2a61de481316,2026-03-26 23:13:37.646558,2026-04-21 15:19:31.789716
568,568,DHL,11e57069-94ab-40a0-b4a8-2660acb4adb1,2026-05-30 09:41:39.231573,2026-07-05 16:59:12.468649
569,569,DHL,2a941095-77fc-401b-9062-9ca20e961fcd,2025-09-22 18:03:27.993210,2025-12-29 20:18:30.419279
570,570,DHL,244dcfb0-2336-4170-93ff-58a91848c7dd,2025-11-29 10:03:47.828956,2025-12-07 07:29:15.281693
571,571,Amazon Logistics,dcb6d8a5-08bc-47eb-b1ad-e744b80f8d8a,2025-10-24 13:12:08.435169,2025-12-18 00:18:03.104992
572,572,Amazon Logistics,ce292742-ff47-4261-8736-aa890155f502,2025-09-15 03:03:28.828747,2026-03-10 16:34:56.330232
573,573,FedEx,7dca1d9e-65df-4de8-a9f4-aa3de4173917,2026-04-17 08:46:34.291296,2026-06-20 21:48:15.695316
574,574,UPS,227008db-0d75-4ca6-a512-738309a5865f,2026-06-09 03:54:03.391848,2026-07-21 20:16:20.243281
575,575,FedEx,9608e3f0-c499-4e79-bb2e-1136c1ee2cb4,2026-03-02 22:42:59.519746,2026-08-06 00:16:55.598666
576,576,Amazon Logistics,160d5e22-6e03-4233-9397-ddb1e459b9a6,2026-05-29 15:43:25.443311,2026-07-28 20:44:26.859863
577,577,Amazon Logistics,1fccb156-9824-480a-9288-6fdd887b3b55,2026-01-11 12:21:36.033882,2026-03-19 09:54:15.613812
578,578,FedEx,78160d3f-1e56-4928-aec8-a82b95b96757,2025-08-16 01:11:02.868891,2026-02-20 21:05:28.667323
579,579,FedEx,2224622b-ef3a-4fad-a955-9cd58d2a707d,2026-08-06 05:47:37.266744,2026-08-09 15:24:00.802438
580,580,FedEx,642477e4-0533-4da8-875b-ff8c8ca5c1da,2026-01-26 11:44:24.356956,2026-03-06 18:53:17.445576
581,581,UPS,608febb2-32d0-4568-9a7c-4b90aacad928,2025-09-10 15:04:19.800823,2026-02-06 15:06:38.362317
582,582,Amazon Logistics,c0061074-5a01-4dec-a161-6ec91f986d0d,2025-09-08 00:42:23.031493,2026-04-17 06:14:33.935827
583,583,DHL,c85e9baf-392e-426b-b29a-67dda6812d75,2026-07-06 05:37:51.313296,2026-08-18 04:18:10.826765
584,584,FedEx,4296030f-5729-4258-bc39-2fbce505b389,2026-02-10 21:13:10.833502,2026-03-01 12:38:35.736786
585,585,UPS,855cf2d1-689b-4758-aca1-c4b273432eb8,2025-11-29 20:30:18.701707,2026-06-17 06:59:15.833354
586,586,DHL,ab4ed5da-d819-495b-a51e-e0728b0480a1,2026-06-03 10:00:21.350266,2026-07-26 06:58:50.723133
587,587,FedEx,e20bacbc-3f1b-4b74-b7e5-8dc5be4eec59,2025-12-25 17:17:41.865175,2026-04-07 12:46:27.627852
588,588,Amazon Logistics,0dd48294-1748-451a-b755-d5c0e6b9ec6d,2026-07-16 07:51:38.081180,2026-08-13 16:04:12.702908
589,589,UPS,e0c66aef-2a54-4f72-8b0f-49e4e181b231,2026-04-21 02:05:27.508978,2026-07-29 09:55:56.596817
590,590,UPS,58975226-491e-40cb-89a0-64b321a73eba,2025-09-01 20:14:41.846498,2026-04-07 17:20:45.609996
591,591,Amazon Logistics,1b10410b-28c9-431a-9f7d-2669fe20255f,2025-08-26 22:28:34.471590,2026-07-23 16:15:35.112005
592,592,DHL,ed03f1c2-4b76-4037-9d9c-92f5d75630bb,2025-11-21 14:35:37.564569,2026-07-28 15:52:20.677810
593,593,UPS,abe88547-2864-403e-ba79-5a8a70606b9e,2026-07-09 04:24:19.082835,2026-07-18 00:22:50.763556
594,594,DHL,365c2628-d61c-41db-8ed6-1e2a876e8ead,2026-08-12 16:42:50.716385,2026-08-15 08:44:17.904342
595,595,UPS,bf7d3dfd-2a83-41f5-95f8-1c26686012b1,2025-11-24 11:24:08.571434,2025-12-09 20:16:48.095873
596,596,UPS,dd4afb28-9575-4bf5-be0c-7d98f705e3d0,2025-11-23 01:47:55.256565,2026-03-05 04:23:16.388678
597,597,USPS,ad91ba62-c281-4263-a62b-4357d378e54c,2026-05-29 05:46:54.674547,2026-08-04 07:45:02.887546
598,598,DHL,1ff4d815-8063-41fa-b027-a6cdc89cc72e,2026-01-17 23:06:00.947872,2026-04-01 18:58:35.886611
599,599,DHL,4a170289-6dad-4f83-9496-0507d7caad8f,2026-04-21 02:22:45.662933,2026-05-30 05:55:07.500223
600,600,UPS,cb0bf6cb-60cd-4440-a99d-77b83c19ff58,2026-02-18 16:22:31.180800,2026-03-29 03:41:04.905247
601,601,Amazon Logistics,1112f651-3460-44b5-affe-0b1d61f0211c,2026-03-09 13:31:30.481435,2026-05-12 17:07:17.459398
602,602,DHL,2b78ef09-c004-4efd-86ff-1f1604c57560,2026-02-07 13:40:31.363290,2026-06-17 13:38:36.511094
603,603,Amazon Logistics,3068658a-dadb-4a34-bae4-7b544059082d,2026-05-31 06:35:16.327623,2026-08-04 23:49:49.576377
604,604,Amazon Logistics,885795e0-23e1-4f3d-acc5-7978d0497634,2026-06-24 01:47:30.228729,2026-06-30 06:28:00.445394
605,605,USPS,08e676e4-eaa5-4516-93a8-4d7ccdfeee2b,2026-02-06 08:57:52.980809,2026-06-14 07:09:48.467811
606,606,USPS,cf521a24-892b-4dee-b97c-eb5057d99b65,2026-01-12 14:06:54.335051,2026-03-08 20:22:04.927639
607,607,Amazon Logistics,768f3ff2-2581-4972-87f6-4a6398d7a627,2026-07-29 13:19:05.206389,2026-08-14 06:59:03.114832
608,608,FedEx,b0393375-bf9b-46b3-a124-4c9c402bbab3,2025-11-05 02:42:04.090068,2025-11-28 11:30:41.769856
609,609,Amazon Logistics,50eacfb2-6555-4842-8abf-e26347459328,2025-09-11 06:01:14.782769,2026-06-26 13:01:48.631763
610,610,UPS,73aa553f-9fe9-4b26-a835-348415681ffe,2026-05-16 11:07:02.931320,2026-07-18 11:45:00.071819
611,611,Amazon Logistics,b7744f28-15f2-4f18-bc6c-270d64cd5870,2025-10-13 00:14:50.818948,2026-01-21 13:48:41.848832
612,612,USPS,81cb6f99-772d-41d8-b77c-09b497c7ce0b,2026-06-14 19:04:40.558611,2026-07-09 12:47:48.504795
613,613,DHL,653f7a31-9e38-466f-a884-3a1785932a25,2026-07-11 00:33:13.940180,2026-08-17 15:21:12.335441
614,614,DHL,1b56dc3f-90f0-4568-b467-fed6a1779c39,2025-12-18 14:32:47.838836,2026-05-31 11:13:54.005857
615,615,DHL,1f1ac877-c7b3-4005-8eb7-9a3e6f3d5ad8,2026-06-28 16:28:24.722155,2026-07-02 08:13:39.452616
616,616,Amazon Logistics,42290bfd-2aba-405c-bf4e-67dcc6d7d4e8,2026-04-17 19:36:59.980004,2026-06-23 06:51:34.379539
617,617,DHL,55cf6c58-0234-427e-b478-ad3b1e52c3ec,2026-02-23 01:45:57.846367,2026-08-20 12:05:32.892996
618,618,FedEx,f281a868-1497-479b-923e-e75c95e56a88,2025-10-04 11:54:06.942449,2026-05-21 16:07:04.009581
619,619,FedEx,71806333-f8d5-4c4a-91ec-515b67ce9f1b,2026-04-11 09:00:19.680106,2026-04-26 08:39:28.079434
620,620,USPS,1ff57803-4607-433b-98e8-0ff3ab940b28,2025-10-31 04:31:17.396756,2025-12-02 09:18:22.746974
621,621,DHL,772ce450-abe9-4e04-b9b7-ce3c90b26cd9,2025-10-23 03:15:40.066520,2026-04-07 09:46:57.006977
622,622,UPS,78005ba4-bb52-40f0-8be3-74e55faae530,2026-06-16 17:53:37.098284,2026-07-31 14:29:54.110113
623,623,DHL,36b8a608-96ff-4d79-b940-716680ca64da,2026-08-09 14:55:04.127502,2026-08-20 21:37:37.087095
624,624,FedEx,3058b90e-a632-46a9-92eb-98aa880c09c3,2025-09-11 17:07:02.667858,2025-11-20 22:18:31.879088
625,625,FedEx,eebf7f69-1ad0-4547-803b-42b1f7852f7e,2025-08-22 18:59:35.065077,2026-01-21 15:21:16.061951
626,626,FedEx,6ca58c39-b00d-4775-b81d-3a17dbe103ff,2026-04-05 19:46:59.170606,2026-08-20 07:11:20.905573
627,627,Amazon Logistics,5e845455-aeb1-464c-8231-4fd0385e4288,2025-12-26 21:00:05.558036,2026-01-20 21:02:32.369359
628,628,FedEx,a21e7836-1cc0-48f7-a5f6-7ca83e0febfe,2026-07-15 03:03:16.153661,2026-08-14 04:32:28.194423
629,629,DHL,4cc107d5-521b-4dc1-b72c-63ed8e3616ab,2025-12-07 06:23:05.707409,2025-12-23 17:26:17.972423
630,630,Amazon Logistics,445f0b62-98b9-49f8-b2c0-81da46cd68da,2026-06-19 04:32:49.865503,2026-07-18 09:24:42.082820
631,631,Amazon Logistics,36cdc063-4556-419d-af74-7b9da3328186,2025-12-13 04:04:42.291963,2026-04-30 09:02:57.992938
632,632,UPS,19ff069b-e8ea-4fb5-a043-b22ce8e2125d,2026-07-11 23:33:55.736083,2026-08-01 14:38:39.175822
633,633,Amazon Logistics,bb0c0616-b61a-4cad-b61b-cb49325430ae,2025-08-21 14:29:12.353139,2025-12-02 20:05:29.525632
634,634,UPS,5ec6027d-b856-4b7b-95f6-24cf6f98c8c0,2026-02-17 13:44:58.436765,2026-03-04 04:00:39.520299
635,635,DHL,59a51805-c4d6-428a-a931-ea713741f25a,2026-06-14 20:44:07.051004,2026-06-28 05:31:14.834791
636,636,UPS,9cb732fb-be7a-466d-b7ff-ee7b7ea33805,2025-12-26 03:52:46.034109,2026-07-26 07:55:16.531902
637,637,FedEx,5e18a44c-4c8f-43b1-8739-7cb4a61c5c6c,2025-08-19 04:20:32.654530,2025-09-28 22:10:13.379976
638,638,UPS,5c33a2e9-cbdb-4936-a7d1-e754454c9c22,2026-06-17 04:18:47.788304,2026-07-14 17:48:16.771171
639,639,DHL,92aa02ed-d7d7-45ca-9a71-c160c0234dbf,2026-05-23 15:07:22.944564,2026-05-30 10:47:27.296915
640,640,Amazon Logistics,c5a72a92-20f6-471b-a79d-13e092e92169,2026-07-25 21:54:27.519011,2026-07-26 07:01:28.377749
641,641,UPS,d4f60ad5-1eba-457c-88c3-bae98e555cad,2025-11-07 03:38:51.736003,2026-07-28 03:46:30.688231
642,642,DHL,55871c65-7ea0-4983-8874-df8b34b539c4,2025-10-28 08:10:16.187976,2025-11-01 23:39:25.595564
643,643,UPS,b6838fde-e935-4181-b4d6-cc13dd4c71e8,2025-08-19 18:26:36.563615,2026-06-15 22:06:13.595794
644,644,Amazon Logistics,1eb4aa84-51f5-4307-99a9-605bb31526aa,2026-08-11 02:48:21.574015,2026-08-15 10:10:05.148569
645,645,UPS,92067823-3ea5-43b9-9f7e-e8ac55487bb8,2025-12-17 08:38:54.893431,2026-07-15 22:53:17.198427
646,646,Amazon Logistics,9f4d4995-235f-49c3-b631-1aa3747f6419,2025-11-19 03:36:14.244269,2026-08-01 11:46:19.365932
647,647,USPS,8cfdfac3-9084-4530-a46e-f76c32756427,2026-05-08 09:28:28.925328,2026-08-03 11:42:24.032960
648,648,USPS,a9585c1c-dadb-485b-9cbe-77ec44985bb5,2025-09-24 10:22:31.982053,2025-11-15 08:45:02.266939
649,649,Amazon Logistics,920c9200-201b-40d4-84d0-b2c82e67e529,2025-09-21 18:48:03.527197,2025-11-27 22:10:02.228034
650,650,UPS,9bd554a4-c907-4e28-8a73-25b19c8957f9,2025-10-25 20:09:19.025127,2026-02-21 00:26:10.956506
651,651,Amazon Logistics,8908428f-f7cd-4496-a7ce-aca6df72370b,2026-05-08 05:49:20.648989,2026-07-02 00:06:21.121641
652,652,UPS,d08c47e3-d436-4cb4-8798-f6768eb420d1,2025-12-27 18:22:10.652113,2026-01-24 16:34:41.165338
653,653,UPS,08a88612-4cab-4a06-bb06-618de342368e,2025-08-28 01:38:49.655543,2026-02-01 20:32:18.307499
654,654,USPS,7506789d-aec2-4656-92e9-93dced2fe634,2025-12-18 21:42:52.935136,2026-03-02 14:08:52.650307
655,655,UPS,0e3ec3e2-39ba-44ba-989d-3efda3457b9e,2025-11-23 00:44:55.033920,2026-07-10 21:30:38.627668
656,656,USPS,a819ff5a-0b32-4334-8a23-d345cdc4d6eb,2026-01-14 07:00:26.766533,2026-06-04 14:52:27.055668
657,657,Amazon Logistics,3433b595-b8dd-4cd0-85a3-5205745f08e5,2026-02-11 09:14:41.954001,2026-07-27 05:13:48.593584
658,658,Amazon Logistics,ba02d863-6b1b-46f5-a3dc-86a71ac31ca6,2025-08-29 21:01:07.651017,2025-12-14 03:51:31.106237
659,659,Amazon Logistics,bc640719-728f-4fbc-82e3-3690bed8e0ae,2026-01-11 07:53:42.910045,2026-02-24 18:16:30.251594
660,660,FedEx,708aee97-5505-4bb8-a644-dff7fd5eb08a,2026-04-19 18:08:24.898532,2026-07-26 10:52:48.963923
661,661,Amazon Logistics,0e3059db-1369-4024-a207-6b0474606184,2025-12-29 17:18:04.078465,2026-01-07 08:59:47.750085
662,662,USPS,9f8d3eed-29b9-4403-a70e-ee3225dd32fa,2026-01-08 03:41:30.686356,2026-08-14 01:28:57.721365
663,663,FedEx,3393dfca-497c-45fa-94c9-364c72a2239a,2025-09-05 06:50:59.653780,2026-07-07 07:40:12.314609
664,664,UPS,42d13b1f-bf7e-45c2-ae41-2a8c09c51f4b,2026-02-02 13:22:40.670827,2026-03-02 07:19:04.317679
665,665,FedEx,dc41f712-71f4-41f6-b1b8-d76f7db750b1,2025-08-14 07:14:48.390481,2025-12-19 00:26:45.975657
666,666,FedEx,c99c0226-7a6c-4e88-aa4f-840455c5e215,2026-04-19 16:54:28.573547,2026-05-17 16:18:11.373893
667,667,USPS,cd3d5b6f-3af6-490a-854b-4d5fedc1cd37,2025-10-07 10:33:58.658225,2026-08-19 02:45:16.212616
668,668,FedEx,27916efd-80fc-4bf4-8730-39b8b354e30c,2025-12-10 20:42:31.394376,2026-03-14 06:04:55.854137
669,669,Amazon Logistics,b3b0e082-7b39-4e26-90eb-ee2d76549535,2025-09-30 15:56:25.110245,2026-02-09 21:57:13.711280
670,670,Amazon Logistics,1ec38d84-82c9-437b-af49-077255bc47de,2025-12-26 13:39:59.439091,2026-03-21 07:23:04.913941
671,671,FedEx,47ab39ef-6105-4802-a11b-a3fd9539ba54,2025-10-21 21:25:13.259479,2026-01-06 12:33:22.761791
672,672,FedEx,5574f97e-ed7c-4d5e-9c7b-8502c04772c4,2025-09-27 10:29:51.632488,2026-06-15 21:49:10.345358
673,673,Amazon Logistics,edc249ea-140f-4919-ac6c-d39ffc77951c,2026-08-11 10:44:41.669130,2026-08-14 00:05:56.760202
674,674,Amazon Logistics,44fae1f1-bac3-4e38-98c7-ff55cfd1274e,2025-12-01 19:17:25.687942,2026-03-26 17:38:35.836427
675,675,UPS,d899c7be-2c5c-4b22-b22c-b1e6b199ac5b,2026-01-09 12:01:40.964742,2026-02-18 17:54:55.495380
676,676,Amazon Logistics,83d8ea03-b770-47e3-96c6-8c42f9fa9cf9,2026-03-31 04:18:12.544608,2026-07-24 02:35:21.972146
677,677,Amazon Logistics,cd08d55c-345d-4709-b7f5-03dd8accb3cc,2025-12-09 05:15:15.639611,2025-12-14 05:53:49.792944
678,678,USPS,9d6e081f-ba55-41f7-b190-a7b602a22db2,2026-01-20 18:53:24.424805,2026-07-15 23:18:45.793440
679,679,DHL,8500e0ee-e79f-4bbe-a5ee-b2966efb287a,2025-09-15 23:18:11.335928,2025-12-27 02:14:50.667060
680,680,Amazon Logistics,60dbec9f-4e89-41f5-a377-a4a7a146ad75,2025-08-29 03:08:03.591249,2026-07-10 12:42:35.926736
681,681,USPS,ce4c1c28-34c0-4fbb-bce0-fec72603f489,2025-09-14 19:56:10.616732,2026-02-25 21:27:02.108065
682,682,FedEx,1bb0c8ad-8db6-4e73-97a3-64e375a446f2,2026-08-09 14:18:59.665154,2026-08-14 17:35:51.219682
683,683,FedEx,c79cc280-3298-4a2c-aba5-26a380f6a686,2026-04-07 00:34:50.173927,2026-06-10 04:36:04.807557
684,684,UPS,530c5760-b0cb-4e92-885f-2a977019ec53,2026-08-06 23:17:47.690217,2026-08-14 17:42:49.437573
685,685,Amazon Logistics,27882d50-1879-4153-8e36-5edc695e8400,2026-04-16 03:19:39.381394,2026-08-04 17:10:48.575334
686,686,DHL,8251ba53-2b92-44ab-b034-8c3f3f231618,2026-01-19 21:54:27.004654,2026-07-04 16:19:19.250435
687,687,FedEx,856dd9b0-19d7-4a88-b698-c4bd056d7c5f,2026-04-28 03:54:53.093078,2026-07-25 05:07:32.752989
688,688,USPS,1e38ec16-b30c-4144-ad8c-a1dac6a12347,2025-12-02 14:57:19.844051,2025-12-13 16:52:09.835140
689,689,DHL,c63b7c1e-3801-4892-803e-d95fedbc8a54,2026-05-24 09:45:46.348442,2026-06-20 07:16:14.395159
690,690,FedEx,b71e9e92-902f-47d5-9fe5-ef875a6ee32b,2026-01-24 09:17:26.432149,2026-04-11 04:33:23.148267
691,691,FedEx,912c0857-0722-48ed-b064-1a7b9952efe5,2025-12-05 18:20:30.411710,2026-04-10 12:35:18.669854
692,692,Amazon Logistics,cddf177e-3265-4d2c-b346-0f17bb94f1cb,2026-05-26 07:49:18.470425,2026-07-04 07:15:56.683826
693,693,DHL,ab376694-34aa-4645-8f34-c443dab7e113,2026-04-07 19:57:39.175392,2026-07-19 04:41:11.000123
694,694,Amazon Logistics,9b6d8136-8039-46e9-aa80-f4e8b20987fe,2026-02-07 21:31:24.191018,2026-04-25 03:38:27.235884
695,695,FedEx,9ebfb9f1-8205-48e9-aa21-d15155bd5176,2026-08-12 04:17:09.846385,2026-08-17 17:31:02.582336
696,696,DHL,7fc745cd-6b6c-437e-b651-9a967d7147fa,2026-01-22 12:40:38.357963,2026-07-30 10:11:19.400427
697,697,DHL,4cba91b1-6eb1-4399-9e66-7c2f21c64552,2026-07-09 17:23:09.024994,2026-07-31 21:30:05.881463
698,698,USPS,d81928f9-9d01-4d79-901c-05bda02371aa,2025-10-02 02:55:18.930548,2026-06-01 13:04:34.470418
699,699,DHL,4ab4e735-2835-4cf0-8426-1c3383210b98,2026-01-07 10:22:44.667303,2026-03-19 14:14:39.670943
700,700,FedEx,d9f4ff81-6811-40c5-847c-9f0560e8ebd8,2025-10-05 04:06:09.030079,2026-06-10 02:23:06.704932
701,701,Amazon Logistics,3ca73e36-4c10-47d2-a146-da07f5859380,2026-07-02 10:53:35.376695,2026-08-06 15:35:35.677516
702,702,FedEx,82f2e910-7273-40d6-8cb7-2f0ced678e7a,2025-09-27 03:25:34.379486,2026-02-05 13:23:24.244578
703,703,UPS,ea730ebb-a242-4dcb-bf83-b4b0ba599c3e,2026-03-06 16:52:38.961051,2026-04-28 02:31:33.118418
704,704,DHL,a2824887-e8b5-4e74-8f05-1df98c1ef90a,2026-01-19 15:39:17.011250,2026-03-26 07:37:38.004532
705,705,FedEx,0c7bb0e3-ae62-4470-a76e-114919a890a1,2025-11-25 01:21:41.266360,2026-04-30 08:43:32.177211
706,706,Amazon Logistics,45a9a786-aef4-4429-bfa6-6541c2fdda0a,2025-11-19 20:10:19.571089,2026-02-28 20:02:35.121667
707,707,DHL,2cd3853c-2e54-4487-85cd-2bce5a8d881c,2026-05-29 04:29:15.644722,2026-07-30 11:47:14.453828
708,708,FedEx,a852ceee-1819-496c-9716-5665821e4f75,2026-07-13 12:19:09.652495,2026-08-10 16:36:18.111992
709,709,Amazon Logistics,7b73d719-1d1e-456f-8f5d-1eb208d3c584,2026-03-15 09:42:36.159117,2026-04-26 15:05:50.163871
710,710,DHL,7850112a-4ebf-4012-8414-75aa5db72476,2026-08-01 13:12:46.918127,2026-08-07 21:48:06.939864
711,711,DHL,1fe2710d-3d86-4ee4-a491-b8873116c2d3,2025-10-14 02:32:52.831416,2026-05-01 06:10:25.718534
712,712,DHL,7f1beee0-44e1-488e-81de-e60fedb92927,2026-07-01 18:52:25.799455,2026-07-19 14:35:38.921140
713,713,FedEx,8c500d1f-c71c-47e4-a10d-c374a0ae89a1,2026-02-24 11:48:07.416763,2026-03-22 14:40:43.458344
714,714,UPS,9b0414f5-0675-4090-ade1-dcab68af59f7,2025-11-01 15:42:14.380628,2026-01-30 06:16:49.354673
715,715,Amazon Logistics,75615342-5c7c-4b22-8166-25f7fd1fa502,2026-02-04 01:28:53.365349,2026-05-25 03:39:11.791351
716,716,UPS,ed9e9086-430b-4bcd-a801-d6129f387850,2025-11-04 15:05:08.996480,2025-11-11 03:00:49.939784
717,717,FedEx,6ef0fe57-8c92-48ac-b28a-1b73498822c2,2026-05-08 16:23:00.342612,2026-08-04 08:22:21.772493
718,718,USPS,acf5811b-805c-493d-a695-8cc686d71fff,2026-03-20 18:19:40.547738,2026-04-17 09:51:56.154284
719,719,Amazon Logistics,709df06e-51c3-4e43-8b87-19d35341d147,2025-11-02 19:56:16.604239,2025-11-06 06:43:45.672740
720,720,FedEx,aafefca5-f240-40ce-abbe-0bfdbf49ef05,2026-02-07 15:11:12.435879,2026-06-06 10:05:44.812944
721,721,DHL,1c71ca9b-22b6-452f-9669-308ff92a9c24,2026-05-31 07:29:49.010921,2026-07-09 15:17:41.688614
722,722,DHL,511f4933-cfdf-4a3d-8491-7b1ae8c082e3,2026-07-05 23:10:35.771566,2026-07-23 15:54:10.890817
723,723,Amazon Logistics,7af64d07-d3b3-40e8-832c-6bedaed54f0e,2026-02-16 10:13:41.509344,2026-03-15 23:36:37.500849
724,724,USPS,de26dcf3-2841-466c-af18-534f2c77e765,2026-03-29 18:10:23.515168,2026-07-23 04:47:46.695295
725,725,DHL,e4fa2333-df01-4616-9bdc-bf867a9fbcf1,2025-08-31 14:02:16.630270,2026-06-04 07:19:19.017601
726,726,USPS,c7963d38-54f2-4674-b1ed-8e30ada5bc2a,2026-04-16 18:04:25.583326,2026-04-24 12:39:25.502475
727,727,DHL,e7f5ec35-df4e-492d-9312-5412e1e61d6c,2026-05-16 02:02:38.676118,2026-06-25 05:11:40.038339
728,728,Amazon Logistics,4d6a8214-4125-4b79-b979-c88df4fd73bd,2026-04-21 18:35:20.229574,2026-04-24 00:34:37.696903
729,729,DHL,9601d539-6043-4773-9e99-ea3ed255be77,2026-05-06 06:42:13.534183,2026-05-19 22:23:37.259014
730,730,USPS,12cf0997-8cdb-4f61-9189-73809a5d471a,2026-07-23 15:45:38.585040,2026-07-24 07:23:58.802220
731,731,DHL,8cdea21c-84e1-43d9-b07c-bf4c88297e75,2026-08-12 05:17:34.992951,2026-08-12 19:52:32.948062
732,732,UPS,6971e677-51da-4321-80e4-4d8ddb625c45,2026-04-04 09:05:24.481874,2026-07-20 03:34:40.852924
733,733,USPS,c7701bbb-fea8-489b-819c-ddffa57aacc1,2025-10-07 05:38:02.992356,2026-06-03 12:15:01.079127
734,734,Amazon Logistics,495056e6-a823-4909-80ee-01ebbac30168,2026-05-02 10:31:19.000994,2026-07-12 00:58:41.879210
735,735,USPS,8cca5ff9-059e-4e0e-9dfc-42937ca90edd,2026-05-27 05:48:21.524175,2026-06-12 05:43:53.686347
736,736,Amazon Logistics,0cc1bcb9-ede9-446e-9138-c59f167769b4,2025-08-31 11:33:04.860302,2026-01-03 18:45:00.097073
737,737,USPS,ac6901f9-dfab-4d36-bf33-90e8942628cd,2026-06-12 14:36:20.852903,2026-06-28 08:14:54.902214
738,738,FedEx,730af938-514a-4567-9ea6-e8cb1dfe8182,2026-08-12 02:05:12.551974,2026-08-18 14:17:01.147761
739,739,Amazon Logistics,5e776c77-0722-4f5d-b52b-25c8a659f564,2026-06-24 23:05:48.788530,2026-07-02 01:51:40.750264
740,740,FedEx,c9a90f14-2aa0-4509-9823-aa612bad5161,2026-08-11 00:37:12.460552,2026-08-13 17:18:03.924312
741,741,DHL,cef0f6c1-d8bf-41d6-8ab2-00a758888a39,2026-04-04 01:20:05.965843,2026-08-18 11:19:08.480407
742,742,Amazon Logistics,464d0f10-a478-4f97-bec9-8a4fd9bfbdd5,2026-03-15 14:25:24.632891,2026-08-04 07:44:57.379365
743,743,UPS,34274b34-15de-43be-91ef-6dfafecd9434,2026-06-09 08:28:32.646583,2026-06-24 04:40:23.215813
744,744,Amazon Logistics,d7959be2-b4f7-40f9-b5cd-7f24a60d2505,2026-02-25 05:35:31.959571,2026-05-29 08:13:41.205637
745,745,Amazon Logistics,186d4fc8-77ae-4665-8d03-2a2654997255,2026-04-20 13:18:45.260860,2026-05-23 18:57:12.445709
746,746,UPS,df2073c8-3b79-4357-9902-c55daba3aa74,2026-07-08 19:49:54.653659,2026-07-26 01:38:18.308197
747,747,USPS,bfaeccfd-5eed-44a6-8b2b-314c869d9d33,2026-02-02 09:52:12.513857,2026-05-06 19:51:04.819953
748,748,FedEx,47427481-d898-41b6-8c8a-68d79320ac57,2025-12-24 10:23:01.681108,2026-02-10 21:42:47.019807
749,749,UPS,cd04a618-0c24-486e-a84a-739d3f471b60,2026-05-08 01:58:08.603634,2026-07-18 03:55:45.287864
750,750,USPS,afdae034-7046-403c-8fc7-332e42eef9c3,2025-10-06 09:33:50.176658,2026-02-18 20:33:26.593117
751,751,USPS,2cb76899-55ea-4d2a-9f75-0e5cbf9e71f5,2026-01-13 23:50:41.059456,2026-01-29 11:24:29.579503
752,752,Amazon Logistics,99acceaa-ea80-423c-9425-0b495e94d6ca,2025-09-30 20:40:44.530725,2025-11-20 05:55:39.542799
753,753,UPS,7b049f0e-605f-4f65-86e5-ffc45d610724,2026-05-01 06:19:19.362019,2026-07-18 20:39:40.791179
754,754,Amazon Logistics,41a7032a-a1c0-4348-a683-82685068f91e,2026-01-28 05:22:41.005609,2026-07-04 12:52:02.253731
755,755,UPS,79d65965-6811-43c0-b2a4-f21c01a935c4,2026-02-01 09:55:28.997516,2026-06-01 21:09:48.593300
756,756,FedEx,9f122419-95bd-490a-b3ef-56ec1ccc0a16,2026-07-10 12:22:02.933168,2026-08-20 07:56:56.253702
757,757,Amazon Logistics,63ba5880-a2b7-445b-ab53-476981ffa1f5,2026-04-17 17:59:11.724420,2026-04-26 22:05:18.472366
758,758,DHL,87672ec5-e525-4fac-8e7f-b6784b5293f4,2026-07-10 17:26:44.701605,2026-07-12 22:08:23.052483
759,759,DHL,4ed59440-ec8c-4628-be30-64a0f9c886b5,2025-08-21 10:11:34.865376,2025-09-23 10:48:34.126778
760,760,USPS,8de6a4d8-f0d1-4888-8a9b-f3b8d19e5740,2025-10-26 16:37:42.157921,2026-08-13 06:20:24.479226
761,761,Amazon Logistics,00e7de11-99b0-4b5a-ae52-6a0910bc6714,2025-12-10 04:43:01.410718,2026-03-10 06:20:32.467661
762,762,USPS,f25ba076-10eb-4629-b7ae-69c7b03f680e,2026-02-24 07:43:19.437029,2026-04-17 15:29:18.976035
763,763,UPS,3cb47edf-2ed2-4a56-8c8b-b59e52be993f,2025-11-16 03:30:49.358702,2025-12-04 10:31:41.148889
764,764,FedEx,87761527-7f26-4558-935b-8e207820a826,2026-04-20 07:05:44.811048,2026-05-31 19:01:55.290876
765,765,Amazon Logistics,624652b2-bf0d-4b8b-ad7d-a2a30e02ae8f,2026-04-05 17:26:37.575919,2026-05-29 03:23:28.936738
766,766,FedEx,050619f7-8371-458f-b5d2-fb49046850a8,2026-07-17 19:25:51.307428,2026-08-02 03:09:59.774411
767,767,FedEx,e09bbeab-70c7-4f45-b33e-138865c4e055,2026-08-07 15:28:46.181059,2026-08-08 14:09:32.466837
768,768,FedEx,e39f1edb-58db-4f17-9f42-d3ff4bf93f16,2025-12-29 14:20:16.552381,2026-03-25 22:15:44.105428
769,769,DHL,1dd59031-1b74-45b5-8f42-7c60dd5946b8,2025-09-11 11:19:05.919490,2025-10-01 01:55:07.054328
770,770,DHL,1b284348-fc27-4871-bdbe-5c3ae73e6a14,2026-06-20 12:35:45.259799,2026-07-16 20:55:05.399718
771,771,UPS,f7c39356-2149-46ae-88c7-9e6467d5fceb,2026-05-22 05:06:59.327718,2026-07-17 17:23:46.208186
772,772,Amazon Logistics,67dc4aa1-987e-4773-94a8-afcdfd890fe3,2026-01-10 13:52:42.965002,2026-03-23 20:07:08.547107
773,773,UPS,261f1b45-3169-4fec-b5ce-f31c5c9606b6,2026-04-17 18:17:21.571404,2026-07-06 06:55:48.372722
774,774,FedEx,acfa0ad3-07bd-4a37-a19f-c61377e5273a,2026-02-04 20:02:34.729475,2026-02-19 19:55:55.558056
775,775,USPS,9eb12510-48f0-40a0-95b0-f2be9182faf5,2026-08-06 13:28:07.332390,2026-08-09 22:46:32.498324
776,776,DHL,7b266732-99b7-4f30-b55d-a7057856896c,2026-06-06 10:41:30.333630,2026-07-10 12:00:40.815120
777,777,DHL,f24b9b96-6a07-466a-bb66-4f61c9451030,2025-10-28 15:46:43.151733,2026-01-09 14:14:04.572764
778,778,DHL,240380fd-4ac2-4c87-a573-6a1f0667bb92,2026-02-16 10:39:54.598189,2026-04-29 04:22:51.742531
779,779,UPS,bbfe8aa7-16d4-4be4-86ca-c62f0db4de72,2025-10-02 15:06:15.188536,2026-03-08 00:11:13.842069
780,780,DHL,8cc1ac43-f232-4fc1-8631-03ddcc1c0cea,2025-08-27 17:40:18.520530,2026-01-29 07:45:55.536768
781,781,Amazon Logistics,d4933880-00fd-4ad4-84c1-b4d6c820ba4c,2026-01-31 21:59:05.740610,2026-07-16 15:27:42.045203
782,782,FedEx,f7b9181f-15d4-41a1-944c-dd93893500eb,2026-02-15 19:15:39.707393,2026-07-31 18:22:28.705302
783,783,USPS,d517878c-20cb-453e-98a0-32ecb5479161,2025-10-08 09:38:52.122513,2026-07-10 19:56:51.746706
784,784,Amazon Logistics,a01533e5-75b7-4c92-a424-6acd969025c2,2026-05-06 02:56:58.822892,2026-08-20 06:03:08.457582
785,785,DHL,a1bc0af9-6b18-47e0-afc9-9541d93b4646,2026-04-20 19:53:40.815524,2026-06-23 11:32:11.818076
786,786,FedEx,47b4d07c-ed7f-4437-9345-ff7873a92735,2025-08-31 01:36:39.201638,2026-06-15 14:03:40.941379
787,787,Amazon Logistics,08ed2da4-9734-46f1-911f-17ba51c2005c,2025-09-30 09:40:54.895476,2026-02-13 02:37:11.714586
788,788,Amazon Logistics,efa643d3-4ee7-460d-bc9b-9e34151cc448,2025-12-20 19:36:17.902140,2026-03-11 23:03:53.241889
789,789,Amazon Logistics,1b7937ae-7bd8-4e91-b19d-67f4eb580e0f,2025-11-11 15:30:10.855246,2026-02-22 21:50:58.684771
790,790,USPS,9bc73e8f-62a4-414b-aae9-a1e7bbf96370,2026-05-06 14:22:50.318941,2026-05-27 13:34:13.232847
791,791,Amazon Logistics,6c609d58-bceb-4c1d-94a3-fcac9f4e39f9,2026-03-27 08:59:08.655701,2026-07-25 21:30:32.459138
792,792,Amazon Logistics,35c434a9-28c0-4ecb-bf83-3bf35d739469,2026-01-18 16:08:52.508617,2026-02-28 17:13:05.962884
793,793,Amazon Logistics,99063ab3-0201-4b7a-b01f-649858c4fcac,2026-05-26 11:04:52.386536,2026-06-29 16:58:06.823366
794,794,Amazon Logistics,24f00a5e-fc46-47a2-afea-f9092ae56c71,2026-02-17 15:01:01.348220,2026-06-03 14:35:41.976939
795,795,FedEx,38183b97-8260-4607-bcd4-9cd3818d4730,2025-11-21 09:01:26.144619,2025-12-07 23:23:05.192419
796,796,UPS,386c94f6-e54d-4510-a72b-7d1a7fadabfe,2026-07-30 20:26:59.939810,2026-08-13 14:02:47.813668
797,797,FedEx,3ee44207-b5d1-4b65-811c-ac6e33bd971e,2026-05-07 11:34:47.167699,2026-05-12 21:29:45.388527
798,798,USPS,1e920d23-eaed-4536-80e8-a8ab98eec2c5,2026-07-14 11:39:13.029792,2026-07-22 07:56:01.183093
799,799,Amazon Logistics,27e525d6-1f93-4594-b0db-ac6324eb9040,2025-10-26 15:32:20.766531,2026-01-27 22:20:30.605829
800,800,Amazon Logistics,5dba6409-23cc-4320-bfb3-96f2bbcb4c01,2026-05-25 04:11:06.170021,2026-07-04 06:52:32.570957
801,801,UPS,c3272354-a0c0-4d56-81da-cc103f9669c1,2025-09-19 03:55:28.765312,2026-06-14 17:23:04.518087
802,802,UPS,4429829e-1794-45dd-8940-555bc194634a,2026-01-03 19:34:57.690475,2026-05-06 13:15:48.585614
803,803,Amazon Logistics,400a441c-29c7-4cf8-94b5-8bfff1027400,2026-02-01 08:53:29.766436,2026-02-26 10:25:43.847610
804,804,FedEx,d619b274-2ff2-4dfb-840b-f12bdaed173d,2026-07-02 20:34:10.083410,2026-08-06 09:29:16.357780
805,805,USPS,e392c347-eaa0-498e-bfd7-3724afeb405e,2025-10-09 09:46:35.436750,2026-07-22 14:22:29.288456
806,806,USPS,ea738cbe-c26a-460f-94d5-bed82010e410,2026-05-04 12:06:35.845447,2026-07-24 14:18:30.929533
807,807,DHL,3273f2ed-bd27-45ef-8541-33818a844758,2025-09-20 17:12:24.084432,2026-02-18 22:14:30.214046
808,808,FedEx,98a32c21-571b-4476-9149-a1f22efe8c45,2026-04-26 02:46:12.185507,2026-04-26 16:41:05.308178
809,809,UPS,362c35f8-d230-47df-be0f-d54c78c76702,2026-04-13 14:02:23.587386,2026-06-11 22:08:44.331951
810,810,USPS,ebbab4a8-20bc-41c6-be19-5eda04a0928e,2025-11-29 14:18:00.626857,2026-01-05 09:49:34.462865
811,811,USPS,b930d695-63a5-4062-b14c-f4cfda2a684e,2025-11-10 05:05:48.765787,2026-02-23 10:26:00.804313
812,812,USPS,c66973f1-2c74-40a3-b41d-cc400a584f81,2026-01-30 04:36:37.896525,2026-02-22 22:13:31.783401
813,813,UPS,2bb2fbe9-fd12-4316-a801-4e3fd817f81d,2026-04-11 22:10:30.007600,2026-08-14 03:08:24.509399
814,814,UPS,03b2a0c0-a874-4b12-8ffd-5b40ef101e1e,2025-08-29 16:38:48.207806,2026-05-25 06:57:26.227153
815,815,Amazon Logistics,6a8de3b1-26ef-451c-8077-3501f9ee599d,2025-09-15 05:20:16.048888,2026-07-08 13:27:21.198346
816,816,USPS,30a6949d-6b81-4e41-857a-7d6f75964a14,2026-02-10 14:44:17.344132,2026-03-03 08:33:45.101876
817,817,Amazon Logistics,2bac487f-6902-4a12-ad2f-285f15fed3fc,2025-10-28 01:03:34.605241,2026-04-09 06:56:13.170738
818,818,FedEx,c204a570-f304-440a-b8b2-28ea0ba9c42e,2026-01-27 12:33:23.980262,2026-04-19 00:25:42.842618
819,819,FedEx,4674a17c-9c60-49b4-96a5-09cb8bbe6e98,2026-03-19 00:49:57.092360,2026-05-23 11:33:07.603701
820,820,Amazon Logistics,3da6562e-6fc2-4035-8e9e-699f71f32394,2025-12-07 13:43:54.739960,2026-07-23 18:54:41.254130
821,821,UPS,fbd9b489-a698-49da-89a1-ec76f1ed10a8,2026-06-29 21:16:10.615478,2026-07-27 17:57:58.782482
822,822,FedEx,cab93079-e2a4-4402-9953-3fea7203c7a5,2026-05-19 22:54:56.712820,2026-06-21 01:05:27.391216
823,823,FedEx,fb3b4276-0fab-4e5e-9581-fd3af1841d52,2025-11-30 10:34:16.937844,2026-07-29 05:47:29.962608
824,824,UPS,b4d753a6-cbb0-4b86-9188-e7a45cd71ada,2026-05-28 11:38:56.413779,2026-08-05 05:51:55.514878
825,825,UPS,536cd172-d35c-48ea-885a-4cd537d83e40,2025-12-11 03:49:21.744878,2025-12-16 16:28:39.887085
826,826,UPS,9c16d0e3-e185-4a4a-974c-e21a702f711c,2026-08-10 23:22:20.440634,2026-08-17 18:54:15.205986
827,827,Amazon Logistics,4b733ee3-8816-4af0-a478-b3f4f1a961c6,2026-01-29 14:53:07.682345,2026-02-24 02:33:16.652497
828,828,Amazon Logistics,758ea878-cf69-4e72-a3e9-c2d9f01abb5a,2025-11-24 15:35:57.828639,2026-06-24 16:21:59.158471
829,829,UPS,af1a671b-9dfd-4fa3-b3e6-55404d7430d3,2026-03-02 12:46:16.609174,2026-08-04 15:07:45.560041
830,830,FedEx,7dbc60a0-9d65-4410-b051-c92121bbefb3,2026-04-30 00:16:09.739441,2026-05-10 23:41:19.696193
831,831,FedEx,12d8bb2f-47af-45c1-a4ae-fd44b97902e2,2026-06-05 09:23:37.175484,2026-08-12 08:55:40.813780
832,832,Amazon Logistics,c67b5d1b-f951-48a3-991a-9467a598cdf8,2026-01-06 16:14:18.399871,2026-02-23 22:44:19.086970
833,833,DHL,ca9b57b5-5ba1-4023-a330-0ef931d501e6,2025-09-24 17:09:42.474720,2025-12-08 01:16:43.091060
834,834,UPS,e29af32b-2071-45d6-b7a2-54749006de7b,2026-03-04 04:51:07.527466,2026-06-24 21:16:32.852626
835,835,Amazon Logistics,0293b324-d31a-4edb-a85f-f865abb044c0,2026-03-29 16:55:57.993761,2026-05-07 19:06:06.532384
836,836,USPS,c5a4653d-b07c-4a10-a0d6-da8311f14e7c,2026-04-13 16:06:50.139816,2026-05-09 06:56:32.834845
837,837,UPS,381b6df4-1b5f-4353-b079-3eeaee7effb4,2025-10-19 13:27:54.603755,2026-02-17 11:00:30.870348
838,838,USPS,3d29dcfe-ee81-4570-8ae1-b9e515dde53f,2025-10-11 12:57:00.413580,2026-06-07 23:56:58.702104
839,839,USPS,4a8b892e-6ed3-465e-95d1-2698120ed611,2026-06-08 06:06:26.296486,2026-08-16 04:11:11.521466
840,840,UPS,af0fe97b-b493-4dfb-8775-16953c83aa84,2026-01-27 00:02:06.635995,2026-03-19 07:47:26.688987
841,841,UPS,c9299b2a-eedb-4ac7-9504-bf69f7fbf9bb,2025-09-13 10:16:43.668240,2025-11-06 17:32:45.799086
842,842,UPS,bbf945a9-b777-4a40-935b-d0d1c378ff4b,2026-05-11 03:23:06.832149,2026-07-31 04:33:14.283961
843,843,UPS,c4584723-5ebf-4cbe-8ccc-48f1362f33b5,2026-01-24 18:26:10.737378,2026-04-21 14:03:49.495998
844,844,FedEx,035902e5-34e3-49fb-ba4a-8da2d26b9203,2025-10-21 02:06:51.751269,2026-02-07 23:56:22.938027
845,845,USPS,30f31118-69c4-4da8-bfe0-73eff83ebafb,2026-06-28 23:30:07.200301,2026-07-31 08:18:58.132012
846,846,Amazon Logistics,690f61f4-71a7-4036-8ae6-4291e930d671,2025-09-01 11:44:44.628736,2025-12-07 08:12:20.229202
847,847,DHL,bce9111d-ff79-406b-a53e-869b3743165b,2026-04-20 15:21:18.985321,2026-06-04 23:30:58.214650
848,848,USPS,72b1e777-64c1-406e-bb6d-b5f0b4c32abe,2026-05-13 07:22:20.344418,2026-06-22 06:41:09.639679
849,849,UPS,ab1ad4c1-17bd-4663-bcef-f6d53bd5d0bc,2025-10-30 04:34:31.415582,2026-07-03 05:23:50.744349
850,850,DHL,9f648838-e0fb-4525-847e-8a9b76e47e93,2025-09-07 20:40:45.139311,2026-03-20 16:59:32.442500
851,851,UPS,a0dd7d43-9330-43d7-8510-fc55c98a632f,2026-04-03 03:06:13.121302,2026-07-04 21:36:08.199517
852,852,Amazon Logistics,9e5d732b-0382-48e8-a0dc-ad606255ad0a,2026-02-11 04:27:25.285435,2026-07-23 03:55:36.645032
853,853,DHL,66dae0f2-c34c-43aa-a0d5-915ff98c020d,2026-07-11 17:07:11.907090,2026-07-16 21:01:45.689245
854,854,FedEx,6dbf1ad1-ab23-4889-82f7-3378adaa319c,2026-06-29 12:44:32.255975,2026-07-20 00:10:50.810165
855,855,DHL,f5fee96c-ec45-45ec-b26d-b29edb1f97d5,2026-06-16 17:01:10.625515,2026-06-27 02:51:30.198053
856,856,Amazon Logistics,443c7f5a-1586-40a0-8783-56544a43a494,2025-11-18 11:51:12.896363,2025-12-08 09:31:50.719332
857,857,FedEx,727683fd-59cb-4335-8c6a-30b730e08f73,2026-06-27 11:43:08.183919,2026-07-21 17:51:59.245209
858,858,USPS,8fec6fab-ca77-449b-b0ca-f620a82b7837,2026-03-03 08:24:49.490989,2026-04-02 00:37:37.713780
859,859,DHL,7081a15f-ae95-4131-ae02-6074e87ea118,2026-03-06 07:15:08.200805,2026-07-08 14:26:08.840950
860,860,USPS,c74fb858-e884-4b17-b947-888295a2db33,2025-11-21 15:52:16.162643,2026-06-11 21:14:06.799168
861,861,Amazon Logistics,03c09f02-1a80-465e-977b-4717d1718e45,2025-09-18 06:24:33.649435,2026-07-29 01:50:13.170656
862,862,UPS,c0dc8139-540b-4dbe-bbe6-a3058d1e0e29,2026-02-01 17:54:29.384549,2026-02-23 18:57:32.610130
863,863,Amazon Logistics,a4003752-8f8c-4ef9-b530-dca5d6d80ae7,2025-11-23 02:05:14.983526,2026-07-18 08:54:13.911175
864,864,DHL,8221a07d-dba0-4caa-abbe-4ea0ac4c798b,2026-04-10 06:17:15.325704,2026-08-12 16:20:38.666276
865,865,FedEx,690b2dd7-7a99-4a0a-9afd-fbae1c046a72,2026-04-01 18:48:42.693682,2026-04-02 08:46:12.042743
866,866,USPS,14d2158b-7699-4e12-8d4b-4ea7a4998cf3,2026-04-12 15:58:08.504157,2026-06-10 06:26:24.006110
867,867,UPS,ee350f9d-b25e-4859-98b7-2d1217e99c52,2026-01-21 22:25:29.614866,2026-02-25 01:55:26.077878
868,868,FedEx,dbd58f91-1192-4492-a4fe-fdaf4cb01c67,2025-08-26 11:52:54.320837,2026-07-24 17:39:36.381462
869,869,USPS,8dd9b13f-2443-41c9-8e16-81a834c1808b,2025-12-16 13:13:38.631078,2026-03-14 22:19:35.447814
870,870,DHL,ff696305-fb12-4697-a831-4584f6408ca1,2026-07-03 08:37:14.241656,2026-07-06 13:22:49.347484
871,871,USPS,aa818c8a-2f3a-4ff8-8dd7-46968548ca96,2026-03-01 09:25:15.594724,2026-05-21 22:19:25.940243
872,872,DHL,afdbd027-da3f-4729-ae7e-b2b13830e801,2026-02-18 19:28:11.708736,2026-05-18 00:33:32.846543
873,873,USPS,ab3c1d0a-4830-4726-a2d9-c7f5365112d7,2025-11-18 16:18:29.679945,2025-12-16 16:13:29.860260
874,874,USPS,e569b1bc-58bb-4c94-9061-794ccd2c2d1a,2026-07-26 09:21:41.833392,2026-08-16 05:34:48.166594
875,875,Amazon Logistics,a4539fa6-1108-4f3c-821c-0a0d8ffaa97d,2026-05-27 07:22:18.288401,2026-06-28 21:38:47.868951
876,876,UPS,9354b2e1-687f-42a0-a6ed-e538dd3015f7,2026-03-04 11:56:34.479434,2026-04-27 02:34:01.741976
877,877,FedEx,6a9e8cab-f560-4dd2-98ef-dc3d391cfae2,2026-02-14 19:01:00.883924,2026-07-04 15:12:25.658967
878,878,DHL,2756de0e-03c2-4c6a-b972-1b9a08c1c293,2025-12-21 11:57:44.428255,2026-06-06 14:01:31.167583
879,879,UPS,12b48aad-06b8-45a8-a960-1a280466c0b3,2026-07-21 10:49:59.019777,2026-08-14 19:09:31.151305
880,880,USPS,e14b3b15-5aae-4aa3-88b5-0daf88554bbe,2026-04-13 08:43:59.967853,2026-05-29 21:56:33.490824
881,881,DHL,002e8963-d7bc-44b9-8c17-05984e5ae724,2026-02-20 04:50:29.588425,2026-03-15 21:37:00.686889
882,882,USPS,0369acce-148e-42b0-bcf0-0066f964f552,2025-12-20 10:32:02.931841,2026-06-09 11:29:46.118018
883,883,USPS,59a9e41a-e766-43ba-ade7-5da4762b49fa,2025-10-25 11:12:23.149890,2026-03-25 23:02:37.985335
884,884,Amazon Logistics,f400a563-b902-444b-9561-e6d0e626c61d,2025-10-17 21:17:20.199905,2025-10-24 22:20:15.539108
885,885,Amazon Logistics,dfc0d9f2-9f03-409e-a9b1-c079ead9d602,2026-01-14 07:47:41.722353,2026-08-02 01:13:59.179869
886,886,UPS,31192eb2-92ca-47f1-9935-bc90a401860d,2026-03-09 21:50:16.197988,2026-05-08 09:49:32.788868
887,887,DHL,01f62f0e-03df-407c-8060-eebdd98a8357,2025-11-14 13:50:27.205937,2026-08-13 03:19:52.893887
888,888,Amazon Logistics,98815367-c796-4eb7-b7c7-46a618f5bde2,2026-02-18 02:09:47.313636,2026-04-15 07:22:27.416253
889,889,UPS,739eddde-ff71-4850-a298-913792389371,2026-02-04 05:57:12.656329,2026-05-04 21:23:28.375199
890,890,Amazon Logistics,f0352616-6294-4a2b-9fd7-71cad00a58cd,2025-11-05 14:30:41.672965,2026-05-06 21:15:14.384274
891,891,USPS,4dcb929a-3f28-486a-abed-9a2d63f293cc,2026-04-15 05:49:24.551854,2026-05-13 15:45:12.821598
892,892,DHL,f18d2376-956b-4891-8ba6-5ae28527b291,2026-07-17 22:59:54.649709,2026-07-31 09:53:02.311555
893,893,FedEx,50171475-5c97-4a58-8a89-4c6e80bbbadf,2025-10-21 07:07:23.788875,2026-05-25 15:00:06.120774
894,894,USPS,69df7cba-2584-4bb6-88cf-415b18b4588d,2026-08-03 15:29:29.963860,2026-08-07 00:47:32.739694
895,895,USPS,04220e78-b347-4cc6-871c-222403bb095f,2026-06-21 18:52:59.390010,2026-08-16 22:15:28.188304
896,896,UPS,cc56a391-3b8c-4df4-b8cc-a304633e3d40,2025-09-27 12:17:54.080294,2025-11-28 12:25:51.186847
897,897,DHL,df797449-d5bc-45bc-b9c1-cbfe1d676158,2026-04-14 16:59:34.321140,2026-06-12 16:44:51.750816
898,898,DHL,00b999b6-c39c-488b-9c81-89c03e28d1d4,2025-09-09 11:27:51.793957,2026-08-18 17:15:22.350929
899,899,USPS,f7019b9d-1880-460b-b2ba-afb24fa75f4b,2025-11-11 01:52:43.659820,2026-04-21 10:46:40.118037
900,900,UPS,d0342000-1782-47b7-b3d4-a1612076fe99,2026-02-28 00:39:43.993586,2026-03-06 08:27:39.290825
901,901,FedEx,f840d88f-2195-4ddc-b455-5f72f5b29e4c,2025-11-04 02:24:22.148653,2026-02-19 23:02:21.347318
902,902,FedEx,f8093957-41fc-4f7e-a73b-25eaeb11f216,2025-10-22 20:40:11.354723,2026-07-12 12:58:55.477274
903,903,USPS,14556230-575f-4bad-ad55-9f6e114612a0,2026-07-28 09:44:41.569958,2026-08-12 21:22:47.543192
904,904,FedEx,534c5f0d-74e2-496d-8ac0-42aa291199b8,2026-07-07 17:32:13.859105,2026-07-09 18:17:37.417566
905,905,Amazon Logistics,726b7a99-1b28-4c48-9f25-85c97d3889a0,2025-12-10 13:05:06.401207,2026-04-17 08:47:17.873903
906,906,USPS,70870cdb-0ab7-4595-9776-83ce6850e01e,2026-05-21 02:10:14.577703,2026-08-02 08:58:12.338003
907,907,UPS,8584fb7e-072c-4f76-baba-5146665529d3,2026-06-25 22:05:24.941198,2026-08-09 12:58:05.416729
908,908,DHL,5ecf1f1d-b408-4bd0-ab40-ef5080483a2e,2025-10-05 18:28:16.669159,2026-08-10 16:09:32.867608
909,909,DHL,a134e1a7-944e-4e88-8c61-96f70fabfb93,2026-03-20 04:58:29.187125,2026-05-02 05:00:40.830585
910,910,UPS,b1f8674d-9e97-469f-a981-3879769a0311,2025-11-25 00:02:42.317842,2026-07-17 17:59:12.596819
911,911,USPS,6dd39e60-a0fe-4d6e-a7d8-b4211f7863ee,2025-12-25 03:26:39.128418,2026-01-24 21:34:57.068271
912,912,FedEx,52169346-df2b-4cd6-971a-074bb5d0b9f9,2026-06-30 07:32:03.753700,2026-07-17 14:43:59.718474
913,913,DHL,26a7d849-7a97-4069-90c6-ee36b6182d7a,2025-09-11 02:10:47.671765,2025-12-14 18:37:36.817823
914,914,FedEx,c829e3ff-0b2d-420d-94be-0fc1066b480d,2026-03-17 19:06:01.103958,2026-08-15 14:32:08.369706
915,915,DHL,3b7af0ea-e716-4634-8eee-16d25b6b47f7,2025-08-16 22:22:02.411909,2026-01-14 17:08:10.656075
916,916,Amazon Logistics,2249f235-4e9a-449a-a269-dec9e150b0ef,2025-10-28 04:22:42.480156,2025-12-05 18:30:29.758021
917,917,DHL,8cc9f75d-e980-4da8-950d-ef0b62f13f6a,2026-03-02 13:35:28.582563,2026-06-23 23:34:08.876644
918,918,DHL,0ce14328-c9e9-462e-b257-0bf2894d3140,2025-12-03 01:56:21.327503,2026-04-12 23:40:26.807852
919,919,DHL,629a2f75-3901-425e-a124-3ddf2354a958,2025-10-16 16:05:31.966329,2026-06-08 06:33:58.836360
920,920,Amazon Logistics,9f193617-db94-46a8-b891-7b01a26a3aa9,2025-10-29 05:35:46.240075,2026-05-09 16:08:38.754200
921,921,USPS,a86f6626-42dd-4976-ad87-2691ce5b488f,2025-08-23 09:45:42.938416,2026-06-13 03:24:02.654633
922,922,DHL,07e0d4fa-85aa-4b7b-9fca-81031bd6d864,2026-07-06 10:42:44.732277,2026-07-14 07:25:42.524364
923,923,Amazon Logistics,78f02541-78b7-4d8b-9cde-8242964bc61f,2025-09-21 21:17:07.064328,2026-05-31 17:36:15.424804
924,924,DHL,d8c38c94-9b4f-4f1e-857b-5fc10bc8a6b0,2025-08-14 05:56:54.138518,2025-11-18 15:39:12.579738
925,925,DHL,5cd3c37d-b7dc-4f2a-a309-ee93f6902325,2025-09-20 03:58:04.443299,2026-06-10 09:36:42.360939
926,926,DHL,bcb98324-2380-475e-ac53-c7904416324b,2026-03-15 03:10:55.994963,2026-03-20 08:39:37.954102
927,927,USPS,abc3187d-3b1f-4e43-8341-bd42a75b8bde,2026-05-01 07:32:16.869573,2026-08-14 17:25:30.501795
928,928,USPS,269b3e46-2165-4e9e-a36a-5788366b3613,2025-12-18 18:21:01.864690,2025-12-24 14:52:38.314018
929,929,Amazon Logistics,88ebcdcb-6b0e-4bbd-935e-041b733b7b85,2026-03-12 15:31:22.704435,2026-08-03 14:32:30.528132
930,930,UPS,2618b46b-ac7a-481d-a752-fdae5cd43aa0,2026-07-07 20:36:35.867474,2026-07-19 01:54:01.026023
931,931,Amazon Logistics,e512a581-2d92-41a2-a644-0d755d5e0a4a,2025-12-23 13:21:06.636612,2026-03-22 22:35:43.997478
932,932,Amazon Logistics,62cb0c2b-b073-41e7-b818-5a4730e32e31,2026-01-04 04:07:39.323839,2026-02-05 21:31:24.177798
933,933,FedEx,77e45c16-a641-4e78-a62d-4c9afbed7aba,2026-05-13 17:32:03.300152,2026-06-17 13:49:59.591573
934,934,Amazon Logistics,720ec9fc-bd5d-4920-b176-d4a38f36e80e,2026-08-10 20:36:41.621457,2026-08-13 08:43:04.007003
935,935,FedEx,d0424d17-a421-4b7c-8385-f7c8b89b19ec,2026-07-02 05:50:46.201626,2026-07-25 15:10:25.033460
936,936,DHL,73f68ea0-14a8-4e2e-b3f9-fcaf53ef3aa3,2026-07-06 04:35:04.550000,2026-08-05 08:15:25.706228
937,937,UPS,942fc1e8-7753-4da7-80ef-d55cb6b04777,2026-07-27 04:20:07.508206,2026-08-10 06:49:17.576153
938,938,UPS,af649b91-fb55-4901-8c43-046d41911e07,2025-09-10 15:11:47.042001,2026-02-20 12:59:44.078655
939,939,UPS,686ecbca-185e-4dc2-964c-f15c543458dd,2026-01-17 07:01:59.176406,2026-06-08 23:22:29.410086
940,940,UPS,581e7692-2e51-46d7-b52a-2c8b85926858,2025-12-01 18:51:29.453825,2026-06-11 16:22:55.603501
941,941,DHL,7005f718-3f12-4edf-9845-6b7a5ad56c5a,2025-12-01 23:54:29.890826,2026-06-24 19:32:24.105230
942,942,Amazon Logistics,6136132e-851d-446d-b51f-e101100f60ce,2026-01-18 20:49:31.826761,2026-04-09 16:21:05.451062
943,943,Amazon Logistics,c495b3bd-38f4-46c3-a867-3563d4e2d5b4,2026-03-20 19:08:53.879965,2026-08-07 07:18:48.968280
944,944,DHL,ee82de2c-82af-4d87-90a9-c9fa6be54456,2026-02-03 00:33:08.074946,2026-06-08 10:48:59.683788
945,945,DHL,b1a4ae2c-b400-4531-a0be-99d057284ea1,2026-03-31 04:20:10.709505,2026-04-18 05:30:19.395536
946,946,UPS,5577ab59-7947-4068-accd-df158be3670c,2025-09-22 05:21:26.373007,2026-03-02 09:17:48.004508
947,947,Amazon Logistics,797b6ea0-c5d9-40ec-8c59-2730c1a83a0d,2026-07-21 14:41:45.178408,2026-08-02 04:45:51.947731
948,948,DHL,975a155b-dc68-424c-80e1-26428162ef02,2026-05-08 02:26:13.691981,2026-06-16 07:33:15.792628
949,949,Amazon Logistics,66c7b53a-c669-4092-8008-7f624c710329,2026-03-06 21:16:27.246888,2026-03-12 07:45:42.464314
950,950,FedEx,b0ac2ab4-c2e6-47e6-8c7d-1c1ad2df41c6,2026-04-07 18:16:35.533811,2026-04-09 23:11:34.227453
951,951,Amazon Logistics,4749476a-2712-4d62-9ce1-6eb16bb95113,2025-10-13 12:35:54.160830,2026-07-08 10:54:29.105539
952,952,UPS,d3ff6ce2-3294-470b-bee1-8753b7de2434,2026-01-22 14:56:29.147423,2026-02-19 19:29:38.281977
953,953,USPS,08cd8328-cb47-4690-9d6b-281c6349ad28,2025-11-21 22:57:24.447685,2026-03-16 09:49:11.654886
954,954,USPS,f208383e-c93f-4e69-bdbc-11d471468f08,2025-09-17 03:33:57.580365,2026-05-29 00:55:48.078757
955,955,FedEx,abc66029-e72e-4794-9445-ac46cd89e0db,2026-05-28 02:02:25.965852,2026-06-13 02:20:27.337852
956,956,Amazon Logistics,59897aa3-f0a9-4bd0-a7ac-29abd14aa8ad,2026-03-11 03:03:55.885776,2026-06-11 21:24:04.683106
957,957,FedEx,13450cdb-2987-4159-bd64-5c93c8a0de8b,2025-12-06 17:56:15.282372,2026-07-17 11:05:30.845089
958,958,DHL,1a81c431-1893-4734-9f6e-480c5d60c8a6,2026-06-04 16:27:05.156967,2026-06-26 01:59:08.459421
959,959,DHL,731381fb-6263-4c68-8d82-5232840eb52d,2025-11-25 02:17:11.166853,2026-05-20 23:39:35.668261
960,960,Amazon Logistics,f5be24d9-726c-48c6-8b20-ccf596af3270,2025-09-24 04:37:04.725423,2026-05-26 17:28:19.160563
961,961,USPS,d098aedb-2fb4-4871-943e-1afdc0bde5fa,2026-01-08 23:04:52.539969,2026-01-11 15:40:55.151643
962,962,USPS,5ffffa27-3214-43cb-b37c-7db0b1d032de,2026-02-11 20:11:03.557628,2026-03-05 10:16:39.416479
963,963,FedEx,cbe457bb-9e04-41e5-9c08-e5e9f9c1ebe1,2026-04-24 13:15:24.974705,2026-06-21 19:11:00.615768
964,964,DHL,c44f7412-ae0d-4690-89d7-be81a85b5823,2025-10-28 07:31:36.418295,2026-08-14 03:39:09.743640
965,965,USPS,b1018f10-adf8-42fc-acd8-caede8dad1bd,2025-09-09 10:13:26.535789,2026-03-26 16:30:55.483577
966,966,USPS,bc1a2279-92fb-4984-82a3-b57e3da5d405,2026-07-05 03:38:08.706673,2026-07-09 09:02:36.446631
967,967,Amazon Logistics,c3ef26ea-669f-44bd-a5cb-e5b3ab27c615,2026-02-15 22:56:30.114909,2026-06-05 09:33:43.438315
968,968,Amazon Logistics,5486519a-c03d-450a-b0e2-989637690ac9,2026-04-07 01:20:19.399493,2026-07-16 22:25:26.726825
969,969,DHL,b73f0dd9-7e48-402b-8b37-738ba6c7295d,2026-01-23 16:48:49.645278,2026-07-12 04:00:09.828364
970,970,USPS,79e67cd1-cdb2-4930-80cc-b8d81a6b2935,2026-04-13 00:54:34.312752,2026-06-23 16:33:05.923885
971,971,USPS,bb416485-19fd-4a0c-b8fb-fc22ac3ed589,2026-01-04 13:14:12.140535,2026-07-16 11:31:24.870934
972,972,DHL,6847de2c-4e5a-4d51-a0d3-576415ccf38a,2026-04-18 10:48:00.081178,2026-05-01 03:33:41.077073
973,973,Amazon Logistics,0e47dc5f-0ac5-447e-b017-dee3fb0f5ea2,2025-11-27 02:09:45.985760,2026-02-09 18:02:07.442988
974,974,DHL,0aa0e552-e5b3-4eac-afe5-0d8312ab93dd,2026-07-02 12:54:14.663756,2026-07-16 17:59:31.063607
975,975,UPS,9ea2229f-37b8-48f2-9014-37a09bc88ae9,2026-04-10 21:35:42.353857,2026-07-22 04:21:19.085093
976,976,DHL,7801fe29-c2c0-4d6a-8dd4-52d7985d1991,2026-06-11 20:41:38.272584,2026-07-26 09:26:57.003929
977,977,Amazon Logistics,ba4336c4-0fd2-433b-abec-4071bb6e3cc0,2026-07-08 20:21:49.185521,2026-08-18 04:19:05.020434
978,978,FedEx,c34c3784-cbcd-4b01-a5bf-87c777099ced,2026-08-08 00:58:16.881091,2026-08-08 15:55:10.207649
979,979,FedEx,5781fec7-5866-4e4e-b6dc-149bff5fd8ab,2026-02-10 18:12:37.650918,2026-03-28 23:54:07.651374
980,980,DHL,e035a2f7-025a-444f-982f-75bb6d14f55d,2026-05-14 15:20:06.536297,2026-08-11 17:54:44.547389
981,981,FedEx,6fae3cc7-3b28-4705-97d3-e0b731bf6769,2025-10-23 05:22:06.545046,2026-08-16 02:45:46.823546
982,982,UPS,cc782851-0c21-46ed-ae9a-adbbd4649dc3,2026-06-29 02:01:16.372747,2026-08-20 22:22:16.827949
983,983,Amazon Logistics,e9a806a9-16f7-47e0-babd-d527e1ea0c74,2025-09-12 09:41:47.046091,2025-11-16 13:07:16.922817
984,984,FedEx,968e0455-ad86-4b23-b83d-dd4929beae65,2026-08-03 07:39:22.500236,2026-08-05 16:43:19.482287
985,985,FedEx,11c032c1-f49b-462d-bdb3-1736b00f8917,2026-02-22 02:35:32.302900,2026-07-20 22:16:42.445745
986,986,FedEx,c1f20cde-caa7-48b2-a602-270f54d021b8,2026-02-05 05:28:53.491448,2026-03-30 02:16:29.033998
987,987,UPS,ae84a6b1-dc6c-4fb7-8b8d-1681bd784057,2026-01-12 14:27:58.261312,2026-01-26 20:48:31.412519
988,988,Amazon Logistics,9867f04e-46eb-4b16-96b5-a269abcacc04,2026-03-16 04:03:28.705204,2026-07-12 22:03:53.310178
989,989,Amazon Logistics,88ba6c69-2602-4e04-b6c8-48ab24b7e50d,2025-12-19 22:15:55.085142,2026-02-19 23:42:09.368855
990,990,Amazon Logistics,68b8e43b-3296-4b16-ae8a-362323bd42d8,2026-01-01 02:13:43.893691,2026-02-13 08:53:06.290234
991,991,USPS,6894f890-36b5-4277-8d1f-f03cce115454,2025-12-18 04:33:41.058287,2026-07-02 11:21:37.527820
992,992,DHL,07098f27-52fb-4784-906b-aa08c2fd5668,2025-09-07 23:14:32.129270,2025-11-28 18:49:20.911386
993,993,UPS,f96de251-d99a-488b-a347-aa94eafc5d93,2026-07-12 02:40:11.384827,2026-08-03 23:33:01.984824
994,994,UPS,ab1650f1-f4c4-4a53-93d4-8c1f7f5f9b59,2025-11-04 16:08:36.980503,2026-02-17 05:27:49.824403
995,995,UPS,c57a85f8-98e0-4015-bfcb-2d1063d203be,2025-10-30 23:34:13.043624,2026-03-30 16:33:07.581156
996,996,DHL,14f88085-e789-43e1-bbbf-e6742454e09e,2025-09-17 13:25:50.953138,2026-07-13 16:40:17.840199
997,997,FedEx,665acd54-8abf-4bc0-b123-5928543c4f79,2025-11-23 05:12:22.304140,2025-12-02 13:17:53.348904
998,998,DHL,c35b2698-dbfe-4c16-9453-ac1c2a2eaafa,2025-08-16 11:07:59.282947,2026-02-05 14:17:42.750509
999,999,UPS,4fa16197-97e8-49a0-9f62-931615fdc0b1,2026-01-18 18:06:52.806079,2026-05-30 19:35:19.393653
1000,1000,USPS,55f39a50-2e01-4269-8b6b-a2eed055b31f,2026-05-08 13:38:36.464419,2026-07-04 06:41:32.092988
1001,1001,DHL,614b2aba-58de-4316-acb7-c9e8bc849e3f,2026-03-11 11:32:19.594510,2026-03-21 01:37:48.169023
1002,1002,USPS,2f231fb8-cbb5-46eb-a984-bb44a352e19b,2026-02-07 02:35:19.657911,2026-07-30 20:24:41.675331
1003,1003,USPS,83558aa8-8962-4fee-b95c-3057ff59796b,2026-05-21 21:53:15.112932,2026-07-20 20:43:12.293393
1004,1004,FedEx,27fd53f7-ae03-4ab0-8537-13c84525fd84,2026-01-30 16:37:35.224113,2026-04-09 02:42:53.268044
1005,1005,DHL,310a3c87-4a25-4480-8f97-3cc986bb1bff,2026-04-27 18:08:16.303820,2026-05-09 13:51:26.383653
1006,1006,DHL,d0c96c95-36ca-4d70-a125-ef1a307a3794,2025-11-24 09:06:20.346297,2026-01-03 11:57:46.870911
1007,1007,FedEx,af3442b0-8906-40fa-a8a1-f4477ef98daa,2025-08-23 04:05:54.138599,2026-02-23 09:25:27.196032
1008,1008,DHL,a28dc2f2-d42e-49dd-8725-d15e6840f619,2026-05-15 10:27:42.111409,2026-06-29 01:44:08.614529
1009,1009,Amazon Logistics,336465ce-ec32-4921-aafd-d9ba6177c944,2026-02-05 02:54:50.137850,2026-03-27 21:53:27.291123
1010,1010,DHL,e4a9858f-4543-4f3b-834f-fd0aca93b9f8,2026-07-26 10:45:46.935441,2026-08-03 13:24:32.351799
1011,1011,USPS,0d20fc6a-e926-47ed-9aa4-70783d457ea1,2026-01-03 23:44:08.286960,2026-04-04 03:55:15.734068
1012,1012,FedEx,55b82f5c-5393-4245-bd8e-cc0eb4a2fb6e,2025-08-27 06:12:01.808955,2026-02-26 14:56:21.347623
1013,1013,Amazon Logistics,ec9582db-3714-4fd3-91e6-4a298ed1893f,2026-05-05 20:21:28.833635,2026-08-20 17:19:20.589360
1014,1014,UPS,2bd4d84b-ffd1-4972-9326-c89e3a4c9787,2026-06-19 18:51:59.502426,2026-08-03 14:55:34.138926
1015,1015,USPS,515c3331-54de-4123-adf4-b0dae847dfa4,2026-04-17 12:49:59.662280,2026-05-09 11:03:18.570632
1016,1016,USPS,34299b4e-b23f-4603-8210-7ef933bbbb1a,2026-08-10 10:40:49.600429,2026-08-18 03:12:11.226751
1017,1017,Amazon Logistics,22912952-add6-4ed5-a196-fecbacf67ebb,2025-09-17 10:35:52.590232,2026-01-17 16:31:04.045187
1018,1018,FedEx,91fd496e-fd50-4761-a138-105d9d9db89d,2026-02-14 11:38:03.608530,2026-08-09 19:23:40.702212
1019,1019,UPS,1f6aeb31-4c55-4f16-8c82-e4c1bf279b6c,2026-02-24 23:23:25.388174,2026-06-25 18:35:10.811019
1020,1020,UPS,4d91b3ad-587a-4ba2-8887-3037f795debc,2025-08-29 07:37:19.353330,2026-04-28 12:34:47.970698
1021,1021,USPS,c978c483-5258-427f-a715-23014fb1f030,2026-01-04 18:12:48.714417,2026-04-29 16:24:30.367964
1022,1022,FedEx,685e74b3-70be-499d-9cda-9cc4c47c61dd,2025-10-10 04:26:57.795644,2026-07-06 01:31:48.620720
1023,1023,UPS,e0c534f6-3a07-4865-9e20-a0ba88fb0337,2025-10-04 07:53:38.466029,2026-05-22 12:12:50.142787
1024,1024,UPS,b15b665d-2676-402f-af57-a39d669d8d2d,2026-02-24 23:38:43.839819,2026-04-13 04:07:58.902970
1025,1025,USPS,ee6d4be0-dc56-4a45-9d53-765db246d9cb,2026-04-28 07:11:05.691260,2026-08-13 17:50:41.121261
1026,1026,USPS,bd9dcd54-d4b7-4061-8911-8645ed58c192,2026-04-06 04:13:07.484538,2026-07-07 14:32:01.646332
1027,1027,UPS,9256a307-2d5b-4181-a972-b5374be572e1,2026-01-03 17:23:49.739973,2026-08-16 05:06:35.451169
1028,1028,FedEx,0063ab9b-38d6-4aa1-9d79-14961a16f132,2025-10-29 00:20:11.644996,2025-11-15 23:39:39.679321
1029,1029,Amazon Logistics,b7b13edb-317b-4113-bcfe-66d3befb8d33,2026-04-29 02:00:24.848500,2026-07-25 04:31:27.675492
1030,1030,UPS,0abe3b3b-5bc6-44e7-981a-045c571936a7,2026-03-15 05:49:55.832258,2026-04-18 21:00:19.770128
1031,1031,FedEx,e7deb146-0ea9-4634-8e5d-8e88f5f69986,2025-12-28 00:24:20.911725,2026-01-18 06:00:28.133868
1032,1032,FedEx,83234b7e-c1d8-4600-9e41-fa875082b17a,2025-10-04 20:01:52.448988,2026-01-01 18:45:04.637091
1033,1033,FedEx,dd14c854-a4ee-4fb2-a021-dca27b0b7e3a,2025-11-30 00:42:09.557571,2026-04-23 16:22:48.876060
1034,1034,DHL,b5f22544-d939-4b0b-9588-6104d5843225,2025-12-21 21:45:22.009573,2026-05-18 22:39:14.256653
1035,1035,Amazon Logistics,53cc961c-d6f0-4358-8403-df33d82ff6f8,2025-09-20 06:34:22.408771,2026-06-09 09:18:36.115212
1036,1036,DHL,54e38a1d-70ea-4fce-93df-8f21357ba4a6,2026-01-30 16:22:39.560611,2026-05-28 16:18:13.644609
1037,1037,DHL,4aa78220-4db1-42cb-bfac-59e63a409d55,2025-12-08 07:56:01.731488,2026-06-05 10:06:46.765454
1038,1038,USPS,62f6a120-1407-4529-b217-a2ac09ea7d38,2026-07-12 18:18:50.889205,2026-07-16 11:21:22.245403
1039,1039,UPS,f39f28af-28ee-45fb-a5ab-c9f0dc56e6ac,2026-07-21 18:39:16.305332,2026-08-06 21:45:07.755520
1040,1040,DHL,9ec97f08-0db0-4497-9a3e-e93d16e0e10e,2026-04-25 08:22:49.865556,2026-06-03 13:34:32.621716
1041,1041,DHL,64e032d0-efd1-4bf3-ad7f-51299bc5c464,2026-01-28 08:03:07.943123,2026-04-23 22:14:54.431561
1042,1042,Amazon Logistics,096e2452-8327-480e-9311-422cfc4390eb,2025-09-26 02:17:53.186198,2025-12-26 17:22:30.541277
1043,1043,FedEx,24fa195b-337f-465d-b592-879737d5d941,2025-11-12 09:35:40.291522,2026-05-21 14:36:26.886637
1044,1044,DHL,4f0dbfe5-8d0d-4157-979a-5a2a1f019c5c,2025-10-20 18:07:34.235940,2026-01-19 18:38:57.469674
1045,1045,USPS,0591a097-6b8d-4ce0-b682-f27dcfec5db4,2025-11-24 00:15:34.089859,2026-06-15 06:29:35.997079
1046,1046,UPS,97917967-802f-4bff-931b-5f277b06f74b,2026-04-16 21:11:56.795156,2026-07-17 10:08:36.782737
1047,1047,Amazon Logistics,de00ac81-f2d9-4908-b186-e647e48f419c,2025-09-18 17:08:55.817157,2025-12-10 02:29:32.581265
1048,1048,UPS,768c3618-794d-4a72-ab25-e8d0c33fbd47,2026-03-26 02:59:07.597065,2026-08-19 19:52:42.324937
1049,1049,USPS,261bf213-7327-43d7-aefb-b20ef658bad3,2026-03-04 09:44:13.820770,2026-08-05 06:56:43.851243
1050,1050,Amazon Logistics,66448675-6a1d-4d5f-b44c-336ef9a5fa11,2026-02-01 02:06:04.248698,2026-06-13 05:11:06.039197
1051,1051,Amazon Logistics,73dfa80b-6579-4649-840b-c547c531080b,2026-05-26 19:37:23.307114,2026-07-14 15:45:35.163829
1052,1052,FedEx,67d3217a-bfbe-4f77-bee2-3a762c1b5463,2026-03-28 17:32:46.659814,2026-06-10 07:20:04.678069
1053,1053,FedEx,ad4c14e3-7f8d-4b59-8f04-0b1207613886,2026-03-29 18:28:53.227081,2026-05-13 12:34:51.914234
1054,1054,USPS,19b3d798-b212-4e3d-877b-7533e7eadc23,2025-08-22 11:50:23.886365,2026-01-30 00:20:14.056163
1055,1055,FedEx,0c82f2ec-1e39-40ba-9004-8755422b10e4,2026-07-09 22:55:56.403322,2026-07-30 04:36:54.894986
1056,1056,USPS,36e2d969-afa2-499d-bc84-239922e340b3,2025-08-25 05:23:16.601206,2026-05-02 06:40:25.276968
1057,1057,DHL,3568cda5-2724-4bde-9fd3-b8bb29f38ddb,2026-02-21 12:55:47.077894,2026-02-22 18:51:06.790194
1058,1058,UPS,e149a585-6602-47ce-8be0-6901476de9fe,2026-01-02 02:24:00.146325,2026-03-04 08:07:22.717383
1059,1059,Amazon Logistics,55dcac57-8aaa-41e4-9470-f8851182d8f8,2025-11-06 11:22:54.496811,2026-01-14 04:31:53.786116
1060,1060,UPS,9a8f8a52-d3ff-4c3d-b904-6a66dd52b5d7,2026-08-08 19:32:55.317964,2026-08-16 04:59:55.263348
1061,1061,FedEx,cb260faa-ace7-4bf2-8990-1485de4bc14b,2025-10-19 08:58:44.988619,2025-12-02 22:47:02.828108
1062,1062,DHL,568ef3cf-e1a5-4ba0-8bac-aabd41de09f9,2025-09-20 20:05:05.935164,2026-03-09 17:57:30.433620
1063,1063,DHL,f1a6bd86-2f5b-4fd7-8af3-3af565a76a89,2026-06-22 10:42:03.697728,2026-07-28 23:16:37.845058
1064,1064,UPS,1c025fd6-b97e-430b-adde-dbc558f515d6,2026-04-08 01:01:44.088790,2026-05-07 03:00:55.906552
1065,1065,FedEx,331638cd-35f3-42c3-bee5-33dbd0c35120,2025-08-22 19:03:20.014657,2025-09-21 08:47:44.146037
1066,1066,USPS,c2c142e3-8699-4ed8-8b4b-7484ec5a0a75,2026-03-19 08:22:18.905866,2026-05-31 06:29:18.671270
1067,1067,Amazon Logistics,6d82c6cf-f0b4-45e9-9bab-c6a7321e1998,2026-03-26 19:17:27.005683,2026-06-10 12:24:50.747253
1068,1068,UPS,c2f24382-4005-4421-b7dd-3305f018abc8,2026-05-05 13:52:40.615126,2026-08-13 06:47:18.890653
1069,1069,UPS,0857fb69-72fe-460f-9b31-872bfd1d8e1c,2026-04-12 23:14:00.826213,2026-05-08 22:05:49.411885
1070,1070,DHL,d14dc79c-a5f1-452e-ad56-f1bfe6dd983d,2025-08-28 05:06:26.066321,2026-08-13 01:40:08.356415
1071,1071,USPS,f75efa2b-df87-4062-be01-d0b332158472,2025-12-26 15:34:52.316239,2026-06-06 11:29:13.394028
1072,1072,DHL,89d76506-9182-4e09-b328-106cba4e1d01,2025-09-24 18:04:18.731284,2026-06-03 23:39:03.594214
1073,1073,UPS,551e516a-e63c-4a71-9bf6-04823103d0da,2026-03-07 01:52:21.794964,2026-07-25 03:41:45.919214
1074,1074,UPS,7b71f7f2-f939-4eac-9d64-ee4f9729599b,2025-09-25 03:25:03.515881,2026-03-26 03:01:06.096464
1075,1075,DHL,b0c4728a-fae6-4bec-8223-824ddd8c1cfc,2026-06-01 23:28:08.518204,2026-06-07 17:11:52.057629
1076,1076,USPS,a55e6534-edc1-44c7-87b4-9b52f30f2a5e,2025-12-26 09:12:42.851342,2026-07-26 09:00:24.274042
1077,1077,DHL,8dcf018c-303d-4518-afc9-01f06edc2c5b,2025-09-29 21:19:25.948073,2026-03-17 10:05:46.888087
1078,1078,Amazon Logistics,3c93b30c-d40a-42ef-afd2-b7c4f67bdfd3,2026-05-21 05:16:22.994228,2026-06-29 16:45:50.243566
1079,1079,DHL,ea752fda-01af-4c64-82fc-9c4921647be6,2026-05-05 12:26:19.606748,2026-07-25 09:05:09.734093
1080,1080,USPS,901180ba-8af0-48a6-b327-f4432c42aaa7,2026-05-15 12:22:27.700631,2026-06-20 02:30:05.601290
1081,1081,USPS,8b5090c3-f187-44e7-8884-bc18932c9543,2025-08-21 00:13:06.353286,2025-11-12 04:30:54.235827
1082,1082,UPS,dab554a2-acd0-48e8-9897-43f187df2d01,2025-11-15 12:37:30.720901,2026-01-13 03:31:01.324958
1083,1083,DHL,a045055d-237e-4332-b8a6-de34ab3c000f,2026-04-28 22:08:55.669385,2026-05-15 11:12:28.250521
1084,1084,Amazon Logistics,1ab3f063-2e12-4558-aed8-6e716e00736b,2026-07-28 21:25:51.646962,2026-08-05 17:15:56.090446
1085,1085,DHL,e17ca785-3414-453f-899b-e57097b2fe27,2026-02-09 21:21:17.115341,2026-02-18 10:36:01.677110
1086,1086,DHL,199cf3f6-47d5-4bb5-b124-4bc11409d8af,2026-07-21 11:56:01.203710,2026-08-15 03:26:33.730556
1087,1087,DHL,c34d3a5e-4e87-45e1-a80a-fe6390261de7,2026-03-30 12:12:13.061436,2026-06-28 12:29:19.567734
1088,1088,Amazon Logistics,94dcf3fb-2446-40a8-91ed-0561effa6377,2025-10-30 08:06:15.032803,2026-08-16 02:37:27.815611
1089,1089,DHL,e19ab00d-1d3e-465b-a15d-cd1762467f54,2026-04-15 20:19:13.428867,2026-07-08 16:49:55.409460
1090,1090,UPS,9b56d467-d80f-4a5b-bf40-d913fe4093ed,2025-12-01 02:18:00.069181,2026-01-17 02:21:02.047340
1091,1091,Amazon Logistics,636ff642-6af7-4322-9c22-fbb53fca7d63,2026-05-03 18:29:24.534391,2026-05-08 01:08:19.534002
1092,1092,DHL,6a62b2fb-55e8-42aa-80b8-8576bccf74bb,2025-12-26 02:45:23.434824,2026-07-07 01:36:39.495687
1093,1093,UPS,7acfd581-f8e0-4223-8d9a-655b5ccb7fb3,2025-10-30 22:10:07.867871,2025-11-27 17:13:53.980930
1094,1094,USPS,932474cb-fc71-4630-bc1e-08785ea5a0b2,2025-12-01 20:57:14.955696,2025-12-04 12:43:25.295738
1095,1095,UPS,a77a577e-826a-4024-a6e9-69debbb84b5a,2026-04-09 00:03:36.751518,2026-06-30 08:28:39.590219
1096,1096,UPS,7408292d-ef98-4b35-ae82-65eddc9add72,2026-05-19 09:46:26.967646,2026-08-07 15:49:54.345119
1097,1097,UPS,6904edbd-51a5-4cbd-bdd1-bb61447e3b66,2026-07-31 00:50:31.954662,2026-08-01 13:34:41.952586
1098,1098,UPS,7affe1cd-6708-4144-905d-084eb81b7a4b,2025-12-02 12:28:50.216295,2026-01-24 01:51:46.226659
1099,1099,FedEx,37df844e-d142-4f1a-b613-92cff5bc373a,2026-03-24 14:50:10.647833,2026-04-23 15:59:11.265161
1100,1100,Amazon Logistics,708f1f10-44c8-4773-b897-398e8820a96c,2025-09-02 03:37:25.862072,2026-01-09 12:05:16.922452
1101,1101,FedEx,56dceaa5-708a-41c3-a2c3-8ec3210ace7a,2026-02-19 19:17:00.898389,2026-07-02 12:04:46.465783
1102,1102,Amazon Logistics,bde3b23a-a7ff-4224-9470-1e274342b5d0,2026-07-01 22:06:17.604149,2026-07-30 14:33:33.541916
1103,1103,UPS,f6174073-a294-41ca-90ef-82cef6c49123,2026-01-04 18:24:25.583354,2026-05-28 22:18:02.626967
1104,1104,FedEx,d6ea616f-8e36-4771-b8aa-52ccb94c965c,2026-01-19 22:58:23.503837,2026-02-26 13:40:40.154429
1105,1105,Amazon Logistics,4bd79af1-5446-4532-8fc1-f2492f2cfd05,2026-04-19 16:31:26.136830,2026-05-02 19:48:54.762630
1106,1106,UPS,b0939fb0-b734-4639-b3e7-45ebe4a23988,2026-07-04 06:29:07.383308,2026-08-10 21:00:59.145763
1107,1107,FedEx,d0005049-f940-4a84-9229-adc052bf15f3,2026-04-14 09:18:28.908602,2026-07-10 12:48:04.777032
1108,1108,FedEx,cbe20782-2326-4ab6-83f0-fe8addbfdada,2026-06-05 11:12:11.527726,2026-07-28 03:30:18.100702
1109,1109,Amazon Logistics,9b5101ff-bcaa-4363-a2f0-861d3f9e5706,2025-12-26 07:56:05.267752,2026-03-15 13:08:22.971615
1110,1110,DHL,73cabb0c-377c-4801-bdf4-5806ea08f3d5,2026-01-22 23:29:44.165543,2026-05-26 17:54:25.787446
1111,1111,Amazon Logistics,8995f4e3-710a-4542-8377-ba7b20c48f76,2026-03-27 23:47:39.511734,2026-04-20 10:21:03.965962
1112,1112,UPS,0d761c83-8829-4de0-833a-30f6fe633cb6,2025-09-08 10:21:45.366327,2026-07-05 05:26:08.575699
1113,1113,USPS,f393bb4b-ce96-45e9-a00c-6a99cf75f3cb,2026-03-14 00:24:12.380665,2026-04-18 18:40:28.161383
1114,1114,Amazon Logistics,3157ad47-00c6-4ff5-846d-16294646a9c2,2026-05-13 22:18:14.044729,2026-06-20 03:35:08.296094
1115,1115,UPS,96833ff4-9899-4808-be0b-a63a7179b465,2025-10-22 19:46:10.255770,2026-04-01 22:02:48.468945
1116,1116,Amazon Logistics,678c15c0-51df-467b-bd17-274121672869,2025-11-30 21:17:21.817520,2026-08-18 22:41:56.437708
1117,1117,Amazon Logistics,c4e36179-f264-4a2a-a094-8baf76043040,2026-02-04 01:59:39.807710,2026-08-03 00:52:05.566458
1118,1118,Amazon Logistics,06e047a5-fb90-4801-9077-bea58367cc25,2025-12-18 05:56:10.210343,2026-03-20 06:36:18.844086
1119,1119,USPS,d0de6b06-bad0-4061-a9b4-6fb5966003c8,2026-07-16 21:48:36.532761,2026-07-27 05:45:43.145947
1120,1120,DHL,c34b6023-9763-47d2-a666-bc5fe5d39411,2026-01-07 15:36:45.384351,2026-07-24 08:25:32.618589
1121,1121,Amazon Logistics,6c817ce6-3d97-45f1-afdb-8cbd5b4f824a,2026-05-21 20:26:17.803864,2026-07-23 01:09:59.618174
1122,1122,FedEx,7da72f48-1ed2-48d5-9123-9576c0140ebd,2026-02-02 03:05:28.892077,2026-02-14 16:53:14.111246
1123,1123,Amazon Logistics,d761cb45-4aaf-4b05-8f56-e622738ee876,2026-04-06 14:24:10.604835,2026-08-01 09:03:05.079144
1124,1124,FedEx,61b77b40-f827-4842-bbe9-b412198d5d6b,2025-11-28 02:37:56.629350,2025-12-05 03:29:39.096880
1125,1125,FedEx,4afb3260-63e1-435d-968c-89d100b2358b,2026-01-20 04:48:57.920366,2026-08-01 23:53:26.456273
1126,1126,FedEx,110e8601-43d8-4e68-86f5-016ba3f7093e,2026-04-10 01:32:48.153396,2026-07-11 06:02:27.173964
1127,1127,DHL,bdb4806d-a6c7-4e44-8d86-5fb6f3d54a36,2026-03-10 11:37:31.218259,2026-07-23 18:04:56.579238
1128,1128,USPS,e73c268f-439c-4192-aa7d-0a057e025f92,2026-01-27 03:20:14.771665,2026-07-15 21:31:28.354651
1129,1129,UPS,a6fafbc2-4d72-40b1-8f3b-a8aaa8be7f78,2026-08-01 14:31:22.410173,2026-08-16 13:02:49.313642
1130,1130,Amazon Logistics,b0c71732-c7bd-4d51-b17b-7d2024e9add0,2025-10-09 12:30:47.688942,2026-02-11 08:11:48.157734
1131,1131,Amazon Logistics,80b0e3cb-8f89-497f-a28d-fd4d6da5c085,2025-12-31 01:45:11.606951,2026-07-29 09:14:58.320640
1132,1132,FedEx,9a57be03-dfaa-444c-bf8c-b296d092a2aa,2026-05-03 10:58:14.789018,2026-07-14 10:06:01.809796
1133,1133,DHL,1cd19287-eb23-480b-b874-b322ed49e312,2025-08-30 05:17:37.124840,2026-05-07 11:41:03.310821
1134,1134,UPS,db05ae10-9b34-4d19-a072-8916c23ec700,2025-10-29 22:13:49.189375,2026-05-27 23:02:53.101132
1135,1135,FedEx,3b6991e6-ec92-46ed-9938-408f8af7ff81,2026-07-08 22:06:07.332292,2026-07-19 05:50:36.299290
1136,1136,UPS,7addcab8-ae79-4aa3-b351-f9647307943c,2026-07-25 19:24:49.740133,2026-08-13 02:46:22.313684
1137,1137,UPS,269ffa7d-d175-46d2-b5c6-544db92f51e6,2025-12-06 14:20:11.770151,2026-05-20 06:25:26.866764
1138,1138,FedEx,ec3d3faf-2b4e-471b-834b-afd2a040f086,2025-10-18 14:44:33.844246,2026-08-04 13:26:22.698348
1139,1139,DHL,87f47ed3-f510-4000-9d2b-f0b1dc5d5235,2025-12-10 00:00:16.267534,2026-04-22 18:14:19.942509
1140,1140,FedEx,6959c1ce-888e-4618-97a2-0d744c5b30eb,2026-04-02 06:59:47.217479,2026-04-04 06:32:15.795828
1141,1141,DHL,7eef9786-dbef-43cf-aa32-192b31fadd40,2026-04-24 09:33:27.963909,2026-07-04 13:21:09.597478
1142,1142,FedEx,f9f2fbf5-aad1-4dc5-9821-795769c29aa5,2026-03-27 06:19:32.649738,2026-05-14 14:21:15.860272
1143,1143,Amazon Logistics,d37182aa-beef-4812-b866-856165ffc2f0,2026-03-10 07:58:16.291274,2026-03-30 20:42:21.895456
1144,1144,USPS,2c94a17f-f25e-4848-b878-53267e664c96,2025-09-29 18:28:53.002020,2026-01-31 10:38:42.806004
1145,1145,UPS,b63e32b1-a560-4394-a0ff-dd420e80f855,2025-11-23 14:36:04.343021,2026-04-03 08:38:15.754066
1146,1146,Amazon Logistics,ebd22973-af99-492a-bcf1-1af27472368d,2026-07-14 14:53:32.964710,2026-07-15 02:36:23.113726
1147,1147,USPS,bb31dd22-73a9-4c98-8e23-7bb7e4afd0cc,2025-11-05 05:46:49.466743,2026-04-20 06:38:53.513427
1148,1148,DHL,cf0e5267-62af-431c-bf35-9829c0696caf,2026-03-23 05:11:19.880940,2026-05-23 03:58:32.535100
1149,1149,Amazon Logistics,7e3d7288-ff03-4977-a893-d445e26cca7d,2026-01-24 23:29:58.144006,2026-04-23 22:50:33.231633
1150,1150,USPS,488bfb71-1b93-446e-8c71-bb0e168fb7cd,2025-11-20 15:32:52.491740,2026-05-26 18:22:17.065241
1151,1151,USPS,d551591f-b842-4800-aaf9-f2dc928eed24,2025-11-19 18:39:55.655907,2026-02-05 16:35:32.851801
1152,1152,DHL,b5d5a880-c4c1-4841-8e85-30e2ffa51df7,2026-03-12 02:33:20.503228,2026-03-24 19:52:35.791000
1153,1153,Amazon Logistics,7fd1aacc-f808-4b3c-bfc8-aeedcfb54045,2026-04-03 16:31:13.657756,2026-06-20 15:19:45.450798
1154,1154,FedEx,14478b06-3f68-4a9f-ac05-c7c34f1dd1c0,2026-05-26 11:56:07.960828,2026-07-06 20:13:03.991934
1155,1155,FedEx,264bf8cf-e3b1-4a93-a380-6780cb744a4d,2026-01-21 04:45:45.689860,2026-03-02 20:27:18.558696
1156,1156,UPS,bd51d37e-450e-4cf9-82ba-3e952928cdf7,2026-03-02 09:51:23.385776,2026-07-22 18:03:40.386914
1157,1157,DHL,8187c7a1-8e91-423c-8c28-8d833c9f140e,2025-10-03 19:26:37.935935,2026-05-21 07:48:43.270170
1158,1158,UPS,70acdbbd-a78f-4170-bc76-1713aa9ef70e,2026-07-05 06:52:16.425051,2026-08-02 18:32:48.740059
1159,1159,DHL,f4e5f4d6-4ac6-4fa5-8739-dfd7c175280f,2026-07-09 12:50:41.212218,2026-08-20 18:30:55.253361
1160,1160,FedEx,f5c297b7-9ce0-481b-854a-7b2682c1c2da,2026-07-21 03:00:21.483222,2026-08-01 17:04:54.236782
1161,1161,FedEx,b164b6c7-238a-41f4-8c25-de84e3668b2a,2025-10-11 17:50:50.280573,2025-12-04 01:09:34.959785
1162,1162,USPS,035a26cd-02d4-42ba-af90-35e927398094,2026-07-15 08:59:42.125476,2026-07-22 20:05:58.213998
1163,1163,USPS,f048bc30-c36f-44cd-8cba-59c548a4d253,2026-01-27 10:48:56.624505,2026-03-28 16:15:06.265581
1164,1164,DHL,cf7067cb-fb98-4890-8313-89708bcfb25b,2025-08-17 07:49:48.312695,2026-03-11 17:49:43.875058
1165,1165,USPS,3154dd33-748d-4596-8120-b2fa11dfc40e,2025-11-29 05:57:26.692412,2025-12-13 20:52:05.151190
1166,1166,Amazon Logistics,754eadef-7321-48d4-8be5-003f4e6c7ac5,2026-05-24 03:35:08.149365,2026-08-11 21:41:53.368947
1167,1167,DHL,f6a8a6e8-609f-4ae4-abd7-ad6e5b93611a,2025-11-18 03:00:57.791811,2026-02-06 18:03:06.405114
1168,1168,Amazon Logistics,72b71b9e-bc17-4b59-948c-f0848505f880,2026-02-13 16:15:24.853097,2026-06-28 15:31:49.716282
1169,1169,UPS,b5e5ebb5-5507-4531-9716-622d1c3dd729,2025-11-28 16:21:51.655911,2026-07-14 01:38:11.495978
1170,1170,Amazon Logistics,6af80c6b-dbad-496b-9ab1-16ac0716fe28,2025-12-20 17:41:05.452917,2025-12-28 20:11:05.217556
1171,1171,UPS,1c60ee00-92eb-4e7a-be8d-ad8c5b1038e1,2025-12-29 23:04:29.625806,2026-04-02 09:39:49.516750
1172,1172,FedEx,8c10fd9b-564d-472f-b57c-07d3443365c8,2025-10-30 15:05:54.151227,2026-04-25 16:37:38.428518
1173,1173,Amazon Logistics,73dd1fd3-89e9-4256-bf08-e63122479ebc,2026-03-24 02:02:23.950100,2026-08-09 12:33:01.022526
1174,1174,DHL,25717bfe-28ad-4c51-b4e7-6bb129070772,2026-03-16 05:38:50.882829,2026-08-11 10:07:07.074064
1175,1175,FedEx,45f650c6-a231-4ce2-b1e4-f07e6dd6451d,2026-02-26 08:32:56.451925,2026-08-13 04:28:43.080383
1176,1176,USPS,e42b99ca-624d-4bda-9790-f68e7a9bb6f8,2025-11-27 13:24:47.724488,2026-01-03 11:16:27.703287
1177,1177,UPS,bee289f3-42b1-4c90-a32f-5c49be1446b8,2026-06-01 19:02:13.765341,2026-07-29 00:25:36.369414
1178,1178,Amazon Logistics,5dbc9784-2b1a-4d35-956e-f3d0db2179d4,2025-09-26 20:47:10.662150,2025-12-28 12:16:43.119771
1179,1179,Amazon Logistics,ca0181f5-fc1d-4680-b1eb-8f4aed82275c,2026-03-26 18:31:04.770720,2026-07-20 07:50:52.120959
1180,1180,Amazon Logistics,355a9279-370e-4464-b43c-fad471a4af4f,2025-11-07 19:44:40.131517,2025-11-09 11:40:48.294804
1181,1181,Amazon Logistics,3e79dddb-5b64-4ab7-a918-c31c1457460a,2026-06-07 21:02:02.141573,2026-06-24 10:02:37.341292
1182,1182,DHL,61ff283b-43cd-408e-835f-a041ead0080b,2025-08-31 07:55:02.026132,2025-09-17 09:20:23.546355
1183,1183,DHL,dbf76bff-f656-40fd-96e9-541cc1263b0b,2026-04-03 06:40:46.324544,2026-04-25 19:25:30.121960
1184,1184,USPS,80c75d38-124d-4ab2-b9fd-3bbf8be2c228,2026-02-08 02:40:48.966266,2026-03-03 03:35:04.804062
1185,1185,UPS,5c344116-a482-447e-8c79-60578a3c9224,2026-07-17 19:18:11.443738,2026-08-02 03:46:49.192756
1186,1186,FedEx,73e3c2a7-8b1c-4c04-b1ff-672fb7605a54,2026-04-15 07:48:23.332175,2026-05-11 06:57:31.913578
1187,1187,Amazon Logistics,eefb4235-5c4b-4db5-ae69-b095882f9636,2025-12-20 02:19:01.318293,2026-08-16 21:17:27.155134
1188,1188,FedEx,e8d513ff-11a2-4c63-87f6-6fbe5554deb1,2026-02-16 21:59:22.351252,2026-03-28 16:15:05.137390
1189,1189,Amazon Logistics,53615b2e-353e-460c-8e3f-f6fd17afb42b,2026-05-12 06:45:24.305505,2026-07-16 17:21:01.500941
1190,1190,DHL,695e7ce6-2825-48cf-8a6d-2626af2e8e79,2026-04-01 02:55:07.125620,2026-08-01 05:02:44.055521
1191,1191,UPS,4f3d8797-332f-4975-aec2-b81eb64b3eb6,2025-10-14 08:31:58.936587,2025-12-08 06:59:16.768994
1192,1192,FedEx,c077ccb9-3dd9-4030-8924-95314f0331bd,2026-05-20 22:48:05.848619,2026-07-27 05:00:41.561821
1193,1193,USPS,6d61cf07-51c3-4ecd-a083-192dd9de9e4a,2026-02-02 16:35:34.168542,2026-07-07 07:44:50.022540
1194,1194,UPS,ab3c5348-3efe-4ad0-b701-56142095b7a0,2026-03-01 23:44:50.227851,2026-06-08 22:25:33.108677
1195,1195,DHL,cabbb235-4421-40ce-8631-f13e3e7c560a,2025-11-07 11:18:53.086685,2026-05-29 08:31:35.424410
1196,1196,FedEx,ba2ca574-33b0-4a52-8e84-460c03587e05,2026-08-08 05:22:17.290219,2026-08-13 03:03:36.370113
1197,1197,FedEx,ffd9c28a-fc7c-4c22-9534-0fcb691e9e5d,2026-01-12 19:49:31.332846,2026-02-18 02:57:30.572147
1198,1198,UPS,56ce27be-0cdf-44a0-b479-7d81bc69fb92,2025-12-26 14:23:12.466783,2026-01-15 16:53:58.174930
1199,1199,DHL,6f26cc39-cb44-4949-b057-48ec0f015dbc,2025-09-18 05:55:11.315717,2026-08-12 21:52:36.819477
1200,1200,Amazon Logistics,79fbd312-d495-453b-8ba5-703b4cca061e,2026-07-10 09:18:05.247579,2026-08-18 09:29:55.263840
1201,1201,USPS,30df356d-f9a9-4e2f-b6ec-ddbdd97045c7,2026-07-10 04:10:47.406175,2026-07-17 17:15:33.203738
1202,1202,FedEx,540e21d9-db12-44f5-a80a-c8d832e33fc0,2026-05-15 16:09:37.974662,2026-06-19 22:12:17.340822
1203,1203,FedEx,3a0656e1-913e-4789-bc75-4a7a7e631672,2026-08-04 07:23:34.530943,2026-08-11 14:09:41.237643
1204,1204,USPS,831fe59e-6349-4f67-b452-f8994b43dec3,2025-10-04 12:14:47.699012,2026-04-28 01:39:05.675102
1205,1205,Amazon Logistics,98479887-c9b9-47d0-b2e5-5e757e09d216,2025-08-18 10:27:39.850742,2025-09-06 02:28:18.609544
1206,1206,FedEx,220b6e05-b1eb-4689-a232-7896dbf8385b,2026-03-30 05:28:47.119226,2026-04-13 15:33:59.810268
1207,1207,DHL,f1e656be-27d6-4e70-a950-087116f6c17f,2026-08-06 11:51:17.393176,2026-08-16 10:12:41.757962
1208,1208,FedEx,d1b28cb5-acd4-4c91-bffc-c67373084259,2025-08-27 10:25:17.765221,2025-12-24 15:19:56.215215
1209,1209,UPS,980288fc-86ea-4f4a-8e5a-716bc778f065,2026-06-15 00:13:46.505022,2026-08-11 21:33:22.770926
1210,1210,Amazon Logistics,d39b16cd-c062-472c-bddb-d39e5f53ed64,2025-10-17 08:13:00.971016,2025-11-20 22:54:07.889116
1211,1211,DHL,c9ba9e22-4b8a-4833-8a37-7b0d81337f8d,2026-04-24 16:50:42.806615,2026-07-05 10:44:06.467722
1212,1212,FedEx,98022472-9dc5-4a7c-b1df-0593c22917e5,2025-11-12 14:28:36.516622,2025-12-22 13:49:16.950683
1213,1213,FedEx,17e9ba34-4b8c-4978-9aa6-6631d2ff980d,2026-05-29 03:45:35.146527,2026-08-13 21:13:47.205790
1214,1214,DHL,ec42c0c1-23f7-47c8-821f-875b38e3769e,2025-11-10 08:26:49.868994,2026-05-18 02:39:55.481393
1215,1215,FedEx,51f6da54-83d7-472c-bbfe-d72101869521,2026-06-18 02:57:07.464592,2026-07-28 20:12:40.996009
1216,1216,DHL,4fa69322-ba93-429b-a44f-764d53308c45,2026-06-29 11:45:13.630481,2026-08-15 14:14:28.738274
1217,1217,Amazon Logistics,dcfe385c-a6ee-4d5e-9762-30674858538a,2026-06-21 08:06:09.129121,2026-07-07 18:20:43.201956
1218,1218,USPS,d8efcc3f-6563-45fb-a040-aa1519ef8ff6,2026-04-24 20:08:46.804316,2026-08-13 02:06:48.356685
1219,1219,Amazon Logistics,2bacde3a-fcd5-4acd-8780-66a049fb5018,2025-09-17 16:04:33.218469,2025-11-11 07:36:48.905220
1220,1220,DHL,cc53c9b0-3cc9-4c2f-9e59-e3813c84d72b,2026-04-01 14:15:30.181367,2026-08-05 06:14:51.903375
1221,1221,DHL,d6730fa9-d64b-40de-9be1-3ba42fe50409,2025-08-19 17:35:19.785615,2026-03-04 19:56:44.197158
1222,1222,Amazon Logistics,c811b9ed-1e85-4d9a-865b-1b0d33021a4e,2026-04-10 07:07:08.118615,2026-05-05 12:23:15.512904
1223,1223,UPS,651991bc-3270-4108-977d-79ccd5718b31,2026-05-03 13:52:50.339857,2026-08-16 03:44:22.662625
1224,1224,UPS,b490aeb0-07d9-4fe2-8850-3c7dfa23980a,2025-12-17 03:02:03.037251,2026-01-25 05:38:31.887160
1225,1225,USPS,ebfa4e39-2f0b-47b4-85bb-de4b5c8d2c7e,2026-01-23 06:04:49.969549,2026-07-22 15:12:29.148337
1226,1226,DHL,07f0def3-551f-4825-a482-a8dbddc1875d,2026-04-16 15:04:17.290295,2026-06-23 12:18:21.045233
1227,1227,USPS,15bd67a3-b033-4721-949a-110c5e8f64aa,2026-04-04 05:30:58.099975,2026-05-17 09:01:31.416230
1228,1228,FedEx,dcc10f6b-5c0e-4fa8-9555-6fb18cdc5304,2026-07-01 18:41:23.130166,2026-07-20 07:14:51.116587
1229,1229,DHL,72428730-f9f6-46da-9e3b-33de1b41ac3e,2026-07-23 03:16:40.342458,2026-08-01 18:53:12.192393
1230,1230,DHL,911b7f5f-9862-44e3-b95c-4371ec74d5ed,2026-04-02 18:49:56.262629,2026-06-09 20:03:04.378577
1231,1231,DHL,4b697be5-8b2b-4cbc-b8d2-2818af365ec2,2026-06-12 07:45:26.629879,2026-08-18 10:08:17.221789
1232,1232,DHL,2222664c-a6eb-4345-9992-9b4ae6891548,2026-05-20 18:36:15.913492,2026-08-10 06:58:53.179869
1233,1233,FedEx,0156963b-e820-4bc3-930a-55793905956d,2025-11-20 08:49:15.376891,2025-11-28 18:09:48.407559
1234,1234,USPS,c378a8ee-a5e8-4a9c-96c5-d714119549cb,2025-12-06 03:55:30.207870,2026-01-04 13:01:49.852154
1235,1235,UPS,a67f400d-5362-4db6-a3f0-e82f954839cb,2025-08-22 11:02:14.824791,2026-05-13 13:58:22.330128
1236,1236,Amazon Logistics,9d8b8fbb-4ce7-4d63-ae84-7d561fb6d6a5,2026-05-27 09:14:49.913911,2026-05-28 03:22:11.779183
1237,1237,Amazon Logistics,e9c94baf-ca08-474f-88ce-03b9875ab250,2025-10-08 23:46:04.661443,2026-01-04 05:40:44.239883
1238,1238,UPS,fc624ce9-3268-4bd9-8141-541b67abf673,2026-03-13 23:35:37.325793,2026-06-04 04:12:15.878737
1239,1239,UPS,322674bd-be1a-4017-8bb9-5db02da848cc,2026-05-29 00:29:32.971126,2026-07-13 07:22:44.270529
1240,1240,USPS,6e74fc6d-e940-4ad3-ad7f-ff87b24ca14c,2025-11-07 05:05:14.848874,2026-01-28 07:04:33.889073
1241,1241,DHL,6dc76f7b-1cf2-44c8-bec7-8caa33b83c6c,2025-11-22 11:48:38.230876,2026-03-16 13:28:51.649255
1242,1242,FedEx,ec0306b3-120e-4956-9bf0-baea5f586418,2025-10-15 07:34:18.250116,2026-03-26 11:17:19.433076
1243,1243,Amazon Logistics,febf3de1-1f07-4eba-a3c0-352c6642cb8a,2026-02-16 20:23:30.737079,2026-07-14 06:47:03.664409
1244,1244,Amazon Logistics,84b6fdf1-cee9-4f30-891f-cf7f2a33082c,2026-02-08 09:19:47.653348,2026-07-28 13:52:28.284474
1245,1245,UPS,599f1c46-ef0c-490e-ace2-648141c5ae3f,2026-03-13 19:44:03.132451,2026-05-10 11:11:12.680099
1246,1246,USPS,a98d2373-3874-4f71-b87d-6a0cbda32390,2026-01-03 01:56:39.886558,2026-03-15 23:52:27.898683
1247,1247,USPS,4f38ec89-aa45-4665-8477-ff2aaf91f52c,2025-10-19 03:04:22.318350,2026-02-23 22:38:06.872758
1248,1248,FedEx,2101cb1f-055d-4ef3-b696-5c6833676293,2025-09-12 20:37:12.924656,2026-07-04 06:16:12.238294
1249,1249,Amazon Logistics,5acac90d-1a18-49ef-a389-548aab8a3366,2026-07-26 10:58:20.885479,2026-08-13 17:09:23.275122
1250,1250,USPS,26d2ed7a-e96e-4717-89ae-d234d41124f2,2025-09-28 01:50:04.025503,2026-06-06 01:01:45.600757
1251,1251,UPS,64eff33d-14a8-40a9-9bc3-df72856c3652,2026-02-21 19:46:05.885561,2026-06-15 02:01:01.694984
1252,1252,UPS,d7560d46-64b7-4576-b29f-eaf340d17be6,2026-04-11 12:40:53.323604,2026-06-22 06:44:27.041742
1253,1253,USPS,65b87b79-ee19-4265-8c7d-acfb303d8fcd,2026-04-02 07:33:35.611442,2026-05-05 12:09:44.370007
1254,1254,UPS,75ae1d60-3566-42c6-80b6-85c437707989,2026-05-31 07:33:59.581845,2026-06-11 21:56:22.749611
1255,1255,USPS,73088bb6-b02a-434a-967e-1395aafa87b2,2026-07-15 18:50:47.384292,2026-08-04 17:10:08.819474
1256,1256,USPS,368cfe22-588a-4f91-ad35-31fc52743ab5,2025-09-05 14:18:42.563385,2026-03-29 10:24:14.804915
1257,1257,USPS,1d70fa6d-0b35-4704-b761-bd700fb6ab06,2025-11-09 06:58:38.534253,2026-02-01 16:06:45.294743
1258,1258,Amazon Logistics,c43fb8f9-e3f3-4a54-a7e0-c7f2438add71,2025-12-17 06:12:22.403321,2026-03-23 18:45:03.028996
1259,1259,UPS,ba739c24-9f42-41ab-9698-3c01615d711d,2026-04-10 16:24:29.882878,2026-05-22 16:16:30.298963
1260,1260,FedEx,159a861e-75d3-4e73-85d0-71ac6cc5f82c,2025-12-01 11:18:07.632304,2026-01-23 07:32:28.869159
1261,1261,Amazon Logistics,906fb49a-8f6e-4430-8558-0347b087e2f5,2026-07-26 00:09:44.963122,2026-08-11 14:03:50.618689
1262,1262,DHL,63125a7a-42e8-4eb9-aa90-70336590c56e,2025-12-06 10:27:39.456245,2026-03-17 02:41:57.082952
1263,1263,Amazon Logistics,2279fe3a-07a6-4e3f-adfa-1a668ee1627e,2026-04-09 23:03:04.631537,2026-06-05 12:34:20.927763
1264,1264,DHL,9d96698b-8a59-4122-ab12-54b9db7be400,2026-04-09 08:38:16.677006,2026-07-16 04:39:19.548086
1265,1265,DHL,a40275ad-e28b-4a9b-b772-68a6bdadbfb4,2025-12-30 12:03:17.180692,2026-01-02 13:01:36.656909
1266,1266,FedEx,3a0f03ed-ba41-4b77-9141-8053c8c26eb7,2026-08-13 16:20:46.896909,2026-08-14 12:01:20.924692
1267,1267,DHL,0e4644fb-375a-43b1-be63-42f699aa79fa,2025-09-21 02:01:04.093959,2025-10-19 06:13:23.087259
1268,1268,Amazon Logistics,20fb0383-af40-4b92-b8b0-3c734110ec6f,2025-10-07 05:44:33.037060,2026-04-28 12:32:19.406378
1269,1269,UPS,05a932ba-9fbc-4a8f-be71-4d25dcef86a5,2026-07-07 18:01:48.634328,2026-07-15 23:01:59.301668
1270,1270,Amazon Logistics,2d868c97-3b4d-4d87-af86-31c680f037fb,2026-01-03 18:39:28.339653,2026-01-05 00:09:00.537807
1271,1271,Amazon Logistics,b37392e0-2589-4601-a3bb-d80702d0cfee,2026-01-31 17:07:10.449419,2026-06-09 23:55:21.714773
1272,1272,DHL,3ae6df45-250c-43a4-828d-28ebc67b1c69,2026-06-23 16:14:53.308197,2026-07-24 01:38:48.177999
1273,1273,DHL,2957f29a-1a4a-4ea1-a2f0-4c47b6f7b4ea,2026-01-20 19:15:49.379802,2026-08-13 21:39:35.677761
1274,1274,USPS,b8e68aae-f8d2-4d44-ba12-56095cc5bb04,2025-11-10 16:48:48.746176,2026-02-17 01:17:53.483298
1275,1275,Amazon Logistics,97aa93bd-5ec1-4a58-b8cb-4e77a61f79f8,2026-01-02 00:34:35.770280,2026-07-03 08:08:57.908949
1276,1276,USPS,656e2cba-8ab1-4312-8170-6d3c540be39c,2026-05-03 01:43:43.536133,2026-08-12 04:06:35.613584
1277,1277,UPS,e4db342a-8437-41c6-9ac4-8f00ac99349e,2026-05-27 16:20:55.237653,2026-07-18 02:25:00.145283
1278,1278,USPS,e2df2759-2988-44c2-b895-62dc4e7b57ce,2025-09-06 10:34:34.079418,2025-12-30 11:13:23.452429
1279,1279,Amazon Logistics,b59151f8-1600-49cd-b6aa-9f8d0a216291,2025-09-15 06:43:30.692210,2026-06-06 08:05:32.206695
1280,1280,FedEx,25f356ec-a5ea-4596-9e18-5c7387e68772,2025-09-22 07:38:40.484721,2025-10-16 07:35:47.762870
1281,1281,USPS,8148222a-b59e-4696-b19d-a4c40f7cb302,2026-01-17 10:48:06.262230,2026-02-22 08:52:15.056275
1282,1282,DHL,ca259920-acd0-44c5-8566-4047675f02ab,2026-02-24 12:12:03.023244,2026-03-13 00:10:30.419474
1283,1283,UPS,fad4ff78-fbcf-4255-a5c4-e2136855ce4e,2026-01-18 15:38:51.791624,2026-03-29 01:52:22.018597
1284,1284,Amazon Logistics,1d5fe5f5-db5d-4867-8529-7bfbe8c2a0cd,2026-01-13 00:41:21.521970,2026-04-04 12:54:02.315024
1285,1285,USPS,032b734f-d673-4451-9b13-a3e4e8084d96,2026-05-22 06:59:25.407883,2026-05-31 17:33:41.952892
1286,1286,DHL,c3f8462e-35ee-4a5b-8d40-59bde3e31c70,2025-10-03 13:06:18.637721,2026-07-22 08:16:51.232305
1287,1287,FedEx,4a252f51-247e-4cc2-af49-e0128d0cc392,2026-01-07 16:30:52.448075,2026-01-21 13:58:35.324872
1288,1288,UPS,0e89d16d-de59-481d-85b5-03da3b87afd3,2026-01-28 11:39:31.450531,2026-04-02 17:20:25.249232
1289,1289,FedEx,581c12a8-2f35-4585-b7e3-8e9434595b79,2026-03-18 06:50:31.115056,2026-06-20 20:10:28.451975
1290,1290,DHL,d5090fb9-839c-43d6-af41-534e8b05deb6,2026-04-16 08:20:17.448617,2026-07-03 08:16:16.072767
1291,1291,UPS,9138648c-8c70-44d7-9efb-ae08df4c21ca,2025-11-09 19:00:08.006101,2026-02-02 21:25:17.249725
1292,1292,UPS,e3ea085c-ebcd-4daa-acb8-03d66da81022,2026-02-02 07:26:38.974336,2026-05-30 04:46:20.424587
1293,1293,Amazon Logistics,cec18767-8095-403c-9085-5ca38539153a,2026-03-09 06:41:22.544774,2026-04-04 08:32:43.862399
1294,1294,UPS,234fd6d9-8191-48c2-9d1b-bd57bf5d33c5,2025-10-24 14:59:36.270051,2026-02-15 22:28:03.859553
1295,1295,FedEx,a75a9c71-a2ea-4227-ade0-1b0b08ae24dd,2026-04-28 10:27:13.620951,2026-08-11 18:12:20.646905
1296,1296,USPS,67093b4b-4dfa-49f2-9098-36592c1ffc5c,2025-09-22 09:59:51.779139,2026-02-17 22:48:23.947169
1297,1297,FedEx,ffdf47e3-0f6e-4d55-a317-a1b7ddc90711,2026-01-05 03:59:47.983349,2026-04-04 13:58:14.311120
1298,1298,USPS,af4b8f48-f663-4d33-be3e-a46a77d5b0b4,2026-06-15 21:52:39.420912,2026-07-30 15:12:57.896405
1299,1299,DHL,419898ab-04e9-4bd2-8252-485e08852dda,2026-01-20 05:59:35.605700,2026-06-16 03:03:47.941715
1300,1300,DHL,44bf8a43-0973-46d3-8960-262d2b71021d,2026-03-26 17:15:53.805933,2026-07-15 03:41:58.524078
1301,1301,Amazon Logistics,8e2bfd5c-9573-48b0-a1e3-afc6f684dc7c,2026-01-30 21:51:41.512804,2026-08-04 21:12:20.128671
1302,1302,DHL,aca5d18b-67a6-469f-9a25-67c4fbfc4f65,2026-02-24 02:08:29.611315,2026-05-16 13:47:54.875051
1303,1303,FedEx,1be64b16-8571-4868-b6e0-a6feef2935f3,2025-10-01 10:20:16.382104,2026-03-22 06:04:34.193758
1304,1304,USPS,c5bd4e0c-c52d-4c74-9bb5-ee6e648352b4,2026-03-30 09:24:54.899914,2026-05-02 11:00:22.289531
1305,1305,UPS,7d468813-e39d-4464-a8cb-620c7d38b22e,2026-01-22 13:46:20.007619,2026-05-08 19:40:26.066424
1306,1306,USPS,232de40e-f01a-42f8-8730-f34efd7dc639,2025-10-16 09:48:41.306066,2026-06-22 08:17:05.463742
1307,1307,FedEx,bf8f6218-cfec-4909-b8c9-0a2a81488137,2026-01-15 07:47:16.967376,2026-03-22 03:36:43.376708
1308,1308,USPS,cc629965-86d7-4934-bf25-dc7689728d47,2026-07-27 21:59:31.120048,2026-07-28 23:47:16.336293
1309,1309,FedEx,d1e3d8cc-f871-4f9b-8855-2b6551c7472c,2025-11-12 07:59:05.904032,2026-07-19 22:32:03.676306
1310,1310,USPS,8d2147d3-87c6-4283-9869-bf4c63300d17,2026-06-30 06:10:28.075233,2026-07-17 07:56:05.317457
1311,1311,FedEx,48499b39-575d-456a-95b1-3a10df844925,2025-11-22 01:57:27.419128,2026-05-18 19:46:53.386179
1312,1312,USPS,95d860fa-13bb-4eb3-bc6f-132cfc9b1c08,2026-01-08 11:24:28.260598,2026-01-20 03:24:26.995982
1313,1313,USPS,54acdd64-7ea2-4538-91c1-21ac5550e165,2025-11-09 01:49:06.359733,2025-12-14 05:20:09.525688
1314,1314,Amazon Logistics,16398c86-f642-4c57-9dc2-e3408a40d9b9,2026-01-12 11:23:58.691710,2026-06-03 06:36:43.672053
1315,1315,FedEx,5bc92fb6-fb16-4cd2-89d4-18d826f45b19,2026-01-14 00:27:53.828487,2026-03-07 04:24:45.322561
1316,1316,USPS,160f167e-b040-47b0-a71a-81efe5b82a19,2026-05-09 03:07:01.266126,2026-07-18 04:44:35.580455
1317,1317,FedEx,f1c0dc19-5e0a-453d-936b-4da8236c8834,2026-02-13 06:08:19.786158,2026-06-21 15:06:54.746334
1318,1318,Amazon Logistics,687ca4df-6cb9-4382-81ed-8f15d11eaa0f,2025-11-23 05:06:41.442671,2026-03-06 13:58:14.272290
1319,1319,UPS,c2edf321-7837-42f4-bc7a-2205846bafb1,2025-11-14 08:08:51.909756,2026-02-06 01:33:13.091100
1320,1320,FedEx,2a092c75-af4c-473c-9ae1-3739da06deca,2026-01-24 21:30:17.441917,2026-08-13 06:44:39.537623
1321,1321,USPS,52b51f45-ffc1-44ef-80db-f52ccbe67fa4,2026-06-04 23:42:10.951819,2026-08-16 11:18:13.873033
1322,1322,Amazon Logistics,91f4ffab-3112-4829-acc2-18b24131e13b,2026-01-18 04:52:17.213097,2026-05-25 15:09:28.520452
1323,1323,USPS,1ff46ea5-278d-4e26-88f6-062ee28b3c9c,2025-10-23 18:15:18.016128,2026-08-07 07:28:17.355628
1324,1324,FedEx,65b49716-830f-4632-aedf-909cd569a863,2026-07-23 11:26:28.448598,2026-07-28 18:39:35.599942
1325,1325,FedEx,c36ccbc2-e5ad-4e50-93e4-2abebb6b2084,2025-09-11 16:17:04.620070,2025-11-13 13:40:07.033148
1326,1326,UPS,13f55a11-c6e6-423a-b333-e724fbd7993c,2026-07-09 18:20:36.182953,2026-08-08 05:21:20.172864
1327,1327,FedEx,05c38840-eb2e-4455-9da7-4c9034fc5776,2025-12-24 05:01:38.615914,2026-08-01 06:32:51.136702
1328,1328,FedEx,1752308b-6e4b-4cae-b4d3-58226b74a358,2026-05-28 00:41:44.597834,2026-08-09 01:58:20.467825
1329,1329,FedEx,b0c00c78-c8b2-4ca1-89bc-99be84ed057a,2026-02-17 05:43:59.509298,2026-08-14 00:31:53.069490
1330,1330,FedEx,914e4b96-0240-4bd3-98a8-2704ff535030,2026-01-10 11:22:23.412365,2026-03-27 11:19:56.402615
1331,1331,USPS,fd40f968-be57-4b2b-b51e-45338c24b92b,2026-01-03 21:29:50.994505,2026-02-08 14:59:26.131888
1332,1332,USPS,8aeaf32a-4699-4500-8da4-22a35ed14fae,2025-11-30 08:36:32.071299,2026-04-11 15:13:20.022846
1333,1333,DHL,293ac8c5-f5e1-48fe-821f-cdd4dc10b851,2025-09-28 01:30:03.469096,2025-10-13 22:02:10.520848
1334,1334,Amazon Logistics,21d7dea2-a9ea-4b96-a7b4-d0a27b1e1099,2026-06-25 15:56:16.977223,2026-08-10 02:48:03.538430
1335,1335,FedEx,3f5a6a00-bca5-47b6-b0f2-67cbb7a2eea4,2026-06-17 09:43:48.033788,2026-08-05 05:29:25.451904
1336,1336,FedEx,0857a095-5fd4-4c51-a91b-0f9ca8865788,2025-10-16 03:00:40.694654,2026-03-10 18:16:51.799042
1337,1337,USPS,5e04737c-ecb0-4e0a-ae9c-75cf6168e7e4,2026-05-20 01:43:55.834193,2026-06-23 00:20:11.162912
1338,1338,FedEx,da758c04-0a2a-4fe2-9861-47dcd88ca6ed,2026-08-11 21:17:34.095948,2026-08-19 18:48:05.621116
1339,1339,USPS,e2c08ac1-5ab6-4f31-b69b-514fa532c5ae,2026-05-13 17:17:28.911253,2026-08-19 11:34:17.496587
1340,1340,UPS,cfd51a80-0fe5-40cb-93cc-a1b8969cb04d,2026-06-03 10:52:57.149584,2026-07-29 02:53:04.068705
1341,1341,DHL,7be7761a-c2e6-4575-b2af-e7026ca96e60,2025-11-06 08:29:53.198999,2026-04-10 18:28:20.462197
1342,1342,UPS,d8da8193-d7d6-44a9-9398-b9300b422269,2025-09-11 05:07:43.800767,2025-10-04 05:35:16.017923
1343,1343,Amazon Logistics,e87b4754-ada1-4f9b-be94-8637bc52f3f4,2026-05-03 05:05:21.481239,2026-06-04 11:41:42.446813
1344,1344,USPS,2035655e-9e03-498d-b767-c197de4f1825,2026-05-21 08:05:30.148574,2026-06-15 04:09:44.437872
1345,1345,Amazon Logistics,4380539d-cc86-4522-8ae3-9b6e31737127,2025-12-05 09:50:08.379145,2026-05-19 22:18:22.404675
1346,1346,DHL,318618f8-2eac-4787-80f0-45fb163200d8,2025-12-19 03:07:48.623156,2026-08-12 10:57:30.954391
1347,1347,UPS,10ec6f64-ccfc-4077-8ff8-ba5a77251673,2026-05-04 02:26:59.261402,2026-05-15 18:55:47.911012
1348,1348,UPS,40daf02c-73aa-46ad-a860-3a5e23d031a7,2025-08-16 07:36:14.609312,2026-07-24 05:35:46.316387
1349,1349,DHL,43f33d4b-1a24-4feb-8153-86c59a051057,2026-04-13 21:05:21.255730,2026-04-21 12:32:28.732066
1350,1350,FedEx,d8baa781-6c94-4a59-bb9e-ce95358d6d01,2026-06-21 01:04:37.553308,2026-07-11 16:14:10.922348
1351,1351,DHL,e1cd4325-8061-40d7-9e1e-3a8b49244c7a,2026-05-14 21:07:17.137400,2026-07-28 21:46:48.788038
1352,1352,FedEx,9dbf803f-7086-438d-85ce-9fef0034badb,2026-03-19 08:27:34.691644,2026-05-03 21:27:16.378616
1353,1353,DHL,1305eae8-cb49-4c78-8739-bf18d39164ce,2025-10-02 05:46:05.332792,2025-12-15 16:07:56.501608
1354,1354,Amazon Logistics,90e21520-e573-401c-b2e7-790e1aa44106,2026-06-10 15:10:20.754968,2026-06-18 17:01:37.142778
1355,1355,UPS,5c8f8b39-4d52-48fb-b81f-d78550ef0f92,2026-05-30 23:00:50.976044,2026-06-03 07:53:06.578762
1356,1356,FedEx,3434b3d0-174b-420b-9bf3-692386237867,2025-10-11 13:46:55.347841,2026-05-10 15:17:07.871189
1357,1357,UPS,dccdb485-9376-4d63-a344-4eeb18073112,2026-03-21 18:38:36.376693,2026-08-08 19:34:25.548104
1358,1358,USPS,c8ac77f5-fc63-4089-ad85-142c8b8d360e,2026-02-23 12:22:44.113117,2026-04-17 21:01:49.410078
1359,1359,Amazon Logistics,f887e61a-1ef4-4280-b91d-2d5066adb981,2026-01-30 14:37:53.612704,2026-08-12 13:57:30.491557
1360,1360,USPS,0ecd19ac-5f07-4683-bd09-3a3f838f8db7,2026-05-27 05:20:40.929822,2026-06-19 12:15:41.026337
1361,1361,UPS,14af5447-e55d-4255-8de1-7e1313e61404,2025-11-03 18:29:58.903320,2026-07-30 04:41:46.921319
1362,1362,USPS,4a5733cb-cdc6-4177-8763-1a5250019d56,2026-03-09 15:51:20.293473,2026-05-29 07:06:54.144444
1363,1363,FedEx,ec96af67-6ff1-4ee6-af4d-cd87e0abe0b8,2025-09-18 19:05:02.714127,2026-08-19 04:36:27.153183
1364,1364,UPS,43a113f6-f957-4885-bb43-91908834945f,2025-10-29 06:18:04.481012,2025-11-11 11:17:19.783596
1365,1365,DHL,726c5ab7-3ca8-48c8-8d69-44d1194488c1,2025-09-19 03:51:28.956958,2026-01-16 12:23:32.968956
1366,1366,Amazon Logistics,37459eed-36f2-4ad4-9609-da782e31fe6b,2025-12-01 12:33:45.556469,2026-04-26 04:34:54.913864
1367,1367,FedEx,0bb07880-e8ed-48db-9c24-9365c305e88a,2025-10-15 05:00:55.867591,2026-03-26 19:50:55.104252
1368,1368,DHL,e0fb33ed-bdde-4191-ab01-71778901267a,2025-10-19 22:12:50.683814,2026-08-14 01:55:02.714020
1369,1369,UPS,f60020c3-fe4a-4430-9f88-c3302905333e,2026-06-26 07:38:20.202374,2026-07-26 12:01:50.367423
1370,1370,FedEx,3afe33da-2327-4cee-8ec1-272bccb19ab5,2025-11-09 08:47:10.535586,2026-01-06 07:57:46.767256
1371,1371,UPS,6012c469-f641-4098-b3fe-18f0b08961d7,2026-03-06 14:58:16.151715,2026-05-08 23:01:19.566475
1372,1372,USPS,73423341-dfd8-4fae-80f1-b86a1c856850,2026-07-16 12:49:39.428009,2026-08-09 13:11:58.145429
1373,1373,FedEx,e074bf26-2812-40fc-b02b-93a2c6957cb1,2026-08-12 19:09:44.992333,2026-08-13 18:51:29.189584
1374,1374,DHL,0f24f7e2-1357-4f1f-abdc-841f59b4d693,2026-07-24 02:02:53.913738,2026-08-12 21:22:57.361875
1375,1375,UPS,405ccf6a-f532-4533-ab83-b334e41bdfd4,2026-08-05 22:34:33.640685,2026-08-07 09:24:28.726922
1376,1376,USPS,5774cbf6-39ff-4a93-b8bc-ecb1bec610af,2026-01-22 18:46:59.966011,2026-04-19 23:36:46.199339
1377,1377,USPS,0e752a61-e1ac-477b-abce-1f04e7b807b6,2025-12-15 11:26:18.967864,2026-08-10 08:11:45.210863
1378,1378,Amazon Logistics,043215bd-dde6-4bb8-b557-7aca59c2a8c1,2026-04-25 10:29:29.664211,2026-07-02 18:43:50.317958
1379,1379,FedEx,2db11bc7-6401-447b-970a-8f2a9583abc5,2026-04-12 21:12:57.479270,2026-05-10 07:41:33.791190
1380,1380,UPS,923c37a0-6635-492d-b6d2-b9a4e7876ae8,2025-09-15 15:17:11.473355,2025-11-04 11:55:33.264001
1381,1381,UPS,daa2f0b8-571f-4f67-8cb7-7aa35c0d560b,2026-04-09 04:52:05.617939,2026-08-17 09:49:46.199311
1382,1382,USPS,176a4bc9-6889-4dc2-830e-1294674a6f55,2025-10-08 04:05:40.085497,2026-03-08 15:18:57.458922
1383,1383,Amazon Logistics,ccf3da34-0174-4c63-8988-3fd9fc6cb773,2026-07-12 17:49:45.863540,2026-08-03 10:14:36.088425
1384,1384,DHL,d21c2b13-b572-4bad-8ab8-5c4c21168b35,2026-07-13 06:50:58.090869,2026-08-02 23:31:15.205602
1385,1385,UPS,6488ed4d-ed49-4fff-aa54-63c68cb20350,2026-05-16 02:23:00.019729,2026-05-18 10:15:05.533198
1386,1386,DHL,c8ccf7c2-d159-46c4-834e-b57dce9ea050,2026-07-16 03:59:28.163428,2026-08-09 09:34:17.197474
1387,1387,UPS,2bdfbf1d-d49d-4700-9bbb-5aa01442212a,2025-12-22 00:46:54.759820,2026-02-27 22:09:25.668242
1388,1388,Amazon Logistics,afa83339-4fdf-4dd2-99dd-ebfe7253ddb5,2026-04-21 18:03:29.850587,2026-05-01 01:39:10.178175
1389,1389,UPS,2447b9ca-093a-4662-b1dd-73988eb18f11,2025-11-25 09:22:42.897757,2026-06-04 02:24:17.579127
1390,1390,USPS,be9be104-da4b-4a6c-a2e3-ce3f4ce5ae46,2025-12-18 15:20:45.422116,2026-03-11 17:25:22.125925
1391,1391,USPS,0ffb8668-c21d-434b-806b-71043b0b913c,2025-12-30 08:18:10.177886,2026-07-27 15:03:31.473268
1392,1392,DHL,023c2ff6-8386-40b3-b429-1b2e427a1097,2026-03-13 18:15:40.470669,2026-04-20 11:25:58.070037
1393,1393,FedEx,e407db77-d8b7-4002-9613-a2b7df340173,2025-12-08 06:47:55.596619,2026-05-03 02:32:45.367091
1394,1394,Amazon Logistics,1fac9939-390f-4e1a-958d-35a6580e52d5,2025-09-12 10:58:24.646260,2026-07-06 17:31:34.584843
1395,1395,FedEx,a0df52b1-95ea-4b71-a887-a318cf309d84,2025-11-12 05:12:51.675646,2026-01-22 16:23:58.991798
1396,1396,DHL,63076e66-5081-49e8-9a61-cf15df8425d0,2026-02-20 13:10:56.989594,2026-03-24 00:02:51.538194
1397,1397,UPS,78f31926-93c0-4448-89a0-7dfbabef2f34,2026-01-09 08:57:35.540102,2026-03-11 02:22:58.588524
1398,1398,Amazon Logistics,3e22e4b8-72c6-4e8c-a6cc-d3b13eb531d0,2026-05-06 13:51:15.868616,2026-08-15 15:52:10.830809
1399,1399,UPS,d41392b3-2708-4395-95d4-c34341dd3c55,2026-06-13 03:52:51.221000,2026-08-17 21:26:05.602275
1400,1400,Amazon Logistics,c5bc9a0e-c36f-4f83-86ca-28cf3b46f6e4,2026-07-03 18:17:10.523621,2026-08-19 17:59:18.415178
1401,1401,FedEx,462c89ae-8e7c-4bb1-a435-d6f697849336,2026-02-21 15:23:16.373395,2026-07-01 11:17:38.839407
1402,1402,Amazon Logistics,630dbaed-3c9b-4508-b39c-407337086537,2025-10-14 04:59:14.209572,2026-03-23 08:27:46.572868
1403,1403,DHL,d8de25e7-b422-4f33-beb0-618dc0a347dd,2026-05-08 16:12:09.914830,2026-08-15 21:11:38.745766
1404,1404,DHL,2f6f2c80-dac6-4fb0-8213-f781de1959c3,2026-03-28 09:04:31.951759,2026-07-05 02:08:55.780758
1405,1405,FedEx,5d40f37c-5690-4cea-9949-27ce8782915d,2025-12-12 22:19:41.803596,2026-08-20 14:41:25.195034
1406,1406,USPS,fbe80d6c-38cd-41c0-acd2-4eb0224416e9,2026-01-26 19:11:21.265140,2026-03-05 19:27:06.826517
1407,1407,UPS,2e507c8c-2ab7-46cb-ada4-f047a180545c,2026-03-10 13:43:50.954436,2026-06-28 16:16:10.399492
1408,1408,Amazon Logistics,1be34318-a106-43e7-b349-fb804aaa4253,2026-08-13 04:25:31.180919,2026-08-19 01:18:17.190286
1409,1409,UPS,9740181a-562a-4a54-a8ef-58630a6de4c2,2026-01-12 11:23:50.196511,2026-02-03 07:42:24.445488
1410,1410,UPS,0889d00b-f0c0-45e1-a1db-38d00d37c469,2026-04-28 16:33:22.278037,2026-06-17 12:43:14.832708
1411,1411,UPS,a7b3af87-3908-496c-97d9-767af66624a4,2026-05-21 20:43:51.749825,2026-06-07 12:02:18.575149
1412,1412,USPS,e553acf0-c252-419b-b785-08726d79a710,2026-07-13 11:26:55.284056,2026-07-16 13:06:48.587596
1413,1413,Amazon Logistics,90c2fc28-45e6-4159-bdac-063ec18092a2,2025-09-10 04:46:56.920452,2025-12-25 13:30:19.894456
1414,1414,UPS,90e4895c-8ea0-4739-9844-7093c979aa4a,2026-01-15 18:25:08.090886,2026-01-29 17:36:27.767164
1415,1415,FedEx,fdfc3aba-9c50-4e22-91c3-ee001ceb235c,2026-08-04 10:00:22.255563,2026-08-07 08:36:23.033628
1416,1416,UPS,eb4c59b6-240d-44d4-9093-fa8839868fbd,2025-11-25 04:08:59.309827,2026-04-08 23:40:02.005763
1417,1417,Amazon Logistics,1c11c87d-77c5-460d-bf4b-7b294dcc180f,2025-09-24 11:40:04.976775,2026-04-13 22:24:52.681209
1418,1418,DHL,d567893a-2f53-4459-9c86-1a4f780fc845,2025-10-15 07:28:28.233640,2025-12-09 20:46:29.186087
1419,1419,UPS,1d992324-d6b2-4ca2-b4bd-f1d85f87d15b,2026-06-22 02:57:39.371375,2026-07-10 06:05:35.852292
1420,1420,FedEx,6a1113c8-1e72-4c2d-8ff6-504d3e37a87a,2026-01-23 12:16:45.181930,2026-03-21 14:36:18.233465
1421,1421,DHL,03a70ba7-0b3c-4452-994d-1ceb21fd3be5,2025-11-12 02:04:54.127426,2026-04-19 22:30:52.990596
1422,1422,FedEx,d0f0e572-8ea6-4ad3-8982-ecf35d1c1a51,2026-03-02 04:50:14.432142,2026-04-18 03:37:17.833833
1423,1423,DHL,cc560d66-6af0-40fc-89d8-eb74aa57f9e9,2026-03-01 20:03:11.857518,2026-07-27 14:20:28.709699
1424,1424,Amazon Logistics,9187b8b7-f8cd-47a9-9a85-e84bfed647a1,2025-09-12 01:32:15.265648,2026-08-20 03:32:28.659079
1425,1425,FedEx,d1d380b0-888f-44e1-a96a-a5996768a7c9,2025-09-23 04:09:56.689999,2026-01-04 10:11:41.512485
1426,1426,FedEx,bd42f335-168b-4783-9f29-76d9783c0d9c,2025-12-14 02:51:03.694474,2026-07-09 07:01:39.522636
1427,1427,USPS,ddd21141-3361-4486-a984-7b8bc0d7fea3,2025-10-18 14:17:48.521045,2026-05-09 02:32:45.800837
1428,1428,FedEx,7575bf33-dff7-409b-bb10-a5d6d829fe36,2026-07-03 23:28:51.908446,2026-08-16 14:55:54.208689
1429,1429,Amazon Logistics,165b2eec-5f14-476e-8bad-326981e68ee9,2026-07-25 14:51:52.671682,2026-08-16 04:42:12.275918
1430,1430,FedEx,c5055e56-fa3a-4e9d-9027-a79a48ad90eb,2026-03-01 22:56:46.008680,2026-03-04 10:47:06.049230
1431,1431,UPS,aeaf7f3e-a98d-4fb9-aa21-4bf21b03d4dd,2025-10-13 05:11:57.745365,2026-05-18 13:31:31.490201
1432,1432,FedEx,dbf53291-5d13-4f3f-a898-c2e7e9aaf79e,2026-02-02 05:29:53.200511,2026-05-31 17:18:40.223425
1433,1433,DHL,3afee46d-2c66-492c-a5c4-e71d0890fa93,2026-02-21 20:19:04.646752,2026-05-19 01:03:52.164088
1434,1434,FedEx,1f747ff0-1c45-427d-b5b1-e88fc940bfa1,2025-09-29 12:02:40.936189,2026-03-11 12:28:24.937714
1435,1435,UPS,ac4f66cc-b1ef-40d6-b6a6-b53f823f3f34,2026-05-05 09:55:37.134747,2026-06-30 13:29:11.574292
1436,1436,FedEx,2475b517-1731-4d73-a277-27364c00baa4,2025-09-07 07:09:04.980783,2026-02-06 06:00:47.269720
1437,1437,FedEx,4ad7f15e-f05f-4602-be04-e5d4a5c893ea,2026-04-12 22:20:38.347688,2026-06-28 08:31:25.156284
1438,1438,UPS,d9d288a3-2743-4eda-bbc9-bc858b106db8,2026-01-07 06:02:43.953004,2026-06-29 18:59:08.488147
1439,1439,Amazon Logistics,c5bef586-dc90-4943-a056-f8f8593f192b,2025-09-25 06:35:37.127819,2026-03-12 22:33:09.952477
1440,1440,DHL,5c07737c-0e64-415c-99de-67d7357d5229,2025-09-22 04:05:19.755394,2026-05-21 03:46:10.180409
1441,1441,Amazon Logistics,31b6785d-5b39-4e9a-aacc-69e61d098b4d,2025-10-26 03:54:44.955345,2026-01-05 12:04:53.593084
1442,1442,USPS,dde3db99-6e3c-4a71-a76a-a20117222b00,2025-12-12 19:46:49.281118,2026-07-14 20:27:37.420069
1443,1443,DHL,c600c5ff-ee98-4e50-a3dd-81704e1a49a7,2026-05-04 19:14:42.097357,2026-05-13 13:54:03.171776
1444,1444,USPS,664a6ac3-7679-4921-9e19-b2b63f0a2e6e,2026-05-22 21:23:42.261500,2026-05-27 02:07:06.106589
1445,1445,DHL,ca85dea9-b298-4349-b770-f5048dce7069,2025-12-04 02:22:14.520272,2026-01-21 01:19:19.633573
1446,1446,DHL,b8e10f4f-0af9-41d4-9958-21f741837d0d,2025-09-08 01:15:41.202498,2026-04-23 02:17:50.111685
1447,1447,FedEx,4a8a02d1-f249-4cdb-b52e-693db09eafa6,2026-01-24 05:21:42.038787,2026-04-19 04:09:48.207448
1448,1448,DHL,e80a12cd-b77c-458f-a311-e17b2ff8eb8d,2026-01-05 02:55:30.239916,2026-08-17 05:23:16.626733
1449,1449,DHL,372678fb-4437-4981-9117-2ecd51e7dde9,2025-10-26 17:28:31.724227,2026-02-15 23:57:41.567210
1450,1450,DHL,34646b09-398d-4e09-b436-79f982a6f0af,2026-02-06 01:35:52.328119,2026-06-08 08:59:14.662413
1451,1451,Amazon Logistics,e63b062c-7bca-4947-8f3e-bff9b02579d7,2026-05-29 16:13:50.328790,2026-05-31 21:32:37.018408
1452,1452,FedEx,21f01171-454f-47f0-b1a4-6f6dcf7ea5da,2026-04-24 16:44:57.745215,2026-06-25 16:24:20.892744
1453,1453,FedEx,5e75a3ae-5155-493f-a7d9-6354bcb053ea,2026-02-06 04:28:36.156319,2026-08-12 11:09:47.240186
1454,1454,UPS,ca7773a9-302b-4ced-9c4d-3f667b42c186,2025-12-25 18:24:38.559839,2026-06-14 11:12:27.692984
1455,1455,Amazon Logistics,89ff2a24-2ed7-4bca-817f-a2982832d426,2026-01-15 04:03:58.769608,2026-08-02 16:59:17.979663
1456,1456,Amazon Logistics,6a9a3b18-f836-44a5-8cc4-acf072027430,2026-04-22 12:19:06.895782,2026-05-13 19:10:40.341591
1457,1457,Amazon Logistics,383ac08f-7716-4cb5-9b0f-d81701441b96,2026-03-26 09:30:59.085835,2026-06-26 03:16:26.751223
1458,1458,DHL,2b928465-6e9b-4dbe-8538-a7c359cc482d,2026-01-19 06:05:52.072561,2026-08-03 06:43:51.902322
1459,1459,USPS,1ada3deb-f8b8-4ab6-8546-c124668223c3,2026-06-06 14:34:38.442263,2026-07-30 19:18:29.348396
1460,1460,UPS,95dbdf96-451c-4d4b-b127-f528a4a3877c,2026-03-29 12:35:13.433224,2026-05-14 00:06:54.842997
1461,1461,FedEx,d0f89f6b-11f5-4e2b-bdb7-4702adf11799,2025-11-01 15:54:30.354506,2026-01-09 05:40:54.536641
1462,1462,DHL,3be1aee0-be12-470a-b68e-1d33950a2cb3,2026-08-02 17:14:14.793251,2026-08-04 01:06:24.038740
1463,1463,FedEx,49d27a90-96a2-46c4-86a7-bdccf15918b4,2025-12-06 21:54:21.669279,2025-12-17 10:19:42.783964
1464,1464,Amazon Logistics,90d9ee8d-0168-4e33-812f-d408a3e4cbd6,2025-09-30 06:53:41.363941,2026-01-13 22:35:10.943974
1465,1465,USPS,73c0a642-2252-461d-91d6-0715c63e9dc5,2025-09-26 09:11:23.225369,2025-10-08 22:45:42.784174
1466,1466,DHL,86607bdd-5d14-4fc1-8324-b24ca5cb23dd,2026-05-29 01:48:43.874164,2026-08-07 17:53:13.566888
1467,1467,USPS,968fe5b8-d0bd-440d-97f6-2e5ad99c7f14,2026-07-28 17:29:10.558019,2026-08-18 16:45:28.106285
1468,1468,FedEx,21cc510a-0e9b-43a4-a034-4e05de4e8d0a,2026-05-19 13:49:11.469477,2026-08-03 09:57:55.544986
1469,1469,USPS,15a9a073-838b-494a-90bc-42b8a4ab2c81,2025-09-10 06:00:04.548747,2026-06-05 12:03:45.355949
1470,1470,FedEx,560368a0-8fd4-46c1-9227-0537cdafedfe,2026-05-14 01:01:50.421000,2026-07-20 10:33:06.520312
1471,1471,Amazon Logistics,24ed5c2b-ea90-43a5-90ce-e24ec684f571,2026-05-03 02:56:13.480132,2026-05-20 07:40:29.739316
1472,1472,USPS,7918884d-aeb9-4bcd-bb77-898e6592845e,2026-06-18 11:48:40.604412,2026-07-21 23:47:13.486393
1473,1473,USPS,4e802eb0-51cf-4a06-9bbb-6cb1548baa33,2025-12-17 01:06:15.846737,2026-02-11 22:15:51.498706
1474,1474,DHL,32bf454b-d262-4a27-b1fe-265258888fbc,2026-07-03 21:45:00.711014,2026-08-10 23:53:53.678015
1475,1475,DHL,786993bf-981a-4505-aed4-61796b41f7a7,2026-02-28 16:02:39.406383,2026-04-22 10:35:38.526411
1476,1476,USPS,f7fa36b8-0ce9-4fcb-9a6b-f9454dbb007b,2025-08-18 18:16:20.341207,2026-02-28 22:22:49.791193
1477,1477,DHL,9dcad1eb-606c-434d-aeb1-c453833ab135,2026-02-17 08:17:15.043944,2026-05-19 06:50:09.681681
1478,1478,USPS,bcb1467d-30d2-4e53-8fd3-f3e2ba8953a9,2026-05-31 20:11:44.299562,2026-07-04 07:17:42.682646
1479,1479,FedEx,baa68288-86d6-4a1e-98af-de3311803d82,2026-06-04 12:53:09.564474,2026-06-28 07:06:20.465305
1480,1480,DHL,bdbd21a8-3760-452d-a82c-818f2ddcefe2,2025-12-28 15:16:12.198011,2026-05-13 03:43:11.085751
1481,1481,DHL,54924026-57dd-4b2a-9780-9b7d3f5f130e,2026-05-28 11:41:04.387269,2026-06-19 16:18:15.229226
1482,1482,UPS,28f40948-d00f-4189-8235-f81628a106ce,2026-04-23 00:53:01.980027,2026-05-15 15:26:26.650948
1483,1483,DHL,784e10ed-3a61-4313-9be0-ef980b499d1d,2025-11-03 22:37:19.470685,2026-08-03 22:53:50.412221
1484,1484,Amazon Logistics,b6f79b2d-d3d2-40fd-9d38-8a45249bed53,2025-09-15 18:27:08.469491,2026-06-29 14:15:22.921399
1485,1485,UPS,6138515e-5111-445a-a02f-2993bc354145,2025-12-14 15:00:57.150493,2026-07-20 12:18:08.216875
1486,1486,DHL,ff558bff-c0cb-4eae-9ca2-c2ca68d1f7c2,2025-12-16 02:00:43.697930,2026-06-11 15:00:20.668650
1487,1487,DHL,a39787cc-e106-4128-a237-aff0d8835d55,2026-02-14 01:43:17.590736,2026-06-30 19:33:48.150918
1488,1488,FedEx,548816a7-00e7-4fa8-87fa-264699238916,2026-06-17 13:19:42.808747,2026-06-20 23:12:07.447848
1489,1489,DHL,ef1526b8-8735-4d7b-95f9-35d97eacc3f8,2025-11-15 13:19:27.420027,2026-05-16 13:23:44.118125
1490,1490,Amazon Logistics,d5f66719-0fdf-42b4-905c-33b426ad7ee5,2025-12-28 09:10:23.715440,2026-02-10 18:34:02.160772
1491,1491,DHL,9127e512-3677-40f7-839c-33bfc1eef3bd,2026-08-04 05:44:00.917093,2026-08-13 16:15:29.994018
1492,1492,UPS,0d9da81c-4b64-4483-9c26-e276bf13da2d,2025-10-23 11:01:59.945631,2026-07-09 03:54:56.806234
1493,1493,DHL,b21ce0d1-ab88-4a4e-a0b6-9b7174e2c587,2026-04-26 22:51:08.828270,2026-05-30 21:04:03.457193
1494,1494,Amazon Logistics,7c8c91c8-298c-41d5-9161-0f7c0d4314b2,2025-08-15 17:55:26.792118,2025-09-23 14:15:15.678758
1495,1495,USPS,affdcadd-ce2f-4ba3-92f7-019f7e5009f9,2026-03-04 19:09:12.606413,2026-08-18 09:54:19.329070
1496,1496,USPS,c3b3e320-70d0-4bc9-bce5-f949178847ad,2026-05-20 02:46:06.209222,2026-07-30 03:43:30.531986
1497,1497,DHL,278a57fb-9aae-43ee-a81a-512a4e60f92e,2026-06-21 11:08:38.180416,2026-07-10 02:48:27.503799
1498,1498,FedEx,05c93af1-85e9-4528-8acc-24e7ee1b5728,2025-10-08 03:28:24.538932,2026-07-12 06:28:53.272729
1499,1499,UPS,0d589c71-e4f1-4412-a7ac-de11fc6249fa,2025-09-20 03:10:18.375126,2026-06-25 20:49:18.620475
1500,1500,Amazon Logistics,d95ffeb9-e357-49e1-990a-bb49fdbc203a,2026-05-02 18:32:32.831945,2026-07-16 11:42:17.755320
1501,1501,USPS,4e7705e6-1df5-4274-92a4-5ee35e641d2b,2026-01-14 15:11:17.605010,2026-05-24 05:16:32.557717
1502,1502,FedEx,423a49d3-97e2-4833-bb39-74c068181106,2026-06-12 12:59:15.414127,2026-07-17 19:42:33.485449
1503,1503,DHL,e314148f-5d76-469a-b4d7-1f51128e80ff,2025-10-14 09:42:04.409692,2026-05-29 15:56:21.555932
1504,1504,Amazon Logistics,1f9b9322-90fc-4d1e-aa0b-ee5a703f87be,2025-10-19 05:25:25.017198,2026-01-18 06:25:43.639850
1505,1505,Amazon Logistics,af5d6648-790d-4242-bbef-2f793439ede2,2025-11-14 01:06:27.895850,2026-01-22 10:18:34.868124
1506,1506,UPS,ee2af641-0047-4bb7-852a-f47ae664cf03,2026-04-21 09:26:35.077116,2026-07-30 06:26:40.360076
1507,1507,USPS,c5356c9f-291a-46cc-a55a-93936c8b90bf,2025-08-30 21:33:07.409654,2026-07-29 02:27:51.876211
1508,1508,UPS,494db2af-0f10-44ca-9612-91f241c2e867,2025-11-30 06:00:27.606167,2026-04-22 22:12:06.373144
1509,1509,Amazon Logistics,2a4600a2-eda3-4e94-8b08-f42cb6ceb75e,2025-12-19 14:37:30.089851,2026-03-30 01:51:33.065059
1510,1510,Amazon Logistics,94963e15-e889-412d-964b-94034242f3aa,2026-01-10 06:53:48.071961,2026-04-20 06:47:52.827866
1511,1511,Amazon Logistics,5fac22b9-4755-475c-bd57-008335cf625f,2026-08-13 19:49:06.201372,2026-08-17 20:40:07.914566
1512,1512,DHL,2103bc19-0273-48c8-9ecd-299b65a4f06d,2026-02-25 03:24:34.773824,2026-03-29 04:18:09.480064
1513,1513,FedEx,aad37411-86e0-46fc-88f5-d16eceb0da8f,2026-04-14 23:00:41.235543,2026-07-20 07:44:43.726685
1514,1514,FedEx,fb551463-caad-44ae-8201-869247ca040f,2026-05-14 11:54:58.408042,2026-05-16 17:04:15.757008
1515,1515,FedEx,1a414d2f-3c3b-4351-b455-66baac5c3229,2026-03-21 10:26:28.653346,2026-04-25 04:47:21.486134
1516,1516,Amazon Logistics,3885377e-87a5-40e7-816a-644485a414e8,2026-01-12 10:51:20.564186,2026-04-15 13:32:20.724010
1517,1517,UPS,4e817743-6b82-4828-9071-cba7d8d7a1b0,2025-09-05 08:33:35.914847,2025-12-23 20:26:04.233388
1518,1518,USPS,a2e6ccb3-ded2-4c9c-8696-ce0a61fc3d05,2026-01-07 05:12:42.047998,2026-05-03 11:24:58.814897
1519,1519,USPS,983126bf-9df3-4c5a-9819-c64751135d21,2026-06-30 18:59:34.411071,2026-07-19 18:12:12.868738
1520,1520,DHL,0f5be454-afbd-41db-a66a-67f06b85da39,2025-09-11 12:30:45.058706,2026-06-01 22:20:58.609407
1521,1521,DHL,ed22d80b-3041-4573-a16a-d88e939d4592,2025-08-27 19:11:42.493763,2025-09-13 08:47:06.136978
1522,1522,Amazon Logistics,762492c8-437a-425b-923d-c31634eea98c,2025-11-03 19:47:29.682100,2025-12-14 12:26:05.417983
1523,1523,FedEx,d7906198-af9b-4e22-b3af-73d1998c5f16,2025-10-29 15:26:48.397950,2026-01-13 09:09:29.198263
1524,1524,Amazon Logistics,5f827643-caba-4a03-9779-a0587c320e73,2026-03-07 12:46:39.208281,2026-08-17 10:22:12.605264
1525,1525,DHL,70724651-d5df-4500-b6f0-a6fc6095082b,2025-11-24 13:46:44.036628,2026-06-20 17:04:45.913967
1526,1526,FedEx,1e043083-4d26-4587-8e4b-b65faa8d74c6,2026-05-19 16:40:01.037472,2026-07-13 21:03:55.971147
1527,1527,USPS,a47d9351-6d24-4ba6-bc83-343b2ec2f0c6,2026-03-18 10:51:29.977837,2026-04-14 22:05:48.160695
1528,1528,UPS,2f0c5c18-438e-447f-b3d9-656bd6e2e9af,2025-11-29 06:28:46.732790,2026-08-19 04:29:05.491866
1529,1529,FedEx,a1ef8bd2-9a2b-4f33-b437-2ca105fe2deb,2026-05-02 22:45:26.792460,2026-05-06 09:28:46.687821
1530,1530,DHL,766634f6-48a7-49cb-9c27-8cd76cb65907,2026-07-14 21:33:31.555716,2026-07-30 02:17:39.708051
1531,1531,Amazon Logistics,28302610-6d7c-42aa-a8ad-6dd4263f7f46,2026-03-18 16:40:45.648039,2026-08-01 01:25:35.449332
1532,1532,Amazon Logistics,556ea5f8-723d-4396-96d3-645fd4de9e0f,2026-01-06 08:40:04.144089,2026-01-18 04:16:52.389012
1533,1533,USPS,3ff1a222-ecfd-4b0d-b8cf-f3a7304c7fc2,2026-01-19 02:37:42.680049,2026-05-03 06:13:14.829129
1534,1534,FedEx,9b563918-b899-42a4-b790-6c71c34ebc95,2026-07-02 05:52:59.057714,2026-07-16 17:33:03.999264
1535,1535,UPS,c43e89cc-db7b-418d-ad6c-070066c5bee1,2026-03-30 11:10:37.949047,2026-08-10 03:45:52.759517
1536,1536,USPS,a312cffd-e4e0-4d04-b7b0-6b8ba4868046,2026-08-06 16:49:47.111496,2026-08-19 23:16:05.428856
1537,1537,Amazon Logistics,6ffce900-aa7e-4189-b4c4-253b92431384,2025-10-03 09:59:21.800535,2026-08-06 22:46:12.865907
1538,1538,DHL,6ce03bbe-486d-4d29-bde4-313bc00275c1,2026-05-30 16:51:38.494928,2026-08-19 01:13:15.926004
1539,1539,USPS,c0c30440-2bc3-4546-8508-e975110bc08e,2025-10-04 15:37:56.600171,2025-12-10 18:40:51.225256
1540,1540,USPS,28122a4b-a6cd-47af-b3b4-b7f6df1fca7d,2026-02-27 14:04:53.627209,2026-05-04 06:52:07.136061
1541,1541,Amazon Logistics,ef551df1-d1a0-4ff8-b06c-091d4709666d,2026-04-06 17:32:56.911115,2026-07-28 17:08:00.557121
1542,1542,USPS,5164ffba-d409-41f1-a3d8-e85e76732b26,2026-06-13 13:44:26.566507,2026-08-15 04:36:49.193951
1543,1543,USPS,2db75536-2b60-4d8d-b9e8-a3636cf09ea4,2026-02-17 17:10:20.298859,2026-07-25 17:11:53.918526
1544,1544,Amazon Logistics,b599ea3c-2615-4509-9483-14f9ad33a768,2025-11-13 23:18:53.440381,2026-01-03 15:22:17.883579
1545,1545,FedEx,a2dbe880-9e0c-43f8-b71c-aef95ebdcd7c,2026-05-23 07:03:08.793349,2026-06-29 11:10:09.559573
1546,1546,USPS,27b550b7-ee29-4b56-905b-5f8a5b6b95fe,2025-10-30 14:56:01.139644,2026-03-10 09:10:37.118322
1547,1547,DHL,8281d908-aca5-4d4d-bf85-bba96466db4d,2026-08-13 02:48:08.929185,2026-08-14 03:57:39.703548
1548,1548,Amazon Logistics,9c3b7ecb-86a5-408c-8608-a827b9419067,2025-08-24 10:26:32.913280,2026-08-20 15:02:47.532594
1549,1549,UPS,d8677faa-88fc-439b-85b4-e08b4a053e94,2026-06-06 18:25:22.515509,2026-08-03 01:15:09.362173
1550,1550,DHL,12e8df0b-1aa9-47b8-867d-7d3421cdad0d,2025-08-30 03:34:26.574970,2026-06-12 15:24:07.318575
1551,1551,USPS,6ce08ebe-6039-4151-8763-5b7685d70685,2026-01-14 10:55:35.813311,2026-02-03 12:03:35.825880
1552,1552,FedEx,c508b1eb-e474-4561-859b-58840c0ea810,2025-08-29 02:28:02.571751,2026-07-03 16:53:36.453787
1553,1553,Amazon Logistics,6fe05e57-688f-4720-97ab-fe044b2c0f51,2025-09-14 10:04:41.349890,2025-11-27 23:26:04.585186
1554,1554,UPS,0ba395ce-7368-4a8c-9213-fdfc0b9a1c0c,2026-03-18 09:50:32.058668,2026-05-01 14:56:42.687829
1555,1555,FedEx,6d9669fb-d12a-46db-a14a-bd5567f34852,2026-03-02 21:50:53.421270,2026-06-17 02:11:16.373106
1556,1556,UPS,f05da804-4c5e-44de-b483-1db6a373786d,2026-07-01 09:39:26.330052,2026-07-23 16:39:54.466171
1557,1557,UPS,84925cd7-72d7-4615-b895-20e26a0670be,2025-10-28 00:09:18.859149,2026-07-28 08:26:12.110375
1558,1558,UPS,3b3d66be-5811-43ef-a65f-e6678b0717ee,2025-10-19 19:34:02.114865,2025-12-29 06:52:07.444499
1559,1559,UPS,d55370ec-2a90-4afd-ade2-41981ace2632,2025-10-17 11:25:06.889060,2026-03-07 04:36:41.643497
1560,1560,USPS,f271e44e-93aa-479f-b100-9afcb64b20d1,2026-06-28 06:19:20.179784,2026-07-19 03:21:50.959844
1561,1561,UPS,45fc381e-b397-487c-91e7-e252225b0000,2026-04-19 19:02:15.323265,2026-07-07 04:22:01.344048
1562,1562,DHL,81be5b16-4de8-46a7-b4d3-fe4e88be2ebb,2026-03-14 19:37:16.117859,2026-05-24 04:23:12.479290
1563,1563,DHL,f8c71976-1dd4-4d18-8167-dcf9d7b78eff,2026-03-23 01:47:05.332981,2026-08-17 13:33:17.207745
1564,1564,DHL,5e028907-f6e3-4b9c-bd0c-66a0a3f373d6,2025-10-26 22:55:11.675085,2026-04-28 06:00:15.233182
1565,1565,UPS,c826097c-d173-4626-b9cc-3a19a9b13cdc,2026-04-19 03:14:25.944394,2026-07-18 14:26:06.253899
1566,1566,USPS,dbc3287a-9fc7-41bf-8926-9734e0a49d81,2025-08-14 02:33:19.242835,2026-01-28 23:32:25.037020
1567,1567,UPS,dd387cab-309b-49e9-be7e-0ef1f8bbe0a3,2026-07-18 12:25:00.148660,2026-07-19 12:20:28.827853
1568,1568,UPS,66ec2492-1aa6-4d0a-9a7b-c3eca3f56e5e,2026-01-16 11:35:26.834162,2026-03-25 13:05:26.326714
1569,1569,USPS,8ad79e9f-5f1a-4430-a8fb-0b618aad2413,2026-02-17 06:07:24.216290,2026-04-09 05:46:18.863791
1570,1570,Amazon Logistics,19337a2c-a1f1-4cf2-b36e-23e3b85c4657,2026-08-09 20:02:36.498023,2026-08-13 17:27:01.197727
1571,1571,DHL,10703044-fc72-49a2-b92a-aa0036de0fff,2025-11-18 08:32:42.842693,2026-03-28 21:22:35.544953
1572,1572,USPS,01c41af1-65d2-47fe-98f8-f578ad8ae88c,2026-01-16 02:27:47.897497,2026-06-28 14:07:42.874019
1573,1573,Amazon Logistics,adfeba90-1d42-476b-b80d-37a24a6b308f,2026-01-31 21:08:00.251272,2026-07-31 07:39:33.458568
1574,1574,DHL,0dcc759f-36c2-4694-865e-20a8f85d1b55,2026-06-17 00:09:15.187978,2026-07-17 05:12:09.541948
1575,1575,USPS,d01d7d5c-07f6-41f8-b7a8-90f026a4426f,2026-01-17 20:52:10.770277,2026-06-23 04:43:56.440224
1576,1576,FedEx,c0f18de1-257c-428f-9196-3d61b38fee40,2025-12-09 02:50:21.220066,2026-03-25 17:49:41.525896
1577,1577,UPS,9a165541-5445-427c-8ed1-0d0178386ff4,2025-10-25 04:13:43.529961,2026-01-13 07:59:27.055590
1578,1578,USPS,bc761dc1-1cc1-418a-b881-679d73e14221,2025-10-16 17:22:31.246563,2025-11-01 02:32:57.924123
1579,1579,Amazon Logistics,33a7fdf8-c9fc-4281-ab91-e2fd8d545609,2025-10-03 11:58:46.631619,2026-06-26 21:21:45.955721
1580,1580,UPS,ae73c692-91b6-4eab-a05b-bc16af4cf4dc,2025-12-30 19:01:54.272698,2026-03-25 16:54:09.344275
1581,1581,USPS,c05b3317-ac0a-4dbe-89cc-6ee1ab991456,2025-11-30 07:56:36.890003,2026-06-23 22:28:41.383040
1582,1582,Amazon Logistics,f92d85d1-906b-4b9d-9c5f-45ce7f6788ab,2026-08-01 18:56:53.565587,2026-08-06 05:41:58.880388
1583,1583,USPS,793637c5-4956-472e-b670-31334c12e0dd,2025-09-26 09:03:11.287273,2026-01-31 09:43:25.743928
1584,1584,Amazon Logistics,040231b6-0901-4d4d-bcbf-3357d536ca9f,2026-05-27 14:31:14.475973,2026-05-30 13:04:44.918387
1585,1585,Amazon Logistics,72eae6ee-4084-4579-abcd-21bf544171cf,2025-10-14 11:32:12.059719,2026-08-04 06:12:58.868898
1586,1586,Amazon Logistics,3784b921-fd34-4c15-81e5-5a35c895d215,2026-08-02 05:42:15.431601,2026-08-13 12:55:00.715013
1587,1587,Amazon Logistics,b9dd02a8-b769-41a5-80f1-3e5670252630,2026-02-19 20:09:20.224488,2026-07-02 08:21:19.272920
1588,1588,FedEx,22cd95b1-3f73-4325-bb5a-dd7ccdd07bbf,2025-12-11 06:52:16.311723,2026-05-18 05:26:31.496185
1589,1589,Amazon Logistics,9cbcde6d-cf87-4f3e-a3f6-0f477422ecbc,2025-08-21 08:53:35.113911,2026-03-01 10:45:31.068464
1590,1590,USPS,cbef32be-33d0-467b-ad90-163c885ba5d2,2026-06-18 03:13:43.486646,2026-07-20 20:50:08.918948
1591,1591,Amazon Logistics,b8f3defc-d107-4305-a1d3-27eefec5e871,2026-05-28 12:08:29.179002,2026-06-19 18:24:58.479930
1592,1592,DHL,46bc375d-ce25-41ee-978d-f3223a33177d,2025-12-06 11:34:37.774479,2026-04-11 23:29:54.092788
1593,1593,DHL,9c14fd85-47ef-4da9-bc08-1e4cd8a4951d,2026-04-17 14:36:20.509348,2026-08-14 16:40:41.563213
1594,1594,UPS,e43ed7e3-26c2-4b51-8406-1b22c41bc57f,2026-04-22 10:39:26.357188,2026-08-04 02:19:50.117931
1595,1595,UPS,d1055986-645c-43d4-9758-b54ad9007ecb,2025-09-13 10:44:47.420179,2025-12-06 18:55:21.678165
1596,1596,DHL,3e58549b-4eb6-44f3-978c-a14819ef07b8,2026-08-05 08:21:45.623973,2026-08-15 07:56:17.611070
1597,1597,Amazon Logistics,e4f1b7cd-e220-4b05-a9a6-70631281144d,2026-07-08 00:45:20.264982,2026-08-07 15:22:09.474929
1598,1598,Amazon Logistics,6f7cd8fd-d39b-4954-b852-e328aaa831e8,2026-03-03 08:20:50.338075,2026-04-21 18:12:46.993314
1599,1599,Amazon Logistics,750682e8-93fa-4e58-b0cc-a30b3fafbfc8,2026-06-28 10:45:40.090693,2026-07-06 18:09:59.814463
1600,1600,USPS,7d388205-3de7-499d-8d49-a3fd20eebb85,2025-09-03 01:01:51.026707,2026-01-14 07:55:49.006124
1601,1601,DHL,5cb3a9ca-90e0-42ab-a673-2e209b3d0735,2026-05-21 01:13:48.882109,2026-06-11 21:58:41.227374
1602,1602,DHL,5e9e1a9d-ddb3-4d30-a5af-432013dc8fb2,2026-01-23 06:28:25.053968,2026-08-08 12:31:27.455337
1603,1603,DHL,64573a4d-b79b-41d6-9b21-a603a08b6085,2026-02-16 04:07:27.319497,2026-05-03 12:49:35.351057
1604,1604,USPS,fcc0b4f7-18d4-4b99-b5f0-352310e4d300,2025-11-12 13:12:48.050604,2026-02-19 12:24:39.832266
1605,1605,DHL,68b5468c-3dae-47a5-a494-ffac57890ead,2026-06-15 05:23:46.071410,2026-06-25 10:04:00.171639
1606,1606,USPS,499a291f-664a-490b-8708-6c5846320d32,2026-08-11 18:59:32.874224,2026-08-20 10:42:51.333664
1607,1607,Amazon Logistics,4f1964a1-3c8c-4227-913f-5016de15cef7,2025-11-16 12:53:16.659491,2025-12-10 08:14:25.781423
1608,1608,Amazon Logistics,d82c11ec-d158-4ca1-8b95-eae42e6c1ce1,2026-05-21 10:44:57.818840,2026-07-01 10:32:25.446229
1609,1609,DHL,6d5822cb-f347-4d89-9324-3e05d03c1f60,2025-12-31 08:09:08.829429,2026-07-01 01:00:22.716175
1610,1610,Amazon Logistics,cdbca635-be31-4594-b909-060d522e70d8,2025-09-11 04:57:14.347261,2025-12-14 14:08:02.146888
1611,1611,FedEx,3a89b1be-ee48-47e7-ad4e-22eedde70f59,2026-03-16 06:57:50.839548,2026-04-16 12:33:20.804861
1612,1612,UPS,22d7ba3a-ac18-49d2-87f1-47a0a1f3f547,2025-10-18 05:58:01.820036,2026-02-20 17:17:07.776439
1613,1613,FedEx,6c485ba7-84a5-4f98-bb76-26e3a2fbfd2b,2025-11-06 22:54:54.932982,2026-01-28 16:43:56.304467
1614,1614,Amazon Logistics,dbe59d52-ebd6-4b08-85c4-05e61e941383,2026-05-12 22:10:14.108979,2026-08-19 02:42:51.907860
1615,1615,DHL,90141848-2489-451d-97c4-fa93e6da9dd6,2025-12-02 22:31:35.976220,2026-03-17 21:09:12.204387
1616,1616,UPS,96907ce2-d378-4a16-93bb-650a6663f46f,2026-05-23 11:21:50.630218,2026-07-04 03:35:40.665708
1617,1617,USPS,9de8c39d-9587-4429-8658-3e1c68b0c1cc,2026-05-08 20:53:16.208366,2026-07-21 20:15:04.144160
1618,1618,FedEx,d7aa051c-4e63-42b3-8744-d95272894f18,2026-06-23 21:47:43.239374,2026-07-31 09:00:40.081594
1619,1619,DHL,bef682d7-5112-4aaf-9aa9-68471674f4d2,2026-06-16 16:56:09.384154,2026-08-01 08:07:16.096368
1620,1620,FedEx,88687023-d9c9-41d2-85de-f2f700e7520a,2025-12-18 05:54:16.712600,2026-03-27 17:37:14.400911
1621,1621,USPS,17d937f1-066f-4ca4-9895-aba3363ad861,2025-08-27 22:12:56.228113,2025-10-19 04:19:31.026521
1622,1622,Amazon Logistics,4d4dd207-1e71-474f-801a-2726e2f6f9af,2025-10-14 05:22:26.222252,2026-01-18 00:17:02.778404
1623,1623,USPS,f0283fb0-b51f-4961-80f3-823dadc83134,2026-07-10 23:00:45.973450,2026-07-13 19:58:33.739729
1624,1624,USPS,a7c36535-411c-417c-a39d-09d11fcc9375,2025-08-21 10:17:29.948804,2026-02-20 06:39:31.961403
1625,1625,Amazon Logistics,a9532a84-7d2f-4271-a975-22bf3c017280,2026-06-28 13:04:12.145065,2026-08-02 05:13:54.868411
1626,1626,UPS,439ea120-2171-4c67-8ef9-ca3858f5152b,2026-02-14 02:29:19.382530,2026-07-13 12:15:48.317726
1627,1627,UPS,6ff1c1b9-5b20-4971-98eb-87faf3e5235e,2026-06-30 04:21:34.174712,2026-07-19 19:53:45.158286
1628,1628,USPS,bca76a73-fb91-4060-87c9-2ea58419ed64,2026-05-19 22:45:50.950876,2026-07-27 22:18:56.084517
1629,1629,Amazon Logistics,d5ea0480-9f0d-428b-b2ae-a18b9d657e8a,2025-11-19 16:41:14.005102,2026-05-31 00:26:47.430532
1630,1630,FedEx,3f79858a-0f88-4ead-95d5-63aa22d36949,2026-04-27 10:22:44.596833,2026-07-23 21:15:03.874955
1631,1631,UPS,21697c7c-e206-4e5e-b78d-d846f74d18f3,2026-04-29 07:05:16.148984,2026-06-29 15:58:43.540393
1632,1632,Amazon Logistics,3b8f0ea5-fc42-42e0-9955-9896a1f91167,2026-05-28 20:43:31.206027,2026-06-26 12:29:45.215521
1633,1633,DHL,a15c924e-0291-426c-9d22-2bbe0008bb07,2026-01-06 19:08:08.646585,2026-08-14 13:29:42.794813
1634,1634,USPS,a735a4f5-1781-425f-9239-2f3e7ce8e5a7,2026-02-05 02:28:06.137425,2026-08-10 07:40:15.208000
1635,1635,DHL,a51b2b41-8872-4e2e-9698-ac523b8e3b93,2026-01-05 00:18:26.389577,2026-06-26 01:23:21.342718
1636,1636,Amazon Logistics,c2bfdeea-4e63-48c6-b9c9-435f5fe28a52,2025-08-14 06:24:26.625764,2026-02-16 23:17:57.949395
1637,1637,FedEx,60eb0073-c4b4-465f-b931-46025d2c0853,2025-10-08 23:35:11.977570,2026-07-05 01:14:18.390224
1638,1638,DHL,71ae5ae6-784e-4bcd-9b99-52530fa0729b,2026-03-25 05:18:17.420029,2026-08-04 08:55:54.173338
1639,1639,FedEx,d430cb42-6779-4223-b9de-caff0e636e5d,2026-03-28 03:54:05.706830,2026-05-24 02:27:42.440830
1640,1640,USPS,6ec84d70-471f-46ec-93fb-a2d21765a480,2026-07-25 17:53:55.304283,2026-08-13 18:34:03.710703
1641,1641,USPS,6fcfc3d5-185c-441e-ae8c-a1b51aa85ea0,2026-06-06 20:11:32.301691,2026-06-09 03:47:35.616936
1642,1642,Amazon Logistics,321c8207-455b-4cd8-b675-11279e7af1cc,2025-10-16 03:07:25.554422,2026-07-16 05:40:17.961592
1643,1643,DHL,e28fb2b5-0c88-4215-b734-c6ae2f0edaa8,2025-10-20 12:23:12.440789,2026-06-07 07:12:46.447563
1644,1644,Amazon Logistics,fc98068e-4ef9-40e3-848b-9d3c289656d7,2025-10-25 05:27:12.852169,2026-05-10 15:43:39.377060
1645,1645,USPS,99563ba9-45f9-4902-9459-c92285c314a4,2025-12-18 11:19:45.467269,2026-02-27 08:04:05.624876
1646,1646,Amazon Logistics,cb105339-ac93-471b-b226-6bb6f23e2420,2025-12-28 09:08:07.787703,2026-05-18 11:25:08.455896
1647,1647,UPS,f77cb263-9dd0-49a2-9111-98daae189e1a,2026-07-26 08:55:15.195164,2026-07-31 10:26:16.062902
1648,1648,FedEx,0249f1e8-0337-44c0-a818-c3387bb269da,2025-12-11 11:24:26.775168,2025-12-16 16:48:51.166312
1649,1649,FedEx,a08cd6ab-1bc6-4702-9c97-6a261764c138,2026-02-15 11:41:52.575927,2026-04-05 00:03:16.091158
1650,1650,UPS,a11e5aed-238f-4d48-8a42-106e84fd1d80,2025-09-08 01:55:33.596978,2025-12-25 00:47:22.790808
1651,1651,USPS,fcfade8e-8c41-48da-8abf-fba62ad148f2,2025-10-12 04:03:16.211045,2026-06-29 18:48:40.722667
1652,1652,USPS,8228250f-8aa8-4079-be91-9d748a76d865,2025-10-05 01:00:26.289089,2026-01-22 05:59:13.898314
1653,1653,FedEx,992f460a-7442-438a-a272-873769d41abe,2025-11-06 04:20:38.832705,2025-12-17 01:22:44.478776
1654,1654,Amazon Logistics,b5052ead-7077-4767-859c-8156fb954898,2025-09-13 20:55:48.250210,2026-01-24 18:17:33.960140
1655,1655,FedEx,5f215e95-247c-407a-b93b-2528606d9fe2,2025-11-26 01:20:45.636512,2026-05-28 16:52:09.943556
1656,1656,DHL,e7d53377-c8ae-48b2-aa9b-e999bb5fa191,2026-05-23 12:26:10.779648,2026-07-17 11:31:38.316491
1657,1657,DHL,e4bb7964-3dcd-454a-9bd1-d848aa868d6e,2026-07-17 13:15:06.274092,2026-08-14 03:59:20.127411
1658,1658,FedEx,7aafabda-a0df-43de-9f99-dc7715e25db9,2026-04-03 18:19:30.686472,2026-08-13 22:33:20.837958
1659,1659,Amazon Logistics,e7026c91-06f8-495f-a530-a480a7a6b449,2025-09-21 20:21:56.019991,2025-10-07 23:17:16.451603
1660,1660,Amazon Logistics,9e927fe6-a368-445a-b2fb-657ac2f9b54b,2026-06-03 10:47:18.802473,2026-06-28 16:23:24.848783
1661,1661,Amazon Logistics,0020beb7-952e-46b0-a4c5-32b16827e5cc,2026-08-07 13:48:06.347662,2026-08-16 03:11:23.475163
1662,1662,USPS,29a71971-e189-42a4-80b3-9172fc4f2fd0,2026-03-21 00:44:10.091698,2026-04-08 21:02:47.416512
1663,1663,UPS,eeae3680-506d-4e6e-9d55-bc1196da530d,2025-11-25 04:09:12.412152,2026-05-12 04:36:30.037706
1664,1664,FedEx,a605a5e5-a539-49d6-962c-3c9a79a91bad,2026-04-08 20:27:24.097820,2026-07-21 21:42:24.859285
1665,1665,DHL,344fb6ba-840b-44ce-a080-90c6f64e8dff,2025-09-07 06:27:58.125006,2026-08-18 02:11:44.645079
1666,1666,DHL,60915a83-2881-4a18-b46a-bfe679af90d0,2026-07-25 09:21:50.599174,2026-08-02 08:44:01.707337
1667,1667,USPS,e8ab0999-78a4-4a89-bb7b-b4d04229adbd,2026-06-18 10:09:06.039748,2026-06-21 17:26:48.095769
1668,1668,Amazon Logistics,032b6cf0-0365-463f-a6cf-e27d9b66abf0,2025-12-04 02:45:20.816905,2026-05-31 09:34:24.204711
1669,1669,DHL,0aac87fc-48e0-46eb-80c9-107d20217de9,2026-07-30 06:38:00.278787,2026-08-18 08:03:47.487288
1670,1670,FedEx,e613d032-4556-467c-ae94-dc104918a6fb,2025-11-23 14:20:13.726918,2026-03-15 07:57:16.739716
1671,1671,FedEx,3397ff7b-7d99-4538-b236-b3a0a9ed8ef8,2025-10-18 13:38:51.800211,2025-12-08 08:36:45.871752
1672,1672,USPS,a1133555-0564-4fab-9bf1-a7c67f3af7fb,2026-04-12 06:45:46.373612,2026-07-13 18:13:37.323582
1673,1673,DHL,984230fb-0bd7-41d8-a39d-ddf0be3f7b58,2025-11-06 18:21:08.111752,2026-04-03 11:19:28.359128
1674,1674,FedEx,acb0a949-e180-4d79-86e4-22f1a8dfa4b5,2026-01-23 12:21:15.522239,2026-03-16 23:42:20.425138
1675,1675,USPS,224a6264-85aa-4cdc-ba92-6c5e698128cb,2026-04-03 03:01:46.424876,2026-06-21 05:42:17.237992
1676,1676,UPS,ed3516b9-2ec1-48e9-9f78-33546c79139c,2025-11-16 05:30:35.261529,2026-05-09 17:10:45.818035
1677,1677,UPS,bae37910-4704-4f43-ac3c-ee6b8c3d6c33,2025-09-22 00:11:10.900092,2025-11-06 02:03:30.767867
1678,1678,USPS,f1664ec6-786c-42b0-90ea-a084bbd51ce6,2025-11-19 21:38:37.453617,2026-05-05 21:57:43.113497
1679,1679,DHL,3c68524f-ee0b-49b7-b1f1-ee7e54fbcb31,2025-09-14 23:49:43.181271,2026-04-18 02:42:36.899468
1680,1680,Amazon Logistics,a905580f-46ba-431e-8fb6-a81f36532d14,2026-01-14 12:16:09.321550,2026-08-15 23:58:07.611180
1681,1681,Amazon Logistics,6cafe6fc-9a6c-46b3-90be-d5bdb1dcaa38,2026-06-06 07:33:37.040091,2026-06-19 05:06:16.357341
1682,1682,DHL,503ea146-4a06-4490-a06f-b0423989d046,2026-06-26 20:05:27.007755,2026-07-29 16:05:38.269356
1683,1683,UPS,c8e97448-0d83-4856-b467-734d56eb189a,2025-09-23 21:26:50.480449,2026-01-11 19:21:02.266811
1684,1684,UPS,6f47f49e-2239-4c28-8718-481c23b78f97,2026-01-06 14:59:47.988696,2026-03-13 16:29:55.000510
1685,1685,UPS,8606de10-f3d3-4e17-85e4-670d5fb3878b,2025-11-04 12:06:20.896341,2026-04-24 22:51:19.311023
1686,1686,UPS,3e4ce30e-a2c9-445a-9536-e528c1730fec,2025-12-13 11:02:08.708034,2026-02-27 20:43:25.375383
1687,1687,Amazon Logistics,32c18e91-254b-4da3-adc3-368e53a211fa,2026-03-02 15:55:27.863942,2026-05-05 09:03:35.244878
1688,1688,UPS,e92e939b-3f9e-449a-a181-4aaabd058578,2025-09-03 03:15:46.460365,2026-05-29 05:45:55.936572
1689,1689,Amazon Logistics,eb1706e7-a830-40bd-a64a-0b4759b2d374,2026-05-04 13:40:30.099032,2026-06-02 05:17:42.141268
1690,1690,USPS,ab4acea8-5583-4d6b-b53f-b185b6867c49,2026-02-19 05:32:17.297320,2026-06-03 16:02:25.404685
1691,1691,Amazon Logistics,311682f1-fc54-4104-b71d-51428a15bece,2025-08-25 19:55:10.138632,2025-08-30 05:55:11.668303
1692,1692,FedEx,e08d4ea3-ff9e-44ff-b142-9b145d625781,2026-08-05 11:40:00.099412,2026-08-17 06:50:47.251919
1693,1693,UPS,b04277b0-1f70-46e4-a1e3-360f5bdb956d,2026-07-11 06:11:28.001720,2026-08-19 21:40:30.990012
1694,1694,USPS,e261d327-6c8b-4924-8f83-f388fba82454,2025-09-09 11:15:24.028660,2026-05-04 17:07:04.657795
1695,1695,DHL,ea5e4707-d09c-4583-b917-3d30964af745,2026-05-24 13:39:20.046915,2026-06-18 12:04:09.082571
1696,1696,Amazon Logistics,180fdcee-1d7d-4593-b952-03cdb72e92b1,2025-11-17 13:13:40.839904,2025-12-07 12:10:22.652138
1697,1697,UPS,3e5977a7-7cc4-40e5-ba9c-1b0870d90ab0,2026-01-19 17:50:14.994616,2026-07-20 17:31:32.807727
1698,1698,FedEx,c213fca0-b17f-47f0-a132-5ffb806a090f,2026-03-17 04:52:26.487542,2026-07-11 18:56:14.511343
1699,1699,UPS,d56b0a21-f9b8-4df1-b402-e27fbc7a442c,2025-10-05 02:59:52.594112,2026-05-21 17:28:16.303094
1700,1700,USPS,2e848f9b-8afa-4ddc-82fd-4d368568ab07,2025-11-10 07:41:30.593616,2026-05-28 06:49:17.238461
1701,1701,USPS,893d1797-3f57-4ba2-9ae5-87f8d78b6b2c,2025-09-30 05:07:14.083797,2026-04-03 07:58:57.291006
1702,1702,Amazon Logistics,0d387e1b-4865-4fd7-a843-3d17dcfcd3d9,2026-07-01 12:27:32.377194,2026-07-27 15:24:51.890392
1703,1703,Amazon Logistics,307d86ec-7892-4c1b-b720-035f294986bd,2025-11-26 10:52:09.790210,2026-08-01 11:45:34.585811
1704,1704,UPS,ecfefbd0-c162-4c45-b119-da06b341e1c2,2026-04-16 18:32:31.718524,2026-05-30 13:08:59.222240
1705,1705,UPS,df1bff08-aad6-422b-9b96-d29a037418b9,2026-07-01 12:45:36.926330,2026-08-16 08:30:31.301121
1706,1706,UPS,596d431e-4991-4e40-b501-870408686dad,2026-02-18 00:40:02.980309,2026-03-08 11:21:15.149042
1707,1707,Amazon Logistics,ad06fee4-a3dd-4580-8a50-a55f62dacd23,2026-07-11 00:35:02.176037,2026-08-14 15:44:07.517226
1708,1708,Amazon Logistics,b5295b19-ab7b-48dd-8bb8-171d6a9e9d72,2026-05-11 11:25:41.389941,2026-08-13 08:35:56.715527
1709,1709,Amazon Logistics,86a5093f-7072-4920-8653-8bf71a599a6c,2025-08-20 18:04:08.661230,2025-09-29 02:11:39.017397
1710,1710,UPS,3a4cbd13-6993-4192-b15c-dc963031a3e7,2025-12-26 23:33:17.584742,2026-03-16 12:48:26.786693
1711,1711,USPS,8dae6d54-bf87-4ecd-b016-9aaaf3fa3449,2025-12-19 16:33:22.735188,2026-01-17 17:21:33.605969
1712,1712,UPS,ada53a08-7fe0-40aa-bc1e-017ec071234f,2025-08-19 13:54:07.231251,2025-12-13 03:48:49.520727
1713,1713,USPS,321f61e3-21e0-4463-8c6d-2e21b385ea34,2026-05-27 17:34:02.890731,2026-06-28 19:42:06.210275
1714,1714,Amazon Logistics,f093ec95-055c-4aab-93c6-e9ce9fc590db,2026-08-07 23:09:40.081669,2026-08-19 18:41:18.006607
1715,1715,DHL,664966ed-845f-443a-9826-5116e68642d3,2026-03-19 15:17:01.929916,2026-06-28 06:50:03.626137
1716,1716,DHL,b7e7842f-71fc-4d2b-93d7-6a3d86d9914e,2025-11-05 22:44:56.438405,2026-05-15 04:13:25.177231
1717,1717,DHL,ba20f6de-8ff1-4819-8029-d8d42ae97175,2025-08-23 14:51:39.512431,2026-07-24 17:11:40.872959
1718,1718,UPS,1a07f229-3a29-4291-a3a5-4ba8664a4eda,2026-03-07 04:45:33.657053,2026-06-29 13:56:06.983959
1719,1719,UPS,7adc2ffd-2413-45f5-810d-8fe3f342a200,2026-07-21 06:23:12.272265,2026-07-29 15:06:01.065856
1720,1720,UPS,34165fbf-63c1-4519-ba41-4b97641aa41e,2026-02-22 18:26:46.225587,2026-05-30 17:08:42.425937
1721,1721,UPS,7317714d-4347-433c-bbb4-7b3dcb6d0739,2025-10-28 12:18:33.288427,2026-06-23 01:50:27.992264
1722,1722,UPS,ecbdd686-f0ae-4268-b7a2-9a073ab6dd16,2026-03-08 01:06:35.120123,2026-08-15 07:56:50.550206
1723,1723,UPS,df3e23da-dc84-4c47-b2d8-b365da3ce2e4,2025-12-11 14:31:31.342558,2026-05-08 19:24:23.816966
1724,1724,DHL,7be18a72-2cbf-46b6-86cc-53c713933c68,2026-01-15 06:11:12.913381,2026-07-22 06:34:56.247168
1725,1725,UPS,bf5c9a7a-bace-49e4-ab72-88ec7a74d862,2026-05-16 08:24:49.727549,2026-07-15 09:47:21.022791
1726,1726,DHL,3859911c-de2e-45c3-95f1-009ed8f80b87,2026-08-06 00:26:04.048574,2026-08-07 21:43:56.522941
1727,1727,Amazon Logistics,5e648b49-c795-4dd0-ac69-765ea74afd1d,2026-02-14 17:15:40.016450,2026-08-20 16:33:04.503372
1728,1728,USPS,50f513ff-61a6-4d89-988d-ecb05945a900,2026-02-01 13:41:08.090223,2026-07-27 22:53:39.951718
1729,1729,DHL,81b5d2ab-70cf-4273-993a-f4e09ff93a22,2025-12-01 13:45:11.671221,2026-06-16 22:39:34.256581
1730,1730,USPS,59f8ef4f-4f92-4e18-9177-5b44ae42fe74,2026-01-21 23:18:25.293750,2026-07-30 00:23:29.186515
1731,1731,Amazon Logistics,4d2e0920-7271-43d1-ab31-d9df1e7316a4,2026-05-21 07:43:41.011898,2026-07-01 17:34:12.329187
1732,1732,DHL,a9131e71-79b8-42ab-9f39-2426c0bc9ec0,2026-08-07 14:38:36.298189,2026-08-13 15:49:10.380484
1733,1733,Amazon Logistics,8866efd1-d771-4391-aaf6-44154717ca67,2026-04-03 01:12:13.605912,2026-06-04 18:19:42.250974
1734,1734,UPS,bd2a4ecd-6820-4cc0-8cfc-9e695f1e06a2,2026-06-12 14:56:49.128544,2026-07-26 09:20:06.286597
1735,1735,FedEx,aeb98c07-cdd5-4d28-a928-0c55a9c4f1e5,2026-05-30 09:34:20.222325,2026-07-30 02:35:35.508075
1736,1736,FedEx,e7caf3dc-53f6-443d-9974-614b4eeaaa77,2025-08-16 01:36:29.655602,2025-12-18 13:59:55.695645
1737,1737,Amazon Logistics,f366d4da-0273-4a16-99cc-1194d1c63e8a,2026-06-09 15:20:12.978205,2026-07-15 00:05:04.327637
1738,1738,USPS,07c3b0d6-a44a-49a2-a1e3-2d0010fa6e9e,2026-04-20 20:26:50.201962,2026-07-04 09:55:37.413273
1739,1739,UPS,cfda7fff-5526-43cf-ae10-d0e65d25f66f,2026-08-05 19:56:37.708532,2026-08-15 09:47:14.298856
1740,1740,UPS,2ac2e53a-720e-4fe1-a518-bbfd0b0d6f16,2026-01-09 05:15:20.868275,2026-02-25 16:08:29.492215
1741,1741,DHL,950ce38b-1332-4d9a-befc-cc657d2ab8f3,2025-09-15 21:36:37.089265,2026-05-10 14:54:48.979918
1742,1742,Amazon Logistics,18384546-4348-430d-9885-9b2def3f0efa,2026-04-11 10:11:53.694317,2026-05-19 19:44:08.392407
1743,1743,Amazon Logistics,c5afd686-0e6f-408b-a3c5-4c7ba7161bf6,2026-04-02 05:04:43.604645,2026-07-15 01:41:34.747493
1744,1744,DHL,5e66ee78-b777-48c9-a271-cdfd27f0285a,2025-12-26 17:28:27.506601,2026-02-15 01:11:01.865857
1745,1745,UPS,226c22c4-46d6-41c2-a35a-f0fbc028ad84,2026-04-13 23:02:51.912992,2026-08-11 08:38:03.051126
1746,1746,DHL,687e8444-5890-4e03-bf5b-e68c5c8d1f58,2026-06-13 17:13:44.562768,2026-06-24 03:49:51.578894
1747,1747,USPS,67d3485f-3d5f-44ae-8304-088b05cc1ca9,2026-02-10 08:51:05.778485,2026-05-19 23:53:34.362837
1748,1748,USPS,2a450e2a-1f9d-4c0d-9a46-797d4a5e0adb,2025-08-15 12:52:14.932517,2026-02-08 07:22:07.982352
1749,1749,USPS,79dce3c2-343f-4eaf-8308-f5ab23029acc,2025-11-24 06:43:41.146833,2026-06-15 08:32:46.017325
1750,1750,Amazon Logistics,771005a2-7d0f-48bf-8d40-970249e26c75,2026-05-25 03:34:47.827201,2026-07-19 20:26:29.392569
1751,1751,Amazon Logistics,1c39c4fb-9feb-4045-b505-3202678f8d75,2025-12-29 02:47:36.445230,2026-05-29 03:46:14.154682
1752,1752,FedEx,00479bcf-31bc-42e2-a05a-8dc8f0907b57,2026-01-10 08:17:06.783572,2026-02-22 10:08:52.286658
1753,1753,UPS,9b62ec3b-41b8-402c-a206-f3f0539f5aa1,2026-02-17 14:44:26.545705,2026-08-10 20:15:02.847198
1754,1754,UPS,ace3c259-9357-47ae-8e43-a18d23735664,2026-03-06 01:48:09.381624,2026-03-06 20:00:52.700868
1755,1755,USPS,42380bd4-6655-40af-924d-94997275677f,2026-04-22 22:06:24.801086,2026-06-01 14:15:29.626967
1756,1756,FedEx,191bce3f-afc7-4666-9610-c9c4786ae575,2026-03-14 05:34:51.924308,2026-08-20 15:21:12.424338
1757,1757,FedEx,7bfd2a29-4935-4031-9391-df6790a44762,2026-06-24 17:31:14.744704,2026-07-15 17:27:25.843482
1758,1758,USPS,22774bc9-8f72-4903-a606-f3bab4ef3376,2026-06-15 23:35:31.009156,2026-08-17 12:10:15.415259
1759,1759,USPS,2ec385a6-e554-46dd-8e05-7fe6c703a3e6,2025-09-21 13:15:43.897498,2026-02-05 08:34:52.851267
1760,1760,DHL,8105d1ae-4f0b-4230-a5a3-e403672b0233,2025-09-04 23:51:38.665587,2025-10-03 11:19:31.817259
1761,1761,UPS,50252992-9597-43db-ad05-26429c0ce164,2025-08-30 03:06:25.143300,2026-04-12 22:21:24.695136
1762,1762,UPS,d31bacf7-4869-4eb2-8e97-369523729da0,2026-04-17 16:10:55.976781,2026-07-24 14:03:04.057645
1763,1763,FedEx,b94001d1-d8ac-4972-a793-def5973efc4e,2026-04-23 06:36:56.417310,2026-05-11 19:21:32.883603
1764,1764,FedEx,b03984ea-aece-4c12-b9e8-a74ff4dea05d,2026-06-03 15:44:43.952501,2026-06-17 00:11:30.161665
1765,1765,USPS,188b9f42-68fa-4615-9d83-9c742b8a4953,2026-02-14 18:14:02.591325,2026-07-21 22:29:10.410071
1766,1766,UPS,82b1f26a-eb23-4f89-a267-1659732877dd,2025-09-23 18:27:39.634333,2026-07-29 08:53:21.508505
1767,1767,USPS,7e85bac8-3266-4c5a-84c5-d4922432a86a,2026-05-03 16:10:23.306751,2026-06-29 19:00:12.976279
1768,1768,UPS,41d1286a-2587-423b-8643-98c8de3e32f2,2025-09-21 11:20:24.413933,2026-03-14 15:07:53.045640
1769,1769,UPS,9a2e115a-6d3b-4b1d-b208-650af8880f51,2026-01-27 07:54:01.595377,2026-05-08 17:14:19.014857
1770,1770,USPS,4655d2a4-ba8e-494d-b47c-7bb11d4be2f2,2026-05-11 07:15:03.261663,2026-08-10 20:11:21.041075
1771,1771,DHL,ebd8432a-98be-4849-acc7-f0fab709ab58,2025-11-29 02:02:43.400456,2026-02-27 09:13:08.149006
1772,1772,DHL,448eff91-a61e-40c5-9af6-f03ea3f82985,2025-12-16 21:58:57.217814,2025-12-21 08:48:52.872725
1773,1773,UPS,02b85494-ff93-4041-9528-ef618ec542fe,2025-10-20 12:01:10.757024,2026-07-17 06:47:41.364836
1774,1774,DHL,0bdd8cf7-366e-4883-adac-f2add4a88ba5,2025-10-01 23:42:38.443326,2026-04-14 13:33:25.757772
1775,1775,UPS,31f2a722-37c7-4e28-af54-552761524831,2026-02-11 02:59:58.295166,2026-06-28 01:56:58.599337
1776,1776,USPS,2863dd5f-36e9-4ef4-9141-72b4dce09f68,2026-05-22 22:44:02.696474,2026-05-26 12:07:52.586895
1777,1777,Amazon Logistics,ec5bee34-b4c0-4c5a-951d-5e153a3979ec,2026-06-14 03:36:50.661447,2026-07-28 11:16:17.939374
1778,1778,UPS,2ddaf4a1-6387-4aa3-8ced-4602320a9f9f,2026-03-10 03:47:16.382061,2026-06-08 15:08:34.167993
1779,1779,FedEx,2440faa9-4f22-4a6b-a8e5-1e9a815e6e54,2025-11-02 22:59:33.174033,2026-02-05 10:24:25.945401
1780,1780,UPS,a57988e7-f1fe-48ea-9c60-e5553e855d4d,2026-01-20 08:54:10.494185,2026-01-26 04:40:36.161592
1781,1781,Amazon Logistics,2718e134-faff-4eb0-b6cb-4b0c77db4ac5,2026-06-15 19:36:01.452823,2026-07-11 19:31:39.746666
1782,1782,Amazon Logistics,93cdd5d6-a584-4136-9189-dd9eed3bbe37,2026-04-28 09:43:37.516462,2026-05-14 00:28:29.361006
1783,1783,USPS,980f4073-ab70-4d0b-b2ba-2ab894b3114e,2026-01-21 11:09:31.345145,2026-07-21 06:09:27.100592
1784,1784,DHL,a021e778-fd60-4563-ae19-8049470aea56,2026-01-12 21:29:35.914817,2026-01-22 10:44:33.495920
1785,1785,UPS,f596a6e0-ebee-4e0f-9eeb-4a4f86ee5809,2025-11-16 02:39:28.595831,2026-02-17 00:29:52.963367
1786,1786,USPS,b3d95ee7-1525-4d1a-b508-2f111d52e62e,2025-10-09 16:20:25.637667,2026-01-17 17:47:27.998514
1787,1787,UPS,8137c946-df11-441a-9c25-e9d5ee8680ca,2025-09-12 07:39:30.283152,2026-08-06 04:27:30.490940
1788,1788,FedEx,cd76e8dc-fed4-4e78-97e5-1f8323645945,2026-07-23 00:09:17.168191,2026-08-05 15:41:22.098273
1789,1789,FedEx,5dc8f37f-ad2a-421e-9b2f-c5bc5cdb61ec,2026-05-09 18:58:01.056126,2026-07-26 12:56:13.401981
1790,1790,USPS,7d42f64b-ec2e-4be2-9d5f-c57c3f40a352,2026-07-15 05:03:42.413281,2026-07-19 12:29:12.127100
1791,1791,FedEx,87e32152-0443-4d7d-97af-ae29dbe8d877,2025-08-17 10:29:40.078845,2026-01-26 12:28:51.908364
1792,1792,DHL,77251de3-4ed6-470f-a6a0-10f9b3c7c37b,2026-06-19 16:36:08.122811,2026-07-01 04:13:14.951080
1793,1793,USPS,9f5fbbe2-30c4-440e-b866-4ca8a1f31360,2026-01-23 02:40:28.561419,2026-05-24 01:04:30.628105
1794,1794,UPS,86862ec9-ff48-46a0-890b-0f8b8dd71b88,2026-02-07 10:43:19.570266,2026-06-26 11:38:04.179007
1795,1795,FedEx,25b6ae3f-5bd6-4ad0-bb79-7ec694d5fd13,2026-02-15 17:16:29.449287,2026-04-22 03:00:48.059114
1796,1796,UPS,9c98c92e-9e63-4710-9ee1-fb4807c9557a,2026-05-10 13:07:34.208329,2026-06-11 12:36:16.425723
1797,1797,UPS,54ef56c4-2afe-40a5-9910-ffc79e90dd64,2026-03-11 12:56:43.470881,2026-03-27 06:49:41.564009
1798,1798,USPS,2603cca2-8146-4157-a796-9c8db519b897,2026-01-21 19:54:15.774433,2026-06-27 23:53:21.551447
1799,1799,USPS,0bc907ea-80a8-4140-bac4-72d18a7a7481,2026-03-19 07:44:47.121838,2026-06-21 05:51:30.658225
1800,1800,FedEx,793df8a2-52e6-4ae6-b439-f589cc8bc28c,2026-07-28 21:24:04.844688,2026-08-08 14:01:56.500988
1801,1801,USPS,5009ae76-5381-442d-8a62-05e2837c759d,2026-01-04 09:47:11.516199,2026-05-21 02:12:49.213693
1802,1802,FedEx,3ae10ce6-eb47-4eca-8f5d-e2d72a580ece,2025-12-10 13:32:52.910022,2026-05-09 20:48:46.908407
1803,1803,FedEx,39405ce5-0db1-43c4-8d29-4253c952ad22,2026-06-21 00:34:51.704125,2026-06-22 19:42:13.362673
1804,1804,DHL,03f45ad7-6a48-4ad7-b1ba-6d36744b9965,2026-01-31 10:20:26.141477,2026-07-03 15:26:27.608606
1805,1805,UPS,d1238922-2b80-4fa7-8af8-68a74768a7c1,2025-11-30 01:41:48.208335,2026-02-02 10:58:07.838263
1806,1806,Amazon Logistics,2bd5ead5-2647-47a1-bead-a5503e9e3504,2026-04-13 21:33:01.016358,2026-05-08 23:54:36.605863
1807,1807,USPS,cb787c0d-3a69-4936-a5c5-7e3275ff2edc,2026-05-02 05:24:04.766808,2026-06-13 18:20:04.935786
1808,1808,Amazon Logistics,7cb72c71-a8af-436d-9a54-d168745fd03c,2025-11-18 05:35:07.314363,2025-12-02 23:53:24.472740
1809,1809,USPS,57629789-3602-46dd-9914-0a069c9d03e8,2026-07-24 14:34:34.327598,2026-08-07 15:18:37.648061
1810,1810,Amazon Logistics,3dbce512-956c-44b4-b180-78d5626b5d06,2025-10-26 05:23:46.815841,2026-08-15 18:08:04.396992
1811,1811,DHL,d335b990-6e24-44ff-b076-b142c5c66e97,2026-04-03 02:59:49.882395,2026-05-08 22:04:26.751500
1812,1812,Amazon Logistics,5453c3df-dfc6-41ee-9284-52f662d2d3a5,2025-12-15 15:45:09.704119,2026-01-02 18:25:20.198087
1813,1813,UPS,78681538-4ff2-4b57-96dc-3cdc3cfd2de2,2026-01-29 15:51:42.424359,2026-05-24 18:31:00.963561
1814,1814,DHL,6cd9eb85-294b-4818-af60-9fdfbd4f43bc,2025-08-27 17:54:09.480965,2026-05-31 05:33:52.994575
1815,1815,Amazon Logistics,0f0b9ee6-2f06-4019-95a7-8ee438db3ef1,2026-01-09 00:07:26.020281,2026-05-02 07:23:38.913796
1816,1816,USPS,df8de59a-5ac0-4669-becf-bd5112e78fbc,2026-04-26 16:37:44.168699,2026-05-28 01:43:17.130829
1817,1817,USPS,ef7e8c11-ae94-4a7d-9d3c-e0cb292e4d2e,2026-02-10 04:04:52.176823,2026-02-17 21:21:27.542255
1818,1818,USPS,be82de62-a255-4cdd-851e-7e530f116e82,2025-12-16 16:48:55.277680,2026-07-17 08:21:50.584371
1819,1819,USPS,0ccbc004-1c3c-4809-ac5a-014d0a65f521,2026-06-16 15:31:40.401820,2026-07-21 23:48:14.608021
1820,1820,FedEx,ecbbe298-37ea-4b87-854d-272f1bb0c477,2026-03-27 23:31:09.015814,2026-08-18 12:28:11.104373
1821,1821,UPS,4a8aeb19-b8e4-4327-8361-c2bf882b7e75,2026-06-24 18:59:16.626057,2026-08-09 02:33:00.932250
1822,1822,UPS,d3f819dc-c56a-4049-a44e-95b319ee8017,2025-08-29 23:35:50.317660,2026-06-29 03:16:29.698779
1823,1823,FedEx,e6235d7b-27bd-4513-af56-b296a8f998b3,2026-06-10 02:24:30.921196,2026-08-03 20:38:27.091764
1824,1824,UPS,baac7979-ea6b-407a-a4df-1bfd4c54db26,2025-12-06 23:40:21.683328,2026-06-03 03:25:47.064911
1825,1825,USPS,cd40a1f8-c293-4122-b7f7-6c7247482778,2026-07-31 14:27:08.086880,2026-08-07 00:58:23.121642
1826,1826,DHL,e388894c-f478-4a93-9228-ce7f068d311a,2026-03-17 12:37:40.396968,2026-06-16 16:18:46.202679
1827,1827,DHL,ecad848f-4909-4b65-8e5d-d0ec37efb566,2026-03-22 19:32:43.422800,2026-05-04 15:04:02.191466
1828,1828,Amazon Logistics,5c8d89f4-a465-4ac3-94d5-a98d291f8379,2026-03-25 10:03:38.740889,2026-08-03 05:09:13.080210
1829,1829,DHL,7ea01531-4690-4c3b-83a8-a02684f31cdc,2025-12-18 15:22:04.093666,2026-04-27 06:56:36.426523
1830,1830,UPS,ea5eb6c9-2267-4cd0-b0aa-b7041d2c5525,2025-11-20 22:41:03.361391,2026-08-14 13:57:03.510864
1831,1831,FedEx,a0df02fb-7688-456e-b92e-d75bce3ddffa,2026-03-29 10:29:28.469063,2026-04-29 04:26:37.851585
1832,1832,USPS,242b9c80-4ad8-49a7-b5ee-1f584b6123be,2026-04-13 21:07:13.709975,2026-08-03 15:35:45.159883
1833,1833,Amazon Logistics,80f8e42f-5070-41bd-a60e-7a2ebb3b3220,2025-09-30 04:19:21.296911,2025-10-24 18:15:41.670426
1834,1834,USPS,48561c01-2626-4f23-8ae7-97b1f0d8761f,2025-11-19 18:33:06.598067,2026-08-09 17:58:49.517526
1835,1835,UPS,de47e5c9-9d39-4edc-80dd-453858ca4439,2025-08-28 15:59:04.870294,2026-06-10 01:39:09.269706
1836,1836,UPS,91c276a9-444d-47e3-8eea-0d908ea85f08,2025-10-08 19:42:26.508960,2026-01-09 02:54:49.606383
1837,1837,UPS,710ca77a-5025-44df-b83b-ed4f30980a14,2026-01-02 00:29:07.329346,2026-05-23 00:11:52.819068
1838,1838,FedEx,cc030abb-dbca-4135-8e88-088f38d51b7a,2026-01-07 22:00:53.531311,2026-04-23 15:15:01.024437
1839,1839,FedEx,7673eeac-5802-4b64-bd38-7713f600cbfe,2025-09-03 15:23:21.383355,2026-07-27 17:56:46.295955
1840,1840,FedEx,b1821df8-382d-4a1b-9422-4626f6f8f4ed,2026-07-19 18:05:37.465009,2026-07-25 05:56:28.776304
1841,1841,Amazon Logistics,c6164793-ede6-4fbb-97a9-78f3e89c1b29,2026-02-20 03:38:01.371018,2026-06-20 17:45:11.086378
1842,1842,FedEx,3a38c2c4-6913-4bdc-8bdf-51750c960246,2025-11-27 17:29:56.936716,2025-12-31 00:35:36.905212
1843,1843,UPS,4b4bb73a-acc0-4681-9343-4669267dd97d,2025-09-28 01:47:55.675517,2026-06-23 14:32:01.338016
1844,1844,DHL,20c0d4cb-2e5c-4786-a898-9e10b358f2f7,2026-05-24 16:47:18.349189,2026-05-28 11:21:21.419488
1845,1845,UPS,d3841bd9-8e83-4d72-b439-a363a0b79ac1,2026-04-04 08:10:46.936340,2026-07-01 13:52:36.731533
1846,1846,DHL,d0b6159f-4c9a-49b4-95af-34d5923b57b1,2026-02-07 05:30:55.735086,2026-07-05 13:51:05.760422
1847,1847,Amazon Logistics,5809d83d-bd32-4b05-908d-29dcddd1e8dd,2025-11-14 13:55:08.227926,2026-06-24 15:23:37.800416
1848,1848,UPS,b1a0b395-fba2-410c-b88e-4c8459afad24,2026-05-11 21:17:22.215456,2026-07-21 05:44:03.841692
1849,1849,DHL,15f2b214-2a5c-4075-aeab-678cb9d7862c,2026-01-02 18:38:17.188989,2026-02-21 05:57:59.289432
1850,1850,USPS,f1e16851-6d8f-4411-9c80-b7930fc2234e,2026-01-27 21:53:03.025047,2026-07-06 04:25:09.140967
1851,1851,UPS,2356880c-c213-4f5a-b018-d1a7fe63c52e,2026-07-18 21:55:57.399450,2026-07-31 14:33:34.043974
1852,1852,Amazon Logistics,039cea18-cfc1-4844-a475-b67964edede4,2025-11-20 04:06:56.272267,2026-04-14 02:49:54.776448
1853,1853,FedEx,9481b3d9-ae17-4a88-8755-cc5cb1c403e8,2025-08-30 18:05:16.766036,2026-08-03 01:48:37.947719
1854,1854,DHL,00ce23df-7696-48ca-97af-eff9a431a4dd,2025-11-11 09:57:16.488942,2026-05-13 22:46:00.767391
1855,1855,DHL,078201cf-e411-4219-91eb-320b2e48141a,2026-05-11 11:30:36.845189,2026-07-25 00:42:22.939357
1856,1856,FedEx,ca240711-016d-4411-9f7e-c58096e09643,2025-12-05 07:48:55.642956,2025-12-15 00:44:36.497111
1857,1857,FedEx,028aba3b-6982-44fe-bb97-f9d38c82770b,2026-05-27 12:42:42.009719,2026-07-07 16:29:33.545555
1858,1858,USPS,79eb3899-aef6-4775-a02a-5f0b64a97d70,2026-01-06 10:19:43.117312,2026-04-08 23:01:17.183292
1859,1859,Amazon Logistics,8e28ddb1-c361-41f4-81c7-12b3530db993,2026-01-04 09:01:32.491406,2026-08-07 14:14:20.805192
1860,1860,USPS,358af6b5-6cd2-4036-8507-b80baf1f0ce5,2025-09-07 02:07:54.795491,2026-06-12 00:47:05.862012
1861,1861,FedEx,d998a631-23bb-486b-941d-b95742861727,2026-02-02 08:12:25.682254,2026-08-17 00:24:31.411030
1862,1862,USPS,f9c2e630-5d90-45a1-bb32-36d784ffa0dc,2025-11-08 06:11:16.008638,2026-08-01 13:43:59.878895
1863,1863,DHL,4e0d8d67-831a-4319-b23f-6cafe01c89ae,2026-02-27 19:46:12.670062,2026-06-28 05:45:38.407312
1864,1864,FedEx,f9d79d6d-ed08-431c-9c66-09d324409b55,2026-07-19 00:50:15.933061,2026-07-21 03:29:37.411941
1865,1865,Amazon Logistics,a51b3b25-efa3-4560-a465-a260aafbff53,2026-05-22 13:52:30.540094,2026-07-07 00:09:57.121555
1866,1866,Amazon Logistics,013b3176-16f6-4151-9dc7-d9c099ea2493,2025-12-27 14:21:14.392170,2026-04-24 16:59:29.091268
1867,1867,UPS,56d7a9fd-6eef-41dd-b1c4-33ea449dd4ca,2026-05-16 11:55:22.922689,2026-08-05 14:22:25.234666
1868,1868,DHL,9a027de4-ac87-480c-8728-b7427cfdad9d,2025-09-18 18:32:43.538083,2026-08-05 14:11:55.627288
1869,1869,DHL,1b69b643-a7c4-4f92-95ab-a7557548dcc6,2026-07-09 11:54:07.997197,2026-07-14 10:58:28.046436
1870,1870,DHL,d4d8df36-f195-4bd8-95a5-0d0e8cb85c9e,2026-04-19 05:01:22.535273,2026-05-05 20:18:32.107594
1871,1871,DHL,39b85470-b513-46d6-b7f9-4e1fe2d7c294,2026-01-13 19:45:33.998944,2026-02-10 14:10:40.385824
1872,1872,UPS,8df40a17-a5da-4348-920a-0b372763f7f8,2026-03-23 01:49:49.355780,2026-04-29 23:45:29.461931
1873,1873,UPS,ca9aaf67-3bb7-47cf-bf34-660cbb6d48db,2025-11-16 09:52:26.296920,2026-06-04 12:19:32.573286
1874,1874,Amazon Logistics,71f49c88-8273-4f94-8a7e-26d645b2d492,2026-07-17 21:06:23.558135,2026-07-24 16:46:10.038467
1875,1875,FedEx,84ff324a-db8c-4912-95ee-86465f56392c,2026-01-23 20:21:10.887074,2026-01-26 16:18:08.071636
1876,1876,UPS,0342197e-4950-41fb-abfa-84829058b54a,2026-06-23 21:12:32.045410,2026-06-27 12:18:10.139789
1877,1877,USPS,327f87f1-e2fc-483b-9435-d390e8d09a3f,2025-10-17 15:49:18.917377,2025-12-30 11:52:09.665729
1878,1878,USPS,afbc0975-997b-4e8a-8ed0-1aa19a1b0961,2025-11-22 08:08:50.316792,2026-03-12 14:50:39.871689
1879,1879,FedEx,59ee1f52-e21f-4c24-82d8-e05543c97ddc,2026-07-07 23:21:53.648644,2026-07-17 14:49:54.887495
1880,1880,UPS,07a6cde9-24ea-45cb-a2f7-cd25183ccd18,2026-02-28 17:29:30.036241,2026-06-29 16:06:30.967835
1881,1881,UPS,eebe565d-fabb-4346-926d-25e61df05269,2025-10-07 06:56:25.921530,2026-08-14 00:50:14.523047
1882,1882,UPS,e5493201-2ac6-496a-9747-44f2df4c8e8e,2026-02-07 13:02:18.373720,2026-05-08 18:21:44.470947
1883,1883,DHL,053e48c2-074d-4271-a4e3-27464c69ccf3,2025-09-10 14:31:33.862700,2025-10-24 15:28:17.322626
1884,1884,Amazon Logistics,9566cdbe-f8aa-4551-801f-5b1ae268fb68,2026-06-29 06:28:02.714532,2026-07-17 08:27:47.603781
1885,1885,FedEx,37c9c285-d8db-4c21-9375-cc5f4aacb7a8,2026-08-10 19:31:36.983228,2026-08-18 19:39:10.058764
1886,1886,USPS,a6209034-f6a0-479d-a889-437a2ace5353,2025-12-13 16:21:02.215883,2026-08-07 02:00:35.003633
1887,1887,UPS,e21e475b-75b5-432d-834e-9e7e0f454ec6,2026-07-13 06:37:15.547178,2026-08-06 13:49:27.446343
1888,1888,FedEx,6db67382-c42b-48b4-96c1-5ffc6dcda303,2026-01-21 17:27:19.112741,2026-03-29 17:00:24.511788
1889,1889,USPS,ef991b8f-ed05-4865-8725-9cd555e936d8,2026-07-25 08:50:50.085095,2026-08-06 13:06:42.590553
1890,1890,Amazon Logistics,9d1568d9-47c3-4839-978a-a9b2970c0634,2025-09-15 10:45:00.871703,2026-07-08 13:47:53.820008
1891,1891,Amazon Logistics,62d14d9a-c61f-485b-87f4-c26a7b5a622f,2025-10-22 12:38:15.030930,2025-11-08 07:47:32.499360
1892,1892,FedEx,8ba60ce0-e225-4c0f-b1a0-38f2bb9e8b45,2025-09-11 00:26:10.812056,2026-07-16 05:27:27.504812
1893,1893,USPS,ebdc375e-aef7-42c7-b4b5-4f30795f68a8,2025-11-23 21:18:07.926307,2026-08-05 19:23:10.885693
1894,1894,UPS,6969c266-0fcb-4170-ad1f-06d34c69f5e0,2025-11-24 08:54:39.474662,2026-04-05 13:36:07.057785
1895,1895,FedEx,2a11a559-2070-4645-80da-114b477ca55d,2026-05-05 19:42:37.406960,2026-06-08 20:26:43.238491
1896,1896,UPS,66bba517-8538-4cce-89d4-81437e706f69,2026-04-27 09:45:33.915021,2026-05-30 03:11:55.296184
1897,1897,USPS,4257a936-e88f-4021-972c-3b4c10b66fc5,2026-08-11 00:57:46.762427,2026-08-17 10:35:11.369283
1898,1898,FedEx,fd60dc03-036f-4729-a826-e884c3bbe056,2026-01-08 04:07:33.930786,2026-05-05 14:21:18.153752
1899,1899,USPS,241ef9a9-84b2-4535-8d5b-628e462d4033,2026-03-08 17:55:42.018258,2026-07-15 20:37:26.743596
1900,1900,Amazon Logistics,104eefa8-96fb-4074-823c-ee767bf8daee,2026-04-25 09:43:08.754987,2026-05-29 09:05:14.150306
1901,1901,Amazon Logistics,a49ec542-de49-4fb7-a47e-c6b73a76adf8,2026-03-26 16:54:10.685113,2026-06-20 13:27:23.228680
1902,1902,USPS,f84bf001-a208-427b-ad2b-af69a47700af,2026-05-01 06:55:59.344512,2026-08-17 19:15:40.368510
1903,1903,Amazon Logistics,9ca35362-aefe-4617-aa70-74809e8425a4,2026-07-28 18:50:30.876530,2026-07-30 00:20:50.444757
1904,1904,DHL,43f8dcdc-ea8c-4d87-ac59-f88a0ede6d4d,2026-07-17 16:17:01.622282,2026-07-30 11:15:02.152956
1905,1905,USPS,d5abbbf3-2d32-4672-bca8-4d9ad7836541,2025-12-27 17:06:13.143754,2026-06-22 11:05:16.507600
1906,1906,UPS,8581869c-08a8-4774-8f9c-f872f3f6034d,2026-01-30 04:43:11.176474,2026-07-11 02:00:40.379317
1907,1907,FedEx,e52ef9fe-6c24-4638-99b7-b0994094fa35,2026-01-01 15:23:20.599597,2026-08-20 01:53:54.625218
1908,1908,Amazon Logistics,00da0959-da80-4835-a738-76048bdab406,2026-04-28 09:51:30.534698,2026-05-24 10:21:47.943338
1909,1909,DHL,b07aec38-3deb-44f7-9517-2d225dabccce,2025-11-09 21:48:14.622226,2026-03-29 00:45:25.206446
1910,1910,Amazon Logistics,682ba3e3-0756-4f67-8219-f6e3d10552b2,2026-07-30 04:23:15.570907,2026-08-05 02:51:33.293840
1911,1911,USPS,3972bacb-452d-42a7-8203-ec5e948ddd02,2026-02-16 09:08:11.517629,2026-03-01 06:42:52.381949
1912,1912,USPS,a15d8b42-0200-4791-acb7-2f753ef939e6,2025-08-15 19:52:40.014999,2026-01-12 13:48:57.983371
1913,1913,Amazon Logistics,5a529506-7a7c-4c44-bd3c-50ab30cbd7e7,2026-03-19 14:52:20.283763,2026-04-19 16:44:24.099281
1914,1914,USPS,bda171ab-ec87-48c3-90f2-6694edcec87a,2026-03-24 20:55:21.759566,2026-05-21 04:49:31.391314
1915,1915,DHL,4cf3d5d7-2931-4cbe-bf74-68bbaa614f1f,2026-05-26 23:12:22.975147,2026-06-28 04:20:52.767139
1916,1916,UPS,b4cbe122-77e2-4ea2-a6b4-6acdb681b55d,2026-04-06 00:04:54.348078,2026-04-18 07:14:59.940100
1917,1917,Amazon Logistics,aed31ccf-f77e-4b63-99f8-2b0bb7e126b1,2026-03-22 12:40:14.212646,2026-07-18 09:14:58.743955
1918,1918,FedEx,d8c14fa5-8b27-4cfd-9a35-62f674f0ed77,2025-09-05 04:50:52.943412,2025-12-07 05:50:50.731125
1919,1919,UPS,fa5d2c35-94ca-47bb-bd34-4984d084375b,2025-12-06 19:12:31.794825,2026-08-09 03:50:42.549707
1920,1920,FedEx,1b14ff46-db67-4452-86ef-c02f33a16552,2026-03-07 05:33:58.236273,2026-04-16 04:32:31.509465
1921,1921,FedEx,b96b19de-e3a2-4a42-94c8-1fdfac1ba396,2025-12-17 18:36:34.663689,2026-06-13 23:37:57.707347
1922,1922,FedEx,c77de22b-925b-4dd0-8a2e-4ebd5a55fac0,2026-07-24 17:30:14.251907,2026-07-31 21:45:40.141537
1923,1923,DHL,f96b02d6-2c9b-4ee2-8ff2-e05a6fd435ed,2026-07-15 06:34:26.730694,2026-07-25 15:42:31.425515
1924,1924,Amazon Logistics,1054c467-7e46-4c1b-a3dc-ccf12d3ae353,2026-05-04 05:36:26.769625,2026-07-09 10:38:02.616048
1925,1925,FedEx,fb4b3f73-e24f-4694-85f5-95cd5fd98542,2026-04-13 17:57:02.528034,2026-05-17 02:50:53.076867
1926,1926,FedEx,ed179ce5-f8ed-4872-85f0-b309aaa46b9c,2025-08-29 16:03:19.816004,2026-08-01 21:01:55.316408
1927,1927,UPS,e0e59e50-3251-41c9-ac35-869edecf503a,2025-08-24 12:02:51.105869,2026-05-18 14:46:29.131025
1928,1928,UPS,193fec51-0c25-4a9c-bf55-492e7b1c49e1,2025-11-26 22:04:50.388287,2026-01-05 01:34:21.992481
1929,1929,DHL,2d5def94-840e-4cd6-9ad5-09d171ceef60,2026-07-29 10:35:12.544057,2026-07-31 10:14:40.254072
1930,1930,DHL,f43a3cb0-cc2f-49c6-98d3-7d3c9e2c960b,2026-03-22 09:33:30.220354,2026-05-22 16:37:45.364809
1931,1931,DHL,ab6adbf4-8fdc-4dca-98b1-6a4721297339,2026-05-06 18:12:12.482398,2026-05-15 00:36:09.863011
1932,1932,UPS,1312cf4a-279d-40f1-bc7e-9cd2fb146203,2026-07-10 17:56:58.717646,2026-07-26 05:13:21.422347
1933,1933,USPS,0f804960-c785-4146-a96c-a910f92ef25a,2026-04-07 21:48:05.416686,2026-06-04 08:34:52.111481
1934,1934,UPS,755ca95d-2c32-4c16-ae3c-9d3464ec7866,2025-09-26 14:05:03.144415,2025-12-15 20:22:17.906289
1935,1935,FedEx,2b737c41-da01-40cf-86f0-c60c39ba7f5f,2026-02-10 01:36:05.821758,2026-03-19 12:07:39.130604
1936,1936,Amazon Logistics,af01f734-dd3f-4e61-8c59-2edc5604e18a,2025-08-31 11:58:05.679798,2025-12-27 21:24:50.832414
1937,1937,DHL,11293a47-c876-4711-9175-d061a4f06cee,2025-10-07 20:21:01.566619,2026-06-27 14:49:20.059093
1938,1938,Amazon Logistics,0b99e37e-1072-4619-9609-f419a299157b,2026-01-24 17:34:14.593387,2026-04-08 00:10:50.876704
1939,1939,Amazon Logistics,a1e74dc0-08c1-422f-9cb5-62ab128dfa49,2025-10-10 08:51:52.261160,2026-01-06 21:41:49.132999
1940,1940,DHL,3c1d9be4-ea45-4c7d-974f-022f807cd4f7,2026-07-14 22:26:42.220126,2026-08-18 18:51:54.893852
1941,1941,FedEx,b7071835-e971-4e55-93d7-603773414496,2026-01-13 21:44:24.030560,2026-06-02 16:06:33.671287
1942,1942,FedEx,6e864abb-659f-4673-a41b-d8d518bf380c,2026-07-28 03:09:08.867270,2026-08-03 11:22:09.555122
1943,1943,UPS,2cd1dac2-5502-4dc0-a4a5-6bf7eb56fdf3,2026-05-29 05:45:01.642371,2026-06-17 14:00:37.901415
1944,1944,USPS,0949007a-ffed-4296-9738-9cd28385c85f,2026-04-15 05:29:33.795627,2026-06-27 07:09:10.431445
1945,1945,FedEx,3ef2448d-a28e-4cad-ac9e-4ea2213cc209,2026-05-15 11:57:16.602550,2026-07-12 05:47:34.139944
1946,1946,DHL,ebdcd23e-746e-46b5-825b-f6349edf4189,2026-04-18 21:03:02.778881,2026-06-10 03:23:22.339037
1947,1947,UPS,755f75bd-96cb-48a5-b681-665f6503911f,2026-08-11 18:41:13.372194,2026-08-12 18:40:07.439161
1948,1948,FedEx,afe376e4-6199-47cf-bfbb-0bca1679ba6c,2026-06-29 17:04:36.515034,2026-08-02 17:49:53.762106
1949,1949,FedEx,815f0251-bff8-4ad3-8c2a-5783ecaa252e,2026-01-11 03:02:06.837397,2026-02-13 21:45:59.095992
1950,1950,UPS,a5ad1d48-d641-4ec1-8b7c-4748969b51c9,2025-10-23 14:01:40.339603,2026-03-12 17:43:22.169991
1951,1951,FedEx,c17b63d3-65c0-42cd-8dfd-c5de6c418d16,2025-12-03 15:26:25.696646,2025-12-06 22:30:58.873970
1952,1952,Amazon Logistics,faa40397-b2f0-4602-aa54-552e7d804152,2026-07-20 17:09:08.782424,2026-07-31 06:10:59.831510
1953,1953,UPS,b06f9418-18fa-432e-ad61-9b935adc53f8,2025-09-19 07:28:06.637827,2025-11-26 06:00:23.237101
1954,1954,UPS,42c42edf-71a6-4ee3-910e-b9e1311b78e1,2026-08-10 03:05:48.644605,2026-08-17 21:45:52.877018
1955,1955,UPS,935ebe33-0007-42ca-8961-dce8e97765bc,2026-07-03 01:37:47.146166,2026-07-23 10:56:04.711589
1956,1956,Amazon Logistics,17f1678a-4951-471c-9e39-eaf2e2f173bf,2026-05-01 04:41:47.851483,2026-05-04 21:43:09.835429
1957,1957,UPS,cac7fa52-a43c-4c8d-ae5b-731dc075b18d,2026-06-25 00:14:16.507360,2026-07-10 08:32:37.921395
1958,1958,USPS,1ad39468-01da-4c8f-acb5-7b726971945f,2026-04-14 10:05:53.456750,2026-05-02 13:02:39.588666
1959,1959,FedEx,e96a89e7-96e2-44d0-8c35-243e3a3ac3b9,2026-02-15 01:35:57.388581,2026-06-09 17:32:42.622471
1960,1960,DHL,7a11782e-4e3a-4863-86de-027736b9097e,2025-12-04 09:15:23.363279,2026-03-10 11:20:01.145414
1961,1961,Amazon Logistics,29c2d600-0d75-4297-880c-5fd621e72cc8,2025-09-01 13:26:18.444226,2025-12-07 23:15:13.107418
1962,1962,DHL,56f461f6-7c74-4314-ae0c-82bf3dcc8fc1,2026-02-27 11:06:13.032899,2026-03-16 12:19:50.812597
1963,1963,UPS,7030c1bd-85b9-45ec-aadb-1997c6e5340c,2026-05-05 15:38:55.500679,2026-07-03 20:59:26.189091
1964,1964,USPS,a46339ca-7e9b-4e61-a719-43ede3e58d7d,2025-11-03 13:11:01.070745,2026-02-09 20:21:58.026343
1965,1965,USPS,c75aa8cf-985a-4fcf-8c40-d8cb76a0e6ca,2025-09-23 18:31:12.243769,2026-04-05 21:09:23.154953
1966,1966,FedEx,3694ae3b-c06a-4ce6-9cdd-7eae5731a4b7,2026-03-12 05:00:29.483007,2026-07-20 13:32:13.459316
1967,1967,Amazon Logistics,83e641a0-60ac-4fb0-85bb-edb95c559a9e,2026-02-03 00:30:52.480498,2026-04-23 01:12:05.719654
1968,1968,UPS,22b84bac-39fd-4ff8-a1e1-77d09f53069f,2026-05-20 09:55:48.413158,2026-08-12 09:28:09.310010
1969,1969,Amazon Logistics,66b71b2a-b810-461a-b9f3-2ae82724c9d2,2025-11-26 22:58:18.026049,2026-07-22 15:40:26.911494
1970,1970,Amazon Logistics,cd2fc0ac-dc0e-41dc-9d2e-b578e92cf3e6,2026-04-16 16:40:47.603874,2026-07-02 06:15:58.324480
1971,1971,FedEx,6f8fd33b-0827-4c3b-9f81-f48e802faf56,2025-10-18 05:25:31.488187,2026-03-01 14:28:49.816565
1972,1972,UPS,390f6c88-6b9e-40ca-9f5c-5c6605604711,2026-02-07 04:15:55.300468,2026-04-07 06:16:01.622148
1973,1973,FedEx,fe909586-c97d-47ed-b33c-19659c8c08a2,2026-03-28 04:13:12.833616,2026-04-26 13:53:31.454068
1974,1974,Amazon Logistics,cf788616-2bdd-4914-8679-e538c4a7c163,2026-03-06 19:09:12.211120,2026-03-23 04:35:31.697981
1975,1975,DHL,926a6f7c-d3d7-4244-998b-429731312614,2026-04-24 07:56:08.134309,2026-08-10 12:41:23.311513
1976,1976,FedEx,c450b203-22a7-4e27-84f3-f2ba8e28aaf5,2025-09-03 09:53:41.549957,2026-01-10 12:19:32.109268
1977,1977,UPS,8667ba1d-7d5f-473b-95a3-fb413cbed9e3,2025-09-03 15:05:48.677322,2026-03-12 20:01:20.477697
1978,1978,USPS,01644cf9-9835-4dbb-83b2-1c20cf92e32a,2025-10-16 15:19:20.769876,2026-04-24 10:56:24.738366
1979,1979,USPS,9368b5f7-c1f2-4e31-9385-2c092448606b,2026-08-13 12:03:29.998813,2026-08-18 11:45:04.879530
1980,1980,DHL,eadf78c2-0a77-4bf1-a58c-2db6b391497c,2025-12-23 22:38:40.893100,2026-08-14 04:11:32.841173
1981,1981,UPS,210c381a-5dc1-4247-b79d-b83faf8823a4,2025-09-23 19:51:26.821395,2026-02-03 23:45:48.031816
1982,1982,FedEx,dd8d4349-2233-4589-bab3-7882b84ffa33,2026-07-07 02:54:33.671817,2026-08-03 17:11:11.836979
1983,1983,FedEx,966e1e54-ae50-4444-aa69-42d3647fc876,2026-06-12 11:18:26.388252,2026-07-01 17:35:27.034945
1984,1984,Amazon Logistics,39887f3e-0281-4a2a-bf54-c6cdded3e91f,2026-03-11 21:16:28.084740,2026-05-03 09:24:25.500460
1985,1985,DHL,3f9d6d64-4da8-40b3-9aee-17c7890d083c,2026-07-18 00:45:25.422690,2026-08-04 10:12:09.014728
1986,1986,USPS,2ade5b5f-e4f2-4d47-b2db-4d2b947ef0f8,2026-01-09 08:28:38.471666,2026-07-31 18:47:47.112064
1987,1987,UPS,75399330-36cb-4580-ab5a-fa3fe9573fab,2025-11-14 00:37:31.566940,2026-02-27 09:44:22.120594
1988,1988,USPS,fbc0e8bf-79fd-4ac8-af5c-947f63a870d7,2025-12-08 07:21:30.717646,2026-02-26 23:18:54.105680
1989,1989,UPS,04dec397-10f8-4f6b-a2b5-254ef0566aaf,2025-12-27 11:09:20.153803,2026-03-02 02:37:24.046783
1990,1990,Amazon Logistics,72bb9e76-7c5e-4b5e-929a-7fa3dda7b8c9,2025-12-25 09:59:03.358125,2026-01-28 19:04:50.077985
1991,1991,USPS,674c04da-c512-4268-9acb-afca4afe0c88,2026-07-17 04:50:36.717559,2026-08-02 01:12:46.826604
1992,1992,DHL,ba226129-b20b-4ca5-a1a6-f6cf00b11896,2026-07-06 08:48:44.757070,2026-07-18 03:25:22.328484
1993,1993,USPS,3289d8ae-bad5-49fa-ac7f-4f4cfb3a0e78,2026-06-21 17:10:15.214211,2026-08-03 23:37:01.604318
1994,1994,Amazon Logistics,d71915c5-0bf0-4b9e-a487-b5cfe5c29e00,2025-09-15 05:49:11.331840,2026-01-20 16:38:00.370264
1995,1995,UPS,d0f0ef8d-ce67-455b-9ca8-d29a89218cb9,2026-04-16 04:02:33.482726,2026-05-25 22:25:49.553255
1996,1996,FedEx,91d4c60b-435e-48d2-8191-705f03ec3be0,2026-04-11 12:31:03.878853,2026-07-30 10:12:32.299882
1997,1997,FedEx,d8c7dfbe-3c11-4713-8a98-a9c0a56ca687,2025-11-02 16:06:49.398406,2026-07-22 14:15:57.114996
1998,1998,UPS,1576ea45-b7e5-4e74-8ee6-9ebb93941027,2026-05-24 03:08:45.855182,2026-07-23 08:36:45.764982
1999,1999,Amazon Logistics,308ff02a-2cee-4e76-b887-9741ab94b0bd,2025-09-26 02:49:30.096160,2025-10-28 22:58:34.331442
2000,2000,FedEx,0326a0bb-009d-464a-a17f-ddb7b077235d,2026-06-22 16:55:45.929750,2026-07-15 15:11:10.693880
2001,2001,FedEx,970bc967-a4f9-4b54-b9ef-ce795bab9b7a,2026-03-09 12:42:47.209886,2026-04-22 20:22:32.272524
2002,2002,USPS,1bf04561-c1be-47cb-9adb-9846aaf3c616,2025-11-25 02:52:57.506076,2025-12-09 01:28:39.148707
2003,2003,DHL,535e9ff6-f60d-4e3a-a832-026a769bf197,2026-01-11 09:01:57.354907,2026-05-25 18:53:03.078777
2004,2004,Amazon Logistics,9b5b6248-8d74-423f-bfb1-ac74b016d6eb,2025-12-03 19:19:57.986892,2026-03-19 10:45:49.770143
2005,2005,Amazon Logistics,47acdbc4-f286-47b1-8f02-ddabb6656725,2026-04-16 23:31:10.188109,2026-07-29 09:07:43.380450
2006,2006,FedEx,acaaeb47-5909-41ec-9f19-84a3caaad9f6,2025-10-30 02:09:11.589329,2026-03-31 13:52:12.553684
2007,2007,FedEx,c97df1e8-9f8b-41e1-a1db-e0ee395b65f0,2025-11-26 08:15:46.881350,2026-06-08 16:37:30.608014
2008,2008,Amazon Logistics,08d5c2bc-59d2-453f-aba7-7a1fc2864915,2026-06-25 06:38:42.190749,2026-07-07 02:39:38.857972
2009,2009,Amazon Logistics,74dec8c7-a98c-419c-8ca8-ddc3de17debc,2025-09-08 15:51:53.361831,2025-09-30 16:55:09.984651
2010,2010,USPS,0e829918-3a1a-4541-8e74-672c488050e6,2026-04-18 03:35:05.611959,2026-06-18 04:43:23.780208
2011,2011,USPS,105b2702-4f02-4b0b-b244-e930bb6649b4,2026-03-17 20:38:29.496890,2026-05-25 22:46:17.027890
2012,2012,DHL,1b65a984-c304-4454-a71a-c2e9378fd497,2025-10-13 19:43:31.845412,2026-02-03 09:04:01.768842
2013,2013,UPS,75746f19-ee8b-4480-85f3-f1218036fcab,2025-12-25 22:13:24.481111,2026-06-06 02:50:57.461522
2014,2014,Amazon Logistics,04ab921c-bf33-46fd-8524-dad6a62b1597,2025-09-25 22:59:42.486596,2025-10-07 10:48:43.121882
2015,2015,DHL,adecffac-8c0e-4da4-9644-3eaa56b5f7b2,2026-04-30 16:38:20.806814,2026-08-19 20:30:19.381411
2016,2016,DHL,8cebb3b9-f54c-4d5c-8649-d157ed2c9daa,2025-11-28 14:48:12.848500,2026-05-06 09:58:08.055766
2017,2017,FedEx,1223b4a1-8f96-4a36-8ed0-29cf3cee98d7,2026-08-12 22:56:51.889185,2026-08-13 07:50:11.648373
2018,2018,USPS,fdc454e5-fd2e-415e-9ff1-5d9c5047d14a,2026-07-26 15:24:29.055710,2026-07-30 19:13:47.385246
2019,2019,Amazon Logistics,91565dcc-4cf4-4a1f-9d02-b4b25305131f,2025-12-05 23:49:45.504805,2025-12-24 00:21:36.000856
2020,2020,Amazon Logistics,b008f6c4-e088-4c5c-aafe-23659443db28,2025-08-22 00:34:27.589586,2026-01-18 11:56:37.480984
2021,2021,FedEx,4f63055b-a748-4a3e-8ea2-0d26831cceeb,2026-05-11 11:45:06.251689,2026-07-28 12:15:01.278081
2022,2022,USPS,68ab4841-879d-4f24-8e44-908f8f74aa3f,2025-09-01 08:22:42.085276,2026-04-09 16:27:23.524610
2023,2023,Amazon Logistics,210ff528-a070-4d68-8dc7-5efd1d61fc74,2025-12-31 11:14:39.929676,2026-03-01 17:10:49.344252
2024,2024,UPS,97462200-1fec-4392-b0ac-e14feae5fe2d,2026-05-21 18:25:39.164131,2026-07-18 06:35:46.054315
2025,2025,FedEx,5eb8ce85-1c6c-4074-b030-aaec4800ee3f,2026-05-11 16:19:26.427619,2026-06-05 04:09:07.421627
2026,2026,UPS,63af4dd8-2a8d-4846-8317-8d8bcba2b439,2026-06-23 14:25:02.287480,2026-07-11 16:06:55.097252
2027,2027,Amazon Logistics,38d381f1-0fb5-4fd7-b162-c0dc4a114cbf,2025-11-25 11:40:31.207544,2026-05-06 02:54:35.562747
2028,2028,FedEx,97e2c73d-4ad4-40fe-8254-d317a44aebe6,2025-10-22 12:48:35.929225,2026-03-10 10:51:15.293108
2029,2029,USPS,3a61696e-59d8-4557-9435-6a724c48c4da,2026-06-28 10:43:14.320253,2026-07-17 21:17:16.272645
2030,2030,FedEx,70ec1544-ad0b-451a-becd-2821fdb69d54,2025-12-08 09:54:02.248110,2026-01-18 11:28:26.586089
2031,2031,UPS,cd0a1fa0-e013-4995-8149-f3670b7d0b4d,2025-11-26 19:20:13.122914,2025-12-11 15:43:09.046776
2032,2032,FedEx,0dabe6c0-2097-41e4-b972-5d7c28027ed7,2026-06-05 16:30:11.085824,2026-08-11 23:32:59.958954
2033,2033,Amazon Logistics,0eacc7f3-5876-4aef-9cde-32b2e84e08bc,2026-07-19 20:54:49.203890,2026-08-04 18:20:13.514390
2034,2034,DHL,56dd9ab0-572e-46bc-a963-a5d7b34ebb27,2026-05-19 10:37:02.691376,2026-07-30 17:48:08.391352
2035,2035,FedEx,f8c81284-5311-404e-be1e-7aa93accec0d,2026-02-10 19:08:27.140287,2026-03-21 08:46:02.990267
2036,2036,FedEx,97bdfa82-90c6-4c6e-b327-b400670c07db,2026-01-08 02:47:28.683329,2026-03-06 07:58:26.338136
2037,2037,USPS,0598f6cf-9eb0-4782-9e05-fc886a0dfd95,2025-11-10 06:25:36.949897,2025-12-16 23:01:11.217355
2038,2038,Amazon Logistics,dcc85b5f-9e6e-4ee5-9a21-6988e364ccdc,2026-04-14 14:18:25.332124,2026-05-08 01:30:21.128417
2039,2039,FedEx,7791c1a9-a34f-44f5-8791-bc6993f43d10,2025-10-12 00:04:51.436315,2026-06-29 20:24:38.335018
2040,2040,DHL,2507c821-2c05-40e3-8720-401e0f0beca5,2026-01-15 07:25:10.382299,2026-07-03 18:56:03.720140
2041,2041,FedEx,d65c1163-9641-44f0-9647-ea9df0ec11b9,2026-04-12 00:49:13.916127,2026-05-29 23:37:07.170242
2042,2042,FedEx,abebfbc9-7913-4922-8574-7bf8514d4f27,2026-03-01 01:36:11.418931,2026-07-28 04:49:32.306750
2043,2043,USPS,611d6425-0738-44a4-89e1-5f672a59d799,2025-10-13 10:50:35.924603,2026-06-25 12:55:29.353495
2044,2044,DHL,b0a0266d-d3d9-4775-9121-6bc9ae5736c8,2026-03-23 15:58:30.402259,2026-06-26 13:17:10.263043
2045,2045,UPS,4adca10f-7268-4c46-89f1-e2a4c2f26cc2,2026-05-17 04:25:45.924018,2026-08-16 01:29:44.814722
2046,2046,FedEx,6f4503b4-6891-4a9f-a6de-ceb96f416a9e,2025-11-10 11:47:56.341633,2026-01-05 09:54:14.954581
2047,2047,USPS,58c169bc-3cc8-43cc-a129-943dccd45342,2026-08-06 23:50:14.334242,2026-08-19 07:12:52.623137
2048,2048,UPS,87bd9242-e32a-42c7-8bfa-201ca000c0e9,2026-04-12 14:50:51.509031,2026-08-05 06:21:33.661831
2049,2049,Amazon Logistics,1aab4d7e-4828-4f57-bcf0-879efcefe70b,2025-10-17 13:01:15.223931,2025-12-29 11:35:44.713454
2050,2050,Amazon Logistics,70f13baf-8433-42fe-b131-7d4ffd5310bb,2026-06-24 08:18:20.814472,2026-08-20 11:13:49.400025
2051,2051,USPS,8d8d99a6-d130-4882-97a0-77d8b71a1bbf,2026-05-20 02:34:10.218685,2026-07-19 08:43:27.567117
2052,2052,Amazon Logistics,7163fe2d-513c-4d73-a74f-94884b87ea0a,2025-08-21 03:50:28.328944,2025-10-20 20:07:50.673645
2053,2053,Amazon Logistics,883539c9-0a84-4d78-a318-04f018f13a5d,2025-08-26 00:17:09.771503,2026-02-04 15:44:58.453642
2054,2054,USPS,1a50c98e-c23b-4f21-aa3c-a8f627096f60,2026-01-25 22:05:16.389666,2026-04-10 00:55:40.535719
2055,2055,USPS,a11002fd-0816-4b81-a70b-211500e97375,2026-01-16 05:17:17.536737,2026-04-02 19:04:14.343748
2056,2056,USPS,2b6f6616-1549-4b45-8fff-f371611a4830,2026-04-09 21:03:41.332946,2026-08-20 18:52:34.168713
2057,2057,Amazon Logistics,d8af113f-35ce-47a0-880a-c9495a87b801,2025-08-15 21:35:11.704723,2026-04-28 12:09:56.485696
2058,2058,Amazon Logistics,e8dc404e-a584-4083-9591-f281fe9137fd,2026-04-09 05:25:28.375378,2026-04-25 23:13:38.773530
2059,2059,FedEx,8258f80d-02ac-42c7-92a4-5e6fcd10246e,2025-10-16 19:50:24.527084,2025-12-29 05:09:58.548529
2060,2060,UPS,e7d623c0-6c67-4de6-9730-48acd65f9aae,2026-05-22 01:25:08.865486,2026-06-26 06:32:07.039284
2061,2061,FedEx,137bb10c-0e44-4ffe-a228-4676b4775ed4,2026-02-19 02:18:38.517072,2026-05-23 17:59:21.487951
2062,2062,DHL,aa4de6f7-f744-40d7-9afe-ac8b6141cd17,2026-07-21 18:44:05.450535,2026-07-24 10:43:54.079416
2063,2063,Amazon Logistics,f4b2e81a-dada-484e-b262-7bb1b32de209,2026-04-07 02:56:46.149995,2026-06-29 03:43:05.974792
2064,2064,USPS,1a0b6659-a9b9-415d-b895-c1447f0a43e9,2026-01-16 20:41:18.418845,2026-04-09 22:32:20.243646
2065,2065,UPS,6a168e6b-f6ba-4df2-a1b9-f743aca992eb,2026-08-08 16:10:30.151411,2026-08-18 14:29:58.445690
2066,2066,UPS,304020b7-e61c-4b99-a7eb-89b404742ce3,2026-05-30 12:08:20.032674,2026-07-11 20:48:56.569882
2067,2067,UPS,26570d56-e353-427c-8cb2-893cccf6d6ac,2025-10-07 12:16:18.408866,2025-12-14 19:29:07.484438
2068,2068,FedEx,7ca9d06b-ad25-4f8b-add5-27cdc1d290f6,2026-08-13 09:04:35.699693,2026-08-17 19:04:33.332349
2069,2069,DHL,ecfbc18b-9ae5-45a1-8a8f-4f1aabeb1f1d,2026-06-15 14:36:06.439984,2026-08-09 15:59:29.822101
2070,2070,UPS,4ad0ad7c-c09b-4c31-a7c4-c6c1128854d5,2026-04-13 10:28:21.718566,2026-06-29 23:41:03.023820
2071,2071,USPS,3fbca26d-4ee5-4fa9-b08b-a56a41370d6d,2025-08-26 14:19:04.767781,2026-07-17 17:27:04.543487
2072,2072,Amazon Logistics,850de3e0-63da-434d-9322-e45239f269e9,2025-10-11 17:27:37.663842,2026-06-26 23:15:39.762585
2073,2073,USPS,ef507764-2b4f-4709-960f-ceb7d19dc38e,2026-05-01 10:16:35.234521,2026-08-17 03:44:11.966119
2074,2074,DHL,8289b36a-ff6e-4177-bbdd-e7d26700aa33,2026-01-03 09:36:10.224020,2026-01-22 22:41:06.392383
2075,2075,Amazon Logistics,942ebe96-7edf-40dd-bbf8-a48bb3bb60d4,2026-04-17 20:22:14.016663,2026-06-20 07:37:46.711821
2076,2076,Amazon Logistics,ca03fecb-0fd8-4dc0-bc4f-d22ea5ae2a66,2025-10-17 03:53:37.275441,2026-01-24 08:11:36.021379
2077,2077,FedEx,2e49467a-11fb-4496-8e4c-a4b44154ef65,2025-10-03 07:23:32.663399,2026-07-17 01:48:30.710734
2078,2078,FedEx,b5c4e939-82cb-4c74-8379-25e93742a524,2025-12-06 01:45:02.664562,2025-12-23 19:01:37.703641
2079,2079,FedEx,c72a235e-d39b-4d2c-97ac-d3479ddb8f69,2026-07-22 08:49:44.384414,2026-08-16 02:25:45.512544
2080,2080,FedEx,ce3c4bba-b00a-445c-816a-80802f189750,2026-05-27 10:12:44.905071,2026-07-20 11:32:12.035017
2081,2081,UPS,15af8eb6-be62-4e5f-a2ba-a09afabdeb83,2026-01-29 06:05:42.615031,2026-02-02 05:31:51.656937
2082,2082,DHL,7aea42ad-eedd-4fd4-94db-1a5874650f8d,2026-08-08 01:53:52.119824,2026-08-19 12:13:07.797496
2083,2083,FedEx,357ecb09-164d-4a79-b339-51476c34cb7b,2025-09-01 04:00:36.497118,2026-05-29 17:13:15.411479
2084,2084,DHL,ba214766-d718-4ae3-8cd5-6f93c4004f9b,2026-04-02 18:20:00.492501,2026-04-23 23:09:45.990643
2085,2085,Amazon Logistics,5ec54476-789a-4fdb-8f6e-22ea37071c3b,2026-06-05 08:08:35.250781,2026-06-05 17:36:45.280630
2086,2086,Amazon Logistics,a6876fc0-3356-471f-b931-90316d17a45a,2025-09-08 00:14:36.380688,2026-01-05 23:30:53.775642
2087,2087,Amazon Logistics,dbb8e561-e86e-4a94-adeb-30e37a48afc8,2025-10-02 03:18:57.444088,2025-11-17 17:50:45.778996
2088,2088,FedEx,52efe796-7fb7-4079-a772-16ddc5c9230b,2025-10-15 11:44:37.743912,2026-03-19 04:13:19.515764
2089,2089,Amazon Logistics,ff7c9589-bcc8-4868-88cd-707017971964,2025-11-03 17:41:02.008694,2026-01-23 07:00:20.189249
2090,2090,USPS,d9b38b88-7cf8-419a-b20c-8b743099d212,2025-08-30 14:05:52.598355,2026-06-27 08:12:20.423835
2091,2091,FedEx,5d1cbe03-be04-459f-be5b-74f254ac640b,2026-08-08 07:45:01.483546,2026-08-11 18:06:39.611935
2092,2092,FedEx,887de403-4e84-4499-8e73-8a176737bce8,2026-03-17 10:43:43.213233,2026-05-15 14:05:09.099968
2093,2093,USPS,0eb45966-156c-4c3f-ad8a-ffe52991c09c,2025-10-06 21:38:13.505006,2025-10-31 05:16:14.963937
2094,2094,USPS,c4280d5e-fd1c-4e72-a799-ca84fa393748,2026-04-15 16:40:32.667415,2026-05-05 20:53:23.668424
2095,2095,Amazon Logistics,6533d7cb-fd72-42c7-b083-10e725b58b34,2026-06-25 16:29:56.571576,2026-07-06 03:19:54.426471
2096,2096,USPS,a2e810c5-4a43-4ded-bc31-6310a7be503b,2026-05-08 18:46:44.134769,2026-05-24 01:00:08.917644
2097,2097,USPS,08a9b43f-933b-4c94-9437-61f488f891fe,2026-07-10 09:47:10.366951,2026-08-10 13:31:12.688155
2098,2098,UPS,a832d993-4cc6-476c-a814-89b703557fdd,2026-07-30 13:47:23.641091,2026-08-18 17:28:14.429897
2099,2099,UPS,935ed9f3-6eb6-45c7-8d1e-91408e9fe7a8,2026-03-27 09:23:22.384253,2026-06-27 05:47:58.838397
2100,2100,USPS,d0856a51-365e-4781-ae07-fc8d3b7be262,2026-02-24 01:11:31.032598,2026-03-14 00:52:50.550044
2101,2101,Amazon Logistics,3efee881-c9d8-475f-b59e-4d2a116e1e92,2026-03-28 04:04:04.455585,2026-04-27 18:54:08.051463
2102,2102,FedEx,7d318bab-2481-4560-8c24-4eea3e22065b,2026-02-11 12:16:49.118262,2026-08-20 07:20:08.196876
2103,2103,Amazon Logistics,86b6543e-e313-4663-af98-b7148f5e09a4,2025-10-03 09:27:40.965956,2026-08-17 12:36:31.512422
2104,2104,DHL,fe276344-732b-464d-8026-ae8b6fdfaf27,2026-07-13 02:27:44.363202,2026-08-09 15:18:12.760252
2105,2105,USPS,91b60cce-faf4-425e-8829-73c22631c7ea,2025-08-22 22:10:38.494711,2025-11-05 04:10:29.148171
2106,2106,UPS,4384cb51-993a-4a42-bc9c-76763bc570f5,2026-06-18 12:29:26.124400,2026-06-23 14:59:56.513745
2107,2107,FedEx,5e61c186-b2df-413b-8d4c-0eae98b95013,2025-08-26 14:11:55.139637,2026-05-30 16:39:04.601940
2108,2108,USPS,0dcb71ea-0db6-447b-9329-f8a46fbb7c6b,2026-06-01 08:11:29.830250,2026-06-13 07:51:54.504592
2109,2109,UPS,38279bad-9f0f-4633-9a63-7560c3182d13,2026-05-08 12:34:49.468134,2026-05-27 00:25:35.880991
2110,2110,FedEx,9c440ff3-ff82-44a1-a048-bd4d654c8085,2025-09-06 14:47:32.270110,2025-09-06 18:29:10.952853
2111,2111,UPS,6c4ccce7-871b-4c4d-93e6-a2f75ec5ed8c,2026-06-23 00:20:18.279315,2026-07-20 02:56:02.092024
2112,2112,Amazon Logistics,299556f2-ab61-412c-9e67-7d597fbd5594,2026-05-11 04:40:33.846834,2026-08-16 03:08:29.799308
2113,2113,FedEx,7499a230-5728-4703-8336-7b518d062b9b,2026-07-15 15:57:50.486916,2026-07-30 12:14:04.315497
2114,2114,FedEx,433548a7-dc30-4547-bdaa-7fc9a6606b55,2025-12-18 15:38:05.968819,2026-08-20 02:55:19.448753
2115,2115,UPS,eed5a5b7-9395-4ed9-b2da-d3e4dd342511,2025-10-03 11:08:07.334584,2026-01-03 22:48:10.572501
2116,2116,Amazon Logistics,a9cee367-0761-4aac-8917-bdd97a75b1ce,2026-01-29 08:00:02.971675,2026-05-09 21:26:49.123734
2117,2117,FedEx,ba798441-5e63-422c-9a76-6cfd9da7a8e4,2026-08-10 20:30:52.967275,2026-08-18 00:06:40.935547
2118,2118,Amazon Logistics,043c5599-1f6a-4128-a2de-541e9a342e24,2025-09-14 20:55:14.970923,2025-10-28 03:14:04.303521
2119,2119,FedEx,05b1fcbd-cd63-4508-9899-65ea8dff01bd,2025-10-22 14:45:08.153762,2026-01-25 11:36:16.069599
2120,2120,FedEx,3df83e43-45fd-45d7-bcda-3c3405ff029f,2026-06-22 11:23:10.216331,2026-07-15 23:43:48.901577
2121,2121,UPS,4c010a5c-2ba2-407b-bf4d-95c312ca1b9e,2026-07-13 19:19:18.719968,2026-07-22 01:41:59.725185
2122,2122,FedEx,bfd409e5-bdc6-4215-9dab-a287a2d34a33,2026-01-27 08:52:06.008533,2026-07-05 02:50:59.564116
2123,2123,UPS,f51b8f0d-1fc9-46ab-9d5e-a086b38e983b,2026-07-03 06:09:02.319900,2026-08-19 02:37:32.003389
2124,2124,UPS,a390cada-2c64-4d19-9646-84db40025944,2026-05-06 01:54:10.070176,2026-07-07 16:33:56.710800
2125,2125,FedEx,b56b4d0c-57e8-4fda-9b3c-890f81008f61,2025-10-07 02:35:42.337971,2026-07-07 21:19:36.468946
2126,2126,USPS,f27104cf-9755-4952-93a0-92840eeeb77d,2026-02-14 03:17:18.074192,2026-06-13 03:54:30.181184
2127,2127,DHL,accaf19e-8e2c-45de-a25e-b320c21263fb,2026-02-17 12:01:24.428492,2026-04-14 09:55:17.462046
2128,2128,FedEx,6fca1211-52ad-4057-839d-e1be1c1151f6,2026-06-11 03:31:13.034563,2026-07-01 07:58:14.658278
2129,2129,Amazon Logistics,256a9384-3c60-48b3-9d4d-259c169fc970,2026-06-14 07:04:10.738490,2026-08-15 02:08:14.520372
2130,2130,USPS,eb4050a6-f99c-4224-9e35-474fbcda2d99,2026-08-08 05:40:37.688874,2026-08-12 18:24:20.302993
2131,2131,Amazon Logistics,27d62353-296a-4e8d-b3cb-1727939bbe6b,2026-02-04 18:41:30.760752,2026-06-01 13:26:04.099218
2132,2132,Amazon Logistics,4f226040-b922-4172-8a54-3bed1b22efe5,2026-02-11 19:06:04.298612,2026-02-23 03:30:28.972370
2133,2133,UPS,d64cd939-e214-4630-94f9-f0392e2b0aa7,2025-09-29 16:09:31.036126,2026-03-05 12:55:13.084452
2134,2134,UPS,c06bbcfe-5eb8-458b-afe0-ffdceca15f2d,2026-02-21 06:58:52.400251,2026-04-28 12:10:53.072458
2135,2135,USPS,ddc72776-aade-4b1b-8364-e4b397418008,2026-02-23 02:42:26.043452,2026-04-25 23:53:24.232841
2136,2136,UPS,2e6384ee-4bed-4179-86b9-51873511069c,2026-03-28 01:35:56.684053,2026-03-29 02:51:57.810756
2137,2137,Amazon Logistics,e83395e9-be33-49ac-a219-e561c4a70b53,2025-11-17 16:01:22.465999,2026-02-07 12:02:50.768339
2138,2138,DHL,398caea7-30c9-427f-966d-d24c24e99f9c,2026-06-30 18:32:41.053464,2026-08-12 22:50:20.425174
2139,2139,UPS,df1f61ab-27d3-46ac-9158-92db9904f07b,2026-06-07 02:23:10.347383,2026-08-19 00:19:05.319125
2140,2140,FedEx,57c0a9fe-4fbd-4ab1-a06e-c453d4c83033,2025-11-12 04:45:04.003263,2026-03-30 08:09:08.540129
2141,2141,DHL,c262005d-44a6-40f7-abf6-7b93635c6d6d,2026-05-30 23:44:58.157239,2026-08-02 23:12:25.847510
2142,2142,USPS,427bef65-9341-4fac-9683-e31d5e6da058,2026-07-12 00:10:41.776550,2026-08-08 09:54:58.948497
2143,2143,DHL,36708b5b-79af-4771-b759-d485591e40c8,2025-11-16 03:17:59.674688,2025-12-14 15:35:32.552577
2144,2144,UPS,6217282f-8624-4c2c-9710-b7b1b48e1c45,2026-01-17 23:33:48.119179,2026-07-14 13:35:01.443733
2145,2145,Amazon Logistics,e10c7a65-3dff-4646-b586-1ee4950774c4,2025-12-23 05:43:36.739569,2025-12-23 18:25:47.950134
2146,2146,Amazon Logistics,d5b5d989-fcd0-4183-89c2-8174838bcec3,2026-07-03 10:10:47.484331,2026-07-15 23:48:39.763127
2147,2147,USPS,3feec3ff-bf73-4853-87b6-e5c6b18eb245,2025-12-17 06:54:19.925702,2026-01-23 05:36:37.733984
2148,2148,Amazon Logistics,0f349b94-ea7e-45f8-909b-010799d02bee,2025-09-11 10:58:25.654962,2026-07-29 11:08:06.344040
2149,2149,UPS,cffe7758-0fbb-4318-843c-6310e463db9a,2025-09-01 03:20:52.128430,2025-12-24 21:00:01.243225
2150,2150,USPS,04737679-385f-40a4-9cb5-bf22b9b32d50,2025-10-09 17:55:00.292788,2026-07-22 23:47:08.422499
2151,2151,FedEx,65b96acf-2ad3-4b53-a323-70506efbf73b,2025-10-27 03:58:15.618298,2026-06-08 08:25:39.180691
2152,2152,UPS,39d65244-537c-4a6c-8b68-ed26bcdc5f20,2026-03-22 08:50:12.664489,2026-05-10 20:59:10.899031
2153,2153,FedEx,75c7521f-839e-4ebd-9eda-c1c3622ae3d2,2026-02-13 11:15:03.742187,2026-04-09 16:26:34.125289
2154,2154,DHL,aec67aa9-e08e-4737-b88d-85b96563b76c,2026-06-10 01:05:39.965447,2026-06-25 18:12:18.033690
2155,2155,UPS,81224bcb-f172-410a-80f7-3d8071c10117,2025-09-01 06:43:44.335793,2026-07-31 16:50:28.189519
2156,2156,FedEx,b97b4e4d-3c2c-49e2-a2db-7f8e370224bc,2026-05-24 17:29:13.774979,2026-08-10 19:04:16.223060
2157,2157,DHL,b397622a-f19f-4639-ac9f-c4ba802c4163,2025-10-19 06:39:06.983026,2026-05-18 09:58:26.180252
2158,2158,DHL,d2f59fcd-9afe-4df8-a08d-1377f66ab3be,2025-10-21 09:49:43.719575,2026-08-12 11:43:23.471952
2159,2159,DHL,196a16a4-cd40-4c8f-9cf5-1e9ff09f5ba9,2026-04-12 16:30:47.276240,2026-06-17 07:47:54.779840
2160,2160,FedEx,3215d356-8cf7-4b2b-b948-bcafeb87b6fa,2026-03-05 15:49:03.037212,2026-03-31 12:35:59.605940
2161,2161,UPS,570cec6c-8e81-4e9c-b595-174ab59d1089,2025-10-27 13:44:03.986897,2026-06-10 08:24:10.598473
2162,2162,DHL,b1cc5cb2-cb4d-46b0-8163-266da18e6e8f,2025-09-05 22:04:47.658186,2026-02-19 15:46:09.793192
2163,2163,FedEx,468cecf8-15ae-4e0c-9764-b640a1c4b270,2025-11-29 19:49:20.976823,2026-06-18 10:47:51.853825
2164,2164,UPS,a4a122ae-4f5e-451e-9f06-1a39f0d55d02,2026-02-15 10:34:09.252208,2026-04-03 21:55:15.851677
2165,2165,DHL,ff6a341a-30e7-413f-8786-e4050559b832,2026-05-24 21:37:41.310582,2026-06-15 22:16:14.240310
2166,2166,FedEx,e30c3f5f-fd6d-4b32-88ca-977174c439bd,2025-09-03 01:11:39.869925,2026-08-01 21:08:01.031811
2167,2167,DHL,d25e3d76-a640-4aca-a2bf-d06c4be8a904,2025-10-11 23:03:50.889742,2026-04-10 00:32:06.180274
2168,2168,FedEx,297c2850-7a02-41bd-a6b4-9c4a1019dbc1,2026-03-10 10:07:31.282377,2026-07-06 21:04:22.511745
2169,2169,Amazon Logistics,d0553717-8e83-4f1f-bf61-453a05653f81,2026-06-16 10:21:06.339117,2026-07-10 19:52:55.255047
2170,2170,FedEx,170c481c-4b36-4d18-ba22-221a3138efa2,2026-05-20 00:26:10.457952,2026-06-23 19:05:34.002000
2171,2171,FedEx,57e7fbbd-88f1-4e1a-acf1-1ea788583479,2026-07-26 18:49:57.705648,2026-07-31 10:46:28.769818
2172,2172,Amazon Logistics,c785d32a-307a-44a3-ac7e-dbf958986070,2025-09-19 18:13:21.883730,2026-01-24 17:19:54.761133
2173,2173,Amazon Logistics,93e5ee44-5365-4ce7-82df-6b24da184742,2026-01-30 16:43:40.832694,2026-03-27 00:07:13.656935
2174,2174,Amazon Logistics,44083cd9-05f2-4568-bf0f-4254aeba3ef6,2025-12-29 09:34:31.565434,2026-04-29 19:23:17.170272
2175,2175,DHL,4a6fedfb-0d86-4acb-9799-fc36d2783024,2026-07-21 05:24:43.362257,2026-08-10 22:58:33.514030
2176,2176,USPS,161567a6-0976-4bd6-91e4-5f19d48ecd6c,2026-04-14 23:42:45.355454,2026-08-15 12:48:22.821352
2177,2177,UPS,610ff491-3785-4d85-9126-ef593cdc4a64,2026-01-29 22:35:08.653989,2026-08-13 03:34:15.917866
2178,2178,UPS,ce7c4817-64d4-45f8-bdb6-dc26a199b781,2026-01-20 13:00:22.375337,2026-03-30 05:37:40.186906
2179,2179,USPS,ee792aab-e771-4860-975b-ddbc35c2dce4,2025-10-20 23:40:10.590763,2025-12-26 07:50:52.189894
2180,2180,USPS,264c800d-1ee1-484f-a05f-f36c9e2cbfa1,2025-10-11 17:54:48.257823,2026-06-26 18:58:47.249504
2181,2181,Amazon Logistics,684ef104-bd2f-402a-980d-361e7d0734f3,2025-12-17 16:44:19.194309,2026-01-14 22:39:43.778602
2182,2182,DHL,c5fcfd1e-85de-48a1-ad25-2697aba44919,2025-12-28 02:55:49.530830,2026-03-26 16:52:11.185286
2183,2183,FedEx,8229427a-61ae-43f4-8a5c-791522f7bed0,2026-03-09 09:16:24.966043,2026-03-12 19:42:57.673568
2184,2184,FedEx,b157618e-7456-46b0-8cc5-4be896184261,2025-12-05 18:00:24.807153,2026-06-18 00:21:47.046846
2185,2185,FedEx,85b28403-6d27-4967-aa91-1df3806aa147,2026-04-07 17:28:37.298571,2026-05-17 17:50:40.553546
2186,2186,USPS,f70ac5ec-e668-4a8a-8bc9-16fe97212c11,2025-09-19 04:52:06.617646,2026-01-03 19:44:25.991187
2187,2187,Amazon Logistics,0f30649e-a6d3-4e31-9451-e45a705d4f59,2025-09-10 12:43:09.958478,2026-03-26 12:45:35.403598
2188,2188,Amazon Logistics,9bd1b528-3654-4494-a317-95a49066cd33,2026-06-29 17:43:14.986863,2026-07-22 17:14:10.787327
2189,2189,FedEx,b6c745c0-869a-422d-9791-a133ed835382,2026-05-01 16:48:42.774008,2026-06-14 07:18:18.414801
2190,2190,UPS,b837f87b-38ff-4661-bc55-baba598d0186,2026-04-14 10:43:38.062108,2026-07-16 12:27:01.618911
2191,2191,DHL,e95681fe-f7de-416f-aee3-d495012aa8a9,2026-07-17 16:48:08.705863,2026-07-25 22:09:08.362343
2192,2192,USPS,01cc8715-47b8-4c7f-8ee4-d545c815f533,2025-08-15 11:17:26.074859,2026-07-27 05:39:13.309357
2193,2193,UPS,ed59ee46-52e9-4a62-91b4-d7d10a84fc28,2025-08-27 20:36:41.106403,2025-09-17 15:08:53.893088
2194,2194,DHL,3d90affb-ef55-484f-9cb3-1d5fc402427f,2025-10-04 09:10:58.017467,2025-12-16 20:14:55.942331
2195,2195,UPS,1d07044e-aee0-48ad-868a-2755d0317148,2026-04-14 13:50:01.550599,2026-05-04 02:19:41.340494
2196,2196,USPS,ea0b8ea5-7360-47bf-b61c-abb360cfb193,2025-10-26 22:13:36.001959,2026-03-30 01:23:17.861106
2197,2197,Amazon Logistics,93a6652a-c376-4382-9f98-859c13ce1311,2025-08-26 01:53:11.575328,2025-09-13 12:59:16.915875
2198,2198,DHL,be51f2e6-e989-4b03-af4d-28337ce6833e,2026-01-20 03:17:00.622491,2026-05-23 21:27:20.643732
2199,2199,FedEx,e5e2a321-6a7d-4498-9dfa-1d796422b62e,2025-12-19 23:05:06.837210,2026-04-20 20:44:30.277401
2200,2200,USPS,6fa589d9-d231-4623-9082-e51f7aa28d96,2026-07-10 11:39:48.243269,2026-07-29 17:01:13.858023
2201,2201,UPS,cf6af6a9-ffbf-46cc-a713-6680b5f882a5,2026-06-22 19:39:03.385560,2026-07-21 10:21:16.012264
2202,2202,UPS,32bf4ba9-1b14-4aa2-adcc-a0c1f864002e,2026-04-16 10:53:46.422077,2026-08-01 05:44:51.660017
2203,2203,FedEx,80b90a0f-9763-40c2-82b8-a84d19441b74,2025-09-09 01:06:14.342681,2026-08-06 16:30:25.822643
2204,2204,USPS,e32185a8-6c53-47a3-a0d0-39fba73d3de3,2026-06-23 14:50:06.058599,2026-06-23 20:07:21.604519
2205,2205,UPS,44b8beda-5997-46db-8089-e88e499c8177,2026-01-22 06:48:54.843463,2026-06-17 01:43:59.420365
2206,2206,UPS,b942be80-c444-4b5a-913f-c1c8ba995f01,2026-08-07 03:02:25.888429,2026-08-20 12:57:37.946470
2207,2207,UPS,c47912c8-13c3-4175-b413-cb5d1c5096dd,2026-05-31 17:45:05.703522,2026-06-25 02:45:19.604694
2208,2208,FedEx,86d7dd92-740a-43d5-be5a-c3c32604b684,2026-03-16 23:08:10.934536,2026-04-15 04:01:23.731994
2209,2209,FedEx,b424e94b-0ca1-49ed-a584-93a1798696e0,2026-02-07 17:23:54.271960,2026-04-01 04:58:20.790267
2210,2210,UPS,69033955-d4ab-4399-bcf9-1096ac692d6f,2025-09-27 02:26:31.285016,2026-04-15 17:42:22.763296
2211,2211,USPS,1e706494-b2f7-4488-88f5-904fc22158b4,2026-04-12 21:35:47.210386,2026-06-21 20:07:43.098753
2212,2212,UPS,e287daf8-03ce-419f-8b45-634106359ed3,2026-05-09 01:08:44.756212,2026-06-10 14:04:12.521640
2213,2213,UPS,1ddf65bb-f860-427d-aa56-0143d008827f,2025-08-28 09:13:42.189026,2025-12-15 02:11:47.107346
2214,2214,Amazon Logistics,37252d4e-47a9-4fb3-97c1-bc6554c95514,2025-12-31 16:25:48.263422,2026-01-21 07:05:36.160113
2215,2215,Amazon Logistics,9ca54398-f0b7-4cb0-81f7-8e0bb4071694,2025-09-03 10:01:24.725719,2026-05-07 23:15:57.653105
2216,2216,USPS,fe1a1615-ddc1-47eb-9e77-a92ae2057b25,2026-01-18 20:36:54.210000,2026-04-23 23:11:31.106169
2217,2217,DHL,7a6608a0-dfa0-4b03-8b00-d72e96414159,2026-07-31 00:25:53.572167,2026-08-19 07:27:14.768821
2218,2218,FedEx,b242cce2-4523-4842-9b6f-8924df35d1b0,2025-09-15 22:24:02.219198,2026-08-19 18:37:43.368674
2219,2219,UPS,a54f0da2-8bc1-4ef4-8559-f3937bce6cca,2025-09-29 14:39:29.884097,2025-10-19 20:20:22.917156
2220,2220,FedEx,5d9b789e-a357-4a74-936e-c7df66548b57,2026-01-06 13:40:21.108015,2026-07-27 13:24:54.251876
2221,2221,FedEx,5b0a4bcd-485c-4236-a556-ec0c0be42a6e,2026-05-18 20:24:05.111101,2026-07-18 22:24:03.727150
2222,2222,DHL,aadfb6d4-2c82-4336-b729-cd039aad142a,2025-12-06 08:21:10.617377,2026-08-11 07:29:07.829814
2223,2223,FedEx,18139349-c963-49bb-ad06-572916a0708f,2026-01-21 03:09:06.425525,2026-03-24 23:52:48.261714
2224,2224,UPS,4505c2ed-9e4b-43b5-b979-144f34d68dbb,2025-09-02 11:15:40.009160,2025-11-26 13:13:25.250570
2225,2225,USPS,a0aac108-0eac-4f6b-8fee-a83070d57e2a,2026-04-08 13:28:17.301752,2026-04-22 19:12:12.851910
2226,2226,Amazon Logistics,ca5044c4-e25a-471d-b5b0-fa782d82a6fa,2025-08-28 17:35:40.075998,2026-06-14 22:43:25.611513
2227,2227,Amazon Logistics,08c17529-044f-43f7-9841-a5e6b5a2f7b9,2026-01-23 21:39:32.693482,2026-03-06 10:05:25.293668
2228,2228,Amazon Logistics,62c5cd85-cc53-4191-ae96-c5695d6e83fa,2025-09-01 22:59:11.620473,2026-08-13 08:04:23.974246
2229,2229,FedEx,8caf6476-1a39-425d-baab-77a9b0037b66,2026-01-04 17:07:04.980913,2026-07-11 09:03:56.732045
2230,2230,FedEx,c07f781f-2781-4753-ae3f-5e2413527dec,2026-02-14 19:54:56.188198,2026-03-18 04:27:32.655540
2231,2231,USPS,952dfa8c-d1d1-487a-97c3-7241b48b2bec,2025-11-21 10:54:31.780828,2026-04-24 02:49:15.672861
2232,2232,Amazon Logistics,5690c428-64e5-4126-b698-c5bd353be969,2025-11-13 20:45:49.865058,2026-05-08 19:47:22.498547
2233,2233,Amazon Logistics,ad0d32f0-053e-4da3-b265-736dcbfb424f,2026-07-14 05:49:10.369901,2026-08-10 00:16:31.322223
2234,2234,UPS,a4e36f87-c179-4145-a114-5e61d2e73108,2026-05-03 05:29:28.896963,2026-07-11 16:30:24.914605
2235,2235,UPS,a072dfec-7c6f-473f-9741-c219eeec4004,2026-04-22 16:03:15.158088,2026-05-03 02:49:32.293679
2236,2236,DHL,d55aa9d1-1512-43bf-beb9-d2b60b16488a,2026-07-05 16:21:27.387417,2026-08-03 21:13:46.500661
2237,2237,UPS,9a8ceba2-3edb-4b15-81c9-b79694a0346a,2025-10-26 21:29:13.436893,2025-11-21 20:27:27.657856
2238,2238,Amazon Logistics,7f8ac9bb-2361-48de-8e16-07535629469a,2026-06-19 13:28:26.453942,2026-06-26 09:04:46.699769
2239,2239,FedEx,8f94a528-27dd-48c2-964a-5082dba1d669,2025-09-26 18:35:42.237304,2025-12-14 14:40:02.170135
2240,2240,UPS,83af9a3d-2c6d-4ba5-aee0-277a8c929a1b,2025-09-10 14:39:45.794947,2026-07-15 20:35:41.534980
2241,2241,Amazon Logistics,55e58dbd-9e80-484e-b9c4-c8d61b52d367,2026-04-23 21:54:14.863658,2026-06-21 07:00:28.966016
2242,2242,UPS,ebff4322-da15-49cb-870d-7ab90c762d6c,2026-07-02 22:39:49.201580,2026-07-04 03:07:58.938662
2243,2243,USPS,545fa3d7-e2e9-41f6-9f1b-5a2b9d05cfb6,2026-02-09 23:11:57.028119,2026-06-11 11:29:48.848460
2244,2244,USPS,45e2520a-cf4a-4d02-870e-3b7a88b05505,2026-01-17 14:34:12.478636,2026-04-10 03:11:06.653105
2245,2245,FedEx,49679794-2d91-4996-a1d6-d6753fb33f96,2025-10-25 01:30:56.571731,2026-03-05 21:34:25.680755
2246,2246,Amazon Logistics,0a3ffc6a-bc59-4c3a-bab6-79a52e128d42,2026-04-18 10:32:46.703975,2026-08-06 23:12:27.439889
2247,2247,UPS,d945eea3-02ed-4a2c-acfa-9dfd6dce7107,2026-03-05 17:57:54.054729,2026-08-05 13:48:15.520445
2248,2248,UPS,cfd2cc62-a9b7-4923-8fda-057755dcdf21,2025-11-26 11:28:07.461289,2026-07-24 10:15:44.506443
2249,2249,UPS,9ba894aa-8ee8-468b-b914-74553a84c169,2025-12-15 19:52:48.955275,2026-05-02 06:57:18.063906
2250,2250,Amazon Logistics,88ed6340-ba3f-4c70-bcf9-addf25ba8276,2025-11-10 22:42:12.700865,2026-04-12 21:58:42.211738
2251,2251,USPS,219edced-db3e-48bb-bf0e-56399d668dcc,2026-07-09 00:22:25.982760,2026-08-02 01:32:21.532352
2252,2252,DHL,eddd654d-c36a-41b7-9303-855d8419c408,2025-11-18 18:31:47.417514,2025-11-27 21:32:34.109313
2253,2253,DHL,63f693be-efa9-4317-b63d-29a08f3aea12,2026-03-03 05:20:33.713104,2026-06-03 12:14:52.652367
2254,2254,USPS,73843b32-156e-4eed-a888-b16fbdceba1b,2025-11-27 19:32:28.828318,2026-04-24 01:19:37.461701
2255,2255,Amazon Logistics,cc08f7ab-c760-4a15-ae38-7cfc350d645c,2026-02-09 11:14:57.156206,2026-03-10 11:58:52.453650
2256,2256,FedEx,b30b66f7-ba1b-431b-8107-356078eb6cb8,2026-04-09 14:52:21.843700,2026-05-25 19:21:35.642309
2257,2257,DHL,d61b2ba7-b0ad-4677-80cb-d760aeeedd7e,2025-09-25 12:28:05.253259,2026-07-11 18:11:01.963630
2258,2258,FedEx,082ab6b2-f1ff-422e-90cd-9110bdc48eef,2025-10-15 05:49:53.937345,2025-11-13 20:49:09.574895
2259,2259,DHL,8dd0ed2b-0902-4c8c-b86e-f659ec02f20a,2026-01-14 05:53:23.301160,2026-07-10 14:30:19.856615
2260,2260,UPS,0fce842e-24ac-4549-b26d-aa4d88eea60d,2025-12-23 10:12:35.240520,2026-01-24 04:30:31.224998
2261,2261,USPS,f40ab814-b7b0-4b54-98fc-bbb3fe623d7e,2025-09-29 17:37:01.368562,2026-04-30 19:05:59.590815
2262,2262,FedEx,0713c14b-dde7-4129-a966-f14118b84277,2025-12-03 11:49:20.446591,2026-04-11 17:54:01.997651
2263,2263,DHL,0995a1a3-e449-4b61-ac43-22ea2f82b52c,2025-09-27 00:16:47.352300,2025-11-20 17:19:39.686050
2264,2264,DHL,119e01a9-e3ac-4620-92fe-98cff7827fa0,2026-05-08 10:57:35.794954,2026-05-25 11:33:04.595282
2265,2265,USPS,bf8d4d2a-254c-4aa1-8525-62e34f78a991,2025-10-06 13:44:48.075108,2026-02-26 07:52:03.029303
2266,2266,USPS,b7af0fd4-cdd9-4417-8856-83c28db56a11,2025-10-10 08:49:41.494455,2026-03-21 23:47:54.694534
2267,2267,USPS,b734f519-6173-495c-89f9-43df3e500d81,2025-10-31 19:05:33.635147,2026-07-01 10:16:03.452617
2268,2268,UPS,81b220db-591f-4ab3-aa8f-564a120663e4,2025-10-09 10:52:48.434127,2026-04-06 04:16:29.004470
2269,2269,USPS,cc5f664d-2f1b-4466-b794-4dd48a959a5b,2026-06-26 20:18:41.355249,2026-07-07 16:00:20.696954
2270,2270,USPS,8e81c952-302f-4899-aa5d-85a5529f92dd,2026-01-11 12:23:45.629832,2026-06-28 13:53:37.743340
2271,2271,FedEx,e42fcdc1-d1ff-433d-bc2c-dd458bdcca8c,2025-11-14 19:58:08.676826,2026-06-06 14:33:04.418154
2272,2272,DHL,115529c1-dd1b-4bca-aff5-3f09882ae24a,2025-08-23 04:17:42.604039,2026-01-04 15:43:54.072183
2273,2273,DHL,3af6e362-99c9-46ad-99e1-0335b1d8f6c9,2026-05-08 18:19:12.577607,2026-05-24 10:37:20.236083
2274,2274,UPS,1a3dee8b-4d9e-4fbe-8f4d-8d6243bb56f0,2026-06-13 09:43:32.119988,2026-08-19 20:53:22.483513
2275,2275,Amazon Logistics,1bff2c1e-79e3-492f-a9d4-0db7baf03ac6,2026-02-13 12:55:24.026300,2026-02-21 01:39:12.556983
2276,2276,Amazon Logistics,fc3bb86a-5164-4b46-85d2-faea2290e5c3,2025-09-02 16:16:23.123427,2026-04-14 07:24:45.521778
2277,2277,UPS,d08e4be5-cd4a-488a-8423-940ab5095983,2026-03-01 02:16:44.283958,2026-05-11 21:08:58.430359
2278,2278,UPS,392b6559-deaa-41d6-aa1e-a6e8119d7256,2026-05-13 22:23:38.636868,2026-05-30 05:07:15.209893
2279,2279,Amazon Logistics,8275798f-4a87-4217-9e0e-49ffe6ffb2df,2026-03-03 02:51:15.255364,2026-06-18 12:34:40.596352
2280,2280,DHL,f2556ace-db9a-45b8-8dad-c8e0b106f98f,2026-03-30 14:35:07.216929,2026-07-29 06:32:33.477803
2281,2281,Amazon Logistics,6d6ba92f-81ac-4d11-849e-727a33b68a42,2026-05-29 00:51:19.820945,2026-07-26 00:07:16.769641
2282,2282,FedEx,7e16b53d-dff2-473e-ac67-e1a2ed0aa883,2026-04-18 03:20:39.431049,2026-07-10 00:49:51.420850
2283,2283,Amazon Logistics,4252ad4e-9437-4f1b-a419-e21961769a87,2026-07-08 12:34:35.350514,2026-08-19 07:00:03.414020
2284,2284,USPS,f8b8afd9-085c-49f2-974c-d09248fc3400,2025-11-19 10:13:43.543709,2026-08-12 22:02:47.804338
2285,2285,UPS,6d6e3c5d-ccc6-4db2-a177-b773f613452f,2026-05-29 10:57:05.507324,2026-07-13 00:27:41.416367
2286,2286,UPS,6f850ed5-4248-45b9-9b3e-c90f28c6f49b,2026-01-20 14:32:34.142676,2026-02-23 00:49:08.405560
2287,2287,FedEx,aa4fdaf1-44c2-4c56-ba76-e6d017bb6be5,2025-10-21 09:10:26.225440,2026-07-21 18:19:55.088321
2288,2288,UPS,9cd84a6a-ea61-4c58-816a-4dd2150f5a2e,2025-08-21 19:12:27.703298,2026-05-08 23:41:21.573494
2289,2289,FedEx,0c42174e-b71b-4b52-8ced-87308847a02e,2025-10-10 02:14:08.034534,2026-01-23 00:51:31.579851
2290,2290,Amazon Logistics,a11c3509-c5f9-4983-a8cb-aa5ce13fc2ee,2025-10-11 13:02:38.897871,2026-04-27 03:07:16.620927
2291,2291,FedEx,40e6b96c-d54b-49a5-b527-aa9e63e64dc0,2026-03-18 01:24:24.269432,2026-05-20 13:37:29.631151
2292,2292,UPS,2e801471-a9b4-4801-9c7c-547bf41b808b,2026-02-13 15:09:16.290853,2026-02-18 12:49:36.771108
2293,2293,DHL,ca82c1c4-9e75-462e-9e35-af7e98f6cd4e,2026-08-11 21:36:02.597310,2026-08-19 07:56:29.597639
2294,2294,FedEx,b2d4447a-c294-4c1b-9d54-a8819177e9e0,2026-03-16 01:10:44.813179,2026-07-30 23:52:00.865839
2295,2295,DHL,2f697452-445a-4ecc-8ae8-90786bcefb6a,2025-12-10 19:41:20.212197,2026-05-17 13:27:41.010655
2296,2296,Amazon Logistics,0d061904-a32f-4654-ac39-8689f88625ee,2025-11-06 12:22:01.765414,2026-07-23 14:32:07.942231
2297,2297,FedEx,20a1acda-3531-4303-b2ce-40905b893686,2026-04-06 03:36:40.439858,2026-05-31 17:59:12.939448
2298,2298,FedEx,719bdd50-fb9e-4b8c-a2a9-2cb0d790a3d5,2025-08-25 14:54:22.403860,2026-07-19 22:43:06.839602
2299,2299,DHL,94a96a76-d7cd-47bc-91dc-66df84534df8,2026-01-17 09:13:13.323235,2026-01-31 09:28:47.767187
2300,2300,DHL,8dbe5e54-f3bd-448f-a7c0-c8fe2efa7f5f,2025-12-19 19:57:50.504334,2026-07-31 13:44:46.208129
2301,2301,UPS,1b384fc9-7b8c-4063-b9eb-ed81ee12a6de,2025-09-15 03:44:45.213875,2025-10-14 05:38:41.964892
2302,2302,DHL,a38e890f-b7e8-46c8-b27d-126bb5fefa00,2026-04-04 06:01:16.865770,2026-06-10 00:55:47.314731
2303,2303,Amazon Logistics,19dd152a-7fd0-4f0d-975e-5d7a84fd0c34,2026-04-19 22:22:18.484777,2026-06-17 03:00:24.186093
2304,2304,USPS,e88d100f-c0d6-43fc-b393-3469592f9488,2025-09-08 02:34:28.962918,2026-02-04 00:30:11.280555
2305,2305,Amazon Logistics,177b53ed-98f2-4a70-abd0-2e8fa48662b6,2026-04-10 20:44:07.661557,2026-04-11 23:37:35.041762
2306,2306,DHL,adb34b05-88fc-48a7-ba27-04790d1f56b3,2026-01-16 00:40:23.876465,2026-08-02 08:23:59.016444
2307,2307,DHL,508b387d-5c33-441b-bb9b-63550ded0e70,2025-11-01 08:55:32.034393,2026-05-06 08:08:15.144097
2308,2308,Amazon Logistics,97b516ec-39a3-48ff-b54f-d611766d732a,2026-06-18 17:38:31.005656,2026-07-18 06:55:37.708951
2309,2309,Amazon Logistics,3e351a5b-d34e-4311-9c26-2be83f3f0199,2025-12-24 23:04:22.706692,2026-03-30 05:40:20.158677
2310,2310,Amazon Logistics,0cecb92d-2913-4d9b-a44d-aff2ddd909e3,2025-12-27 08:07:19.613863,2026-02-11 10:28:07.913131
2311,2311,USPS,40530632-a66f-4f12-b0cd-be8d32112667,2026-04-11 18:12:42.673181,2026-05-20 18:13:02.070825
2312,2312,FedEx,e5d59e35-ed4e-47a8-b3a3-f72cda670887,2026-06-02 18:50:53.484657,2026-07-18 00:03:04.744197
2313,2313,USPS,607ba679-a0ff-4335-be22-68834ea6400e,2025-12-03 05:09:42.309509,2026-01-13 06:44:48.118551
2314,2314,FedEx,1b198d07-399f-4a33-a73c-fa7b3ddcb53e,2026-02-17 02:18:42.157997,2026-06-02 12:03:16.829511
2315,2315,USPS,866bdda4-022b-427d-9174-1293e351fe52,2026-02-22 02:43:50.333328,2026-05-30 12:18:43.157024
2316,2316,Amazon Logistics,51891cf4-0e91-4627-8ba7-73860b855d61,2026-04-20 18:19:21.244059,2026-07-17 03:56:32.176687
2317,2317,UPS,be0bba13-7cba-493b-ad85-3c5a79be39ef,2026-04-16 15:22:44.791572,2026-05-27 00:03:19.982658
2318,2318,DHL,45659952-c9af-4bd0-b31f-ca6c73d43a3c,2026-08-11 12:35:11.167926,2026-08-19 07:21:43.663770
2319,2319,UPS,6db1da5a-d2d9-4c47-8314-dc3ce2367d6d,2026-01-24 07:18:41.653547,2026-01-30 14:31:37.499837
2320,2320,UPS,3424c266-6974-4abd-b277-a8f3e4ae852e,2025-08-20 17:40:36.879933,2025-11-10 00:59:31.450246
2321,2321,UPS,97cc7f3e-9630-4249-9fd2-7a2ecd0fcb80,2026-01-04 04:34:00.657058,2026-03-07 18:45:05.215394
2322,2322,FedEx,73abc1d1-b05b-4eb3-9f5a-5d1c6c233d89,2025-12-12 19:41:17.305807,2026-03-09 05:29:44.124784
2323,2323,UPS,ccb8fc2d-a148-4545-b547-ad36a2961bbf,2026-05-10 21:59:08.139489,2026-06-24 07:41:35.210692
2324,2324,Amazon Logistics,51c4539f-9b82-4299-ad39-af707a57477a,2026-06-27 11:46:43.409385,2026-07-28 13:29:56.705034
2325,2325,USPS,6f57d7e9-272c-4706-b4df-52ed0c75cc4b,2026-07-14 05:23:04.355500,2026-08-14 23:17:54.664166
2326,2326,USPS,0e80f835-7564-4673-8b12-f8640d978ebd,2025-09-30 21:57:42.132444,2025-10-25 09:16:15.010335
2327,2327,FedEx,ae83812f-c750-4457-a9ca-5e5846eb4b68,2026-02-18 20:33:22.351507,2026-08-01 14:36:35.934443
2328,2328,DHL,dd3ae268-bcd3-4fb4-b97b-d306b0e6bf3d,2026-05-13 04:15:44.741490,2026-05-21 01:07:42.280372
2329,2329,Amazon Logistics,6eedcd23-18cb-43c6-9458-e90d2422bc8b,2026-03-19 12:59:47.727034,2026-07-10 18:19:07.636984
2330,2330,UPS,bcb9cb88-79db-4dce-ad3a-916a965c6ca9,2026-03-07 06:58:48.697638,2026-04-19 22:44:50.386232
2331,2331,UPS,743775a5-8574-45fa-ba74-ac0822095f31,2026-01-23 17:51:45.873186,2026-06-17 04:58:40.882814
2332,2332,FedEx,94ef29d9-6f4a-48fd-a72c-542f47dbd4aa,2026-04-08 07:25:16.056415,2026-07-10 20:54:06.578385
2333,2333,USPS,80f0887d-4178-4cc1-8798-bafffcefc83d,2025-11-14 18:19:21.081060,2026-01-19 08:12:01.623505
2334,2334,Amazon Logistics,f798c55d-e2df-49de-aad7-753cac30278e,2025-09-07 09:00:30.541164,2026-05-29 22:52:03.692850
2335,2335,USPS,aa3c084e-8158-44c1-8760-19ef24a7ac3a,2025-11-07 17:51:19.063544,2026-08-06 19:20:34.591602
2336,2336,FedEx,f4f8b4b0-204a-45af-b560-ca805c668e72,2026-01-11 17:55:53.648432,2026-03-25 10:37:21.055813
2337,2337,Amazon Logistics,33a16750-4730-4503-ba15-1f968a0f6b6c,2025-08-15 09:26:03.874633,2026-06-03 04:03:07.936018
2338,2338,UPS,029ecb00-007f-4231-8d6f-cdbbac9acd84,2026-06-23 14:11:02.373485,2026-08-03 02:30:23.496806
2339,2339,Amazon Logistics,8350c0ac-bb5a-4796-b643-1770a55583fd,2025-08-25 19:14:29.304763,2025-09-25 01:58:55.829203
2340,2340,Amazon Logistics,b8d6e09d-b061-438e-9dd1-6af81b114e1b,2026-01-31 10:34:29.244314,2026-01-31 12:28:46.938186
2341,2341,Amazon Logistics,9c6b863e-8b5b-44fe-9007-a2203d2b5c6d,2026-07-07 23:02:26.628725,2026-08-04 11:12:49.543378
2342,2342,UPS,dc77a467-e0e7-4f74-81c7-d2983300f32a,2025-08-23 03:25:47.580185,2026-01-28 09:12:05.238320
2343,2343,UPS,6591b08c-c9f0-42f7-bf63-6138f805dc0f,2026-04-19 15:06:20.583773,2026-08-11 08:44:30.535367
2344,2344,FedEx,1db303e6-f702-4c26-a5f1-dba0cc0477aa,2026-06-19 07:29:02.198699,2026-07-14 06:20:12.374567
2345,2345,USPS,fd45d38b-9a71-468b-b37c-e612efa569a2,2025-11-18 05:06:39.471582,2026-06-22 05:41:14.971491
2346,2346,UPS,42e06121-11b2-43d6-affe-ad752c1fb5cd,2025-08-25 03:27:51.138966,2026-06-23 10:50:25.275875
2347,2347,DHL,03e02ef5-6416-4912-b9b5-dce964a2325e,2025-08-31 01:25:25.737424,2026-04-13 03:32:06.253040
2348,2348,Amazon Logistics,88bfadf7-eee1-428c-838f-77c2d0e23626,2026-03-18 13:58:06.702654,2026-06-09 07:11:05.157858
2349,2349,FedEx,f8e90147-0686-49e0-a5ae-1e5357c2ec87,2025-09-03 22:07:58.864293,2025-12-08 00:39:52.137659
2350,2350,USPS,6dabeb5a-49e2-4b68-aa31-32ef0237cad8,2025-10-29 19:37:45.641310,2026-06-16 11:50:30.982210
2351,2351,UPS,ec86e84a-65c1-4f7c-9a60-6019044ea748,2026-01-18 23:03:02.634827,2026-01-27 01:11:08.561122
2352,2352,UPS,d7ae396d-2398-4055-8424-c94c41026787,2025-11-24 05:11:52.036408,2026-02-06 07:24:49.765622
2353,2353,Amazon Logistics,515c60e4-ddd4-4af0-9f08-589ee2c03c91,2025-08-23 20:47:42.469742,2025-10-17 11:22:40.915361
2354,2354,FedEx,cd27bb64-7868-40f4-a03e-e9a1b027c993,2025-10-08 12:42:20.469763,2026-01-07 05:25:03.239575
2355,2355,FedEx,1c0bfa65-9128-44f0-9a5b-5dbb2e8be78c,2025-10-24 19:45:18.176046,2025-12-14 15:36:04.505933
2356,2356,UPS,3b6be56d-f47e-4621-b0f5-a0a4a72be347,2026-01-16 16:04:15.680774,2026-07-16 08:22:24.286556
2357,2357,DHL,f5ac62f2-f7ea-4c8a-a993-316aa08c1b62,2025-09-08 19:07:10.692960,2025-12-18 18:02:42.518566
2358,2358,FedEx,adb0f1f1-abbe-47ee-8b00-ff4f05972d95,2026-02-12 09:51:07.138527,2026-06-29 04:11:11.981384
2359,2359,FedEx,7f78764d-67b8-4351-b18f-9727a48b77fb,2026-07-30 08:43:17.968207,2026-08-11 01:10:55.120312
2360,2360,FedEx,47ab9fbb-ad84-426e-84f7-d7dc6d6c1be6,2025-11-06 00:51:29.783184,2026-05-18 08:41:28.899829
2361,2361,DHL,7ccf42d5-34ee-4ae8-9c4d-718bbce1353a,2026-04-21 19:31:00.952649,2026-05-23 12:25:40.914139
2362,2362,Amazon Logistics,3bae26a7-0c5d-4838-b2e0-39f69a112ad7,2026-08-02 12:21:04.486862,2026-08-20 22:32:06.968695
2363,2363,USPS,5baa5572-bc5a-4660-8ff3-8960a9f1df41,2025-09-01 03:26:12.753202,2026-08-04 02:30:10.579766
2364,2364,UPS,3b9eeacb-f8fd-44c3-8467-5dc2a75c38f8,2026-07-07 04:55:36.667076,2026-08-04 22:00:53.770272
2365,2365,FedEx,5ad31cee-8d7d-41a6-9023-d350031d5e25,2026-04-13 14:20:30.959561,2026-06-02 00:15:34.891050
2366,2366,USPS,11b3d330-5c72-4f98-9094-f1f2818f8964,2025-10-21 23:29:04.081977,2026-02-21 22:19:37.191373
2367,2367,USPS,f5257297-3c53-434d-b03a-553e51f39423,2025-09-24 22:24:11.195059,2025-10-12 04:04:59.377765
2368,2368,FedEx,d187506f-21ca-4415-b8fa-194a5fdc3ac1,2026-07-30 09:52:53.462254,2026-08-20 03:33:18.224124
2369,2369,USPS,8cc55f21-a71a-4135-ae8c-3019f06f6874,2026-03-25 06:45:43.827849,2026-06-10 10:50:25.255567
2370,2370,USPS,770db266-74e3-4759-bf51-dcfba4b56e91,2026-05-23 00:19:37.681797,2026-06-15 05:47:10.690041
2371,2371,USPS,e46e935b-da6f-4f17-a100-f88d9e07c4d2,2025-10-20 00:27:59.385657,2026-05-20 22:42:46.548882
2372,2372,UPS,ded12650-e674-4646-9de2-1caf410d2756,2026-02-16 05:59:25.192603,2026-07-23 17:04:07.287860
2373,2373,UPS,c851b376-3468-4843-a2df-d68f5a955a91,2026-01-21 19:17:37.098925,2026-04-25 17:33:15.057525
2374,2374,USPS,e8386143-724d-4f1c-b4a3-6d0802466a6b,2026-04-21 18:00:04.067231,2026-08-02 06:51:06.146815
2375,2375,FedEx,8d6672dd-5e18-451e-a8a5-e3da09a56d9a,2025-08-16 03:33:15.466436,2025-10-16 13:07:53.475243
2376,2376,DHL,a7a8cf63-a97b-4a2d-af9c-a7663995d4f8,2025-12-06 20:00:03.050518,2026-01-21 18:25:45.529204
2377,2377,DHL,5ed3a853-9446-41d0-acd7-577065633590,2026-07-04 15:05:05.446457,2026-07-26 15:57:58.640055
2378,2378,USPS,64b8ab02-b163-4a4a-8c66-d1417df2f658,2026-07-08 19:28:04.541675,2026-07-28 23:47:45.440249
2379,2379,Amazon Logistics,e7fc5791-4b3b-4fc4-a858-acf3d8cf3307,2026-06-21 05:26:24.439124,2026-06-30 17:24:33.124308
2380,2380,USPS,ecb153be-b571-4de5-b4cf-9d3f04616c6f,2025-10-01 00:39:56.717454,2026-02-11 05:18:52.480323
2381,2381,UPS,9d41e926-a03a-47b0-b2f9-beb5feaf0dab,2026-04-15 21:50:46.368464,2026-04-28 13:46:43.638874
2382,2382,USPS,bb0db6cc-c044-44dc-b320-058403dfddb1,2026-05-21 20:54:20.377289,2026-07-08 00:34:52.963111
2383,2383,USPS,9a49e15f-954a-42d4-bfa2-0fd2f0431b83,2026-03-15 03:15:50.636763,2026-03-26 19:36:13.865548
2384,2384,FedEx,0213b762-ea7e-4881-b40c-5f6c7d043dee,2025-09-01 01:44:58.784515,2026-04-08 07:47:29.706584
2385,2385,USPS,95c88a67-7fe5-4564-a0e6-f045956d1acf,2026-05-13 17:46:45.776088,2026-07-07 09:09:36.982104
2386,2386,UPS,601ae690-c28c-4090-b09b-18be936cf30e,2025-10-07 14:24:34.601191,2025-10-09 11:30:36.162836
2387,2387,DHL,ddb2e000-21d3-4c5e-9046-8d82c343716b,2025-08-29 19:12:39.650985,2026-02-13 18:01:51.043924
2388,2388,DHL,651307df-f069-4f8b-9e8f-008c044e5a77,2026-07-26 07:55:25.956271,2026-08-11 23:51:25.432971
2389,2389,UPS,844005cd-b13c-4033-b9cf-0970349d1033,2026-08-08 20:42:14.627702,2026-08-10 17:58:42.696488
2390,2390,USPS,6be9fa32-5243-460a-999e-564d20341ebd,2026-02-21 19:56:12.446813,2026-03-25 10:37:05.913256
2391,2391,DHL,5cf428d0-a87c-4f07-8661-c3964b7cbcf6,2026-06-27 23:32:09.656302,2026-07-13 08:45:10.857994
2392,2392,FedEx,a7afd48c-92fe-4634-ad7d-4e9f0fc52df8,2025-08-24 05:23:27.436293,2026-04-05 05:01:19.751407
2393,2393,UPS,d05e8970-9fff-4992-a676-937362fc9fa7,2025-12-23 06:51:45.123449,2026-03-17 08:40:12.597076
2394,2394,Amazon Logistics,88453610-934b-48bf-96fe-d71cccf63c5e,2026-01-17 17:32:05.045913,2026-03-21 10:13:01.881138
2395,2395,UPS,dc391fb3-b53a-4d5f-9539-bb33ec53a61e,2026-01-06 09:41:08.205316,2026-04-09 04:51:34.151500
2396,2396,USPS,1afbd76a-fe53-42c2-9019-6d824b2939ec,2026-02-27 17:52:55.083060,2026-03-29 05:00:45.243911
2397,2397,Amazon Logistics,d89ddb2b-f3dc-4d70-b2a8-3b9e61ae1c4f,2026-06-12 20:34:58.988174,2026-07-09 06:32:53.588369
2398,2398,UPS,4c89e757-1ff0-4ec5-bb9b-67dccef7e1a2,2026-07-23 03:49:38.571698,2026-07-28 15:12:13.427069
2399,2399,DHL,7ea5670d-eeb3-41a3-8181-fbe3f491a93a,2025-12-14 12:31:11.346256,2026-07-11 08:14:04.205333
2400,2400,UPS,b9f615ca-ace3-4e26-a6f5-2d24ae98847d,2026-03-19 13:49:30.997161,2026-04-29 13:58:37.063264
2401,2401,USPS,0968b623-614d-4ce2-aa94-94985c2417fe,2026-01-13 13:47:36.151457,2026-05-20 11:28:46.148438
2402,2402,Amazon Logistics,e3f21b54-a843-4383-ba87-f24f9a4171a8,2025-10-16 17:54:35.589444,2026-07-08 11:46:54.636896
2403,2403,UPS,4a7bbc5d-57cc-4633-8465-9e586ae7dccf,2025-10-05 14:19:51.628277,2026-01-11 09:30:38.901196
2404,2404,FedEx,70097660-d455-4743-b851-5251bcf082f8,2026-05-20 02:25:22.118504,2026-08-08 21:36:56.812301
2405,2405,DHL,506382c9-11d2-4fa2-8a53-c1dcfae459a8,2026-03-07 04:29:02.324277,2026-07-14 20:06:41.221735
2406,2406,USPS,8fdc1d7b-d6c9-4a69-b353-50d747b40a33,2025-12-22 00:04:43.887481,2026-07-12 12:16:42.042413
2407,2407,DHL,b16bc06d-2edd-4786-8af0-fc4a09cbb81b,2026-01-18 22:19:21.987807,2026-02-28 11:16:06.677938
2408,2408,UPS,b820a4f0-5d55-4fe8-ac57-fcf0a72d57f5,2026-06-04 14:18:23.242938,2026-07-25 06:11:17.805509
2409,2409,FedEx,2ded9ca6-b118-42b7-b0dd-58a53afe58be,2025-09-08 04:18:54.780156,2025-12-30 19:48:40.401109
2410,2410,FedEx,f42ba7a9-6c5e-45f9-9a14-fcab0c5dec9b,2026-01-06 10:32:47.986947,2026-05-08 17:05:59.797044
2411,2411,USPS,71dee7b2-1781-4094-b821-63668d42026d,2026-06-26 22:49:29.211929,2026-08-09 02:33:55.412306
2412,2412,FedEx,fee62e60-31fc-4b32-8b73-5a5f01d76a6c,2026-04-21 22:21:51.362838,2026-08-05 02:31:57.025058
2413,2413,DHL,62f082d7-9f39-449f-a880-663ff6cdc4b7,2025-09-01 09:27:09.162840,2026-05-13 12:12:52.369916
2414,2414,FedEx,9e22c886-c7ba-41b1-b109-82587515af65,2026-02-03 07:22:58.435158,2026-07-02 18:59:35.602384
2415,2415,UPS,169f5db4-ed83-41b0-9a72-131b316e23e9,2025-12-26 15:24:45.530476,2026-01-29 23:49:58.148037
2416,2416,Amazon Logistics,779e6b69-41ce-4bd3-9644-01788b77999e,2026-02-28 09:31:31.343144,2026-07-18 07:51:28.890174
2417,2417,DHL,7317b219-e502-4ac8-9f83-eaf42a1007c1,2025-10-07 02:08:30.164988,2025-11-04 13:34:40.970066
2418,2418,USPS,b5129b9d-7672-4858-bd21-86e4ab12b467,2026-06-05 06:25:20.224218,2026-06-27 01:17:38.686118
2419,2419,FedEx,8da9468a-4276-41f9-a678-53c7c867db8a,2025-09-30 19:53:46.169481,2026-03-03 14:07:23.823879
2420,2420,USPS,6562eb54-7e7c-4837-9097-8d2a23512c9d,2026-05-09 17:39:50.953574,2026-08-20 12:50:25.247939
2421,2421,UPS,5d99f350-0b01-455c-965f-1d606e013ec9,2026-01-06 19:07:55.828242,2026-05-15 03:20:00.856133
2422,2422,Amazon Logistics,8e0725f1-b2d7-4bfb-a37a-d3cfaa96f4ed,2026-06-23 21:53:12.124098,2026-08-15 04:42:00.507784
2423,2423,FedEx,06f5843b-f707-4525-bdb0-e94cbf85d5c1,2026-07-10 04:00:31.281165,2026-07-10 09:10:33.408495
2424,2424,Amazon Logistics,45890efb-544d-42ab-b0ca-f4a82fbe1bc2,2026-07-16 06:56:02.935824,2026-07-29 10:15:34.238633
2425,2425,Amazon Logistics,fa719033-dbf8-4259-b8b6-16918053979b,2026-08-07 05:22:57.445470,2026-08-09 22:44:09.307047
2426,2426,Amazon Logistics,4d5fc09b-06ff-4601-b8cf-9fd6278000d3,2025-12-01 12:57:39.281720,2026-04-05 08:19:26.597062
2427,2427,USPS,1af83338-c51f-49ef-898d-2e5991aa1c76,2026-02-20 20:11:51.925988,2026-03-01 11:03:51.666739
2428,2428,UPS,eae6d267-426b-4041-968f-8c623d0cdda5,2026-05-15 01:10:19.943531,2026-06-13 05:57:33.592957
2429,2429,FedEx,155154c6-3d6e-4772-9d45-ababc414cb2d,2026-06-03 09:07:23.488392,2026-07-06 03:13:12.887482
2430,2430,UPS,ac487cbe-1614-4849-a3c7-4c3f8d3a3ce5,2025-11-24 07:44:25.118408,2026-04-01 16:48:14.497828
2431,2431,FedEx,7bbb3f23-26a1-4acf-98b0-d7f9d1352837,2026-07-15 05:29:04.236974,2026-08-08 09:03:44.866107
2432,2432,UPS,173a0545-4cd8-4780-9466-2544164ea908,2025-10-19 12:50:11.761066,2026-05-21 15:34:39.923631
2433,2433,DHL,7e899d6f-9c5b-486d-bbb4-e795d0ad3603,2025-12-13 16:08:47.077914,2025-12-16 02:40:00.111750
2434,2434,Amazon Logistics,c410fa6d-d5b8-4578-85de-0674b26dbac5,2026-05-05 02:07:44.332617,2026-07-08 01:46:55.981203
2435,2435,UPS,eb70ad51-95e2-47e9-85bf-024e3b1de81c,2025-09-18 14:48:23.162857,2026-07-10 18:06:53.664705
2436,2436,USPS,e6aed92b-65f0-44b4-90c8-6ceae0e11bac,2025-11-03 12:27:09.471577,2026-05-01 15:29:01.019005
2437,2437,USPS,67ff0f86-5c6b-4199-8ec5-259edfc248ba,2026-01-09 09:43:51.301315,2026-03-31 05:33:15.691422
2438,2438,Amazon Logistics,12aefb65-9ba9-412d-a387-fa702b039407,2025-12-29 16:12:20.937316,2026-01-11 03:31:30.174790
2439,2439,DHL,a870b143-c689-4dea-8986-bcfc5918f9a3,2025-10-28 11:17:37.190295,2026-05-28 04:41:09.774937
2440,2440,UPS,54b415ab-eb72-4e12-8186-d4b8512e9914,2025-08-21 11:27:45.165483,2025-11-25 02:52:50.375675
2441,2441,DHL,e0fc4283-8a8c-4f8f-9a1c-d70dc38fe834,2025-08-25 00:21:19.578806,2026-03-09 21:42:28.642286
2442,2442,Amazon Logistics,ec711060-4a4d-4aaa-8f6b-1b82294385ee,2026-03-31 15:51:18.090279,2026-07-19 04:36:08.257721
2443,2443,UPS,78fb3bc4-2af7-408f-970e-ada99f97b48f,2026-02-22 03:43:00.511608,2026-04-08 09:37:32.900212
2444,2444,DHL,181c0ca9-e799-42f0-9566-0a627b73a346,2026-04-23 20:01:32.249763,2026-05-29 06:34:58.548909
2445,2445,UPS,8d57f618-4eb1-42ec-b4fe-3a1ee9e975e3,2026-02-08 21:46:25.044016,2026-06-09 13:59:20.316171
2446,2446,FedEx,e6508f7f-8be6-4220-bf02-77aa87ba5c8d,2026-03-09 06:24:07.770062,2026-04-28 08:28:32.968552
2447,2447,USPS,5b28f6d1-c7b7-4d31-9987-f171c620a20f,2025-10-10 07:36:53.502101,2025-11-05 07:37:02.120497
2448,2448,USPS,e08cd2d1-478a-48f0-bf82-cf3d5e4f4a59,2025-10-07 06:22:00.216758,2025-10-11 17:03:00.221988
2449,2449,UPS,c1a0ee00-1cc3-45c5-a527-f8f7e909f928,2026-06-13 08:20:53.464000,2026-06-25 15:48:53.231548
2450,2450,DHL,5643821d-8d29-4818-aa3f-4cfbea11698f,2026-01-23 00:49:22.875135,2026-07-30 00:40:40.197091
2451,2451,Amazon Logistics,884ffbaf-95c0-4773-ac71-7e52144eaf6c,2025-12-30 20:28:17.931494,2026-04-19 15:45:24.013157
2452,2452,UPS,4ce82210-4108-4023-a5e4-c23ca5a87b18,2026-06-09 00:14:01.128079,2026-06-28 21:19:32.202935
2453,2453,USPS,b19d8227-4875-412a-be04-3f8d3f64fd75,2026-02-26 11:20:55.893166,2026-04-20 17:12:06.862914
2454,2454,DHL,fdff4151-2949-4e69-b3f3-f3bda4acef7b,2025-11-29 04:44:23.736731,2026-03-27 19:16:11.550474
2455,2455,UPS,25a35f5e-2e33-4b03-b711-46cb46e60133,2025-11-27 05:46:59.964656,2026-06-28 14:03:50.254405
2456,2456,USPS,9d27e3c5-fe61-4d37-a0b7-19ae1b07b17b,2025-12-23 06:04:47.612710,2026-03-01 13:01:36.594785
2457,2457,UPS,5365a370-cf67-4783-8d59-fa806a1b9038,2026-04-21 10:05:43.303998,2026-07-17 09:37:42.583999
2458,2458,USPS,8a213463-9790-4fd0-9cdf-70d1eb0f97f7,2025-10-06 14:20:43.913457,2026-05-19 00:41:26.870748
2459,2459,FedEx,7d9fd839-41a2-4e4a-94df-34212f5276f4,2026-06-20 04:11:15.414895,2026-07-01 18:52:17.686588
2460,2460,UPS,e33728ca-5375-43ea-bfc2-35154a74e722,2026-03-13 03:06:31.425897,2026-06-20 14:13:14.642350
2461,2461,USPS,f0db7a67-367a-4fb0-a022-108fb67ed893,2026-07-12 08:51:46.748673,2026-07-21 04:51:28.136169
2462,2462,USPS,315eed1d-bb99-47a2-9690-35e21b0d1f1e,2026-01-29 09:24:27.753369,2026-07-06 23:02:33.825187
2463,2463,Amazon Logistics,e96f5949-6c5f-4dfe-8a54-042e0dbf19fc,2026-08-13 23:18:24.751685,2026-08-19 12:28:24.541332
2464,2464,FedEx,cfc4e1d5-671b-4587-9367-4eea6716e738,2025-10-19 18:58:16.138701,2026-04-04 16:25:19.398449
2465,2465,Amazon Logistics,d63b8f54-64c2-4699-ad1e-bc2e69fadb33,2025-08-29 08:18:36.895524,2026-04-29 00:02:36.953242
2466,2466,FedEx,f8ec59e5-b4e4-4878-bd00-c1510e5686fa,2026-04-24 11:12:35.944481,2026-08-18 16:42:40.691939
2467,2467,USPS,82c515c1-2ce7-40bc-8bf0-57322a44bb50,2025-08-18 21:13:15.831116,2026-03-15 16:41:53.945394
2468,2468,UPS,a35430a4-54a3-4806-a9df-87cfa793d5c7,2026-01-11 09:04:30.738824,2026-02-27 13:07:49.911644
2469,2469,USPS,f3abe3e3-3980-4472-993a-c2ca170d454c,2026-02-18 18:19:20.572780,2026-06-13 21:10:14.655977
2470,2470,Amazon Logistics,a2116013-7d6a-47a5-afc0-29af0ce32e35,2026-01-22 11:28:49.066663,2026-04-18 05:49:55.773785
2471,2471,FedEx,84ac2252-7128-473f-bc8d-396bfa00b442,2026-07-18 19:45:33.472065,2026-08-17 00:20:19.326953
2472,2472,UPS,e687f010-3231-47d9-bb8e-e6d580391f9e,2025-08-24 09:50:19.329674,2026-04-08 20:19:44.237744
2473,2473,UPS,6cdfd8d6-5fb1-44b6-b544-ac9bfc0d05e2,2026-06-18 19:31:32.630233,2026-07-28 07:56:02.020654
2474,2474,DHL,aecbb99b-e945-4347-9f05-40dba5cd2c18,2026-05-04 03:28:19.288369,2026-08-08 02:01:56.881406
2475,2475,FedEx,a0d3a48f-7ab2-4ed5-bd3e-3bdb05f904a6,2025-12-07 10:38:51.400645,2026-06-04 09:51:44.205781
2476,2476,USPS,988dce67-b892-416d-9ed5-05e7be37aad1,2025-11-10 16:46:20.162860,2026-04-20 11:07:55.237115
2477,2477,FedEx,ef29c509-9759-43bc-9047-418e3b1f1df7,2025-12-30 15:33:00.585861,2026-02-18 21:02:29.071247
2478,2478,USPS,06004142-5f3e-4f62-aa2a-ef9ba4ca8cc3,2025-12-17 16:38:54.569175,2026-05-14 09:09:29.793041
2479,2479,Amazon Logistics,5ec8a022-75d8-4919-b593-adbd6c9632a3,2026-01-29 16:34:25.360378,2026-03-26 03:28:18.112310
2480,2480,USPS,86a759b6-1fc6-45fd-b67b-38e38b560fa2,2025-12-11 09:09:46.335760,2026-06-06 12:35:32.763501
2481,2481,UPS,85286755-03f1-4f15-9f63-cd075a2e240d,2026-07-30 17:04:54.997977,2026-08-08 08:33:21.124817
2482,2482,UPS,b988ff34-b864-4bd3-a547-91df0494fb01,2025-09-07 05:26:44.715841,2025-11-28 23:21:06.436051
2483,2483,FedEx,274c2fc8-d35d-4626-9133-f3aefe6726ca,2025-10-10 22:39:38.830183,2026-02-08 23:04:19.386210
2484,2484,USPS,8180c9fb-a535-4a66-8f96-432a9c5d539f,2025-10-23 04:12:55.271812,2026-01-11 17:34:36.212270
2485,2485,UPS,0927820e-c57a-466f-90e8-ca42cfd2f51b,2026-04-14 16:48:04.601495,2026-07-07 08:30:09.674616
2486,2486,DHL,b7a328a8-9a06-43d0-95ea-772510c793f6,2025-10-30 07:30:42.688808,2026-07-20 21:12:18.776066
2487,2487,USPS,4c85a621-1fa4-47eb-852c-4884d0f6761c,2025-08-18 01:05:11.151924,2026-02-07 10:35:55.814716
2488,2488,UPS,b4a33266-109e-4a59-8f10-4bd5ff430015,2025-08-31 04:10:51.218260,2025-08-31 11:30:26.550182
2489,2489,UPS,abaf9dbf-b556-438c-98e4-8666ab528265,2026-03-08 14:25:45.895207,2026-05-18 17:12:32.672251
2490,2490,USPS,c472f4b5-b0e9-4a2b-b38d-cc8d34b8de66,2025-09-06 23:41:41.959133,2026-03-20 14:32:53.601837
2491,2491,DHL,478e6594-d49c-4630-8487-a2d8f9c67ecf,2025-10-02 07:16:54.225929,2026-01-06 00:00:13.599826
2492,2492,UPS,07ba6dcc-f80a-4023-855d-df5d72d56f22,2026-05-20 21:46:08.333255,2026-07-17 07:54:01.370592
2493,2493,DHL,29a4448f-9b67-4009-9945-2a76b0762c8f,2026-06-08 17:57:33.295634,2026-07-05 23:14:37.466550
2494,2494,Amazon Logistics,c00c409d-c1a2-4008-8617-4a98673e5823,2026-08-01 09:56:55.389894,2026-08-16 01:34:38.407352
2495,2495,USPS,130e4e78-99c4-419e-ac1c-65338f14ba52,2026-01-02 10:40:58.357654,2026-07-13 07:09:24.282274
2496,2496,UPS,f253451e-37d9-4d45-bfeb-29a2e0ba2a2e,2025-11-20 23:22:10.822130,2025-12-09 21:54:59.225330
2497,2497,USPS,556e47e2-9d98-4e5a-84d4-465796a8fb0a,2026-05-29 18:52:30.569184,2026-06-25 03:24:08.291662
2498,2498,DHL,6c6cd6d3-86d0-45a4-a356-9a1a80adbcbd,2026-08-06 17:33:52.195398,2026-08-08 23:05:11.073137
2499,2499,FedEx,53051f90-09ab-4e11-b118-a90981d886e0,2026-04-16 12:13:08.310879,2026-08-17 15:59:09.712292
2500,2500,Amazon Logistics,d0dda8ce-dde7-4b10-be1e-b5f2b077ddfb,2026-05-17 15:59:13.523709,2026-07-05 20:08:17.083372
2501,2501,Amazon Logistics,dd6d2a45-9b6e-457b-9318-fcba0e61a6ab,2025-08-30 07:27:11.390958,2026-06-23 10:19:33.929432
2502,2502,FedEx,82479ae6-4953-4046-bdb5-5f822a582e95,2026-05-18 08:27:33.059677,2026-05-28 17:48:50.575560
2503,2503,DHL,6a038a22-2e71-4f14-bf83-894c7a9b37f7,2025-09-20 11:52:03.769180,2026-07-11 05:41:18.507447
2504,2504,USPS,8e7d4e5d-9f81-43a0-a2d1-6859654479c0,2026-01-23 18:55:55.637327,2026-04-29 08:38:52.161927
2505,2505,FedEx,d8cb4710-4ee6-4a2e-8c04-4aa1e8f9e455,2026-06-23 04:08:23.621301,2026-06-28 13:46:25.564287
2506,2506,USPS,86340c8d-f40c-414d-813b-e563394dcdab,2025-11-22 16:10:55.154806,2026-04-01 15:55:02.133889
2507,2507,UPS,50330945-e8c1-4551-b868-f68959577760,2026-05-07 05:33:43.092545,2026-05-12 08:13:39.497290
2508,2508,DHL,2570b419-641a-4fff-81b9-8af377d0e51f,2025-08-14 06:34:35.825140,2025-10-03 14:17:42.443877
2509,2509,FedEx,1b55f898-85b0-4242-be4e-9b5154007e20,2026-01-21 16:11:50.776136,2026-04-11 19:29:45.810027
2510,2510,DHL,2d60f5a1-92c3-4b68-88e9-5a18ddc1f951,2026-02-17 02:58:43.147762,2026-04-05 15:38:04.470540
2511,2511,Amazon Logistics,82067aa3-3fd8-44db-baf0-6febebeaea42,2026-04-02 13:59:29.145827,2026-04-10 09:58:53.093545
2512,2512,Amazon Logistics,2fcf2426-5ea8-437b-b0fb-c78c0c8ace62,2025-10-22 22:27:33.929322,2026-07-24 18:49:12.705358
2513,2513,Amazon Logistics,06de4d1e-af43-4655-8c17-29abc581023e,2026-07-22 23:25:30.626583,2026-08-05 11:04:37.936018
2514,2514,USPS,e86f7a73-93af-4d75-8ca9-6ea9e3e1ffc2,2026-02-01 10:58:02.854624,2026-07-14 10:07:20.861538
2515,2515,UPS,7f9d0021-aa1b-441c-a6c0-371f2ed06ba2,2026-05-31 14:36:50.747319,2026-07-31 20:44:56.053694
2516,2516,UPS,f3918b49-3f0d-4a41-b385-8f427a29efcb,2026-05-21 07:37:30.517211,2026-06-09 00:38:26.874242
2517,2517,USPS,6e3cf130-c0fa-44a3-b9fe-a3e54adff4b0,2026-02-05 06:33:21.546149,2026-08-02 12:51:22.621367
2518,2518,UPS,89c94e3f-4661-46a8-af5f-ac7104d5bb5d,2026-06-02 05:33:29.103538,2026-06-15 02:17:12.421041
2519,2519,Amazon Logistics,66bfa571-bb64-4a04-9133-694db135e81d,2025-10-16 04:28:12.397747,2026-04-01 13:02:57.510761
2520,2520,DHL,8c27a14c-9f65-42b0-8507-3a5850752daf,2026-04-03 13:02:12.607964,2026-05-05 10:03:01.876611
2521,2521,USPS,fde4fe56-9dbe-4403-869e-4215061604be,2025-09-28 06:45:12.803218,2026-04-04 11:48:52.989368
2522,2522,DHL,c70a46dd-a573-4af8-9b4d-0f97842aca66,2025-12-21 14:06:21.745415,2026-07-28 08:27:40.254171
2523,2523,DHL,9fbd68b7-5385-4dca-987b-a137bf6acd00,2026-05-23 08:06:58.425684,2026-08-17 08:17:27.109428
2524,2524,UPS,50b907e8-dfa5-4a46-a609-14f1997d0407,2025-11-25 20:30:45.031057,2026-03-26 03:32:24.916682
2525,2525,Amazon Logistics,fc3f9c92-10f4-4365-b94c-5b26f7d1fe22,2025-09-16 05:29:35.801690,2026-04-28 19:44:33.514578
2526,2526,FedEx,6faf6059-43e6-46bd-9943-4d3d093a5c00,2025-11-17 15:16:10.066354,2026-04-26 11:52:41.809291
2527,2527,USPS,77a6ad39-075e-42ae-8343-a2d71a8627d9,2026-05-01 13:47:50.680300,2026-06-05 23:30:49.112836
2528,2528,USPS,9d1ca528-c525-4012-9148-9352eb035163,2025-10-12 20:48:17.462941,2025-11-21 10:23:56.881375
2529,2529,USPS,5a4c6914-2ecb-4ac4-9f76-14d0028a2581,2026-04-09 12:29:23.050709,2026-08-18 04:13:40.521734
2530,2530,USPS,4fc097ce-34e2-46ae-803b-641cf61259f9,2026-08-12 10:10:46.195048,2026-08-12 15:12:11.755768
2531,2531,DHL,906edb78-641e-4008-b9ac-d8233a2c0396,2026-02-14 17:32:27.760448,2026-07-18 05:14:46.141406
2532,2532,UPS,1e6b91aa-7de9-45f1-bb3f-1fbf4f8041a5,2026-03-28 14:04:10.543725,2026-07-12 20:43:48.159094
2533,2533,FedEx,7a3230c2-5d97-4ea4-83b7-7239c83e12b2,2025-12-14 13:41:32.855884,2026-07-17 20:21:26.763803
2534,2534,Amazon Logistics,c561e312-0794-4525-aa5d-ac96738c3be9,2026-05-28 00:25:01.656930,2026-08-01 08:58:32.703133
2535,2535,DHL,7881baf5-08e6-44bd-9ba6-19f92ed967bd,2026-05-04 19:20:07.413147,2026-07-10 14:55:06.502467
2536,2536,USPS,b659e0e7-c145-449b-9edf-c8035ede1a32,2026-05-24 21:16:33.737024,2026-08-15 21:52:26.844133
2537,2537,USPS,2c6461c5-2a88-4cb2-b896-b7a7187ac8fd,2026-04-21 16:33:43.087796,2026-08-06 03:29:48.730366
2538,2538,USPS,d6480588-9f17-4185-9f01-c6fc62dce1a9,2026-02-03 02:20:30.215789,2026-05-17 07:15:54.379451
2539,2539,Amazon Logistics,ae102523-747a-4171-be2c-b4eaf797f087,2026-03-07 03:06:28.969005,2026-05-20 20:51:38.108323
2540,2540,FedEx,fac305d4-0c54-4170-b2a4-18e6ad3b6995,2026-02-02 18:20:15.546772,2026-08-03 20:57:50.946676
2541,2541,USPS,1bbe6a12-90d1-4d99-a6e1-366beb388c62,2025-08-23 21:56:53.882306,2026-03-25 17:45:30.158519
2542,2542,Amazon Logistics,06b54f57-3051-4d77-aa3c-a76dafa74559,2026-07-05 01:49:32.683239,2026-07-19 22:17:43.957615
2543,2543,UPS,9b7419a6-f606-46f6-9662-04031d7230e3,2025-10-10 21:12:17.207450,2026-06-28 05:52:10.400668
2544,2544,DHL,650d1e1c-f4f7-4c71-8549-4f7969d6831e,2025-10-03 11:15:57.994548,2026-05-21 17:39:07.065275
2545,2545,FedEx,2b550d9e-af0e-4138-8b1c-b833aef25f39,2026-04-26 12:23:43.805564,2026-05-05 23:27:21.822699
2546,2546,Amazon Logistics,7bf437f6-e4bb-462f-8b73-09f3aea2239e,2026-06-29 13:35:26.473677,2026-07-16 14:44:46.736637
2547,2547,USPS,ee18fd7a-fe46-4350-b1b3-571e80ba569d,2025-09-29 18:59:30.604781,2026-08-12 03:12:23.353053
2548,2548,USPS,b2871607-6651-4ffb-80fb-8e797713f9b5,2026-02-14 16:17:06.856504,2026-07-31 03:37:44.200894
2549,2549,USPS,f117fa0b-2073-4c4c-86f4-5d4b3e2f4cbc,2026-08-07 00:58:11.225475,2026-08-20 01:44:54.317525
2550,2550,USPS,7154ecac-7598-41c2-990c-f8cc86f8d7b1,2025-09-10 20:40:16.967853,2026-02-16 23:32:55.742936
2551,2551,Amazon Logistics,96a66a10-d2e6-40f9-bd19-6c33da4f0233,2025-10-09 19:28:26.449827,2026-02-15 10:57:49.373475
2552,2552,UPS,b65445d9-b54d-49b9-b833-978b53c21303,2025-11-11 16:10:34.612767,2025-11-21 00:37:45.388013
2553,2553,DHL,f8411ea4-cb67-4c12-a9cc-96178cbd2139,2025-11-06 12:42:22.229708,2025-11-20 23:13:04.609764
2554,2554,USPS,450433c1-b25c-44da-a6c1-5ed0a02fa2bd,2026-07-20 21:21:07.914474,2026-07-30 15:14:54.423007
2555,2555,UPS,5c8ba0a0-6d91-4389-b127-bae1a145a6ab,2025-11-20 21:14:17.625925,2026-06-19 00:48:50.772249
2556,2556,USPS,299fdd8f-8b33-4df9-a0d0-cae1beff9b67,2026-04-13 06:20:56.697525,2026-08-15 00:28:32.857596
2557,2557,USPS,1030db7e-eda1-4c18-8b08-9005856714d8,2025-10-31 19:37:10.654532,2025-12-19 01:45:47.872778
2558,2558,Amazon Logistics,c1016251-129a-44ab-bdf1-1ec1e029cbee,2025-11-21 18:55:46.447994,2026-03-21 12:11:25.493744
2559,2559,Amazon Logistics,6b7e8221-f09a-4602-b83f-eaa1c60d2228,2025-08-31 13:16:58.993873,2026-04-04 19:23:14.076709
2560,2560,Amazon Logistics,5caec0a7-1f92-47bf-895e-c7c0d1e96083,2026-02-25 04:23:21.473741,2026-07-24 20:18:56.282876
2561,2561,Amazon Logistics,dcf10836-b1d0-403e-8efa-630c1d2de91a,2026-05-28 05:51:12.873005,2026-07-15 20:43:31.679444
2562,2562,Amazon Logistics,ac45f33b-db71-4375-929a-b48a605df41f,2025-12-13 13:23:52.143320,2026-07-11 19:53:29.335544
2563,2563,USPS,b3a92c18-aee5-4836-8c33-688c9be61c36,2026-04-06 22:02:06.328073,2026-07-27 15:53:29.464868
2564,2564,FedEx,7846588b-52bf-4531-b93c-87f15c6ea575,2025-12-05 01:29:09.728927,2026-08-09 11:34:44.722805
2565,2565,UPS,68e7f7b7-479f-46f1-ba35-dffb86aae42b,2026-08-09 07:30:50.101876,2026-08-19 21:05:47.215995
2566,2566,UPS,1f9cbe88-acad-432d-bbc5-fcd0674957ea,2026-07-20 07:05:20.549562,2026-08-07 15:40:44.366398
2567,2567,UPS,ad336208-1d1a-4e6c-b9b3-0b0d0269a81f,2025-09-05 00:30:25.952187,2025-09-14 21:56:51.921907
2568,2568,FedEx,6a2cbb2a-1224-43e9-bda9-48fa97d70f62,2026-05-15 20:53:23.864109,2026-06-17 08:40:01.267415
2569,2569,DHL,2d52bfe5-52be-47cd-a68f-3e61bb83a221,2025-09-18 05:28:55.041407,2026-03-31 19:38:07.950059
2570,2570,FedEx,694fae0b-964e-48f1-be8e-26641cc3ff66,2026-05-14 18:23:29.616136,2026-07-19 08:44:39.199291
2571,2571,DHL,ff495b15-ce35-4f65-803a-510bb1b23946,2026-06-17 07:45:38.086420,2026-08-19 19:01:19.704008
2572,2572,UPS,94f801c6-ed8c-456c-9902-8fc1b165ab86,2026-02-16 16:59:21.183354,2026-05-23 00:18:13.657976
2573,2573,FedEx,a4c0ad92-c752-41b8-94ee-fa21cb579c51,2026-01-09 17:36:33.481993,2026-07-20 22:18:47.582055
2574,2574,DHL,12cdd7ef-bb83-4bf0-a23a-c9eeeb50d338,2026-05-25 21:23:19.034151,2026-07-19 05:15:09.836462
2575,2575,USPS,a727ab36-611a-4253-a35e-870627a2b12c,2026-04-19 00:12:43.582048,2026-07-30 12:17:17.719129
2576,2576,Amazon Logistics,b3b40c4d-90f8-4053-8287-1b18364ce9a4,2026-06-05 21:03:08.065624,2026-06-22 07:26:29.484773
2577,2577,Amazon Logistics,8b8aeedd-7c2b-45b7-a6ba-d5afa191ed0e,2026-05-09 00:57:31.558599,2026-08-18 19:58:58.289568
2578,2578,USPS,b5caf07a-40be-4511-a59a-be9c0e616ac3,2026-03-14 14:01:40.802579,2026-06-15 09:38:48.192982
2579,2579,Amazon Logistics,6ec62dec-094e-4efe-8a74-11aaa0831dbd,2026-06-13 05:15:23.672689,2026-07-04 04:34:11.946687
2580,2580,USPS,16ed5efb-cb06-4f26-86a8-c0d0830b6b07,2026-06-03 15:44:34.957252,2026-06-14 15:36:40.591514
2581,2581,UPS,7fabecd0-63fc-45bb-9cdb-ee7b207f7714,2026-06-28 14:13:57.532720,2026-07-18 05:36:16.515504
2582,2582,DHL,6f931073-bd4d-4dfa-8dff-c511a8473eef,2026-05-05 20:18:27.433131,2026-07-23 04:06:24.629694
2583,2583,USPS,4525b28f-f6e2-4a0b-8f63-b50b36c87595,2026-05-19 16:11:11.376309,2026-08-10 16:30:13.676752
2584,2584,DHL,a1cf529f-75e7-4a54-b3f1-8ab6a9492990,2026-05-15 22:39:31.579004,2026-05-20 16:03:39.279777
2585,2585,Amazon Logistics,fb78fce9-eb6d-47ac-91c7-05338357d040,2026-07-10 20:46:54.477542,2026-07-29 12:04:54.848396
2586,2586,FedEx,eea1c44f-ee15-4f69-9f3c-29ea0f292586,2026-03-12 18:47:02.308641,2026-06-01 14:06:12.343906
2587,2587,UPS,186fade6-ffc5-4c6c-bbb7-838028e9c7b1,2025-09-24 15:01:06.203541,2026-01-31 18:40:54.173555
2588,2588,FedEx,582112df-7eb1-47e9-81e2-8b507aefc1d0,2026-05-28 16:06:08.599256,2026-07-16 18:07:19.450781
2589,2589,USPS,d7c7b50d-0425-420a-93a3-b602ea41bb48,2026-04-03 08:47:42.010015,2026-04-11 13:11:35.281120
2590,2590,FedEx,1a9acd6f-6c12-41ca-a994-67d1512e66c6,2026-03-16 10:11:34.508796,2026-06-24 06:38:51.227531
2591,2591,USPS,ff7a19fe-ad75-4a74-a632-00a842553435,2026-04-25 08:16:13.569992,2026-05-08 09:58:33.219971
2592,2592,USPS,fc08649b-9c27-4c93-8891-84356c56684e,2025-08-29 14:59:27.746865,2026-02-06 16:47:31.503028
2593,2593,DHL,041c8ff9-c390-4e77-aeda-853043cc075d,2026-01-18 18:04:50.468293,2026-06-06 12:13:30.446854
2594,2594,FedEx,107a1387-e5b8-4b1c-9479-51313aa18c20,2026-07-27 19:24:03.705724,2026-08-16 15:51:44.501330
2595,2595,USPS,a334846e-111e-410c-925b-0b9fabfeb449,2025-08-16 15:07:39.690866,2026-01-04 10:23:42.491519
2596,2596,DHL,74bc939b-a22b-45f2-be1d-beac06a0f0bd,2026-02-17 05:30:13.215227,2026-04-29 07:48:19.952499
2597,2597,FedEx,305636fa-0f9d-4b9d-b0c1-101fcbfe9835,2026-06-15 06:51:30.980821,2026-07-31 10:19:39.813855
2598,2598,DHL,65918e21-ebb4-4643-9b6e-83f90494220b,2026-02-19 13:04:19.957683,2026-05-02 14:24:23.404359
2599,2599,USPS,3539cbc8-2fee-49c3-9f5e-b353ef12b762,2026-03-21 06:48:13.089959,2026-07-13 21:33:52.585594
2600,2600,Amazon Logistics,fc3f87fd-a4fe-4668-b3a9-903a2d4cd205,2026-07-20 07:59:51.011397,2026-08-13 06:56:40.694980
2601,2601,FedEx,c939d893-f64d-4e3d-8cdb-201a0bce32a6,2026-02-07 23:08:14.155178,2026-05-05 13:30:52.185099
2602,2602,USPS,354fafa7-3a4b-4400-a1bf-d95a075e3397,2026-01-31 12:16:36.659712,2026-04-07 13:13:03.823607
2603,2603,USPS,27e47ea3-2a30-46f6-995a-ae9fa0735263,2026-01-12 00:13:52.858817,2026-01-20 11:10:26.961240
2604,2604,DHL,c9c5513f-8ca9-4811-a1b5-536401b19744,2026-02-21 15:41:34.869077,2026-06-18 16:10:06.119647
2605,2605,FedEx,8011a7a4-637d-42fa-8784-f73965b87378,2025-09-04 07:14:11.440641,2025-09-30 16:17:48.927934
2606,2606,USPS,9e5629a6-463d-44ca-bf68-e2fa2d4a207b,2026-01-22 10:52:53.647471,2026-07-18 22:45:43.387273
2607,2607,USPS,1f773f3a-89eb-4dfc-9336-5bbface0b73c,2026-04-19 03:37:03.363485,2026-05-05 04:04:38.374160
2608,2608,FedEx,b0664140-386c-4c26-acd2-f3232ddceca2,2025-12-03 17:34:11.509464,2026-07-21 16:05:09.761475
2609,2609,DHL,ba41dc0a-f7fe-4b9b-9df1-ce440687faef,2025-12-08 06:25:53.005069,2026-08-01 19:04:21.980733
2610,2610,UPS,75a66763-1d19-4b96-999e-4858189872c3,2025-12-28 02:33:44.874269,2026-05-22 17:57:43.455657
2611,2611,DHL,b1ddd009-82bb-438e-9d4a-425f0363cd96,2026-05-17 18:13:12.074493,2026-07-02 20:16:53.441158
2612,2612,FedEx,6606dae2-1c03-4d5f-b80b-e60ee31b6f44,2025-09-01 08:42:20.105880,2026-08-06 00:46:16.908983
2613,2613,UPS,eed21bee-5c05-41f1-bc38-4ec8d4e6b2fe,2025-12-21 07:23:11.287553,2026-04-17 15:20:25.257158
2614,2614,USPS,c4eba6ef-673e-4c09-a096-0684b0749c4d,2025-10-29 17:17:12.063907,2025-12-12 08:39:56.157131
2615,2615,USPS,cbbf29c7-987a-4437-b77a-e851575e9cb6,2026-04-25 17:02:19.085995,2026-07-27 18:00:53.621160
2616,2616,DHL,002e8b2b-915c-41a5-8ee1-c0ca0f018e09,2026-07-05 12:50:30.692376,2026-08-10 20:49:40.012158
2617,2617,DHL,c51a7f27-97f0-4da5-8161-912943f7de80,2026-04-14 08:34:19.876616,2026-04-19 05:06:32.880770
2618,2618,Amazon Logistics,2af62adc-1ad9-4c79-a53f-d0ba3c96bfda,2026-01-12 21:48:31.116400,2026-04-30 15:29:48.869633
2619,2619,DHL,f824ab0a-d6f1-4e8f-b024-214a877ece08,2026-01-27 21:33:31.390353,2026-08-15 21:51:12.029376
2620,2620,USPS,d1e81972-ef40-4da6-89fb-2ce1dfdf0601,2025-11-02 19:26:42.550458,2026-02-27 17:59:43.214627
2621,2621,DHL,08732045-db65-4abb-b23c-e7a36f731c88,2025-08-14 21:38:31.940419,2025-09-19 17:53:46.460819
2622,2622,FedEx,6f8420e4-7d4b-4b72-adbc-b95f1c13b02b,2026-03-04 14:01:24.510096,2026-04-27 05:36:00.864989
2623,2623,DHL,52ead150-4ceb-4300-8d5b-9ac8ed1438cb,2025-11-14 09:27:38.904223,2025-12-04 16:17:21.764894
2624,2624,FedEx,88766093-ada7-4f12-b599-1fb3c3c8c43e,2026-06-18 19:51:33.234089,2026-08-16 13:17:59.133392
2625,2625,DHL,f43a0750-9de9-4f84-9c9f-c52d2caaca2a,2026-07-13 23:12:06.532317,2026-07-28 07:24:25.017012
2626,2626,Amazon Logistics,db6376d1-f969-4c4c-8f46-9d8126e1528c,2026-07-01 20:04:35.294668,2026-08-11 11:11:39.044297
2627,2627,USPS,89677a3b-2ea2-4913-a826-674b85f41dab,2025-08-30 07:07:29.034227,2026-04-10 17:08:52.694816
2628,2628,USPS,ac9955d7-db1d-4c23-be5e-31f80f65d28d,2026-01-24 07:51:11.361769,2026-06-15 17:19:30.721457
2629,2629,UPS,a4329185-766c-488d-bc7a-01da0374404d,2025-12-18 05:48:03.318171,2026-03-13 20:47:00.738264
2630,2630,FedEx,5f78cac4-7fc2-45dc-9900-d20120405039,2026-05-28 21:02:35.481797,2026-06-02 16:46:23.724879
2631,2631,UPS,7b727343-1c4d-42a2-a392-deffe703f90a,2026-05-13 04:57:24.459806,2026-06-23 10:14:35.846853
2632,2632,FedEx,1a41e148-2c76-4a38-8482-a32ab747847f,2025-08-23 09:12:00.452452,2026-02-05 11:14:09.563082
2633,2633,USPS,e617d2bd-79ca-47b6-8f35-4350e0f1bb66,2026-04-22 04:31:20.513611,2026-07-01 16:20:23.111335
2634,2634,UPS,ae5356bd-f51c-49d8-a7f5-6f16449d6275,2025-11-27 23:32:00.675045,2026-05-09 07:26:52.881233
2635,2635,Amazon Logistics,92b64748-ce5c-4496-a9df-5dd2970994c7,2025-08-23 11:45:15.532051,2026-07-15 00:51:00.777575
2636,2636,FedEx,57b94810-97f3-4a9d-8054-ce263d4c31d0,2025-10-25 22:13:14.884742,2025-11-23 16:21:21.315442
2637,2637,FedEx,c035c194-6180-4c52-b783-5ee3596acd67,2026-01-22 07:04:55.153558,2026-02-23 07:31:27.338406
2638,2638,Amazon Logistics,e8d445b6-0add-4c48-a0a9-0d4547cd8d8c,2026-06-06 08:39:23.037181,2026-07-25 16:55:31.042650
2639,2639,UPS,7aceb57e-2dfb-48f8-b158-a82ed5d496ed,2026-08-03 22:32:53.200744,2026-08-15 15:29:12.195734
2640,2640,USPS,1f28ec3d-c408-4f7f-9d18-172208cb968f,2026-06-17 20:22:31.170154,2026-07-14 10:01:58.639050
2641,2641,DHL,2f2f9f6a-369e-411a-b245-fca8c14c35db,2026-06-23 03:07:44.521290,2026-08-05 18:46:03.793196
2642,2642,USPS,1a119e9e-b0ee-48c8-92d8-17d1fd6d1bbc,2026-02-18 04:34:37.487146,2026-05-26 20:24:52.404527
2643,2643,FedEx,d3e45446-3b9d-4cbc-9711-622aadf03f90,2026-07-23 12:37:41.492660,2026-07-27 16:26:35.550133
2644,2644,Amazon Logistics,04c8fc7c-bb6d-459b-aeb9-992d57147d6a,2025-12-28 10:11:03.594509,2026-03-03 21:40:09.149176
2645,2645,UPS,2bff9463-0d3d-46d6-9959-b81deaa7fb33,2026-06-17 11:11:39.286033,2026-06-25 00:24:01.646252
2646,2646,UPS,34559a13-8104-4872-9b5c-79cc7baa6304,2025-11-09 04:59:48.324300,2025-11-21 20:12:37.655660
2647,2647,USPS,87e6ea84-44c5-4626-a507-e2186bb0c823,2025-11-06 17:56:18.577727,2026-01-22 10:18:42.633072
2648,2648,UPS,e08a8119-0cf2-4591-8930-15805336e24c,2026-01-15 18:59:16.822232,2026-02-17 16:11:00.074347
2649,2649,UPS,2698de45-2233-49c6-b0a1-01414111f923,2026-01-30 00:22:00.170335,2026-05-09 13:33:26.448194
2650,2650,Amazon Logistics,a1d369cc-493e-44e1-a6ba-07da23be6664,2025-08-20 02:44:49.966698,2026-07-05 22:40:18.075246
2651,2651,USPS,5f8bdf52-216f-4591-8615-883f6c423e14,2025-12-19 11:36:00.157062,2026-01-07 12:55:55.310900
2652,2652,UPS,a39bb723-36ae-4aee-8c99-fa0354a2f9c2,2026-01-26 06:35:39.666122,2026-06-09 00:18:57.267928
2653,2653,Amazon Logistics,909dd2c6-55d5-48d6-9b4c-004447428f03,2025-12-21 07:33:52.879592,2026-05-08 06:11:46.950400
2654,2654,Amazon Logistics,30eb63ff-acc5-4a5d-8e12-b1fd6a559246,2026-03-16 07:12:01.590921,2026-08-18 16:28:05.926089
2655,2655,DHL,638198c2-9cbd-40ec-bec4-4d49fc30b79c,2025-11-07 16:50:39.586640,2026-06-14 13:58:23.468240
2656,2656,DHL,24803700-5ef1-439d-b827-79d84b05e56e,2025-12-30 07:39:22.261017,2026-04-01 15:11:02.394951
2657,2657,DHL,60e93688-b985-49b5-8c33-daf06cca1dc4,2026-05-18 05:24:26.931219,2026-07-25 20:11:06.763237
2658,2658,USPS,c9acee2e-af5d-4ae2-b164-20dd20090285,2026-07-31 08:57:49.558682,2026-08-04 17:00:42.237535
2659,2659,FedEx,01b71703-ab3a-423b-b65c-f1af29ff5186,2026-08-01 15:43:33.851249,2026-08-18 12:00:09.187700
2660,2660,Amazon Logistics,c3e0d191-be0c-4829-8d1e-40c07dfe8e15,2025-12-29 08:14:27.887240,2026-05-27 23:50:02.687311
2661,2661,UPS,eb35ec21-4521-4a31-b250-19761a21c1f6,2025-09-01 21:16:36.888917,2025-12-13 10:29:26.294146
2662,2662,FedEx,f8ad7e79-556a-41e4-9256-12919f51dd06,2025-10-21 22:50:26.736854,2026-02-25 00:06:40.755203
2663,2663,FedEx,52e65ae2-0243-45ee-9c94-ef646f7c1ecf,2025-10-24 08:50:25.338434,2025-12-05 18:57:48.000733
2664,2664,Amazon Logistics,a94a276a-0e66-40e2-8738-89f53f3206d4,2026-07-15 04:24:49.962836,2026-08-14 14:53:39.847653
2665,2665,USPS,6e25a261-af78-4f8d-89b6-2b63857273e3,2025-09-10 01:08:18.370996,2026-01-05 23:27:05.574547
2666,2666,DHL,33037a73-26a4-4e88-8083-be242dec7244,2025-12-12 10:38:59.422553,2026-03-19 09:52:23.833096
2667,2667,DHL,1dbba2b8-bfe5-46bc-b089-3a4499ee13a4,2026-07-04 02:33:37.475079,2026-08-08 12:07:25.493474
2668,2668,UPS,fdd13e25-2b53-4df9-9f3d-b264329871db,2026-02-27 17:55:46.458419,2026-03-07 11:31:42.434550
2669,2669,DHL,fad2293d-8d78-4a9a-9567-743027c0f4ee,2025-11-24 20:40:23.580762,2026-02-20 20:37:53.092992
2670,2670,UPS,3842e845-5102-4339-bdcd-74d77be75c27,2025-08-26 11:11:14.784085,2026-07-22 10:22:47.782164
2671,2671,UPS,52f4806f-0e33-4ae1-b15f-7c73fcddd71e,2026-07-06 10:25:16.575223,2026-07-28 12:08:45.556425
2672,2672,DHL,0b8dffad-40e7-4efc-ad86-ec827e48523f,2026-03-10 16:45:34.678984,2026-05-02 09:59:37.128189
2673,2673,Amazon Logistics,5515acae-55ca-4ffc-9f09-5ac07d8bab3a,2026-07-21 03:02:51.736452,2026-07-23 11:46:33.348831
2674,2674,DHL,500a4bee-c3e4-4552-9e67-492fce8d06d2,2025-12-26 17:45:15.449492,2026-03-17 08:26:28.597847
2675,2675,USPS,8390e889-563f-4a1b-a672-d0830036fe31,2026-02-06 13:24:38.879451,2026-07-09 05:30:48.099341
2676,2676,UPS,08b51ae2-913c-4d0b-9479-8f01d9afed22,2025-08-28 21:44:11.675833,2025-10-05 13:47:30.350506
2677,2677,Amazon Logistics,34886cf4-9f91-42fb-9676-f9febe86cc0c,2025-09-08 15:59:35.681470,2025-11-02 05:28:33.215059
2678,2678,Amazon Logistics,9e198931-ac8f-49f2-8df3-9526c02b3c81,2026-07-01 05:41:58.127754,2026-07-24 13:51:50.166245
2679,2679,UPS,4916e573-8959-493e-949d-715993b9baed,2025-12-10 15:41:46.715210,2026-04-12 21:25:05.397721
2680,2680,UPS,98e89ea1-3c9b-4c27-97ee-5b4d38a45bf5,2026-04-10 02:44:15.360058,2026-05-13 02:54:22.803815
2681,2681,Amazon Logistics,68b5f86e-a347-45eb-a271-f49cd3dc6cbe,2025-11-05 05:04:05.704866,2026-05-31 17:28:10.700775
2682,2682,Amazon Logistics,aa278be9-4fdb-4089-981d-55fc90fb87b5,2026-02-28 15:56:28.450101,2026-08-15 00:03:48.333531
2683,2683,FedEx,a63aeda8-a8ab-4f06-94ae-a4bb335b9d3e,2026-02-10 14:49:52.708387,2026-03-02 22:48:46.799367
2684,2684,DHL,1eafba32-4829-45ea-879f-b793e1147e25,2026-04-15 19:53:25.331104,2026-07-05 13:41:52.577324
2685,2685,DHL,6ca23383-7a18-441e-b4e6-09403c4e414e,2026-08-07 17:42:47.835225,2026-08-10 06:32:19.953796
2686,2686,FedEx,2d744b26-5c6d-4689-bbe8-fe980f80b4f7,2025-11-24 01:33:34.120578,2026-03-31 05:23:53.379279
2687,2687,USPS,f4dd2af1-b9f4-4583-8872-6f533af016ba,2025-08-31 03:05:49.676713,2025-12-05 18:28:19.567181
2688,2688,DHL,149cc66d-c3f3-4e4f-bafa-8b00e912e53e,2026-03-01 21:28:47.222139,2026-07-30 09:34:22.759659
2689,2689,USPS,9984cdb4-471e-4319-a7a2-7e4754af58ba,2026-07-12 06:34:13.263931,2026-07-19 18:22:27.108153
2690,2690,UPS,8cfa80f1-82d8-4cd9-b494-9c2283dcf2e7,2025-10-29 06:12:35.344244,2026-07-17 12:54:52.910414
2691,2691,FedEx,795124e5-fe55-4f55-a396-0b90873ba8f0,2026-08-04 21:32:30.119234,2026-08-15 15:51:53.412419
2692,2692,DHL,15b1e07d-81bf-4ed4-ab55-57e160276273,2026-07-03 14:55:42.392004,2026-07-16 22:51:03.942258
2693,2693,UPS,1de4e748-6fd1-4e0e-8606-aa65bc5557f0,2026-05-14 06:13:41.313340,2026-05-31 15:12:37.543624
2694,2694,Amazon Logistics,242c471e-f9c0-4999-8756-80e7202555ab,2025-09-29 22:10:09.757336,2025-12-17 23:02:58.651036
2695,2695,FedEx,3e4f7438-5ddc-4104-927f-87385ca0a508,2026-01-13 05:31:46.799507,2026-05-22 23:02:37.946578
2696,2696,USPS,76543104-f12b-473f-887b-f70a14a2ca17,2025-09-15 04:25:45.705568,2026-05-06 18:00:21.004458
2697,2697,DHL,4fa5a055-904d-40bc-b923-f20d22e8218c,2026-01-22 21:55:34.041779,2026-02-11 08:13:39.799856
2698,2698,Amazon Logistics,fd3a5dd0-8016-4ee3-aba5-6bbf6a1bfb0a,2025-09-27 18:18:57.534210,2025-12-08 03:11:17.732702
2699,2699,UPS,011f9149-e4ca-453d-9c1e-9c4e96d534f2,2026-04-13 04:17:42.661034,2026-06-28 18:13:01.360794
2700,2700,UPS,a19e7248-30c9-4cfe-8018-dde3c75d5d72,2025-12-12 14:12:09.225831,2026-02-21 20:24:42.279095
2701,2701,FedEx,805bd3e5-aca3-49e4-9090-e9980c9f8f1d,2026-07-01 08:38:48.087542,2026-07-24 16:01:51.775334
2702,2702,FedEx,1c33972a-ac78-4f41-ba41-318a5ccb5002,2026-04-27 10:46:13.277508,2026-05-19 23:31:19.176686
2703,2703,USPS,0b9a88bf-6171-432f-b5e1-9225e05dfa7d,2025-11-20 12:07:14.670737,2026-07-18 18:08:49.198320
2704,2704,UPS,8fd27d34-ac94-43c4-9776-80099d2ff1ae,2026-02-28 05:05:00.676107,2026-07-30 22:43:36.258577
2705,2705,UPS,6adf0f79-9ea4-418f-b4f1-01dd30f0de28,2025-11-01 18:14:13.014091,2026-05-17 12:30:28.936401
2706,2706,FedEx,3b580b4f-d545-4e5d-922e-a3db910a7621,2025-12-01 10:15:04.834589,2026-06-05 00:52:14.321888
2707,2707,UPS,1bd3ae19-f9fc-4ca1-8861-198a102ca951,2026-02-15 07:50:59.319413,2026-03-26 05:19:05.356256
2708,2708,FedEx,9fade4a1-9285-4b07-9cde-3494dc83e2d0,2025-12-17 06:45:03.841377,2026-06-22 23:05:55.081552
2709,2709,USPS,00961de5-f5ec-4fdc-a66c-e93ae48168f7,2025-09-09 20:41:16.136820,2026-03-08 01:40:46.839203
2710,2710,DHL,7a24393f-4d88-439b-96b4-c441826be8ee,2025-12-20 15:26:54.153754,2026-07-12 13:13:39.072097
2711,2711,UPS,d8997f9c-990f-492e-a0e3-a5b04cba67bd,2025-12-31 01:59:18.109508,2026-05-04 13:21:12.195637
2712,2712,DHL,fe07a9db-748f-48d8-8c47-5864797cc871,2026-05-28 22:40:14.068659,2026-06-04 16:11:44.275257
2713,2713,UPS,3d267262-2dce-404d-bcdb-0b67c49f72da,2026-07-31 07:54:58.023914,2026-08-16 06:51:32.664996
2714,2714,DHL,026a169c-aca7-4196-b462-bfea44d86c6c,2026-07-09 04:37:09.545244,2026-07-24 03:44:18.795578
2715,2715,USPS,b93b11ce-f577-404b-a50a-1adcde048390,2025-09-09 14:13:10.209701,2026-02-03 18:25:45.084960
2716,2716,FedEx,28b66a60-a409-4a44-8bc0-bb99b465a977,2026-04-15 06:26:54.628794,2026-07-26 23:35:10.733383
2717,2717,UPS,ef0df65a-fec3-4004-9a5e-f93c42691c6b,2026-07-27 06:22:57.458142,2026-08-09 18:18:25.557763
2718,2718,Amazon Logistics,5ce88011-c9da-4e39-821b-44294a1e1e19,2026-02-12 09:30:09.804770,2026-06-08 08:52:32.615538
2719,2719,UPS,c54afe62-cf1c-4955-889c-8aad7fe1d061,2026-05-16 12:27:17.619986,2026-08-04 07:15:41.630486
2720,2720,FedEx,a7500334-2f6f-42b3-b7bf-645b6c9c57da,2025-08-14 09:13:37.357497,2026-02-23 11:45:58.074175
2721,2721,DHL,77fb0c93-718f-4daf-8604-bc3e3881f29e,2026-03-22 14:38:07.337728,2026-03-24 07:42:20.966584
2722,2722,USPS,2b8bf815-f391-4b8f-85b9-a2b45f46d62e,2026-02-07 09:21:17.555988,2026-04-05 20:20:04.716157
2723,2723,DHL,66cd4417-9d6f-4682-afa1-f5eec6ebdf35,2025-08-15 22:18:24.423347,2026-06-25 16:19:28.712941
2724,2724,UPS,394e6b79-1190-40c8-ab06-a75fef42a34d,2026-01-29 15:35:00.087387,2026-08-07 14:58:09.562594
2725,2725,DHL,2de8b3dc-6feb-42b4-9ea3-e6588d96dc90,2026-02-22 06:04:00.726888,2026-06-07 12:32:49.277726
2726,2726,UPS,c148d335-1e4c-488f-9c83-745b6e17bc50,2026-04-09 02:02:48.552609,2026-06-27 05:50:17.584689
2727,2727,Amazon Logistics,6627622c-2e4a-4e66-a207-cd21c2a6e0a3,2026-05-08 13:17:52.116856,2026-05-28 02:48:21.969788
2728,2728,DHL,e808319b-6a45-45ed-805f-8efb6f0d6144,2026-04-29 23:30:02.303985,2026-07-28 05:56:02.357855
2729,2729,DHL,fb3debdd-fb66-40bf-b830-272374c6f942,2026-01-18 09:21:34.836504,2026-05-07 05:21:49.375855
2730,2730,FedEx,dad46343-38ac-43cd-a980-eeb870fd2cbc,2026-06-21 09:17:07.175012,2026-07-06 06:36:00.107826
2731,2731,FedEx,56e4409a-105b-474c-a076-246e323080cb,2026-03-13 22:26:15.767589,2026-08-08 04:09:49.057666
2732,2732,UPS,544f2c4b-d533-45e2-ae1b-a46edccae89d,2026-06-09 14:28:46.159110,2026-06-15 12:32:16.956950
2733,2733,FedEx,aa04ae61-1d9f-43e3-914c-b9fa726556b6,2025-12-09 03:54:55.274022,2026-06-21 14:05:36.774426
2734,2734,DHL,5b4d163e-109d-4239-9f8b-253fe8133d54,2026-02-07 13:08:18.697077,2026-06-09 00:48:02.567882
2735,2735,USPS,4ad95774-c459-44a2-b82d-8e0b70d969a5,2026-05-03 00:02:13.769972,2026-05-28 08:57:03.859963
2736,2736,USPS,d9081f81-7589-4e56-be31-0b2308dd89ab,2026-06-24 11:39:28.081136,2026-08-09 00:06:55.540787
2737,2737,DHL,503fea6b-56bf-4da4-ac56-f9092a092ad2,2026-05-06 06:36:31.538895,2026-07-18 11:51:36.943017
2738,2738,DHL,2a51bcf3-4750-4dc2-9dad-2f099d48a906,2026-07-27 00:13:29.336724,2026-08-02 13:01:08.970413
2739,2739,USPS,c014cb05-884f-4d1b-8c42-252c36fa33e9,2025-09-01 16:15:58.091335,2026-08-18 22:11:03.918505
2740,2740,USPS,ddd99eac-dbda-499f-bb1e-3fbe795fff90,2026-06-20 00:33:23.747613,2026-08-08 16:28:17.243409
2741,2741,FedEx,70285518-3a91-4340-9f3d-08fb2a5c9eee,2026-06-26 01:00:58.391947,2026-07-08 02:01:05.842622
2742,2742,Amazon Logistics,c426f4c2-b35e-461c-aeb4-463bce8d7be4,2025-08-25 22:12:29.774811,2026-06-30 12:12:03.285822
2743,2743,FedEx,b550d19c-3cac-48dd-aaf3-3318993b93b6,2025-11-14 10:57:33.631492,2026-04-20 08:56:35.536825
2744,2744,FedEx,1ed3d627-5f30-4085-9530-54d69aae4a2d,2025-09-20 02:09:13.503318,2026-01-15 00:58:34.477159
2745,2745,UPS,3511cf90-ed65-4cd0-84d4-f140c7133173,2026-06-21 11:59:33.147449,2026-07-24 17:09:22.344314
2746,2746,DHL,be726ceb-0a18-4bce-baa2-69029c195b22,2026-02-26 08:15:15.935112,2026-06-07 03:12:59.887600
2747,2747,Amazon Logistics,6add5cb3-5b53-48fd-9c81-d783d30ec1c6,2025-09-05 15:34:32.588603,2025-12-18 05:47:27.655058
2748,2748,UPS,95307feb-b938-4c43-a097-38ff7082b506,2026-02-02 20:27:13.509302,2026-02-25 16:40:40.743455
2749,2749,Amazon Logistics,7f6b1cbb-8040-41d6-ab6e-6f75e530b1de,2026-06-10 05:48:32.020693,2026-06-13 05:59:24.373754
2750,2750,USPS,2c558a3b-b147-4f99-b57b-540455bd0609,2026-02-20 22:43:48.016108,2026-08-17 23:10:37.437132
2751,2751,Amazon Logistics,dfcddf09-228c-4d0e-898e-38d31e8f76dc,2026-08-13 11:49:15.710981,2026-08-15 22:09:22.755602
2752,2752,DHL,1fe6e791-8b2f-4e12-8c39-d908cfeaea7a,2025-10-05 23:17:38.334546,2026-03-31 08:33:37.827523
2753,2753,FedEx,368961d5-50c6-47f8-864a-c7d1f487adae,2025-08-30 22:43:57.150615,2026-05-18 14:54:17.511336
2754,2754,UPS,34486e5c-dc25-4f72-8564-fdf0eae94977,2026-05-08 12:28:42.545635,2026-05-08 23:35:59.819181
2755,2755,Amazon Logistics,4b8a78f3-7eb2-4eaf-afeb-02214d587193,2026-05-13 16:29:00.588405,2026-05-19 19:10:02.736321
2756,2756,FedEx,78077a30-1ac0-40ab-9bf8-be85f9a4883e,2025-08-20 12:47:28.721052,2025-12-10 13:27:56.117638
2757,2757,USPS,efe3e4a7-4e27-46b7-b356-d0c0731640ab,2025-08-22 00:59:03.837137,2025-11-16 06:29:36.725561
2758,2758,FedEx,32e10aba-9946-42cf-a2a7-44aed6a93d26,2025-09-13 20:25:41.172362,2026-04-18 23:05:51.584006
2759,2759,DHL,88a3d058-34f1-4bbf-8313-9199aa00a16c,2026-04-27 10:07:39.563719,2026-05-09 10:15:35.727104
2760,2760,USPS,da5b7c99-42ca-4b7e-94cd-ec5d73dbf66b,2026-04-20 14:43:28.750327,2026-05-01 11:38:46.991131
2761,2761,UPS,40abbc78-56e5-4a5c-beb8-2f2befc7435d,2025-08-13 22:05:39.420916,2026-07-23 14:48:54.385880
2762,2762,Amazon Logistics,a497a550-cb46-4d6d-bd77-a492bc8cf290,2025-08-30 11:33:18.377184,2025-11-22 02:46:23.896163
2763,2763,Amazon Logistics,f446cae9-6cb1-430e-802b-fec3c2c1c2b9,2026-04-14 17:45:20.909096,2026-06-29 03:32:15.503407
2764,2764,DHL,14c450a7-34f1-47a8-8bcf-888c24b90d16,2025-12-15 18:41:57.045564,2026-06-11 13:16:51.942864
2765,2765,USPS,184609bb-a8aa-4b68-a080-c4ccc09d88fc,2025-09-11 17:54:56.486262,2026-06-26 19:00:34.030099
2766,2766,UPS,8a382060-54e5-432a-a8de-7291830c1a19,2026-02-13 21:46:40.110098,2026-07-30 06:14:34.220548
2767,2767,Amazon Logistics,296f7b7e-c583-4741-b9b1-b5c5e5f3c404,2026-01-13 14:33:32.489189,2026-02-18 18:58:40.910710
2768,2768,USPS,9d223f9f-76a0-4669-a09d-1b816fa30932,2026-06-16 16:54:31.775402,2026-07-30 12:39:07.758451
2769,2769,UPS,522dd0fc-39cb-43aa-8108-62a305c0f49a,2026-04-18 02:33:22.446561,2026-08-02 06:44:37.990638
2770,2770,UPS,08fc9814-6f07-4390-b8e7-8e239fd8bb5d,2026-05-23 06:50:02.393779,2026-05-31 03:07:23.330333
2771,2771,DHL,340a0c46-bec6-44b9-8d35-ed2ccee505e5,2026-01-01 00:24:15.954635,2026-03-29 02:08:27.242539
2772,2772,DHL,2fe94d9f-a86a-4b9c-a623-8b6db61ee7ed,2025-12-09 13:15:51.012735,2026-03-31 14:57:24.876725
2773,2773,Amazon Logistics,95593204-c7d7-4200-a128-7ef66b94f271,2026-07-15 04:55:06.488838,2026-07-17 13:06:56.094284
2774,2774,UPS,34ff1e17-e7b0-4926-9bf2-635dde896b85,2025-10-14 16:41:35.587842,2026-07-16 16:59:23.971596
2775,2775,DHL,1f7a7718-998a-425f-a728-1165a28612e6,2026-06-19 05:46:58.948172,2026-07-22 19:54:49.149195
2776,2776,USPS,72b73722-2e9c-4014-999c-e31592f8d21c,2026-04-23 18:11:47.453657,2026-06-02 15:28:34.650114
2777,2777,Amazon Logistics,fbecfaab-7775-44ab-8aab-b3fc559ddf17,2026-06-05 22:55:30.425148,2026-06-19 12:18:29.359793
2778,2778,UPS,8fd70be4-f066-4248-b2e2-467d39c9e51b,2026-02-19 22:08:55.989196,2026-04-30 23:10:59.418748
2779,2779,DHL,da9dd72b-7285-45e5-abca-687f28a5bca8,2025-09-20 13:49:36.646702,2026-03-08 18:24:12.247799
2780,2780,DHL,548938e3-8460-48a2-9cde-ae793204fd82,2026-06-20 17:14:31.318334,2026-07-19 03:42:08.569332
2781,2781,Amazon Logistics,da1812a3-aea8-4e54-98b8-313ea2fd7fc8,2025-09-12 05:34:06.810199,2026-05-11 07:33:24.746677
2782,2782,DHL,3e0babd0-14a9-40ea-b7dd-447323a5808f,2026-01-28 18:59:04.718553,2026-04-26 02:04:27.758969
2783,2783,FedEx,8e6b04a1-53fc-4fef-95e3-d54e0c3b039c,2025-09-22 05:26:27.375521,2025-12-11 14:32:15.961358
2784,2784,Amazon Logistics,4e892337-bfda-4a4e-93d1-d82906f4d2f0,2025-10-01 15:17:26.352212,2026-01-14 19:32:42.439719
2785,2785,FedEx,53aa3edc-a9bd-48da-9a3d-18f0d5c0b6e4,2026-06-29 06:27:48.780208,2026-07-27 10:53:27.138474
2786,2786,UPS,dcf037be-e127-4510-99d0-326952892006,2026-01-22 11:54:06.033004,2026-05-20 05:46:50.350023
2787,2787,DHL,607ed71f-f43e-4fe7-97b6-085c0b46229f,2026-07-07 11:46:51.863757,2026-08-12 16:47:37.738277
2788,2788,DHL,88b15646-b1fc-43d2-ab74-b041a1602b6b,2026-03-04 06:43:43.132944,2026-06-17 10:23:31.107954
2789,2789,Amazon Logistics,ced303df-2e50-4f06-9172-db670a910e9f,2025-10-25 04:37:15.139440,2026-07-08 05:12:20.568596
2790,2790,Amazon Logistics,50254333-64e7-413d-beb3-cfc2c190a3ae,2025-11-18 23:32:53.086667,2026-03-06 17:04:49.681206
2791,2791,DHL,91333146-f9ad-451f-af45-e6ac17b18f5b,2025-10-21 01:39:22.563141,2026-03-06 12:48:00.098661
2792,2792,UPS,3b15c83e-62dc-422e-8e7e-076b709831c7,2026-05-17 12:01:38.028780,2026-07-02 14:47:22.101803
2793,2793,USPS,eb7f1d69-d10b-4d6f-8694-4720567640ec,2026-06-02 21:29:17.340906,2026-08-08 06:28:08.024269
2794,2794,USPS,e438b417-fdcc-4752-8c39-b2aae7f63d69,2025-09-09 15:03:58.832613,2026-02-04 05:45:33.930517
2795,2795,DHL,8e2eb624-1546-4f1b-8056-bda1ae343b7a,2026-07-10 17:00:20.452987,2026-07-30 15:22:24.577775
2796,2796,UPS,533ab006-7835-4c7e-ab4c-e3ea321ede79,2025-09-21 20:27:21.136661,2026-05-09 15:18:30.185885
2797,2797,USPS,3a1f8dc9-c75a-46e7-aa6a-5648529d046c,2025-11-26 03:35:03.925100,2026-02-04 09:28:14.068997
2798,2798,FedEx,f28f8dbe-3fd4-4fb8-be74-6c243219309a,2026-04-26 02:03:47.022502,2026-05-31 17:10:03.003856
2799,2799,USPS,f3684947-0e88-4601-80e5-a4197566eb89,2025-09-28 16:03:17.301793,2026-02-10 09:57:26.213415
2800,2800,DHL,cd438eb6-3f4f-44ce-8880-30bbe0e11057,2026-07-29 12:33:32.965487,2026-08-14 19:21:31.661276
2801,2801,DHL,5503f151-83d7-4832-88ec-f8a287e638f6,2026-01-22 03:08:32.543804,2026-02-11 01:52:55.438287
2802,2802,UPS,0d639a94-b998-4161-93a1-b919b82989af,2025-09-11 10:44:39.187556,2025-12-27 13:47:37.259540
2803,2803,UPS,5e94f0ed-190b-4107-87cc-f99fb8f869da,2026-07-28 19:20:23.186818,2026-08-08 13:42:30.670571
2804,2804,DHL,ee95047e-d999-4e18-bd86-1142b1806d6f,2025-10-10 12:25:22.241681,2025-10-14 06:35:14.367874
2805,2805,USPS,b44f79fb-8795-4dec-9831-ec3a77754682,2025-11-26 21:22:56.591091,2026-01-28 14:34:51.199933
2806,2806,FedEx,2e2aa50b-80de-43c1-ae55-2ed3ad7514d4,2026-03-05 00:30:41.332016,2026-05-12 23:19:41.862037
2807,2807,Amazon Logistics,f262c8fd-0a7e-48cf-b6ca-5cb042bcf6b8,2026-03-13 15:00:55.913412,2026-05-07 09:14:20.320813
2808,2808,Amazon Logistics,f9c041e8-4121-4ee9-88d7-07fafee2c500,2026-01-31 11:19:37.676749,2026-02-20 20:22:59.859979
2809,2809,DHL,8e321842-84fa-4f73-ab62-32614c454480,2026-05-08 21:27:15.441685,2026-07-30 14:48:14.573738
2810,2810,FedEx,21c7ff83-a305-4940-baaa-090cb2dfdcc1,2025-10-04 14:22:38.891228,2026-04-27 11:38:27.264960
2811,2811,UPS,9e47f846-291e-42f8-921d-c2889b89c200,2025-12-28 22:34:32.452360,2026-01-08 00:51:07.804013
2812,2812,Amazon Logistics,90e20bf6-b37e-4816-9748-baaf0dbdb20d,2026-04-12 04:41:18.086328,2026-04-22 01:22:57.168156
2813,2813,USPS,719c2c9b-4d28-43db-90e3-c341c2831ae3,2026-01-03 09:43:53.719803,2026-07-31 11:45:14.666561
2814,2814,UPS,42c61d6b-4ee4-4c2a-9dcf-2f1d6ebc94fc,2026-08-03 07:19:31.951083,2026-08-09 00:19:12.976267
2815,2815,FedEx,e4b898dd-6dec-49d3-aa92-bd345d7e9138,2026-01-25 14:26:28.064915,2026-04-09 08:35:35.044248
2816,2816,FedEx,508b1eff-a4c6-4e33-be67-11da08b357e8,2025-11-07 19:26:08.425476,2025-12-29 18:27:37.359403
2817,2817,DHL,72f798bc-881f-4768-a517-d85c9897655e,2026-05-16 01:49:52.090531,2026-07-20 23:39:11.004210
2818,2818,UPS,3b0bd8b7-7fc8-4d01-8fa6-edaf68b716ae,2026-01-06 06:34:23.184366,2026-05-31 20:32:57.715618
2819,2819,DHL,587a42e9-51d0-40c4-9294-37cb27b446ea,2025-10-03 01:16:09.825593,2026-04-14 05:37:48.576747
2820,2820,Amazon Logistics,b78b8970-dc1b-426b-a7f4-7e4bdc5a3183,2026-04-13 05:20:45.856073,2026-04-26 22:07:10.319361
2821,2821,UPS,4d0d6a40-beda-4b79-9d4e-f8f68ab66644,2026-04-19 05:27:41.071505,2026-06-21 20:42:13.643872
2822,2822,UPS,a3dbd0c4-bee9-4b30-836f-75b4ca5b1991,2026-05-13 14:53:10.973225,2026-06-22 23:07:01.777469
2823,2823,Amazon Logistics,bc7c73ea-6b16-4a37-97ab-b69562b8c228,2025-12-25 22:20:22.411708,2026-07-18 07:05:45.953290
2824,2824,Amazon Logistics,2921fed4-5025-4b1e-bd19-1c17f5d41bbf,2025-11-19 17:51:21.424273,2026-04-21 15:04:53.868552
2825,2825,Amazon Logistics,6feae1f0-ac5d-4b42-848e-57d2d26c4fcf,2025-11-07 14:27:26.131810,2026-07-15 22:24:50.296148
2826,2826,USPS,5d61855c-7499-4331-a533-f68e5d872ea3,2025-11-17 08:11:55.358635,2026-01-02 08:03:35.868960
2827,2827,UPS,038c372a-7361-42a1-81c2-58269a05ddab,2026-01-29 01:18:46.743976,2026-05-02 10:31:28.715430
2828,2828,UPS,9d048ee1-61b1-4516-9d5f-e7edaec8372b,2025-08-24 19:38:48.835969,2026-07-14 16:52:03.432263
2829,2829,UPS,f02a2c40-d083-4911-af40-5d420865ced8,2026-04-10 11:09:41.997476,2026-07-06 17:52:46.300757
2830,2830,UPS,1a82c43c-6b9c-41ed-a374-dc3d5674d0c6,2026-07-26 11:39:15.863923,2026-08-12 01:39:37.184260
2831,2831,UPS,09fa35d5-4e28-4a2d-96d9-f5a5f7b7118b,2026-05-07 06:56:32.280150,2026-08-17 01:50:09.982841
2832,2832,DHL,610fcf6e-f635-4a57-a24a-75a300da85f7,2026-02-10 09:07:20.014350,2026-05-16 05:11:31.680830
2833,2833,UPS,d0e78da8-8070-47f4-970c-4edd91c58608,2026-02-12 23:48:50.415943,2026-03-05 06:06:36.558590
2834,2834,UPS,4f25cb8a-df3c-4609-bc6f-6d6b552ec2a9,2026-04-13 10:58:29.588590,2026-08-11 03:33:55.057542
2835,2835,UPS,2dad4b59-8078-4245-9ab0-11700227344b,2025-09-21 02:46:39.917831,2026-07-12 08:27:57.246440
2836,2836,USPS,931a794b-e5df-4a2f-83ac-29282e0af4c2,2026-08-13 08:23:41.272360,2026-08-15 13:59:28.924859
2837,2837,USPS,f23e38f2-1623-429e-b7f4-6721afe2bf45,2026-03-23 07:09:09.695780,2026-05-04 03:07:34.104850
2838,2838,Amazon Logistics,f32d89a3-f804-41df-94d3-e949b2df22b6,2025-12-22 13:57:06.098798,2026-03-13 15:56:19.448216
2839,2839,USPS,a0f4f9d2-0064-48ee-8587-f43a109bfce4,2025-09-22 22:45:27.394957,2026-06-29 02:59:48.401862
2840,2840,DHL,69096407-e646-44e4-b1ff-6de65690b0e1,2026-01-16 04:13:53.205920,2026-08-01 11:31:54.955734
2841,2841,UPS,66f28944-abcf-4c0b-a890-3b5ff45fd840,2025-09-24 21:46:13.280437,2026-03-02 15:54:47.850033
2842,2842,DHL,c7fc5154-51b0-4af7-b372-25d43129b5d2,2026-05-30 21:43:46.462821,2026-07-20 00:02:53.108692
2843,2843,USPS,387c4ce2-e1f4-4a68-a79d-fc9457d2e6ff,2025-11-17 06:48:10.643414,2026-03-27 22:52:07.024330
2844,2844,UPS,ae3996b7-789e-4a05-896f-49c0a3b55789,2025-09-22 16:25:14.062954,2026-06-16 13:01:38.459073
2845,2845,DHL,6b67c933-ffca-4b7f-a8db-892404de6680,2026-06-24 22:28:19.351139,2026-06-26 08:35:55.366728
2846,2846,DHL,3eeea5f1-5829-4508-9eb3-b4f01b5ed3d3,2026-01-19 00:32:39.445865,2026-08-16 02:03:11.497521
2847,2847,DHL,93c662e2-2e20-4d8c-8946-49e71d4abf66,2026-02-07 14:48:52.582767,2026-03-05 14:31:38.486744
2848,2848,FedEx,191d2a30-1563-4b6a-b821-3fcb29448206,2025-10-03 06:39:07.206654,2026-06-21 07:48:33.963001
2849,2849,USPS,ed198acf-7a61-4ce2-b168-d08ddeb95749,2026-07-24 03:15:55.931754,2026-08-03 08:50:27.990863
2850,2850,Amazon Logistics,6f265b4f-ca93-4d5f-873b-a7dd34b28f76,2025-11-05 18:35:38.472603,2026-05-07 15:02:30.733717
2851,2851,USPS,281a4e35-1aef-49e4-bf7f-3d0c4f20951c,2025-08-19 00:58:04.205755,2026-03-05 06:36:34.631249
2852,2852,FedEx,445ea183-a68b-4a9c-94ac-b98026945a5b,2025-09-06 17:56:37.267234,2026-01-13 13:31:58.628042
2853,2853,FedEx,3b061753-78ca-4444-a678-3d147930cad0,2025-08-17 02:12:45.156137,2026-02-05 16:38:16.144816
2854,2854,Amazon Logistics,ff582846-21e0-4bda-ab21-18c5a7d90437,2026-08-05 11:05:56.158322,2026-08-17 07:59:31.471078
2855,2855,USPS,a413eee0-cbb1-4a33-aad0-5ba3cb87a66b,2026-06-10 18:47:00.153056,2026-08-01 12:08:50.237134
2856,2856,USPS,066e35c0-9359-4727-a98f-785592450c01,2026-07-07 06:48:59.946147,2026-08-08 11:54:36.738740
2857,2857,USPS,3e9b534b-89dd-41b9-917f-58c8e9318206,2026-08-10 12:09:54.071021,2026-08-19 18:36:03.746207
2858,2858,UPS,781738f8-db01-4d95-beb8-1affd708d332,2026-02-07 15:12:43.084177,2026-06-03 09:38:36.736888
2859,2859,DHL,700a68ce-c3a3-44d1-b6d8-90858f2ab6d5,2025-11-07 18:51:27.702545,2026-05-12 07:25:21.745566
2860,2860,DHL,8991c4a1-0943-4e5c-b44b-6247974dbf23,2025-10-29 04:12:06.547450,2026-02-21 05:03:08.456288
2861,2861,UPS,61235322-ff4e-4820-96b1-0e04be74426a,2026-05-30 14:38:38.053900,2026-06-23 06:43:58.537672
2862,2862,USPS,aa72315c-742d-446c-88c9-de78ea02614a,2026-07-25 16:33:20.054960,2026-08-03 04:19:34.491695
2863,2863,USPS,76e6fe90-1236-4ccc-ae6c-8e0177ef0cf3,2025-11-22 21:26:15.096242,2025-12-13 17:29:18.088083
2864,2864,UPS,4179b94e-20cb-4137-9b9f-161902845918,2026-05-29 14:38:43.500463,2026-07-16 17:46:35.722825
2865,2865,FedEx,2145c1fe-867b-4519-890d-2fe2bde7a3b5,2026-05-22 16:44:50.788356,2026-08-13 11:20:21.080870
2866,2866,DHL,fba8d8d5-5420-4f73-ac2c-21ccda016bd3,2026-02-11 22:26:25.506471,2026-08-08 16:30:34.722687
2867,2867,UPS,14c170b7-064d-4d2b-9c75-8181f5c87608,2026-04-30 00:01:24.266933,2026-08-08 18:08:26.248590
2868,2868,UPS,b01269ed-37ff-4000-9027-4d48d7711e74,2026-01-17 16:32:04.136616,2026-07-20 21:13:47.802073
2869,2869,USPS,dd01abb8-e6e1-4417-8b4b-a37635adf06d,2025-12-19 14:30:01.676242,2026-02-01 02:31:21.439368
2870,2870,DHL,080102ee-38f0-4502-a278-724ebe52f46e,2026-05-18 17:04:59.302471,2026-08-07 18:41:38.319375
2871,2871,FedEx,bbec111c-a452-468c-b2df-8e8d38b608fb,2026-07-02 00:01:09.053653,2026-07-10 23:05:25.549977
2872,2872,USPS,2aeb85c5-7897-4337-99f3-64580e3750bd,2026-06-10 02:20:45.314530,2026-06-25 19:30:19.609355
2873,2873,FedEx,aefbead5-e564-4950-8731-d1b331151907,2025-10-02 18:55:03.061997,2026-04-26 14:31:34.467068
2874,2874,USPS,3aa5bdeb-b1db-4fac-a7f3-2c5e8f9d2b16,2026-05-23 05:18:13.854149,2026-07-16 15:07:17.757661
2875,2875,Amazon Logistics,6d6336fe-6773-418c-a338-1f77398fd97d,2026-02-04 13:30:56.635939,2026-02-06 17:57:25.460818
2876,2876,DHL,18a6ae05-c925-47b7-965e-a13cec587db5,2026-05-28 17:04:11.854254,2026-07-29 16:54:59.411649
2877,2877,Amazon Logistics,35436e16-dfda-4b3c-a4f8-b8d717952656,2026-07-25 08:13:28.153633,2026-08-03 21:02:16.116478
2878,2878,FedEx,8cec2a53-7aba-4bf0-aed1-2c2acbc53969,2025-08-23 07:54:11.984128,2025-11-12 10:11:47.744641
2879,2879,USPS,55867b26-af78-4a1f-8141-20a65d8a0a5a,2025-09-11 13:00:22.466651,2025-11-30 04:05:18.766226
2880,2880,Amazon Logistics,7674b6f1-6e18-4f3c-ab27-44922ad1c5c0,2025-09-11 13:57:54.073861,2025-11-23 14:36:40.500031
2881,2881,UPS,62f3124c-f0c2-4cd5-b97e-4b4707554991,2026-05-07 13:04:45.886115,2026-07-07 02:23:11.899694
2882,2882,UPS,45bb3644-e974-4ebe-8d4d-a4e90622651a,2026-03-03 10:40:52.969310,2026-04-10 00:58:27.917393
2883,2883,Amazon Logistics,3fe6b554-ff12-49fb-b91a-786fae371ee7,2025-11-23 11:30:18.235475,2026-01-21 01:47:10.799220
2884,2884,DHL,b85a0c70-b3ec-4e66-81db-dc9dd4380ba8,2026-02-26 00:00:38.755861,2026-06-09 16:27:47.119139
2885,2885,Amazon Logistics,9a898829-5eca-4a34-be5c-343a676b7739,2026-05-10 22:07:33.583787,2026-07-13 19:16:11.666254
2886,2886,FedEx,e0d0057c-d1af-40b1-9b7a-24a018421111,2026-07-30 12:33:58.937227,2026-08-02 20:10:45.546760
2887,2887,UPS,fe1e2bb1-f314-4b40-9d84-25dc6f355cbc,2026-04-03 07:17:23.740026,2026-08-15 15:47:52.667347
2888,2888,USPS,023dbd9f-bc97-460c-8521-dbb5fea32889,2026-02-04 06:40:57.101810,2026-08-04 12:55:45.711174
2889,2889,UPS,d6316222-9fe0-41a1-b677-516c9e81c3bf,2026-02-06 23:32:38.846192,2026-08-05 15:20:44.313788
2890,2890,UPS,b70aa5b6-9156-43d0-a720-bba673b4a182,2025-08-13 20:09:40.548003,2026-01-03 11:28:10.524767
2891,2891,FedEx,48370b8a-c04e-4a2b-a114-543f097e28f4,2026-07-19 11:50:04.019769,2026-07-22 05:15:16.098662
2892,2892,Amazon Logistics,3394e28f-c260-4892-98ae-23e4c85c4e81,2026-02-15 17:04:42.046591,2026-06-18 12:22:56.683976
2893,2893,Amazon Logistics,208d0b36-b0a1-4f32-8e40-4e29a80d1b30,2025-09-14 01:56:42.908383,2026-03-05 18:25:29.120038
2894,2894,DHL,8f3bfecc-f537-4245-b859-229b562be6d0,2025-10-22 17:07:09.771559,2026-05-25 14:36:55.843343
2895,2895,DHL,647c35c5-f5fd-4556-ba7b-ba9b8c4c5346,2026-05-15 16:11:48.157425,2026-08-09 10:10:40.745690
2896,2896,UPS,a82a796a-725b-4fb3-85fb-0303599bc68f,2026-05-26 02:35:48.800581,2026-07-04 08:48:32.703593
2897,2897,UPS,e6460d28-b7d8-4604-9b54-1779e6bfd3a3,2025-09-21 23:39:09.772524,2026-04-22 17:55:48.529041
2898,2898,UPS,66857127-8525-4f0c-bf0a-0f68f1ca4518,2025-10-09 09:31:52.819971,2026-02-28 21:06:17.591444
2899,2899,DHL,541ef81d-d882-4645-99d5-f2085c9715ee,2025-08-25 11:45:46.588308,2026-05-13 11:42:31.303621
2900,2900,USPS,b96b2166-33ad-4b35-b7e4-f6ed1fe3deb2,2025-10-02 12:04:56.850559,2026-01-08 01:03:42.448826
2901,2901,DHL,26933085-9298-465c-a373-08fd02b1cea8,2025-09-03 15:06:07.928076,2026-08-17 06:58:58.217961
2902,2902,Amazon Logistics,66fb761e-a6bd-4bf3-8540-250e4e0756ba,2026-01-06 04:04:51.987399,2026-03-02 18:42:57.437716
2903,2903,UPS,a1156e70-f68f-4c0b-9bd6-d7dabb6d84de,2026-04-14 04:06:04.346087,2026-07-14 03:58:40.424659
2904,2904,DHL,4a4f0cad-48ff-493e-9934-7c3373425d93,2025-11-22 16:53:34.436512,2026-06-29 05:56:29.129860
2905,2905,DHL,c1419f97-ef84-4558-9e81-9b2f75036303,2026-05-24 12:32:49.646013,2026-06-10 15:13:29.889305
2906,2906,USPS,156fb470-52c4-4ed6-8d2c-996dd87250dd,2026-03-23 08:20:09.662456,2026-07-06 17:15:38.962477
2907,2907,USPS,fa41188a-b8da-4699-bc86-ac7d0ac54901,2026-08-04 08:16:27.637355,2026-08-18 08:59:39.947635
2908,2908,UPS,109901de-4083-423f-985c-b493d03ffda2,2026-02-06 09:00:59.044865,2026-04-30 21:34:00.876996
2909,2909,UPS,06619f40-f78c-4876-a602-f560a7aaade2,2025-08-15 00:10:28.719748,2026-06-08 22:16:32.171788
2910,2910,USPS,814e83f1-d1ae-4156-9585-fa8d30f2b63d,2026-03-13 16:59:17.112927,2026-04-27 00:11:39.396707
2911,2911,UPS,671073c8-ba65-4f16-8262-3ae5675ec9b8,2026-05-14 07:14:22.568507,2026-08-01 14:36:56.163484
2912,2912,UPS,8becba7f-a1e5-45d8-be95-89897a1bddb6,2026-07-02 03:12:51.656828,2026-07-17 23:21:08.803350
2913,2913,FedEx,6ba03dd1-bea4-45a8-bb66-21d8515f89e9,2026-01-20 06:24:49.883074,2026-03-26 00:15:58.253060
2914,2914,USPS,24db7a91-3468-48dc-9577-179d708c8883,2026-03-22 22:51:53.449858,2026-06-24 17:48:36.374746
2915,2915,Amazon Logistics,331f6dad-d8dc-4f38-85c2-6c583b7533a5,2026-06-20 18:25:43.513469,2026-08-03 04:34:04.148051
2916,2916,FedEx,d21dc3b5-0837-4250-a9d7-87fea240d1be,2026-07-29 13:11:23.694970,2026-08-07 22:31:56.123812
2917,2917,USPS,e40a2f80-6e82-49ec-a3ac-589748abb1ff,2025-12-05 14:33:49.677643,2026-07-13 13:49:43.438340
2918,2918,Amazon Logistics,d634b342-f64d-4e31-8f2f-499c575f7566,2026-03-28 14:47:07.555089,2026-07-21 01:41:25.152277
2919,2919,Amazon Logistics,85e19084-1ea1-49a4-880f-0274a258f054,2026-05-23 22:50:45.741796,2026-07-13 18:51:52.513269
2920,2920,USPS,53841550-9043-4752-b6af-09e707036289,2025-12-29 08:46:31.778917,2026-01-06 23:43:32.471539
2921,2921,UPS,a4d05141-4e43-4e47-b67d-ec816a8377f5,2025-11-27 21:54:08.112626,2026-07-15 13:43:50.951059
2922,2922,FedEx,6c84c686-54e0-4c8d-966c-322284fddf55,2025-09-18 08:26:09.653736,2026-08-06 04:26:33.679869
2923,2923,DHL,1db2728f-f2da-49d5-b768-32c56a5a56e8,2026-07-12 16:21:21.642129,2026-08-10 16:23:07.189338
2924,2924,FedEx,8fc74c15-bf40-43fd-a1e0-6647b639dd02,2026-04-15 15:03:00.318096,2026-08-16 03:18:30.327902
2925,2925,FedEx,5ea1c5ab-3026-4439-ae85-b2d83dbaf403,2025-09-08 07:09:20.951595,2025-11-28 17:59:21.383778
2926,2926,UPS,b9f41a24-9800-48ac-aace-ae4cb2de6865,2026-05-21 13:11:28.729840,2026-07-12 06:49:11.286510
2927,2927,FedEx,e76ad91c-21be-496e-abb0-af1adba18614,2025-11-11 07:46:42.037681,2026-08-02 18:30:44.771852
2928,2928,USPS,a78768e0-bafb-438c-a874-f44360e9468a,2025-10-18 15:18:05.162246,2026-04-23 23:45:02.047062
2929,2929,Amazon Logistics,c722eec0-af4c-41e5-b156-1e1a6f999ecd,2026-07-05 22:22:53.225088,2026-07-17 15:38:53.626400
2930,2930,FedEx,c56f4974-16d7-45e3-9279-2f92d7f0f223,2026-03-26 16:24:05.172817,2026-05-15 15:37:58.217405
2931,2931,UPS,afcbfee8-58d6-4128-9f61-d8ab5940c008,2025-12-16 23:52:10.504096,2026-04-01 19:44:59.159936
2932,2932,Amazon Logistics,9ab76dbe-4c78-43fb-bab5-c22c02000ef8,2026-07-27 06:37:02.815365,2026-08-11 06:25:40.808674
2933,2933,DHL,5fd697d4-bacd-45e9-aeb8-3a72d52e9da1,2026-03-04 22:45:54.250998,2026-07-13 07:47:38.979704
2934,2934,DHL,9f6b3716-c613-4ae8-ac3e-0a8925f43bae,2026-05-22 05:09:51.861688,2026-06-26 20:53:51.601490
2935,2935,UPS,68210c7f-2368-441a-bfe6-f05f93b7cd06,2025-09-08 04:00:11.767181,2026-03-13 21:31:24.887775
2936,2936,UPS,fa05d790-b9c0-4bb1-b7cd-6749ce3709c6,2026-05-28 20:54:25.242022,2026-07-27 07:05:38.371753
2937,2937,FedEx,59b75ae1-3e47-40a5-835b-d8776da20349,2025-09-02 09:49:58.597657,2026-05-13 12:00:38.720903
2938,2938,DHL,a4323748-1df1-4697-828c-140ea6803798,2025-12-06 03:58:50.477935,2026-05-30 15:28:55.792660
2939,2939,Amazon Logistics,6c52a9c3-2b42-44be-a577-41d0a2a49c8e,2026-05-23 12:42:53.629986,2026-08-13 22:08:23.152385
2940,2940,USPS,f1fa6cc6-b255-46f1-9134-00e549864b79,2025-12-10 08:24:31.722568,2026-02-27 13:59:50.104564
2941,2941,DHL,4791ef61-c0f6-4d57-9856-a61a46f769ad,2025-11-10 13:29:41.074395,2026-03-19 05:42:41.343745
2942,2942,USPS,8b266580-f46d-4225-9fa1-a943b3475d21,2026-02-05 05:29:43.152159,2026-03-09 18:17:09.782779
2943,2943,DHL,d75c0787-afe1-4a2d-8835-19cccd0dfd8e,2026-04-02 16:05:01.639079,2026-06-22 19:16:21.678267
2944,2944,USPS,9755af23-130b-413c-8a93-5a882706f9c6,2025-08-16 04:01:31.063360,2025-08-17 10:12:14.612139
2945,2945,Amazon Logistics,b5c43b84-3b3d-43d1-af6c-6bf1d41bf30b,2026-02-02 09:49:49.859884,2026-02-15 19:47:32.300572
2946,2946,FedEx,4bcd521f-465c-4211-b3bb-7d8e2afe22e7,2026-06-10 17:56:22.378128,2026-08-16 07:55:13.366596
2947,2947,FedEx,321d7f06-c140-4210-9b1e-8fb8ef930e58,2025-11-15 06:54:09.875067,2026-04-30 15:04:55.396410
2948,2948,USPS,ad7c18c7-c53e-4b30-bd47-1448ef69cc64,2026-07-02 09:58:51.991755,2026-08-02 03:01:06.602731
2949,2949,Amazon Logistics,f5fd75ba-aa65-4726-80c8-60fc28357025,2025-09-16 04:41:56.658135,2025-12-04 22:01:52.643528
2950,2950,USPS,6f50724c-bb4e-45c0-80ba-f614cca9cdb5,2026-02-20 13:00:27.916763,2026-03-09 21:24:26.092133
2951,2951,USPS,5d3fb00d-f935-4498-8405-9848ecac33b1,2026-05-27 17:15:16.304906,2026-08-13 03:35:02.528436
2952,2952,Amazon Logistics,4e320036-ab4e-422a-951b-de03fd3deb3e,2026-03-20 01:50:43.787102,2026-07-12 18:15:18.598065
2953,2953,FedEx,10c4e2b3-2ba4-4d2a-842c-33b8ece5dbf0,2026-06-07 07:13:27.136593,2026-07-17 07:37:16.320122
2954,2954,FedEx,4bd9b93a-ee8a-4ef2-ae83-8a9aa2e6be78,2026-07-02 18:37:08.825361,2026-08-17 05:11:24.261056
2955,2955,Amazon Logistics,5ec42482-a3f7-40ff-b0da-d55a2028ce4e,2025-11-28 18:30:32.225355,2026-04-13 20:38:16.384561
2956,2956,UPS,00254a7f-c813-4813-9823-abc62b3079aa,2026-06-17 08:29:10.949567,2026-08-04 06:09:33.155761
2957,2957,USPS,dcdf8855-b787-496d-8639-aa3bfffceb79,2025-08-25 03:16:53.545161,2025-09-07 22:50:34.336880
2958,2958,USPS,ad272926-ee49-4cf7-9a2d-77749e91aabf,2025-09-17 17:34:50.619974,2025-12-12 06:34:54.193563
2959,2959,DHL,fdf2267d-efc3-46c5-a3f3-3f8ebf8d27e3,2025-09-23 13:12:04.599268,2026-07-06 11:55:52.366657
2960,2960,DHL,03d72aba-396e-41ab-8e5c-36d99c7bac04,2026-05-10 00:57:22.757984,2026-07-09 09:30:06.143859
2961,2961,UPS,85c70ea1-5d1d-48e6-87a9-cbee0fb0aecf,2026-01-10 02:30:08.766593,2026-05-16 02:31:03.923774
2962,2962,FedEx,c61fd35f-14bd-4ee4-89ea-2990761e908a,2025-08-17 10:35:25.740301,2025-10-20 20:56:29.742777
2963,2963,USPS,1ba1486c-d8c4-4804-b5f3-c16e11855fdb,2025-09-16 03:59:53.185549,2026-06-24 22:52:46.400872
2964,2964,FedEx,d4e59578-6eb2-42ad-a46e-f903efdf637d,2026-03-03 16:10:45.655848,2026-06-29 15:16:50.504689
2965,2965,FedEx,2e9048bc-e4e9-4b3e-b73c-d28d404b0313,2026-01-09 09:07:04.323002,2026-02-14 10:10:26.233555
2966,2966,Amazon Logistics,0c3abae5-3c03-4015-85d1-f5198353b101,2025-09-05 10:49:51.933328,2026-04-05 12:08:58.167370
2967,2967,DHL,32809642-241c-494a-bd51-2c6ad5942fb3,2026-03-20 18:40:48.336039,2026-06-24 10:24:36.984947
2968,2968,UPS,355ac76c-d4a7-4364-8273-ea873b1328f4,2026-04-24 08:15:41.528854,2026-05-28 00:42:16.675416
2969,2969,FedEx,fde2d467-364e-40c4-89bf-ef30bbb9b14b,2026-05-22 04:16:46.703316,2026-06-23 09:43:13.443827
2970,2970,FedEx,0208251f-77ca-4284-9b00-0b6b082c05ce,2026-03-17 03:11:13.117012,2026-04-27 08:45:32.376370
2971,2971,UPS,1565e8b2-ffc9-47a7-a2c1-714b851d0462,2025-10-16 22:27:24.897541,2026-02-06 20:10:58.915232
2972,2972,DHL,611e6039-ed9e-45d1-bb60-94c166f7b2df,2025-11-11 05:42:43.645338,2026-01-10 14:20:09.804933
2973,2973,USPS,6b1482c8-12a5-43fa-9e5f-e4cc99587494,2025-11-15 22:19:34.643729,2026-02-20 10:08:36.169343
2974,2974,UPS,b6b9ab57-4f6e-4ac8-a096-26b7458fab57,2026-05-20 02:34:34.959894,2026-08-16 12:01:08.360371
2975,2975,Amazon Logistics,fd584a35-5959-48bf-82db-6b802bbcb328,2025-08-19 05:35:06.437584,2026-02-27 15:30:43.261795
2976,2976,DHL,2d271a5a-8421-4ec5-9e09-32f77ec1e723,2026-08-04 19:41:04.016952,2026-08-19 19:45:07.833441
2977,2977,USPS,3e26b8ef-de3b-4084-ae5b-b10e68857f94,2026-01-03 14:21:33.498151,2026-07-22 20:51:09.998363
2978,2978,USPS,b1d6634c-865a-4175-8345-94a8d54830a7,2026-07-09 03:32:11.884222,2026-08-09 20:45:06.713873
2979,2979,DHL,4f6b3772-644f-4ec7-84c4-398b209ced4a,2026-08-13 00:06:24.292738,2026-08-15 09:38:42.696595
2980,2980,UPS,432b31fa-f8a9-4f3c-abec-7bdb539c0061,2026-03-25 17:26:25.353851,2026-06-11 04:18:50.247893
2981,2981,UPS,280de7e1-44c9-438c-a66c-4cb411a43b38,2025-10-20 14:47:16.572532,2026-02-11 12:05:09.251774
2982,2982,DHL,c4d22928-ace8-4c6a-907c-987924f6d9e1,2025-12-10 00:57:19.674963,2026-07-26 18:20:32.207675
2983,2983,UPS,6015c690-898e-4a4f-8f3b-ae0c260af43d,2025-09-20 14:32:28.398386,2026-07-25 09:58:55.286492
2984,2984,FedEx,8b0eab26-e62d-4e25-a810-c0aa7bb3e157,2025-08-30 23:04:48.608834,2026-04-17 13:28:47.096481
2985,2985,USPS,08078804-8cbc-4779-9b4a-d2c1eb98bab8,2026-02-19 21:32:47.919071,2026-06-07 04:15:28.621531
2986,2986,FedEx,67e1a76f-281b-4363-8dfe-453498794447,2025-12-05 07:09:21.758983,2026-06-06 21:54:40.366431
2987,2987,UPS,6141db62-e9cc-4b13-840b-2f0318cdf6c8,2026-06-07 06:04:41.720788,2026-08-19 05:09:47.410931
2988,2988,FedEx,a0a5c04e-6985-4db7-b2e6-17acfb2125c7,2026-06-16 21:18:24.106412,2026-08-17 01:41:47.991065
2989,2989,USPS,8a3c20c1-a8b0-4774-8548-734c404a2944,2026-05-03 01:43:51.499473,2026-07-02 02:48:44.800421
2990,2990,UPS,2a6b92b6-0b56-48ad-9830-d01d629b8d69,2026-01-30 12:24:30.939837,2026-02-18 00:14:48.285866
2991,2991,USPS,725c9f8b-11df-4729-9bb3-8165398462bb,2026-05-26 07:38:24.871664,2026-07-05 10:47:10.980372
2992,2992,USPS,658c0855-2157-45ad-8d2d-2cd274311cfe,2026-08-05 05:39:05.437594,2026-08-07 15:35:36.114620
2993,2993,DHL,e91fce04-9094-4ad3-84e8-30f023d387b9,2025-12-09 03:36:41.147148,2026-01-15 17:12:19.386908
2994,2994,FedEx,a86a6ae3-2501-45b4-bf6a-fa453db830ad,2025-11-18 00:20:46.412589,2026-07-11 16:00:28.209951
2995,2995,USPS,fa91aca4-74ff-4755-bf1d-7e3c28b1ebda,2026-03-10 02:24:16.269323,2026-05-04 08:25:30.842661
2996,2996,FedEx,3cd3cf7f-78ee-40fa-88ec-9a14f48a159c,2026-03-21 08:57:51.933464,2026-06-04 13:10:27.126582
2997,2997,USPS,1bcf92cb-568b-488e-b506-3f8ec3ca1961,2026-08-09 09:14:56.446125,2026-08-18 02:10:14.984438
2998,2998,DHL,5d3f507c-66ca-4479-8516-6c2e3aeda5b3,2026-06-02 12:19:23.685776,2026-08-13 07:14:53.162621
2999,2999,UPS,7dd1d4e3-0abc-495c-870f-4ff1bdc987a0,2026-05-29 04:29:00.533714,2026-07-07 14:09:27.713399
3000,3000,UPS,dc502ced-b5c2-4a1f-a5c3-a207c786ad3c,2026-03-17 21:00:17.577234,2026-04-04 10:50:41.946713
3001,3001,DHL,70e5954d-d60a-4af3-8951-1d5809877d78,2025-12-30 06:21:36.343792,2026-01-27 01:30:44.859514
3002,3002,DHL,2bae1b8e-ba7e-402d-96bb-c8c99937a393,2026-07-02 15:01:38.753382,2026-07-03 07:38:56.346354
3003,3003,DHL,92a1c86d-5057-4258-b67e-bed7b30d978d,2025-11-11 18:32:48.442959,2026-01-04 10:45:30.170125
3004,3004,FedEx,7fc29e21-f4f5-4982-b33f-c673c3ec527e,2025-12-03 20:03:45.675651,2026-06-10 07:04:37.281008
3005,3005,UPS,1ef4e637-44b3-4f4a-9ca1-69f2c9776c11,2026-02-04 05:31:27.898555,2026-07-21 05:28:43.895818
3006,3006,FedEx,7143358f-3c62-4ebd-83cb-92f2e6fc7a3a,2025-09-19 00:57:50.120418,2025-11-03 18:17:11.948304
3007,3007,USPS,1c38e39f-c856-4a7a-9d6a-a243df0d478a,2025-10-16 17:54:10.780875,2025-11-16 04:26:06.437879
3008,3008,DHL,caaae796-23b1-4634-a5af-3545a11e895d,2025-12-09 23:11:07.998329,2026-07-03 11:41:13.823421
3009,3009,Amazon Logistics,950f0d51-671d-4f20-8711-735376ea6897,2026-03-10 17:05:32.361843,2026-04-18 19:45:11.745074
3010,3010,FedEx,ed3f1402-8c98-41af-bc26-8e6fb977b83f,2026-04-19 17:41:34.283937,2026-08-07 01:30:57.716097
3011,3011,UPS,500b6bed-5fe6-4343-93b3-91744275823e,2026-03-06 00:05:36.500204,2026-08-19 02:50:34.612909
3012,3012,DHL,8c35ee42-d387-4216-9696-88a0c5d0f54e,2025-11-12 11:10:19.120057,2026-05-06 07:55:13.117240
3013,3013,USPS,0891ce02-ccf7-403c-b4d4-dbbca8b355c8,2026-03-05 13:59:42.955921,2026-05-26 14:02:16.260815
3014,3014,Amazon Logistics,9b662e39-6cb7-4c92-b3f8-0c4a6e9b7296,2025-09-27 14:49:07.835985,2026-08-04 02:17:48.741239
3015,3015,USPS,b25bfa9e-2199-4e08-9859-e2aed43c4fe9,2026-01-09 01:58:39.466411,2026-02-28 00:03:27.379921
3016,3016,UPS,8ba79bd4-a6e3-4b61-af71-2e05213bc778,2025-12-12 06:14:15.543827,2026-04-01 11:17:21.804551
3017,3017,DHL,8dda7be8-599f-456e-8eb2-10ddc8bb75af,2025-12-28 23:08:45.351798,2026-08-19 05:24:22.243847
3018,3018,DHL,a1c88b97-a079-4de6-8258-b61ba057b1cd,2025-09-18 19:31:02.262557,2026-06-28 15:08:09.483321
3019,3019,DHL,af5f1ca5-32cc-4a6d-b9d6-d00ec2753966,2025-10-07 11:34:45.732528,2025-12-29 06:50:55.582447
3020,3020,FedEx,285b988c-9fc6-4707-be63-fc11378bf61b,2025-10-27 18:04:35.059282,2025-12-13 01:59:06.639443
3021,3021,FedEx,d094fe2d-40a1-48e9-a6f9-effd96626635,2026-06-03 16:27:36.965252,2026-07-13 10:48:52.430089
3022,3022,UPS,467826c8-cbd5-4874-945c-66447afcbc4c,2025-11-17 09:11:02.020268,2026-02-26 05:44:38.321660
3023,3023,UPS,b7deabdf-6200-4685-9624-6e8e59c70bae,2026-07-20 21:37:15.780936,2026-08-08 07:37:11.125728
3024,3024,UPS,60b5ddd6-42f9-4ce7-a473-13a4e0e2e163,2026-04-29 06:51:11.278526,2026-05-05 08:13:28.167036
3025,3025,UPS,6aa305c8-47fb-4805-bbac-a0ef09c9fe74,2026-03-12 14:54:43.677512,2026-03-28 13:25:30.718889
3026,3026,DHL,6371f4c4-66ee-4b3a-8861-0791139e707f,2026-03-06 07:35:39.240446,2026-06-27 09:45:47.925343
3027,3027,UPS,fa29721c-8ef3-44e4-9219-4b8bc652f5a9,2026-07-02 04:44:56.696105,2026-07-27 13:47:37.592186
3028,3028,UPS,0f99a78f-cca9-44a8-9d27-f5f0a7405a25,2026-04-26 06:16:56.448009,2026-06-16 00:34:08.237411
3029,3029,USPS,31d21d44-3773-4ef1-9063-8d1c42df966a,2025-08-18 05:23:36.217322,2026-07-09 04:18:10.403501
3030,3030,FedEx,656172d2-8539-42a7-91bf-a0b2ed02ebe5,2025-12-01 00:15:59.695921,2026-06-15 05:32:52.723096
3031,3031,USPS,9fa0407f-fa8f-4742-9815-01718dd12a73,2026-07-30 23:01:46.915846,2026-08-07 09:32:24.035570
3032,3032,USPS,cc5b00d6-846e-419b-a48f-58e6032abeb8,2025-12-15 04:05:35.129636,2026-07-30 09:21:48.230183
3033,3033,UPS,4f9b9556-307e-4f4a-870f-37ac2a7fb8cd,2025-12-14 22:59:50.936880,2026-07-09 09:50:02.050301
3034,3034,USPS,2dd57e61-dbc4-4bc4-8b28-73bf0da1d37c,2026-07-12 13:39:14.385200,2026-07-12 15:52:51.725505
3035,3035,UPS,73672b44-0be4-4acb-b4ba-69a66e53e1c3,2026-07-02 02:02:17.428803,2026-07-07 16:33:32.683777
3036,3036,USPS,035df15b-5417-4855-981c-997435bdb671,2026-02-10 07:47:29.504190,2026-04-08 04:40:01.913512
3037,3037,Amazon Logistics,997b576e-4773-467b-939e-dac65162ebb3,2026-07-26 06:23:21.233726,2026-07-28 16:44:44.773957
3038,3038,DHL,092a39ef-8fd2-4ee7-bba8-6bc273f610f6,2025-09-05 14:17:17.642624,2026-02-17 03:50:27.545462
3039,3039,Amazon Logistics,358d9197-3b04-4e76-9520-d7963544264a,2026-02-09 01:37:00.384443,2026-08-16 06:54:47.502840
3040,3040,USPS,bc91061f-3816-4888-9b7d-9f7effd457f3,2025-09-09 02:44:16.083494,2026-04-18 09:11:48.514879
3041,3041,FedEx,46b2be69-9d2f-488b-ba60-d2525ad801d4,2026-02-04 10:13:47.709371,2026-07-28 21:59:27.207427
3042,3042,USPS,c192655a-501a-4243-a40e-781d40cd90b7,2026-07-24 12:05:58.764398,2026-08-02 07:17:51.336928
3043,3043,Amazon Logistics,7070e3a1-c396-4257-a5f3-25af043d74e2,2025-09-15 21:39:47.793017,2025-12-25 07:24:35.067145
3044,3044,USPS,d7cc8b2b-32d0-48e2-99bf-d7b470252a03,2025-12-31 08:20:06.543290,2026-07-15 22:46:53.957915
3045,3045,FedEx,f62e9cfc-1176-4b08-908c-4702f7fc6c9f,2025-12-01 09:32:20.248436,2026-04-17 22:52:39.557798
3046,3046,DHL,1a08623a-c160-41d3-9314-dc72a5a7b65d,2026-03-16 11:53:28.170144,2026-07-03 07:40:50.948421
3047,3047,DHL,5021a54a-094f-4ed9-8396-346c828f1755,2026-05-04 04:03:09.980098,2026-05-20 08:42:39.499748
3048,3048,FedEx,57dba2c7-6ffe-48f1-b9dc-6d15475014c1,2025-12-09 13:26:03.064438,2026-05-09 09:21:54.020710
3049,3049,USPS,5ac3de0d-7cae-45e3-9399-989818fae400,2026-04-11 20:49:52.220418,2026-06-10 10:20:13.478717
3050,3050,Amazon Logistics,acf5e0d7-aa46-4150-ad7d-b2b8f46fc282,2026-06-20 00:33:00.856759,2026-08-15 10:47:55.447392
3051,3051,Amazon Logistics,ebc2011f-e386-4b6d-930c-d6e8c73928f4,2026-06-09 20:41:39.669568,2026-07-28 18:06:40.872216
3052,3052,DHL,166bb363-d943-4422-be6c-ac0a2cfa10f4,2026-05-15 00:57:25.974445,2026-08-02 03:56:08.129551
3053,3053,UPS,a4d19218-92c6-45fb-bbe9-2f12c95953c6,2025-09-22 23:33:40.224437,2026-02-13 04:39:11.887843
3054,3054,Amazon Logistics,84e0df34-0e07-418e-be1f-119e293a8d9a,2025-11-06 21:22:48.626428,2026-02-02 03:52:36.041814
3055,3055,UPS,edfa29a8-074b-4720-94a2-a5f0950d4e55,2026-05-24 23:42:00.679103,2026-07-25 14:38:13.769862
3056,3056,Amazon Logistics,19207072-c611-41ce-8e07-a8d90e63e078,2026-06-17 07:25:41.771819,2026-07-04 05:39:34.661487
3057,3057,USPS,2193f77d-ac3c-4fd0-b7bd-c87eeb1694f0,2025-12-27 03:20:09.293850,2025-12-27 17:17:54.850225
3058,3058,USPS,442b7e03-f475-4aff-aeef-93c34c4cb3f5,2025-10-16 15:07:12.848552,2026-04-01 00:56:18.302833
3059,3059,USPS,768b1dc1-17a5-4fc4-a564-6175f47c516a,2026-06-21 10:23:24.050752,2026-08-02 07:26:49.729625
3060,3060,FedEx,f726bb43-1801-4b9f-b30f-51c06351c3d4,2026-02-24 02:15:23.418820,2026-06-06 17:46:48.534545
3061,3061,FedEx,d047942e-fae1-4730-afcf-71f38dfc68e3,2026-03-14 18:11:23.248317,2026-07-31 08:10:01.897679
3062,3062,USPS,08fdf7d4-7b30-4b01-b362-0038a9ae6450,2025-11-11 09:43:18.913843,2026-07-19 04:34:18.362153
3063,3063,FedEx,b4816297-86d9-4bb0-8397-b95824c4679f,2026-01-04 20:04:03.898263,2026-04-01 00:42:43.112831
3064,3064,USPS,f0bc5706-815e-46d0-b664-319256a101cd,2025-12-27 18:38:03.199156,2026-08-19 23:29:04.875884
3065,3065,DHL,55a77efd-5f69-4741-bb65-45b799b52ab9,2025-08-23 10:36:53.924543,2026-05-09 02:40:05.071332
3066,3066,USPS,b6757a09-9295-4a97-8bb1-275fa33416a1,2026-02-24 13:26:43.159070,2026-06-23 17:13:45.574963
3067,3067,USPS,d8cb1e49-ecd0-4cf2-a943-c133c73d0ce1,2026-06-18 05:53:11.593192,2026-07-05 08:35:06.500956
3068,3068,DHL,13cb107f-a4ba-4ea9-add7-fd16c78ad210,2026-05-02 18:33:28.682543,2026-06-25 01:30:54.752098
3069,3069,FedEx,97b7dbfa-56e1-4d1a-b29f-01e256b094b2,2026-02-11 23:13:51.582044,2026-03-14 17:21:32.790836
3070,3070,UPS,5ea39065-547f-496c-8650-3b9fa59dc317,2025-10-22 18:44:14.112681,2025-12-29 14:10:54.402886
3071,3071,UPS,eb2df6f1-28be-4043-9bf9-120d7583fb58,2026-04-06 21:29:24.381601,2026-07-01 16:14:21.244010
3072,3072,USPS,bf939905-32d7-49f3-85d6-d8b10f478925,2025-11-10 09:58:54.290936,2026-02-11 18:02:16.032170
3073,3073,Amazon Logistics,94fb426f-6dfd-453f-a583-2a5029c0e53a,2026-07-13 15:24:51.115291,2026-08-03 22:22:11.992726
3074,3074,USPS,70f67adf-1fce-4c93-9c11-0a40d0189be7,2025-12-09 20:02:41.360783,2026-04-11 22:26:24.479514
3075,3075,DHL,3029f41d-15c4-4ecf-916f-28c1284f9ec5,2025-08-30 18:37:34.521187,2026-07-09 22:42:48.397928
3076,3076,DHL,9271e38e-ac76-439e-8811-e27345ecf0d8,2026-06-19 13:06:35.709829,2026-06-24 02:04:28.667250
3077,3077,FedEx,79cd2881-d6b6-4271-bfcb-dbb127dcf91d,2025-11-20 10:22:47.979975,2026-02-09 19:21:48.149676
3078,3078,USPS,6b2b96b9-469d-4a9b-9223-b32d9a736359,2026-04-21 03:49:30.747179,2026-07-18 16:34:48.190233
3079,3079,USPS,c0e820ac-3b89-43e6-b1f3-633be90921bb,2025-11-12 09:28:28.640391,2026-05-24 21:13:04.043918
3080,3080,Amazon Logistics,3ae384e3-2517-47ba-b5d3-6a415e68c019,2026-05-27 06:10:46.376616,2026-08-14 02:28:01.652834
3081,3081,Amazon Logistics,f8a2f6c4-3e16-4caa-92d0-5f0b80c377c8,2026-07-01 20:51:11.352888,2026-07-19 08:01:11.072388
3082,3082,USPS,72163c2c-8699-440f-9b5f-2781a3b6d6f4,2025-12-22 04:00:14.673782,2026-02-07 12:32:25.503345
3083,3083,Amazon Logistics,ca8c933e-0fb0-4cfd-b420-7c680d085747,2026-04-28 16:58:07.983107,2026-06-16 13:30:54.619327
3084,3084,DHL,576e4071-534a-4243-8cf8-f065eb0cccd7,2026-01-16 02:01:23.393357,2026-08-02 22:58:44.319648
3085,3085,USPS,ea78ee82-1fee-4fe5-81c7-2d778e3fb480,2025-09-19 00:41:07.933256,2026-06-26 00:56:07.680069
3086,3086,FedEx,0ca9fac4-5a58-47be-89c2-b68f7c0558dd,2026-07-04 18:34:05.957656,2026-08-10 03:58:02.896205
3087,3087,FedEx,35c2a163-263f-4843-8822-d069b2367cca,2026-06-13 10:19:43.842238,2026-06-14 06:49:47.344867
3088,3088,UPS,7a5ad847-8987-49fd-80d5-120fe4b9d37b,2026-04-01 15:17:31.116076,2026-04-06 17:49:57.467541
3089,3089,DHL,cede8a09-a772-45b0-b1ec-9f93adc0676f,2026-04-10 11:14:04.305589,2026-08-09 23:42:04.295101
3090,3090,FedEx,3cec891c-bfa0-4b71-926d-6251c8009d23,2026-02-14 14:51:54.403939,2026-05-11 22:56:36.636382
3091,3091,USPS,a2ca7f6e-30ed-4f36-b350-149956e27559,2025-09-23 20:59:49.186838,2026-06-10 18:18:37.068703
3092,3092,FedEx,72d387d3-ce2a-4642-b27e-862f5ad8e879,2026-06-28 07:35:55.208804,2026-07-18 06:53:19.342101
3093,3093,Amazon Logistics,af00797c-7674-40c6-b117-0aa3881227d0,2026-03-24 17:53:59.777578,2026-03-24 18:19:55.238251
3094,3094,Amazon Logistics,99d58245-fe59-4b6d-979f-e9a2ddec9e2b,2026-03-24 15:26:48.957814,2026-07-22 01:33:03.869205
3095,3095,FedEx,a2b6e7c4-c0d5-47c7-ba5a-540bd7112305,2026-06-07 13:15:44.427974,2026-07-24 05:08:42.243000
3096,3096,FedEx,6fa0a182-148b-4dca-84b7-ffbe99fc4051,2026-06-17 09:56:56.062228,2026-07-12 10:37:29.292188
3097,3097,FedEx,a765f9d6-bd39-493f-bc76-a60ae2cdcc64,2025-10-10 13:23:57.744499,2026-03-03 06:40:58.613654
3098,3098,Amazon Logistics,5e01e51f-da95-4c18-b579-d88df36bd69c,2025-09-08 17:09:07.007572,2026-02-25 20:44:09.068071
3099,3099,USPS,fc96e685-071a-463c-beae-9ee5e1cc33ce,2025-10-16 22:09:48.400598,2025-12-18 13:15:50.470394
3100,3100,Amazon Logistics,84a4b8b2-1b1c-475f-bda8-6fc795bb1e0e,2026-03-02 19:21:05.888437,2026-05-31 18:51:02.390961
3101,3101,DHL,5e0f0282-7787-457a-ae04-a820da34dc78,2026-06-07 16:01:11.973455,2026-07-18 14:45:49.585572
3102,3102,USPS,a5979b93-6ecb-4b02-b42e-1d47b80038fd,2026-05-01 17:13:37.535523,2026-08-05 09:39:28.507121
3103,3103,USPS,27c30306-96d2-4519-ac95-435d98d129cb,2026-04-14 23:01:42.638502,2026-07-25 08:01:09.372815
3104,3104,USPS,b56b651e-cf54-43b1-8ccb-cd9681191c3a,2025-10-22 12:09:49.187713,2025-12-28 07:42:38.991732
3105,3105,Amazon Logistics,5ae6c1b5-f5a5-4888-8646-e1f810b54b6c,2026-08-01 13:43:14.350487,2026-08-02 19:50:10.636416
3106,3106,Amazon Logistics,9f4c4a02-e5cc-4d6e-934e-7fec4aff1677,2025-11-09 16:27:32.899510,2026-07-20 16:59:28.360932
3107,3107,UPS,a1c9cfdc-ffe2-4a30-99f2-64460e9d5617,2026-03-04 20:50:17.230601,2026-08-14 22:51:45.849838
3108,3108,DHL,c77968af-38a7-4620-9cc9-949e6212175f,2026-04-20 16:06:43.589647,2026-05-30 21:01:08.208053
3109,3109,FedEx,066f0e20-3bf1-4f31-b64a-e2cba509bfa9,2026-02-01 20:14:22.303444,2026-04-07 10:03:25.363242
3110,3110,UPS,2a26d932-7d6d-490d-bf87-2093a6931af3,2026-07-19 12:03:55.300714,2026-08-08 15:59:19.343437
3111,3111,Amazon Logistics,c8e0e468-27d2-4bf5-80e0-7591a60e10c5,2026-08-13 09:10:38.122824,2026-08-18 19:02:43.525045
3112,3112,Amazon Logistics,1bce92db-ec3d-431f-93e2-a91ea26e42cc,2026-07-04 22:55:14.851845,2026-07-31 00:00:11.955819
3113,3113,DHL,2ed9287e-f070-40d1-8acd-1e18f2ae6e26,2026-01-18 06:43:22.649513,2026-06-12 16:32:25.031131
3114,3114,FedEx,4fb0a5c1-a90d-4c0b-b509-fc4d7be813dc,2026-04-20 17:34:35.010262,2026-05-06 19:22:23.798810
3115,3115,DHL,892b6e3c-9433-4318-b4df-5eba2dfe765d,2026-05-06 13:11:40.027100,2026-06-11 11:31:58.068708
3116,3116,DHL,250652b2-b256-4a97-93a6-009483f37480,2026-02-15 18:47:18.432059,2026-03-28 23:28:35.194706
3117,3117,UPS,28c5bc34-897b-4c3b-a87c-7acc6a2df371,2026-02-14 10:50:01.790530,2026-05-12 08:24:30.480664
3118,3118,USPS,24356c58-51c7-4cc6-a54b-6d761a24ff7e,2026-06-27 08:11:25.317571,2026-06-29 02:34:39.939396
3119,3119,USPS,90105e8c-794e-49c0-acff-c83c3b30b501,2025-08-26 14:16:35.481778,2025-10-08 18:45:14.066282
3120,3120,Amazon Logistics,5448edd1-7e0a-4f5f-930f-e60d3b1c66a1,2026-07-30 18:11:54.362724,2026-08-05 18:00:58.783549
3121,3121,Amazon Logistics,742fe416-a89c-49c2-9cb7-1fc21b7acb75,2026-01-27 00:03:29.222517,2026-05-05 23:09:56.343997
3122,3122,Amazon Logistics,030e9ea0-031c-4981-a729-a2a92ff95fc9,2026-01-19 11:32:48.679862,2026-01-23 16:03:46.095294
3123,3123,USPS,9d557bf4-f8ad-497b-b6c8-0c9ea62b0126,2026-06-17 00:28:51.050121,2026-08-10 18:20:53.399255
3124,3124,FedEx,ab281dc3-483f-4843-8a51-eb61e8b7dfbc,2026-04-10 19:43:09.810781,2026-07-12 18:48:14.597231
3125,3125,FedEx,5bbc6587-b997-42c6-94fa-92b01b7e7780,2025-09-05 15:57:04.787869,2026-01-26 00:01:06.835927
3126,3126,DHL,1cde7c34-678c-429f-9451-e40dfcaf6f1d,2026-03-22 19:10:52.908662,2026-06-19 14:08:56.054133
3127,3127,USPS,a43771d3-1a96-47d8-85f7-19a3a99cf58c,2025-10-14 03:11:25.198972,2026-03-30 14:03:30.599271
3128,3128,UPS,08a6d3e3-a922-4201-b50b-2683b253021c,2026-05-12 21:09:33.036139,2026-07-21 16:36:06.803622
3129,3129,DHL,69c33554-ba04-4c83-ad0b-bfc9729be8f0,2025-10-31 07:26:32.913626,2026-01-29 23:58:15.276423
3130,3130,USPS,eda51ac0-0099-4463-96ec-7074f2a0e468,2025-09-15 06:06:22.546449,2025-10-17 16:23:45.222171
3131,3131,USPS,79a5ece1-ac3e-4251-9184-6ffb3b2c2331,2025-10-26 19:19:24.516355,2026-01-04 15:00:44.516735
3132,3132,USPS,7bf65c1a-eca1-42a5-8fcf-b764b766df19,2026-02-17 12:13:21.390870,2026-05-26 18:26:04.464048
3133,3133,FedEx,1757dd18-5fa2-401b-99dc-ccbc57a044e0,2025-12-12 19:06:16.355769,2026-08-01 10:19:09.737938
3134,3134,Amazon Logistics,8e6b96c8-a3b0-4d81-9bb7-7a152a0262e9,2026-06-08 17:18:08.495207,2026-08-10 20:49:54.894282
3135,3135,DHL,79bfcede-c099-4d7f-a291-a9b40e96776c,2025-10-27 16:54:11.266270,2025-12-10 00:55:58.289040
3136,3136,FedEx,49669b4b-a64b-4bc5-8562-fb825a7e0497,2026-04-24 15:33:42.409925,2026-07-25 08:53:51.376277
3137,3137,FedEx,b5179637-61ec-4d97-8264-34f3e1d67925,2026-06-30 07:18:06.532335,2026-08-15 17:06:49.678286
3138,3138,UPS,d0ebb24e-7054-483f-961a-886d49eba465,2026-01-04 05:41:49.768726,2026-08-05 06:57:28.223956
3139,3139,USPS,11b04535-3853-4289-948d-6aebbb0c27cc,2026-07-15 15:58:17.243584,2026-07-23 18:02:35.443401
3140,3140,USPS,976aee48-f287-4976-9b04-8aa8559e4930,2026-06-10 02:55:07.413418,2026-06-30 20:46:27.011993
3141,3141,FedEx,2e76d590-9099-4605-a54e-0e58b327394d,2025-08-29 09:37:04.207442,2026-05-04 14:01:05.800731
3142,3142,USPS,c62b6668-e9b9-4574-8866-fec907ebeb9d,2026-05-26 14:43:27.512312,2026-07-31 14:39:32.573418
3143,3143,UPS,e9032f3a-ccca-46b8-9812-57c239ea35ee,2025-12-25 23:49:37.889928,2026-05-28 09:31:07.226685
3144,3144,FedEx,618bd2ef-1d71-4e44-8313-f3a72e724208,2025-09-18 19:00:29.830374,2025-12-20 13:35:16.668608
3145,3145,USPS,3973bcd8-774f-4501-a08b-9a294b75c6ba,2026-06-16 17:34:19.025418,2026-06-22 15:02:40.385943
3146,3146,Amazon Logistics,878596c0-04e4-4921-bce0-a18d9a6dff69,2025-12-05 04:43:01.229019,2026-03-24 08:38:33.653339
3147,3147,DHL,60a6038c-e241-4fbf-8e77-ac99bb223a2b,2026-05-28 13:53:16.549562,2026-07-30 21:44:49.171001
3148,3148,USPS,c336e775-6ae3-4508-8054-74cda01404db,2026-07-03 00:15:16.915807,2026-07-30 18:52:50.890399
3149,3149,USPS,b3e64119-2418-47ed-8182-099a6fc96ace,2026-02-17 04:37:19.026137,2026-06-03 22:08:01.653576
3150,3150,Amazon Logistics,08899951-e52e-4867-8528-7a0cc24b18f4,2025-12-13 10:32:47.666587,2026-04-04 05:16:19.679624
3151,3151,Amazon Logistics,9b4c43bc-d03e-4f7f-a553-89e4d71397ec,2025-10-06 02:20:34.363801,2025-11-04 20:12:45.186958
3152,3152,UPS,ea82ded4-f2d0-4e2d-8763-0f836eb1f3ce,2026-07-14 22:22:41.096784,2026-07-30 18:08:53.459247
3153,3153,Amazon Logistics,b6321314-21d6-42e3-a55f-cfd7aeddeab9,2025-11-20 08:53:59.145652,2026-04-26 10:16:49.830699
3154,3154,DHL,1ff55468-5648-4b70-8289-d9a5f47d6d3c,2025-12-19 11:14:04.776821,2026-02-08 01:52:04.283968
3155,3155,DHL,dbcbe058-287b-47fb-a8bd-dd3c62e6943c,2025-12-31 23:37:14.126599,2026-07-28 18:52:27.829414
3156,3156,DHL,f5c940ca-3325-4581-86a7-489ebc50315c,2026-03-21 14:57:59.728982,2026-06-26 12:11:53.993242
3157,3157,Amazon Logistics,2d42204f-4f8f-441a-9f4b-eb5ddbff5e9b,2026-03-23 14:42:28.785283,2026-06-14 04:31:58.456809
3158,3158,USPS,9686f4ce-0fed-4dcb-afbc-153acfac2c38,2026-05-25 14:10:54.454730,2026-07-12 14:27:31.057447
3159,3159,FedEx,2d5cdc4f-817c-40a0-acad-98283077541e,2025-08-15 03:51:50.139431,2026-02-02 00:04:10.732348
3160,3160,Amazon Logistics,6af7e165-05e3-486f-b239-cb816768f0d5,2026-02-22 14:45:39.186820,2026-05-18 19:22:17.814391
3161,3161,Amazon Logistics,1a7fa007-e24a-4360-9efc-83d00db8fa77,2026-04-11 05:21:26.928146,2026-07-04 09:22:36.493312
3162,3162,Amazon Logistics,cc75ea94-d57b-443f-9728-fb91b5f37f79,2026-05-29 12:24:34.363288,2026-08-17 02:46:24.679236
3163,3163,Amazon Logistics,275e4f93-fbfb-48d6-a358-6e03622fe000,2026-03-28 08:39:00.074147,2026-05-19 22:56:51.062127
3164,3164,Amazon Logistics,a729dfb8-e84f-4bc6-a2c4-b950f227d4be,2026-01-05 18:19:01.560888,2026-07-24 17:04:16.055128
3165,3165,FedEx,18ec958d-01bc-45f8-a6be-323e058799b8,2026-01-20 10:20:22.135382,2026-05-25 19:51:43.260266
3166,3166,USPS,7d8ba94c-63a2-4a2f-9533-a54d22405cdf,2026-05-23 15:43:02.714716,2026-07-24 09:13:41.305208
3167,3167,USPS,2ed9cb1a-82e7-4e89-bdc0-cdbdb1da3d47,2025-09-01 16:04:23.043113,2026-02-27 21:00:14.484040
3168,3168,USPS,9ac9f762-ebfd-42e7-8929-6669d494c1f0,2026-08-06 23:04:41.126618,2026-08-17 02:56:26.227046
3169,3169,Amazon Logistics,0aa25406-f333-4714-9a6e-bb5ed14c8ca3,2026-07-02 02:58:45.082205,2026-08-15 05:43:34.074418
3170,3170,DHL,fe7019b6-c8e1-47ff-a9b0-11788a5d55dc,2025-09-05 21:36:39.409289,2026-07-29 18:14:53.651234
3171,3171,USPS,b8614849-469f-4fef-9826-8e42c78acb31,2025-09-04 05:02:55.822220,2025-10-10 01:57:02.368662
3172,3172,Amazon Logistics,f48b7846-c300-4ff1-9a4c-578a2302ceef,2026-06-18 17:34:00.240902,2026-08-07 00:07:29.546100
3173,3173,Amazon Logistics,d84414a2-5dcb-4a96-900b-b032571984c2,2025-08-19 04:25:22.136905,2025-10-03 08:29:46.598492
3174,3174,Amazon Logistics,fbe30bb4-2c2e-4d5f-b526-a97176f871a5,2025-08-21 06:01:25.528357,2026-08-13 06:30:15.226153
3175,3175,FedEx,6b289ed4-1112-4ac2-8fd0-96d0e8ab902a,2026-02-22 15:50:00.670684,2026-02-25 05:59:48.142835
3176,3176,UPS,529f591c-2e33-456c-89f3-cf522fa15246,2026-05-07 07:52:13.144473,2026-08-03 00:55:43.241549
3177,3177,UPS,d2aa1981-cd3e-405d-8702-2065b3f45cd4,2026-06-19 13:43:13.505802,2026-08-10 14:27:41.829571
3178,3178,USPS,47fdc7aa-d314-4bc4-bb36-f2e1e2cf849f,2026-01-08 12:19:31.437546,2026-04-05 12:06:39.632848
3179,3179,UPS,1e4d20e7-17cb-4960-9b4a-07965bddcc10,2026-08-07 04:51:14.877442,2026-08-15 09:50:36.537868
3180,3180,UPS,5f90db66-7050-47bd-9ae5-3846625ebd15,2026-06-16 08:02:41.128620,2026-08-03 17:02:08.022248
3181,3181,UPS,293a1a10-ab71-4527-aeb1-c4d04e1d9895,2026-06-25 17:10:59.070366,2026-07-01 22:09:24.519829
3182,3182,Amazon Logistics,761995ba-2af5-48f2-b8ce-255dd59703a2,2025-10-28 11:08:58.116417,2025-11-28 23:30:46.370545
3183,3183,UPS,fa2b766d-5ff2-43c1-b1bc-230014832b27,2025-12-19 20:52:58.426063,2026-05-29 06:16:50.613346
3184,3184,USPS,7d798f4c-4e37-4f3b-9a0a-49cbe04f526a,2025-08-31 18:14:07.446537,2026-03-25 17:49:14.685844
3185,3185,UPS,72e2a634-ac93-4f1d-90c4-0c1a54e885d1,2026-02-11 05:47:55.396339,2026-05-21 03:50:00.020277
3186,3186,Amazon Logistics,ceddbe3f-8315-4ce5-9b7f-6db4b5d926ae,2025-09-03 01:36:03.533040,2026-08-01 11:42:49.119193
3187,3187,DHL,9524f710-acff-4a11-bda0-404d178e291a,2026-05-14 09:05:21.598598,2026-07-26 18:39:01.878899
3188,3188,FedEx,0a824176-3827-4ec3-bce5-51415975b723,2026-04-30 00:08:12.872411,2026-06-02 05:48:51.885895
3189,3189,Amazon Logistics,d3ba74fc-aa1b-4fbc-bc14-81e355038371,2026-04-24 14:04:20.949174,2026-05-21 08:41:37.924062
3190,3190,USPS,217c1847-5eeb-4aea-b68d-c0cfcf48d6e1,2026-01-02 20:56:14.842078,2026-04-15 00:35:19.059641
3191,3191,FedEx,0dc02651-19a9-42d7-b853-ba2c68466370,2025-10-09 06:10:06.158828,2025-12-09 15:44:11.748824
3192,3192,DHL,caa3748c-4f37-4f4e-bbb3-733e2da9c4ca,2026-04-07 05:19:43.290720,2026-08-10 00:54:50.726599
3193,3193,Amazon Logistics,365d3b01-fd39-45dc-9595-c8df50624562,2026-01-08 12:53:20.440842,2026-07-08 22:27:35.794417
3194,3194,DHL,1f16ef64-851c-477e-8e83-0cff5898584a,2025-11-12 20:26:49.733838,2026-06-03 14:33:04.980806
3195,3195,FedEx,858ec31e-4e06-4a33-aa6c-cc9b39586138,2025-09-12 01:52:07.127722,2026-04-17 14:52:29.876717
3196,3196,Amazon Logistics,bc340e36-c679-4cbc-9910-2e7338c79a2f,2025-10-31 13:40:59.048544,2026-07-09 06:51:07.672884
3197,3197,DHL,d6bc9a99-8b8f-4827-8787-ae0fa702aaae,2026-06-01 09:09:33.517330,2026-07-05 16:18:09.180007
3198,3198,DHL,b2f35a18-4e11-49a3-872e-5cc009ebbe45,2026-07-04 23:01:11.516955,2026-07-10 11:08:59.883123
3199,3199,FedEx,fafc331e-5f81-4846-a75a-17b21d7a8145,2026-07-19 08:02:14.372658,2026-08-09 14:34:55.157905
3200,3200,FedEx,6754cd2c-c893-47a3-8218-36e7ead912cd,2026-06-07 20:54:53.949373,2026-08-13 06:46:12.389573
3201,3201,UPS,0541b8a5-3c15-4d70-9ccf-0d277d75541d,2026-01-06 16:45:07.681026,2026-06-03 04:49:47.187691
3202,3202,FedEx,11377e07-3354-45a5-b78b-3facc24bf7e6,2026-06-26 15:27:50.727207,2026-07-20 02:17:22.690617
3203,3203,DHL,94e6022a-4adb-4d7c-ad14-257d13a0dc36,2026-02-05 02:06:39.521943,2026-03-15 16:53:20.470829
3204,3204,USPS,416a95b7-40f2-4958-ae1a-afcf18615b59,2026-02-02 00:33:34.428103,2026-05-24 18:13:59.579950
3205,3205,Amazon Logistics,4d38ef14-4f61-4949-9436-d3ba9783fcab,2025-11-14 12:55:42.530482,2026-07-26 03:24:40.691592
3206,3206,FedEx,1113a4ac-528a-4b95-b539-3cf95afa3685,2026-08-07 21:01:56.317033,2026-08-15 15:03:14.730108
3207,3207,USPS,0fa783eb-39a7-4179-8c56-42f4f4977b0e,2025-09-21 18:01:01.085613,2026-03-06 16:30:32.961410
3208,3208,USPS,47544370-e53d-4bbd-9059-804a74725b5d,2026-02-13 04:30:35.775415,2026-05-19 19:58:36.039019
3209,3209,Amazon Logistics,b43ed8d9-a951-4ec9-997e-3de05f671ef6,2025-10-18 02:45:06.716284,2026-03-03 01:57:17.873210
3210,3210,UPS,a7ddeed1-bf09-4710-bfc0-8feb1980eef8,2025-11-21 08:14:51.516032,2026-04-17 15:46:11.174560
3211,3211,DHL,cea1b325-4225-4255-a908-9a2bf2e291e6,2026-05-27 16:04:59.253160,2026-07-09 00:17:22.977081
3212,3212,USPS,36721f0e-7a9e-4bde-8697-7cc8cf546b22,2025-12-13 12:20:34.173952,2026-02-15 06:09:10.475187
3213,3213,UPS,aed9d6c9-feca-4763-94fe-0128c7ffc6a0,2026-01-03 15:20:02.451030,2026-04-13 02:37:22.043924
3214,3214,USPS,c5e7b644-248c-43b6-b61b-69323e17accd,2025-12-02 13:40:04.389874,2026-08-13 13:24:44.071962
3215,3215,USPS,d02f3c6a-8fce-40d8-baa1-a51b4ee23623,2025-09-16 10:44:29.690359,2025-11-29 15:21:54.006625
3216,3216,FedEx,2331fbc0-c665-4068-8daf-be3575deda62,2026-01-17 07:55:52.088128,2026-07-30 16:15:45.087781
3217,3217,DHL,8059a706-2898-4002-a74f-f924ea2ace1b,2026-02-24 08:03:18.130193,2026-05-21 19:48:54.276566
3218,3218,DHL,80bf1420-25e2-4263-af36-5bebc27dff3e,2026-05-25 06:31:41.897174,2026-07-11 01:24:16.699721
3219,3219,Amazon Logistics,efc7eb89-8d39-4f36-9774-6234fea0e448,2025-09-02 11:26:17.982841,2025-10-30 05:55:40.956224
3220,3220,USPS,85708459-de4a-440f-8748-e9357c531259,2025-12-02 09:37:41.025568,2025-12-04 11:55:02.151849
3221,3221,UPS,a087a0fd-0c87-446e-9b5b-9841d550a42a,2026-04-25 15:39:27.926734,2026-07-17 22:09:28.072333
3222,3222,UPS,cb29ea44-fa7f-46b9-822d-64d8e3db6e09,2026-03-07 12:47:57.854484,2026-04-08 08:59:22.936120
3223,3223,UPS,e4b20fda-cd4e-47a9-b7ba-f81a247d7760,2026-07-31 19:01:51.303528,2026-08-07 22:06:11.937838
3224,3224,USPS,b3b9caf7-feb9-45fe-85ec-aa795f6acd62,2026-01-09 20:34:08.496305,2026-03-08 13:59:56.586459
3225,3225,FedEx,f49c9d6e-ca8c-4fc7-a29a-519a4104a1dc,2026-06-03 04:31:11.630256,2026-07-06 12:52:05.430526
3226,3226,Amazon Logistics,5ec84334-9eff-402f-a193-2e1988a09628,2025-10-22 18:05:33.126322,2026-05-04 22:32:02.376806
3227,3227,DHL,e231bf66-a7a7-4794-8e63-3a11bf342e3c,2025-08-24 04:12:21.705245,2025-09-25 10:41:53.524842
3228,3228,UPS,baf0ccff-660f-4723-a36a-265a3f549361,2026-04-28 14:29:38.994487,2026-08-14 02:10:48.477250
3229,3229,Amazon Logistics,9e8666cd-6183-4331-9ef7-f92dd65c4536,2026-04-24 21:38:55.551538,2026-06-13 09:18:36.664071
3230,3230,DHL,ff2f6828-7b06-4519-acb8-356ca8c0d045,2025-10-28 15:14:35.561525,2026-01-31 23:17:26.910458
3231,3231,DHL,20aa69d2-abe4-4a4b-8680-b8c917d735e3,2025-10-08 13:19:48.324125,2026-07-29 14:34:57.314003
3232,3232,DHL,e6359441-1506-44f3-9bc6-ee869c544f93,2026-07-09 03:18:56.130306,2026-08-08 17:24:50.885658
3233,3233,FedEx,892f387e-660d-453c-9dd2-4573c5cccb80,2025-10-05 08:49:47.208201,2025-12-30 06:52:15.940643
3234,3234,Amazon Logistics,367a0e09-74dd-4501-9d0d-fb54842b307a,2025-09-07 21:05:00.571482,2025-10-24 18:23:32.340493
3235,3235,FedEx,8771cd8b-4668-4094-bc0c-ea3a46cbc25f,2026-04-25 20:58:56.069194,2026-06-11 01:29:28.299670
3236,3236,UPS,395f33e1-69b1-478b-826b-e9f564df6bde,2025-11-01 14:03:46.447504,2026-01-24 16:19:03.847790
3237,3237,DHL,5674602b-b99c-4eca-8d26-bcf08c916382,2025-09-10 04:43:31.860827,2026-03-06 15:24:38.004605
3238,3238,UPS,7ea4b604-835c-4a54-85ff-4d621edff54f,2025-11-19 10:27:33.189059,2026-07-23 07:24:59.533680
3239,3239,USPS,5bdc62b5-04ab-4ffa-994d-4528c4ab23c8,2025-12-17 09:44:46.130663,2026-06-08 07:23:49.621642
3240,3240,USPS,039db6a1-5e31-4729-9b09-ea4f81065055,2026-04-21 02:18:14.215868,2026-05-22 08:22:03.408757
3241,3241,Amazon Logistics,bfd74071-5c6a-4b4b-bdc1-e381444aa4a3,2025-10-21 13:36:20.118995,2026-07-19 14:34:26.345816
3242,3242,DHL,e4244930-8af8-4896-9787-d55f354bb6c5,2026-01-19 13:23:14.986716,2026-04-26 04:04:07.444309
3243,3243,USPS,1ea7a23d-330e-4146-9592-7e6505e4e6ce,2025-09-30 01:40:22.204030,2026-04-26 10:16:13.162228
3244,3244,USPS,a0e8ec0d-ff9e-445a-8794-7f85f7040508,2026-06-27 03:20:33.350810,2026-08-11 10:38:41.876201
3245,3245,Amazon Logistics,3ad427f0-8d5d-42c7-af60-8f8561eea7e3,2026-06-03 06:29:10.241368,2026-06-09 15:25:06.017247
3246,3246,USPS,6fa1afa8-20f8-4965-aa50-2e6666f753c8,2026-06-22 17:50:57.934084,2026-06-29 14:58:18.864230
3247,3247,UPS,2152fdc2-4d04-4866-b6ec-ce1db08c41d9,2026-04-24 22:21:07.064275,2026-07-15 22:54:19.474694
3248,3248,USPS,bbe9a756-03d4-4973-ae9a-f29a533d02e4,2026-04-08 22:26:05.674726,2026-04-10 08:39:44.200391
3249,3249,Amazon Logistics,5ffb2f48-3070-4407-b3c8-a2d4dce10529,2026-02-10 20:10:38.942294,2026-06-23 08:37:43.668867
3250,3250,FedEx,45a02d2f-e703-4be6-a470-0b2b90fb1256,2026-06-14 14:29:23.248176,2026-08-19 11:54:09.775743
3251,3251,DHL,7ebbd864-2783-4064-bbca-c1e0ccac3fa7,2025-09-26 12:37:36.188091,2026-05-23 03:54:34.769277
3252,3252,FedEx,4afe0f0f-c832-4b96-8592-e32e63de6a7f,2025-08-27 22:05:00.812991,2026-05-29 03:35:02.273916
3253,3253,USPS,898338c1-fdeb-4eee-a906-be59856d9c68,2026-05-03 05:47:11.427396,2026-05-19 01:35:31.135556
3254,3254,UPS,ad79a91c-d0b7-4ffa-b8c5-4e8047372c62,2025-10-20 04:30:04.432081,2026-04-25 14:35:09.950581
3255,3255,USPS,21b916c8-c816-4ebc-93af-e4279b5035a0,2026-06-02 07:07:58.057180,2026-08-14 11:04:53.177653
3256,3256,Amazon Logistics,1b2daa27-88cd-41ce-b919-490c4987bd0c,2025-10-15 21:33:34.564858,2025-11-29 18:56:24.109784
3257,3257,DHL,fb30adb8-40d2-4412-9bed-48cf4965503c,2025-11-30 16:30:52.940485,2026-01-09 17:11:12.600955
3258,3258,FedEx,00553f2a-aa2f-49cf-9c62-9ffd8842c300,2025-11-02 22:34:03.027565,2026-04-27 18:20:19.622037
3259,3259,UPS,dd8d041f-aa38-49db-8c19-8315859efff8,2026-06-11 16:43:36.731557,2026-08-04 10:33:08.899657
3260,3260,UPS,693bcb0d-8678-4d7d-b595-08676c32c772,2026-01-17 16:02:39.291422,2026-01-30 16:39:47.132904
3261,3261,DHL,2dbb61be-3a8d-4b0e-ae93-206e558fc95f,2026-03-08 06:27:42.068757,2026-08-17 07:07:22.028528
3262,3262,FedEx,88c6164e-edd7-4ad9-814f-3014dfdf9341,2026-02-23 04:22:00.069084,2026-06-21 11:59:00.184808
3263,3263,USPS,d4452e5b-bf48-4aad-8db2-6b6f131af2ca,2026-07-12 10:17:27.497013,2026-08-02 15:28:46.717633
3264,3264,UPS,c8e50c46-9942-423d-a499-77bcd36814e8,2025-11-30 16:11:02.711944,2026-02-17 11:19:49.809144
3265,3265,USPS,70f13628-e18c-4776-8d84-04430cf9ee7b,2026-01-30 13:44:30.846642,2026-03-18 07:11:29.067326
3266,3266,DHL,b63f79f7-f7ba-4f01-9348-26cafe839a4c,2026-02-08 01:39:31.721353,2026-03-12 10:36:24.893906
3267,3267,Amazon Logistics,b04379de-88e5-4d86-8395-fffaf222b9b3,2026-06-11 22:57:26.231344,2026-08-05 01:58:26.914579
3268,3268,UPS,d7290847-b106-4d9d-857c-9f3cfbe42ac5,2026-02-13 10:15:44.885042,2026-03-02 01:48:14.165747
3269,3269,Amazon Logistics,0f2d890a-5e88-457a-bb51-35b4b456ca7f,2025-10-30 11:16:55.274076,2026-06-21 12:33:42.300002
3270,3270,UPS,6e28d02c-9b9b-4d6d-ba13-c5b410241c4a,2026-03-21 07:14:09.087293,2026-07-05 02:49:39.946877
3271,3271,DHL,964f7426-a610-4731-99fc-eff29c3b1757,2025-11-14 13:28:56.291634,2025-11-20 16:44:19.641661
3272,3272,USPS,2701e19a-485d-4501-bb65-adc9d8f44672,2026-03-07 20:20:50.970949,2026-03-21 01:40:25.220218
3273,3273,USPS,407552ae-ceda-4103-816a-1ef74ff77351,2026-02-22 19:54:46.733676,2026-08-15 16:11:01.494780
3274,3274,FedEx,4f1ea367-60e1-4b78-9ff1-817db343dbb0,2025-09-03 00:27:52.153131,2026-01-05 16:38:55.727818
3275,3275,FedEx,97f4e7f8-a04f-4eb3-b0b6-b2c90b26f4f2,2025-10-14 12:48:04.157156,2026-08-12 19:48:00.558599
3276,3276,Amazon Logistics,e326e33f-6d3f-4624-aec2-f5d835b58b4b,2026-07-20 22:22:42.519869,2026-07-30 07:48:50.535050
3277,3277,USPS,d00fca49-717d-4840-bdff-971da4804f2d,2025-10-06 14:41:54.218384,2026-01-02 19:47:46.609500
3278,3278,USPS,dee75fb8-bfe1-4f4f-aa9a-a08b41557ae6,2026-02-18 07:49:16.228095,2026-07-07 08:39:45.904724
3279,3279,Amazon Logistics,23976717-58b9-4805-8e49-bc14dfcf2d48,2026-05-29 08:50:43.453330,2026-07-09 00:56:26.045247
3280,3280,USPS,ad26f4d2-c405-408d-a1a7-3dd066955961,2026-03-09 02:40:17.177781,2026-07-11 10:34:43.514271
3281,3281,Amazon Logistics,1d0e3e4b-f968-4fa5-87ff-aa3c31d90683,2025-12-08 18:25:50.800875,2026-07-16 15:57:07.437480
3282,3282,FedEx,a78a7c27-7514-48ad-86b4-00a9e76ca784,2026-03-08 22:15:44.492379,2026-07-20 10:35:15.822458
3283,3283,FedEx,53196416-dcc6-41c4-987d-47aef4816a62,2026-04-10 16:17:16.528790,2026-08-01 03:31:28.705626
3284,3284,FedEx,14e0873d-bbfc-4de4-a79f-74d273b6f8eb,2026-08-04 21:51:30.119977,2026-08-05 19:14:12.947319
3285,3285,Amazon Logistics,b59013c1-8398-4ece-b210-4047321d5fee,2026-06-15 21:29:26.885822,2026-07-26 18:46:23.274637
3286,3286,USPS,7ab6f1a8-67d0-4ee1-93e7-d996322a940e,2025-08-28 16:00:04.193926,2025-09-07 07:47:59.115403
3287,3287,UPS,7ba5941e-19a2-49fe-b68d-284f7cdb8a14,2025-08-17 09:31:19.056376,2025-10-04 02:49:20.076269
3288,3288,USPS,4ed267fe-57f0-41d3-89ae-c9ee87600584,2026-05-18 15:53:38.197265,2026-05-24 20:34:51.776022
3289,3289,FedEx,1a65fb41-951f-4d32-afc1-4466350f9e64,2026-05-15 02:37:19.774994,2026-07-10 12:30:28.962462
3290,3290,UPS,39f82663-4763-41ad-821a-5f039370d3b5,2025-11-24 04:57:53.023647,2026-03-27 15:21:51.628927
3291,3291,UPS,5ba4d10d-60f3-4ed7-bdf0-0fae437dc09f,2026-01-19 07:16:01.179558,2026-05-30 15:33:44.421596
3292,3292,FedEx,a8c2884f-6dfb-49aa-bc4f-5300c8479ce3,2025-12-21 20:41:41.626446,2026-08-16 17:13:20.454289
3293,3293,USPS,ad330994-d543-476e-8c29-cdcdafa64b3c,2026-05-31 19:59:07.877555,2026-08-14 21:32:00.155518
3294,3294,USPS,dd7af99f-4892-4e25-9012-5d820ae3dcfb,2026-06-25 17:16:01.032318,2026-08-02 01:32:25.974614
3295,3295,FedEx,01f3e731-8433-4178-a61f-ccf13efa353a,2026-03-20 00:02:50.984290,2026-07-14 02:30:46.347807
3296,3296,USPS,efd9496b-d4a2-471b-8001-cb0b5b8f362f,2025-12-28 14:56:03.959639,2026-04-18 06:13:46.260514
3297,3297,DHL,cdaf2b2f-99c9-4d29-b769-37db99d6cc9c,2026-03-25 16:27:28.733909,2026-07-23 09:49:58.527079
3298,3298,Amazon Logistics,7db86893-e215-48d7-8d75-968c9efc6085,2025-11-22 22:19:48.346146,2026-03-17 19:24:42.902041
3299,3299,FedEx,ab1804f8-1788-471f-8fa3-b58fe3a497ea,2026-03-05 09:37:07.244499,2026-08-20 22:50:38.589793
3300,3300,USPS,c5f203b3-3166-47bf-af92-7717ebde9234,2025-09-01 15:25:06.204527,2025-11-18 19:21:09.365227
3301,3301,UPS,0fe4806e-ab7a-4cc2-821d-5d58a2d121d9,2025-09-21 20:33:26.211942,2026-05-31 06:19:22.130314
3302,3302,USPS,534d050c-172a-4d9c-9041-4f10a1e464ef,2026-05-29 06:04:41.416825,2026-06-18 06:01:58.866201
3303,3303,UPS,312d1019-8caa-4ac1-80cd-cd17ba3c1276,2026-05-03 01:37:46.612610,2026-08-06 19:54:59.496096
3304,3304,DHL,e9ade4e6-7f75-41e9-bf87-a67d199f9701,2026-05-23 14:12:22.288003,2026-05-27 00:21:10.659015
3305,3305,Amazon Logistics,b8faa5e2-9576-4330-9688-9d922b34e67c,2026-04-22 16:51:19.454951,2026-07-19 08:19:41.977426
3306,3306,Amazon Logistics,ab2bc4bd-551d-4d80-b249-c591cd945a35,2026-03-11 17:25:49.257734,2026-06-03 15:00:04.738384
3307,3307,DHL,3e3429b8-f9d0-4177-a50f-18360f1dce90,2026-06-07 10:20:56.837971,2026-07-27 22:11:19.834566
3308,3308,UPS,f99b8611-6889-4df3-8517-9d922d4b7bb4,2026-04-04 04:59:39.693544,2026-06-06 12:56:51.827924
3309,3309,DHL,f2597308-fb07-4095-923d-00d07824009b,2025-08-26 22:35:00.103405,2026-06-19 07:27:15.911039
3310,3310,Amazon Logistics,e78b412c-b093-4cd1-88c1-64b0731ae947,2025-12-10 08:15:49.568756,2026-08-01 23:03:08.911720
3311,3311,UPS,c16d3f9d-fc24-4fb4-9b7e-003788b672a3,2026-04-09 10:28:11.679257,2026-04-09 23:24:39.133740
3312,3312,UPS,0df0e5aa-1fd8-4709-a221-35ed15b84061,2026-06-21 01:32:50.175102,2026-07-30 04:46:02.134698
3313,3313,FedEx,2fa61517-a402-4469-b2af-e60dd6fdd89c,2025-11-13 15:13:16.712535,2026-05-13 16:57:41.269121
3314,3314,USPS,6c75228d-4095-4210-afd7-571e509100c7,2025-11-30 07:41:42.964831,2025-12-09 08:42:41.553016
3315,3315,UPS,475c3ecd-213e-4cb0-bbdb-38a2b6d96a40,2026-02-03 09:52:23.598989,2026-07-15 18:32:25.094379
3316,3316,FedEx,0e41c3d7-d1ff-4161-950b-312ca7a8703e,2026-06-01 23:28:34.854340,2026-06-05 16:28:31.580856
3317,3317,DHL,a2275bdc-4904-4e4c-9c5b-4cf350edd389,2025-11-05 07:42:14.095845,2026-06-12 12:48:44.581733
3318,3318,Amazon Logistics,150bcf69-7afd-4f6c-9c34-1a9ff19561b0,2025-08-31 22:27:02.235788,2025-12-02 09:01:12.824870
3319,3319,UPS,e572a73c-75e5-41e8-9069-7e5942b69e26,2026-07-14 19:02:10.739425,2026-08-07 18:12:09.105278
3320,3320,DHL,833d968e-e179-4669-b232-ed1305a2e4a6,2025-09-06 11:21:34.708415,2026-01-13 10:44:28.280002
3321,3321,Amazon Logistics,22c18b4a-8f50-4f8f-a13f-55947cc0f551,2025-12-13 23:06:26.140307,2026-07-21 06:28:00.592440
3322,3322,Amazon Logistics,711976c0-f1ac-44b7-8b36-7452a1781fda,2026-02-10 11:24:08.735950,2026-05-02 18:58:05.344268
3323,3323,Amazon Logistics,aec68976-bbaa-40ae-bf7e-da8cb4ff9f15,2026-04-19 08:21:54.017268,2026-05-01 16:52:28.688775
3324,3324,UPS,820aee76-a465-4731-9972-e0affdb665d4,2025-12-29 13:05:30.651172,2026-02-04 11:51:50.091119
3325,3325,FedEx,25a03271-4c42-497d-9260-72139c8fda40,2025-11-02 12:45:18.942735,2026-03-30 08:59:21.587833
3326,3326,USPS,e710b979-6683-4b57-a54a-b4b4f39eecc3,2026-02-14 09:12:50.661329,2026-05-12 11:16:06.106356
3327,3327,Amazon Logistics,af9b6765-32cf-460a-891e-d255293fb9b2,2025-12-22 06:08:55.780827,2026-02-03 04:01:45.249798
3328,3328,FedEx,b4892c62-2374-4623-95f8-a0db27f526a4,2026-07-20 02:23:37.050329,2026-08-20 21:23:46.779078
3329,3329,USPS,f1dc731a-40b4-4727-af7c-f6a42adbfc3d,2026-06-05 20:26:40.180384,2026-07-07 19:50:07.301742
3330,3330,Amazon Logistics,f1e40e68-f0c2-4f38-b3e9-f8fe70d7a515,2026-04-06 12:23:32.775511,2026-07-12 22:22:12.504056
3331,3331,DHL,2865f43d-983a-4d64-9a80-b14ee02bc5a2,2026-01-12 22:08:31.471094,2026-07-04 15:15:59.695352
3332,3332,Amazon Logistics,77d65a52-932d-41b3-b7f7-601b1f27d798,2026-02-09 19:38:22.291925,2026-07-17 20:55:38.941417
3333,3333,Amazon Logistics,e13e4707-c0ad-46ba-b36e-5d47e3878607,2026-04-24 00:46:26.403479,2026-08-17 22:14:27.288313
3334,3334,Amazon Logistics,0e7a25a5-3f87-4284-8a94-2b5a4d0671f7,2025-11-14 02:27:50.807154,2026-04-14 01:08:57.206655
3335,3335,DHL,eb9d45d3-d37a-4536-bf48-d3a3a0180638,2026-05-22 22:15:00.511527,2026-06-10 20:59:27.865803
3336,3336,UPS,676a2061-7d68-4445-9e62-7b4a461b0c67,2025-12-01 16:21:16.850525,2026-04-13 00:51:39.384522
3337,3337,UPS,e15cb943-b072-4b48-84ed-99b763d674ee,2026-05-26 18:31:46.181091,2026-08-13 09:29:10.305881
3338,3338,FedEx,1e00d7ad-8b0d-4d92-b28b-2e41e3a181ed,2025-12-26 11:51:53.049620,2026-03-29 09:11:58.539802
3339,3339,Amazon Logistics,30142467-09ed-4beb-ae47-23e0e96d1d9c,2025-12-28 18:39:10.537052,2026-04-16 14:26:21.104831
3340,3340,UPS,2b969f59-c1b9-4730-a817-637c747e7ac7,2025-09-12 10:37:14.173883,2025-10-31 10:02:46.003503
3341,3341,Amazon Logistics,9180c2c9-e58c-4c46-97b2-f7e738458089,2025-12-29 14:12:11.088835,2026-05-22 17:21:41.859650
3342,3342,UPS,19a7f144-dd95-44df-8fcf-209924955ee1,2026-06-05 21:52:34.185256,2026-08-04 05:24:42.149996
3343,3343,USPS,5eb414b4-9b48-4570-8b91-30b3a789f158,2026-04-26 18:48:05.161191,2026-07-16 07:41:01.858220
3344,3344,UPS,71b81940-1aa5-47c8-b5d8-3f909ab95aee,2025-12-01 09:00:13.514601,2026-02-09 19:10:51.377423
3345,3345,Amazon Logistics,2e8735df-21ba-4b79-a97e-cc111eb175cd,2026-03-30 11:59:14.133800,2026-05-21 04:42:00.665858
3346,3346,UPS,f7e23dc6-37f5-484e-985c-562dd17bfc36,2025-08-14 09:47:15.743256,2025-12-16 09:31:14.464057
3347,3347,UPS,08ba8906-bc21-4257-a83d-ce33dcf0f546,2026-05-30 21:16:56.618498,2026-08-05 22:00:49.176815
3348,3348,UPS,3b09b162-3c18-40a3-9d22-b125e8ac4524,2025-12-14 22:14:02.325490,2025-12-29 02:57:25.314371
3349,3349,FedEx,8d0715dc-0934-436d-8225-5d53e9840c11,2025-12-12 21:58:39.114696,2026-04-16 05:47:33.195870
3350,3350,DHL,a4ec39f7-f02c-4009-914a-3666f8f75500,2026-04-25 05:27:34.730481,2026-06-17 16:45:56.769652
3351,3351,FedEx,4a597cb3-b6d3-4c0b-86ec-ab6856681df7,2025-12-20 01:04:20.346287,2026-02-19 18:48:51.599463
3352,3352,DHL,c1b01182-dc09-4b81-98b8-40e9e139ce3b,2025-10-05 03:03:24.547202,2026-03-04 18:23:27.314921
3353,3353,UPS,9996f2ce-6903-4b30-9267-b0644a728e1e,2026-05-08 12:21:25.597230,2026-05-13 14:48:47.091224
3354,3354,USPS,3e36e554-48eb-4f00-a9b4-9ac9fc2a3ef8,2026-02-11 13:28:17.486210,2026-05-24 20:27:29.539305
3355,3355,UPS,a52b88b7-7bb6-4803-9fa3-a614ada6d8d2,2026-04-23 10:30:22.648846,2026-07-20 16:51:40.176026
3356,3356,UPS,463e7e13-7535-4be6-9e2a-50079527a3bc,2025-09-25 22:19:13.526043,2026-07-15 04:55:14.957798
3357,3357,DHL,909cd2b1-db24-49ac-9b6e-6d005675ef6b,2026-07-30 05:54:01.235856,2026-08-06 09:32:35.349003
3358,3358,Amazon Logistics,0f423a2d-6aa7-4d07-923f-67279c8af162,2025-12-19 07:56:15.684127,2026-04-24 16:29:39.538002
3359,3359,FedEx,acef3b2a-ea1a-4667-a18d-27119c327605,2025-09-28 13:33:15.982572,2026-02-26 08:59:00.917390
3360,3360,DHL,b3b6a85c-19a1-402c-beb0-1c08bc2ad1f1,2026-06-05 05:44:14.249835,2026-07-03 20:05:45.538897
3361,3361,UPS,254344b3-2c96-4d6c-b213-91b2930f9b3a,2026-05-01 08:17:51.306290,2026-07-13 22:31:04.686189
3362,3362,UPS,ff092302-8a1e-4a48-a3ae-f0e994f1eabc,2026-04-11 17:03:09.681595,2026-06-12 16:27:55.538308
3363,3363,DHL,e283dae6-c266-4a13-8cae-2d5cd14fd2fd,2026-02-16 07:49:01.177206,2026-04-06 10:31:23.001164
3364,3364,USPS,92ae771a-b667-490b-96cd-f8a2fa4625ca,2026-01-07 03:00:03.430709,2026-06-22 06:23:03.239676
3365,3365,USPS,839c8dac-a9b7-4154-9e4f-4a75aa5aa8ed,2026-01-26 13:33:06.718755,2026-06-11 01:08:28.330157
3366,3366,USPS,ef3851e6-1f44-4025-9e9c-d65d13618ff1,2026-02-22 14:03:46.411232,2026-03-03 21:04:34.481852
3367,3367,Amazon Logistics,b2c27285-2003-4d13-a64d-05178295ec4a,2026-06-02 04:31:59.276610,2026-06-06 02:38:40.253922
3368,3368,USPS,3f34dbef-c461-4a5c-8bad-fb891e141eeb,2025-11-30 03:38:00.981250,2025-12-07 00:13:29.093516
3369,3369,DHL,d843e57f-6c12-410d-9863-c655d13b20a5,2026-02-22 00:48:00.553173,2026-07-04 00:54:46.453337
3370,3370,Amazon Logistics,a7203655-04e7-4152-bdc5-8629c5993e6e,2026-03-25 21:05:50.438811,2026-06-29 10:41:27.185528
3371,3371,FedEx,be6f72ed-ddc9-4498-a68a-3743cf8d403c,2026-03-23 00:37:15.100745,2026-08-06 09:53:11.466962
3372,3372,Amazon Logistics,28836d15-4fae-48f0-ad5f-c98e905ef450,2025-10-20 15:00:33.357654,2026-01-29 02:23:44.442627
3373,3373,USPS,0653fca8-f9ac-4cb1-80ba-7949d6e2d582,2026-08-01 15:10:49.096925,2026-08-06 09:28:25.875848
3374,3374,DHL,dbe717bf-8f94-4cc2-9140-e1c2dc793811,2025-09-02 03:47:42.469857,2026-03-06 10:14:52.160200
3375,3375,UPS,0e3ca95b-fc5e-495a-82f2-b76d856da33b,2026-07-27 10:29:03.892676,2026-07-29 03:57:47.256117
3376,3376,UPS,1680428a-0d35-491c-b0d1-8e7c1627e83b,2026-04-06 12:55:35.316562,2026-07-04 10:30:50.351778
3377,3377,FedEx,0265c3c6-07ee-4250-b831-4c33e9abb703,2025-11-26 15:50:37.850764,2025-11-27 02:09:12.698734
3378,3378,DHL,e78efaba-0b1b-4c51-a8f9-0ee731750346,2025-10-22 02:56:16.047646,2025-12-14 08:32:41.627017
3379,3379,FedEx,400fdcf0-cd48-4cf2-a857-108339b785c6,2026-07-19 21:10:33.512182,2026-08-01 05:42:10.775783
3380,3380,Amazon Logistics,96e8c298-9a42-4bad-8060-029d38518b69,2026-02-20 06:29:53.836554,2026-04-16 07:27:49.252566
3381,3381,FedEx,c9c1ed2e-3135-425d-9c47-7a3399dfd8ab,2026-02-22 16:46:32.381076,2026-05-03 18:50:09.771848
3382,3382,DHL,16222abe-5385-4684-bcd3-3445e8a77ba0,2025-09-11 12:42:31.643448,2025-10-17 06:49:02.831402
3383,3383,UPS,804ed11c-24d7-46da-b4ec-3798145bce17,2025-08-15 07:15:15.619959,2025-10-05 14:50:37.626024
3384,3384,USPS,c31f6e23-d42f-4b82-af27-1ffac9a02e30,2026-05-01 06:30:32.138755,2026-05-21 16:18:33.104264
3385,3385,USPS,ac872c5f-cd1c-4822-ad1c-9e1550ca0b71,2026-01-14 20:20:42.899538,2026-06-09 14:21:40.479692
3386,3386,DHL,f08c97a5-5cfd-43c1-9643-df25d38dc61f,2025-09-03 06:11:47.011996,2026-03-15 00:48:04.859932
3387,3387,FedEx,ef44dc2f-cebb-45c2-b5d8-0efd5f2d5aef,2025-08-24 03:11:33.894112,2025-12-15 02:17:55.479313
3388,3388,DHL,37334507-df41-41c5-85a7-90778f75c176,2025-08-19 12:55:31.070956,2025-11-19 22:07:58.504800
3389,3389,DHL,4823ecf4-c5c0-404b-90b2-0726782a0cd0,2026-04-10 13:44:12.038322,2026-07-26 19:49:56.308013
3390,3390,USPS,bff07fef-3029-449c-80e2-0218686899cf,2025-09-06 23:54:24.377753,2025-11-02 03:53:14.511651
3391,3391,DHL,c254b599-9076-4014-b52e-18a1f3151e07,2026-08-05 01:31:58.074477,2026-08-14 11:54:03.347170
3392,3392,Amazon Logistics,fc269de0-251d-4809-a9a1-179c7c3dfa13,2026-05-28 15:04:52.924094,2026-06-22 02:09:54.554247
3393,3393,Amazon Logistics,8dacc952-648f-427f-a585-efb713452f8c,2026-01-06 07:17:01.977555,2026-08-19 20:00:07.527825
3394,3394,UPS,df1b7c32-3f07-495b-a3e4-e84256bae47a,2026-07-20 09:35:48.971681,2026-08-16 16:39:24.469077
3395,3395,DHL,a09a2e5b-b9e6-4a84-b712-4a1d3dc704dd,2025-11-30 21:18:54.784043,2026-05-03 14:18:32.721147
3396,3396,DHL,04a741a3-e234-45cb-a802-1abaee88d772,2026-03-25 18:23:02.350551,2026-05-14 23:24:23.942287
3397,3397,FedEx,5d3c0a23-1d92-4f5d-990e-97b3a09011e3,2026-06-24 07:17:00.385819,2026-08-07 00:52:26.835797
3398,3398,USPS,51576df1-abc3-4fb6-b27a-bab40db82dc1,2026-04-10 04:38:14.203349,2026-04-15 16:48:19.518329
3399,3399,FedEx,3339ffde-9f22-493f-9864-85fc1c80053f,2026-07-27 23:51:17.629749,2026-08-13 02:55:59.133434
3400,3400,DHL,47696a0e-8b3a-42ea-a551-0c298af4ca34,2026-07-06 22:05:42.658609,2026-07-15 22:35:11.827305
3401,3401,UPS,3a5572b7-e03c-4572-8e1c-a37570733250,2026-03-30 06:43:04.545763,2026-04-12 02:23:18.684820
3402,3402,UPS,e0b57f90-0f1a-4250-9149-573cd8b43b05,2026-05-12 20:32:09.489949,2026-08-11 08:36:56.847552
3403,3403,UPS,594444e4-6ae8-4193-8615-8b970e441982,2025-12-13 21:25:09.529006,2026-06-08 14:51:42.822091
3404,3404,USPS,23497f4a-e761-4c9c-937d-a67895dfa1e4,2026-03-07 05:12:30.426155,2026-08-10 05:28:29.018342
3405,3405,FedEx,5c1a9113-27e8-4761-80b8-ec0e04f07412,2026-06-03 08:19:48.419335,2026-07-14 17:55:04.283029
3406,3406,FedEx,ecffac11-f131-48e7-96bf-294a34d6a49c,2025-10-17 19:36:00.217883,2026-01-25 02:22:03.995334
3407,3407,USPS,42cb020e-6371-4465-a074-12c745dd7714,2025-11-24 00:18:17.348526,2026-01-06 20:42:38.039180
3408,3408,USPS,1d9a07fa-bd55-40c7-a4e1-addc7b29d613,2026-06-22 09:17:26.108158,2026-07-05 12:01:13.576785
3409,3409,FedEx,30d255c2-510f-4640-ba46-231388f08593,2025-08-20 14:05:50.561553,2025-12-15 18:14:24.963259
3410,3410,USPS,bd6fdb03-aac1-473a-ad07-659e0d438958,2026-07-29 18:25:17.086612,2026-08-20 12:37:02.238137
3411,3411,USPS,93efac85-ad9e-4b2e-8825-0f795a40e009,2026-06-12 12:29:32.396030,2026-06-30 00:41:54.665969
3412,3412,Amazon Logistics,3499a89b-6c9d-49ac-8589-cfeda322ee54,2026-03-24 05:13:32.576280,2026-08-15 01:40:03.921596
3413,3413,FedEx,8b4f2416-3d0a-473d-a10b-344a74757912,2026-04-25 15:18:39.310235,2026-06-18 12:27:31.154392
3414,3414,FedEx,f632e5fd-4278-49c5-b03f-49db0f3c1932,2025-12-04 08:33:01.917903,2026-05-12 12:13:43.005262
3415,3415,Amazon Logistics,64f1be5e-f360-4e2c-99ea-f05826a4b616,2025-12-23 02:06:25.781476,2026-08-13 03:03:52.756157
3416,3416,DHL,0f4a6912-fab4-4ecc-b500-73c549937d9d,2026-04-30 07:11:48.974615,2026-05-07 22:27:33.854829
3417,3417,FedEx,0696fb0c-aa50-4e2b-9938-cf02efd3b9fb,2026-02-04 09:41:52.758685,2026-02-14 10:33:38.956622
3418,3418,USPS,1e0cc566-b614-4ae2-baf1-0d60cfe3d993,2026-04-09 07:21:18.164637,2026-06-13 18:44:14.616536
3419,3419,FedEx,3da85287-b892-410c-ac0d-c5585c2bd9ba,2026-01-14 20:22:09.191004,2026-06-24 05:19:30.205249
3420,3420,DHL,29bddc23-d85e-4466-b22c-4ddf2222d770,2025-11-02 23:44:33.893867,2026-04-20 03:46:10.552338
3421,3421,DHL,d9c12683-e6eb-43c7-8f66-4da495f6f943,2026-02-01 02:10:38.457603,2026-05-31 14:47:29.276853
3422,3422,UPS,f7b781f7-a642-40c8-8df4-482820556ffe,2025-08-20 19:35:15.813278,2026-06-02 22:04:36.436258
3423,3423,USPS,c68dc52e-bddd-44d5-8d2c-a85986387ffc,2025-08-21 14:52:13.800773,2026-04-29 00:41:15.051237
3424,3424,FedEx,3d95001d-f137-400d-80a2-bff3de8b2a6b,2025-12-13 15:20:32.381200,2026-03-17 19:00:58.777937
3425,3425,Amazon Logistics,286e7612-d2af-4d5a-bfb2-86f3abb788fb,2026-02-25 08:02:00.421049,2026-07-24 10:25:49.808758
3426,3426,UPS,6c920c02-a202-45d9-9125-9086eb5a28b0,2025-12-31 10:16:17.671995,2026-05-12 08:53:15.724014
3427,3427,USPS,94e46ff3-c2e0-473c-964a-b6a6dd44251a,2026-03-16 17:25:24.594476,2026-03-17 02:15:24.443420
3428,3428,Amazon Logistics,c38153f5-c944-4d55-a7e6-b77db1718297,2026-04-16 14:29:13.115605,2026-07-03 13:52:32.178737
3429,3429,UPS,e90fc223-9be2-447b-80d6-2a21e078ce25,2025-09-03 08:54:37.217433,2026-03-27 03:07:35.591395
3430,3430,USPS,e369f540-6359-48d3-b0b8-3297cc796ff0,2026-01-11 08:39:54.277711,2026-01-28 08:17:38.523620
3431,3431,Amazon Logistics,ab8eac88-831b-43c9-aacd-5e1df7f74772,2025-09-18 02:45:26.560433,2025-10-07 07:44:37.425357
3432,3432,DHL,6cc13019-e953-40ef-bfc2-b1d9fb448faf,2026-07-13 17:49:04.445757,2026-08-13 23:38:58.109316
3433,3433,UPS,69972b99-0881-4e7a-8915-a4506e8fefd5,2026-03-06 19:01:17.632466,2026-06-05 00:47:21.448555
3434,3434,UPS,f6c0aef3-e050-44e4-ac56-b88ea885e163,2026-06-02 08:31:09.968737,2026-07-20 12:27:02.767143
3435,3435,Amazon Logistics,71d9c30f-21d4-454e-a03a-72ab31085d36,2026-02-18 10:39:15.103904,2026-04-22 03:29:05.448395
3436,3436,USPS,955294f2-a04b-42ed-8759-8307f17f6078,2026-03-15 23:08:52.222150,2026-07-09 17:29:38.607865
3437,3437,Amazon Logistics,b6a470f9-584c-4fd3-9e35-2040a40a6d84,2026-01-08 09:36:21.072117,2026-02-08 10:22:59.234258
3438,3438,DHL,699a88ca-30d8-4a3b-b28a-63e477227d46,2026-06-28 05:32:16.296815,2026-07-05 12:36:16.799267
3439,3439,FedEx,68f240da-495a-4714-a83b-c1e8f04dd30f,2026-04-05 10:41:32.495482,2026-08-15 09:02:00.568800
3440,3440,UPS,1b4116de-01d2-473a-93a5-a00e7f18d686,2026-01-06 15:51:10.795160,2026-05-12 20:00:42.666359
3441,3441,Amazon Logistics,84460e38-2e99-4c4c-b5c5-66f853a6960e,2025-09-02 14:07:31.501990,2026-05-11 12:25:10.667928
3442,3442,Amazon Logistics,3bf5ee81-0488-4978-840f-3d9c2513a08d,2025-11-04 18:09:50.670618,2026-04-28 15:09:44.538436
3443,3443,Amazon Logistics,fd923900-254c-4c5e-86f3-c043ed3de31d,2025-09-05 19:06:47.034416,2026-01-02 14:34:51.214353
3444,3444,FedEx,8fe80cc5-4bf3-4893-a3d0-d9fcd58e5724,2025-10-29 15:05:46.447253,2026-01-21 01:03:19.362453
3445,3445,FedEx,a8284536-a12a-4246-8b4a-59c273b8bf8f,2025-10-17 10:41:08.174925,2025-12-30 01:34:39.457497
3446,3446,Amazon Logistics,7aab3d31-5080-47b6-b878-932167a35fa7,2025-11-27 02:13:39.800321,2025-12-10 09:21:16.079772
3447,3447,UPS,2bc6be9b-d9da-4d6a-9484-6e2fbb057c29,2026-02-04 15:27:10.974976,2026-04-25 10:10:41.960319
3448,3448,FedEx,495f29b6-1716-44d3-9b76-7d2702a1b35d,2026-01-05 15:08:31.496557,2026-05-09 02:24:41.635704
3449,3449,FedEx,0e9bc1c8-8262-4f7a-83e5-560bbc051324,2025-11-09 04:50:10.981204,2026-04-23 05:07:03.499830
3450,3450,USPS,28772254-5a35-4cd3-88a7-2b80ce7d76aa,2026-01-21 15:50:36.296024,2026-05-04 09:55:06.061330
3451,3451,DHL,e1164ec9-0023-4e8b-a1e6-2b7ebd2dcfcc,2026-07-30 17:21:59.632830,2026-08-19 17:13:15.658197
3452,3452,DHL,df15b139-1a5d-4b25-97e5-b3ae0c6d9fae,2026-03-18 16:41:28.662688,2026-05-10 03:42:21.987243
3453,3453,DHL,4ab3165c-52e6-4e20-bc97-16137c2b515e,2026-05-09 22:23:22.724031,2026-05-28 12:33:45.810521
3454,3454,FedEx,ee77a7d6-96c2-4189-8da5-a0da3cae504f,2025-10-24 20:55:35.881039,2025-11-17 07:03:03.029335
3455,3455,DHL,af706c53-6880-451d-8321-9e4eed692cca,2026-07-24 10:06:18.695832,2026-07-27 10:22:33.083551
3456,3456,Amazon Logistics,e1487aaa-ffdb-48db-b13d-682826a32f42,2025-12-28 13:07:42.275691,2026-03-26 23:20:24.532145
3457,3457,DHL,b03334d6-b9df-45d5-b009-6ff7bf8ea3a4,2026-07-30 13:14:41.230826,2026-07-31 08:07:29.972389
3458,3458,FedEx,e4c07970-bd0e-4318-9abc-573e1512d2c8,2026-01-26 11:57:17.120310,2026-06-22 10:48:46.576740
3459,3459,Amazon Logistics,ca71ad89-0574-4410-b6a3-40ac5bb6bb8c,2025-10-21 13:19:07.678493,2025-12-01 19:51:26.728679
3460,3460,DHL,5cc6288f-69c1-4869-94ad-eeb03a52a830,2025-08-23 11:29:51.714393,2026-07-13 08:11:58.516166
3461,3461,UPS,857f953e-1d05-4a56-a1b5-11af4624293f,2025-11-30 07:01:23.441214,2026-03-11 02:54:52.470476
3462,3462,Amazon Logistics,da343440-95ac-4bc4-87fd-fe5723a0ffcf,2025-10-26 12:57:23.407847,2026-03-01 05:35:09.121728
3463,3463,UPS,566c2a7b-7ac4-481b-81dd-a6100a1e7661,2026-05-04 20:40:51.323421,2026-07-04 20:20:15.185725
3464,3464,FedEx,a5777e0c-4ff4-4366-9b8a-0863eedcdd93,2026-02-09 01:25:52.718250,2026-06-24 20:25:54.425625
3465,3465,DHL,4300d7be-802f-4221-89a2-9dbe035ab835,2026-01-19 17:07:25.990385,2026-01-26 13:54:32.983206
3466,3466,UPS,74a4fddd-bcef-4afd-8b15-a1499c8afe75,2025-08-28 21:08:23.902210,2026-08-13 00:24:25.051980
3467,3467,DHL,d3fee51f-7432-49e2-a215-40814c1fe982,2025-12-10 23:37:57.977000,2026-04-04 17:47:20.802472
3468,3468,DHL,d130b772-05b0-4a6b-93c9-373956cf4d48,2026-04-06 02:16:11.383384,2026-05-25 09:15:21.526656
3469,3469,FedEx,321c0f14-2950-4815-a6e6-88bbcfeada42,2026-04-25 07:27:14.220766,2026-07-04 04:00:58.215754
3470,3470,USPS,339f4f65-5819-46ff-bc3b-1a020baa3edc,2026-07-28 16:40:45.270417,2026-08-08 20:16:40.386811
3471,3471,USPS,46d975b6-4f28-42bc-b847-aea621aafb2e,2026-04-27 13:14:42.859610,2026-06-26 21:51:21.749039
3472,3472,Amazon Logistics,d42032dd-70d0-4229-a59a-cb7c897b4009,2025-10-14 21:24:49.552162,2026-02-04 02:28:38.762196
3473,3473,UPS,91767cca-6ba4-4bc1-8db7-78f5d2a01fa3,2025-12-14 17:52:59.088830,2026-07-02 02:23:21.639060
3474,3474,UPS,d6e80b36-43c2-4753-b73e-44cc461a7d89,2026-02-13 13:51:42.113758,2026-04-20 02:11:11.819021
3475,3475,UPS,cc2aa997-e38a-4209-bd15-1a385a508cf7,2026-04-21 10:14:20.107845,2026-07-28 16:31:00.334997
3476,3476,FedEx,085cba1e-e82a-44bb-8eae-e9129e485ff3,2025-09-02 11:25:30.627522,2026-04-10 21:43:15.021032
3477,3477,USPS,b57bc4fd-de08-4fc2-b490-e89661e3b8db,2025-10-07 19:59:53.399030,2025-12-04 07:13:04.470672
3478,3478,UPS,9c7ac55d-af25-4394-b561-2243cdc58d72,2026-07-10 06:01:14.960851,2026-08-02 17:12:50.615726
3479,3479,USPS,94c0612f-cc15-4a72-a36a-f3fccd4ecb7e,2026-06-23 08:02:29.595744,2026-07-21 23:36:50.077543
3480,3480,Amazon Logistics,8ae181b1-a3fd-425a-8189-101b58689b32,2025-10-23 18:17:13.294905,2026-03-27 09:06:59.656837
3481,3481,UPS,bf382767-6918-47eb-8bc2-9527a1dfac21,2025-11-04 02:21:25.031927,2026-05-30 20:47:51.658157
3482,3482,DHL,f8452893-e8bf-44ea-b4ec-477432357be1,2026-07-10 21:29:04.264356,2026-07-28 04:54:55.197491
3483,3483,FedEx,38533337-dee1-4085-8275-8b1685d044ea,2026-07-28 15:23:57.446573,2026-08-10 19:06:10.769130
3484,3484,USPS,e40c30ba-873f-4e8c-9dca-3de856919532,2025-08-29 01:04:57.783201,2026-01-15 22:03:02.319125
3485,3485,Amazon Logistics,ab1e957c-bb39-495e-b4f7-76371fc26c36,2025-11-16 15:54:33.230252,2026-06-09 06:09:40.813168
3486,3486,Amazon Logistics,f7cd8693-ed71-4c20-ac7a-9dda6eda2e13,2026-06-28 11:09:02.058347,2026-07-19 19:14:08.290690
3487,3487,FedEx,3bd47f7b-e02a-401f-b119-2e55325ad5ad,2025-11-17 04:13:40.211120,2026-03-07 16:49:26.630389
3488,3488,UPS,fe5d4d08-dc6b-4643-ab3d-d2c0c25d21c6,2026-03-31 08:50:28.205940,2026-06-13 07:21:45.764074
3489,3489,Amazon Logistics,ef91c831-0ab2-4615-9d18-bd10544c502c,2026-02-06 12:07:05.910932,2026-03-11 19:12:51.384800
3490,3490,DHL,be47b3da-fa12-40f7-85c8-fa204769b2f9,2026-01-24 16:03:13.466381,2026-08-07 17:39:08.240942
3491,3491,FedEx,fefd84a4-9f84-48f6-9410-242718e432fa,2025-09-18 23:17:20.445422,2025-10-26 00:40:29.498060
3492,3492,UPS,b29545aa-25cb-4168-99fd-644898104d75,2025-11-13 04:45:18.772526,2026-06-06 14:01:36.794255
3493,3493,USPS,4a6f29c5-38ed-4c74-a388-d1e5580f7c84,2026-06-13 18:04:56.008340,2026-07-20 08:14:44.908880
3494,3494,USPS,c837d623-52d8-4cbd-be91-d872b11f493a,2026-01-31 16:44:40.285956,2026-05-29 19:28:35.950442
3495,3495,USPS,2f0c1167-4943-4068-98e0-d1215ccc26f7,2025-11-05 22:24:45.045591,2025-11-13 01:56:36.506013
3496,3496,USPS,ab33af27-42f9-4685-86d4-62918ef11829,2026-02-28 03:30:41.987553,2026-04-15 11:25:44.201823
3497,3497,Amazon Logistics,c9e7ec72-d5f6-46ed-97ba-7d6aa3a9b560,2026-07-08 07:56:29.213437,2026-07-30 03:19:33.867703
3498,3498,DHL,aac72efd-74ed-450f-8dd6-2f1a7d15dcec,2025-10-03 02:43:58.928527,2025-12-09 01:34:53.038473
3499,3499,Amazon Logistics,46d58cf6-481b-4f53-908f-c814acf7eec6,2026-03-13 20:08:25.616634,2026-08-01 19:33:21.407518
3500,3500,USPS,3a8f0624-4e38-4b3a-a717-dfead6004211,2025-12-07 16:22:37.520489,2026-06-20 16:56:03.373557
3501,3501,Amazon Logistics,18986bf7-05c3-4f63-8a97-3ea80bc5d1d6,2026-04-11 14:38:58.883062,2026-08-05 13:55:56.171832
3502,3502,FedEx,d6db983a-36c8-4a26-89be-94b82a2e7d2f,2025-12-04 08:00:44.377807,2025-12-12 01:13:05.601487
3503,3503,USPS,9b2ff500-840f-4986-ab84-405454db8f9e,2026-01-29 23:05:58.463925,2026-05-10 15:56:18.395905
3504,3504,DHL,0766dc5d-132f-428d-938e-4a282d423561,2026-03-30 07:39:33.198527,2026-07-19 08:08:13.018140
3505,3505,FedEx,546493bf-a342-46d3-b938-8e616de8736d,2026-06-01 21:28:28.296690,2026-06-27 23:18:04.665347
3506,3506,FedEx,0e8bb1a1-49f9-4a4e-937f-23823b83c8e6,2026-05-09 11:26:02.625507,2026-07-03 14:53:41.455622
3507,3507,DHL,4e87c3c7-45eb-4022-916d-5d5fb5f1fa89,2026-06-18 19:08:15.093839,2026-07-02 07:57:08.216391
3508,3508,Amazon Logistics,c1a55188-16a8-4cc4-a4f1-c966def740da,2026-03-01 05:09:49.600068,2026-03-29 05:02:46.650599
3509,3509,UPS,0bcbf7f8-b6ec-4eba-b3a5-1e1fdbc0e857,2026-04-29 23:56:14.618002,2026-08-15 15:20:43.163852
3510,3510,DHL,fbb89bcc-75d1-456b-859c-93ac93854f7f,2026-05-19 15:52:01.682873,2026-06-22 02:23:40.044158
3511,3511,DHL,b3eb6e20-98cf-444f-aea0-9cbce9c6355e,2026-03-13 20:08:19.859759,2026-05-03 07:45:09.898516
3512,3512,DHL,9f8a3b5e-6f24-4b78-bfde-95d621efd685,2026-08-05 14:34:04.800811,2026-08-19 18:50:04.925188
3513,3513,USPS,6bdd20db-7c2f-45a0-abdc-5d4ed3e4c964,2026-05-05 22:31:20.603532,2026-07-14 05:43:02.220533
3514,3514,FedEx,d47f7acc-5942-47bb-bcca-8ffe1e08022f,2026-03-30 22:10:08.420928,2026-05-19 14:57:54.279313
3515,3515,FedEx,7b2aad47-3840-401e-9297-b2c112a5f847,2026-05-29 20:51:29.893138,2026-07-29 18:27:32.796377
3516,3516,FedEx,0bd2a685-0d05-4f6d-8dcc-1f6aede382ed,2025-11-11 09:14:40.254048,2025-11-25 05:03:03.082479
3517,3517,USPS,ef91e4e7-51a9-4c9e-9f5a-1e7911ca843d,2026-04-03 21:25:47.029162,2026-05-20 23:41:43.002940
3518,3518,UPS,13e6a1b0-7f46-4bf8-a811-0c1c4e684633,2026-02-15 10:03:47.827870,2026-08-08 05:48:13.793165
3519,3519,FedEx,54422b54-0c4c-49cd-82b8-5af25e93a904,2026-07-02 20:32:18.643294,2026-07-03 11:31:36.898810
3520,3520,DHL,8d749164-3ed7-47fe-9bb1-efc09cb057eb,2025-09-30 19:53:34.392537,2026-02-10 03:56:11.093183
3521,3521,FedEx,f0bffd81-89ac-4206-ada7-93030cc2a70c,2026-07-09 07:40:43.360277,2026-07-24 13:58:42.912807
3522,3522,FedEx,0deb758b-b742-40da-9faf-21fb32823d77,2025-11-15 19:37:36.657830,2026-01-07 11:25:21.992671
3523,3523,Amazon Logistics,a4b10065-2109-420b-a4f8-5683c4406156,2026-08-10 15:55:38.117103,2026-08-18 01:45:27.614503
3524,3524,DHL,0ac3cc54-7fda-412a-b0a4-3d887d612567,2025-11-23 05:20:12.258489,2026-06-16 11:00:58.986153
3525,3525,UPS,1637da4b-a060-4d0c-afa1-ed2d36e10c54,2026-07-16 22:31:44.347825,2026-08-15 09:11:19.620077
3526,3526,FedEx,eab3c398-cd15-4242-9d50-ffad9e1db1b5,2026-05-01 10:35:28.586831,2026-05-18 15:08:23.796989
3527,3527,USPS,6f416d30-e449-4022-a503-7f9f1ff05eff,2026-06-27 22:10:01.897193,2026-07-28 16:25:55.295021
3528,3528,USPS,2e3cfedd-4c72-463e-881e-a70ee92f4edb,2025-09-28 13:43:23.405891,2026-07-05 17:30:43.260351
3529,3529,UPS,e3358cf1-f650-41e4-80a9-fef9f8589c10,2026-03-17 19:54:23.216901,2026-08-14 06:15:26.953769
3530,3530,UPS,e25f27a4-e0a4-4cad-8a6c-f8b9e4b77aa5,2026-07-29 22:30:44.904488,2026-08-01 16:51:53.309575
3531,3531,UPS,f1c7dff8-76e2-45b9-8a30-94b5025cf787,2025-12-02 05:23:19.050207,2026-06-15 00:54:49.567792
3532,3532,UPS,4f877ada-4a6b-492e-892d-d81c87ec8ba4,2026-01-06 00:15:15.090280,2026-03-14 12:17:53.854570
3533,3533,Amazon Logistics,4b906c18-4e33-474e-850e-4abd38cb27ad,2025-09-25 05:47:58.206905,2026-07-29 11:16:53.961313
3534,3534,FedEx,95b32414-50d0-47d3-8603-74789c873549,2026-02-10 00:05:42.415646,2026-04-29 23:20:36.827237
3535,3535,USPS,2d7f7b04-e679-4107-ae74-576f533878d6,2026-01-02 04:11:31.005500,2026-01-07 15:15:05.123332
3536,3536,DHL,a25c19a1-37e6-434f-b620-6ff2f2c8934e,2025-11-12 08:26:45.447083,2026-06-25 10:53:20.211344
3537,3537,USPS,f0669c2c-f32b-4cac-8559-768807e7fd75,2026-02-24 16:50:38.393736,2026-02-26 16:05:58.237134
3538,3538,DHL,f1dd53e5-264e-497e-aa7e-911f52e3fe01,2025-09-03 13:08:09.867746,2026-08-03 09:06:14.030143
3539,3539,Amazon Logistics,8785833e-c730-4194-aa62-b4309d8dda34,2026-07-01 13:03:48.374885,2026-08-07 17:05:34.248538
3540,3540,USPS,7bedad8e-ad2f-4128-86a9-7b3082f703e6,2026-07-18 00:23:15.635094,2026-08-11 15:01:05.868985
3541,3541,USPS,acefd18a-1183-4368-8eac-78cdf21f493d,2026-01-02 03:43:35.737401,2026-03-16 20:43:42.770586
3542,3542,UPS,2296fe85-a48b-4a31-95db-c5658164f0bf,2025-12-04 01:10:20.995538,2026-03-14 19:48:28.150514
3543,3543,FedEx,26cb1e21-b05b-4dc9-b77e-c909b870f9fb,2026-01-23 07:21:30.303137,2026-03-08 15:41:30.569398
3544,3544,USPS,0e96e995-e9c3-4c03-bd0b-173a1e9cbc17,2025-08-17 23:33:16.046951,2025-09-21 20:20:49.042854
3545,3545,UPS,251409fc-38b0-46ee-91e7-1a5954be5718,2026-04-04 12:34:53.200027,2026-04-27 18:23:54.176942
3546,3546,DHL,d34a24ea-8103-4179-85fa-31c655505481,2026-02-01 13:46:59.261272,2026-04-04 06:09:07.073781
3547,3547,USPS,a48b91ae-4726-4f9c-85d0-e798f4c2eb61,2025-12-02 13:20:07.354017,2026-03-27 10:04:47.973249
3548,3548,FedEx,b8ef66b9-dc30-42e3-83b0-9724ae97bca8,2025-12-19 04:54:02.807192,2026-08-15 22:45:36.311936
3549,3549,USPS,9c7862db-d093-4538-9072-04bd1c87d808,2025-11-13 10:30:08.890690,2025-12-19 11:41:02.273466
3550,3550,UPS,e0d31ae4-a060-44fe-a2b4-430e31a11f2c,2026-05-02 10:48:51.676624,2026-05-24 16:15:12.345690
3551,3551,USPS,28f0889c-05cb-47f9-a8e8-a30698d53ac5,2025-10-01 14:56:23.289943,2026-03-11 04:37:00.224229
3552,3552,UPS,886a3738-065d-4f69-ada8-af41ecd38df0,2025-11-16 14:14:20.137512,2026-06-30 23:26:26.981981
3553,3553,UPS,0fc6106c-4771-4e63-8f7b-da8ac2515781,2026-03-05 03:38:52.945716,2026-03-18 06:12:40.438310
3554,3554,USPS,c4cc1275-f796-4cbc-ae4c-61152c7c8273,2026-01-04 11:50:49.961650,2026-04-25 03:57:54.751724
3555,3555,FedEx,7c79c24b-25d5-445d-8505-0bc9154c5b57,2025-10-28 14:43:29.368528,2026-03-07 22:22:19.817039
3556,3556,FedEx,c2cba2ff-59db-4a52-9d2e-295092405485,2025-12-26 18:56:15.909089,2026-03-16 18:17:23.787206
3557,3557,Amazon Logistics,6b358972-7427-43ec-a4a8-9bec45dbf1bd,2026-03-20 13:25:42.380874,2026-03-20 23:33:26.267600
3558,3558,DHL,42b6aa14-f495-4c1d-b1fb-76293cdec5a5,2026-06-18 09:00:05.578844,2026-06-24 23:53:07.474918
3559,3559,Amazon Logistics,4e5f7601-5ea1-438f-9aa0-62045bae1138,2026-05-23 08:06:32.047626,2026-08-19 12:51:27.949855
3560,3560,DHL,18f2026a-0131-4d86-8264-ddb4aee999c3,2026-07-14 00:26:20.467904,2026-08-12 22:42:44.164235
3561,3561,FedEx,eb31df05-c353-4577-bc12-be8895de9afe,2026-04-27 23:09:54.334937,2026-08-09 23:37:52.526582
3562,3562,UPS,d2303368-39d4-47a9-943d-5d868f249c89,2026-06-13 22:56:33.446234,2026-08-14 19:50:19.092587
3563,3563,Amazon Logistics,589a1807-9b7a-4dd0-9119-14a3cc0a2675,2026-07-15 18:34:42.903690,2026-08-04 22:04:20.630645
3564,3564,Amazon Logistics,30d407fc-5592-44de-b79d-144262ddbfa6,2026-06-26 03:47:25.494556,2026-08-09 05:18:45.597675
3565,3565,FedEx,766d20b9-5d5a-4120-ab4d-b5ab99f1741f,2026-06-20 19:01:52.009990,2026-08-17 11:44:18.517370
3566,3566,FedEx,0e14642b-0b0d-4f83-bc9e-8edfb92305cf,2026-03-21 06:15:00.840214,2026-06-05 21:36:08.652557
3567,3567,UPS,bd312dbc-fe1b-47eb-ac78-4a6ac309aa42,2026-07-10 15:58:59.122557,2026-07-28 23:36:11.486950
3568,3568,Amazon Logistics,023e96aa-9373-4133-9f8b-3a3eb7c0e747,2025-09-09 19:47:57.419339,2025-12-15 19:29:09.261729
3569,3569,UPS,9c554a2a-3f3c-4a05-a219-3a0605ee50f5,2025-11-09 15:04:09.006369,2026-01-29 04:54:19.394316
3570,3570,USPS,77cbf0c7-845d-4bd7-a11e-b65766fef486,2026-06-08 09:29:18.682068,2026-08-11 23:06:31.908839
3571,3571,FedEx,cd423f8d-5e37-4b09-ac35-12ab74c45267,2026-03-11 21:49:09.855228,2026-05-01 09:21:13.300450
3572,3572,USPS,577166b9-b18e-43e9-87d1-37646b93037f,2025-08-19 11:02:41.779451,2026-06-06 02:21:39.873148
3573,3573,FedEx,6679ba0f-72d2-4462-a14c-d94c71ad1cac,2026-06-06 23:48:09.940572,2026-07-21 18:08:41.358283
3574,3574,USPS,42d2360a-1ed6-41ba-aadf-b0647fa93c03,2025-09-22 02:08:48.911596,2025-10-11 21:06:28.027927
3575,3575,DHL,c39a2c09-d811-4d44-af00-177fd263089f,2025-09-27 01:11:17.752016,2026-01-26 02:47:03.347706
3576,3576,DHL,1f89e653-605e-4226-9cca-cde50f8c9ec8,2025-10-06 20:48:42.524626,2025-10-13 15:17:52.947320
3577,3577,FedEx,54cb839d-2119-4541-b14e-87db0b2445d9,2026-06-04 20:07:37.154747,2026-06-30 20:22:40.537965
3578,3578,FedEx,2ec5cce1-74a9-4444-8b55-a5991dd4c24e,2026-04-28 01:49:04.411994,2026-05-08 17:01:47.027321
3579,3579,Amazon Logistics,90f600be-2f49-4d33-94b3-efdeafcb4af4,2026-07-13 21:44:33.664726,2026-08-18 22:05:43.459661
3580,3580,UPS,14af52a3-85b5-4931-adbf-b81ceeccf40e,2025-09-14 22:59:47.920218,2025-12-07 11:21:17.100893
3581,3581,Amazon Logistics,dae2e21c-83d0-4724-a9f5-f05f47c77d95,2026-06-27 03:50:30.935869,2026-08-10 20:57:17.152192
3582,3582,Amazon Logistics,a6d510a0-0fad-478a-b1a4-132f8391d8cf,2025-09-24 06:19:58.887963,2026-02-05 09:53:59.790616
3583,3583,DHL,cf61a5c6-b333-444d-806a-f531a744f87e,2025-10-07 16:34:02.986980,2026-04-26 05:54:22.213226
3584,3584,USPS,189df267-d33c-4e0f-a597-eacd90e23380,2026-06-10 06:35:28.671732,2026-06-19 02:32:51.423993
3585,3585,USPS,732c5882-fa46-449c-bb62-4a3f5f3ba488,2025-10-03 06:36:11.279350,2025-12-02 18:53:37.215748
3586,3586,DHL,4216fab7-6a92-446f-8509-bab570ea306b,2025-12-24 05:54:05.989850,2026-06-03 16:24:21.073353
3587,3587,UPS,05ba719e-2c75-40e6-8d90-6609e99328ae,2026-01-06 00:25:44.840419,2026-02-18 20:09:36.838649
3588,3588,Amazon Logistics,4d357eba-d97c-4096-8792-536311df34b1,2026-03-15 21:37:31.682700,2026-05-03 03:35:35.566133
3589,3589,FedEx,824567f4-205f-46dd-8109-29abe800f746,2025-11-08 09:35:00.002924,2026-03-28 07:16:27.340828
3590,3590,Amazon Logistics,327e9165-e2aa-4f6f-8a0e-188f74dd0a2d,2025-08-18 23:34:11.559914,2025-10-13 22:08:48.170357
3591,3591,FedEx,b0ce8163-0d6b-420a-893f-4864bc7dab3b,2026-07-16 04:31:50.795039,2026-08-11 22:41:39.570195
3592,3592,FedEx,daf9ed22-8ae6-41ad-ae1f-37b50bd35bf2,2025-11-09 00:41:20.268711,2026-05-11 07:15:10.413723
3593,3593,FedEx,aa614bc0-8fe0-4ea0-ab3b-9448c4271f2b,2026-01-23 17:59:46.683728,2026-04-04 05:18:00.073039
3594,3594,Amazon Logistics,e257e57c-01e8-4e87-a176-172761d61cb0,2025-11-06 14:48:15.457928,2026-07-06 09:03:51.878258
3595,3595,Amazon Logistics,386a6e50-e94e-4128-828c-1625e1081652,2025-12-29 13:53:26.995387,2026-01-22 01:55:36.571718
3596,3596,Amazon Logistics,aef8962c-cb94-4b72-b2ce-44c28c06696e,2026-08-04 15:36:55.378751,2026-08-07 01:09:28.160874
3597,3597,DHL,5292416c-eb3f-422a-bd66-296bf9fb3203,2026-06-20 00:32:37.047981,2026-07-05 16:02:24.262790
3598,3598,USPS,03188bf9-2f31-49f1-968b-0ba1da5b6f25,2026-02-10 02:29:02.043134,2026-03-18 09:07:13.005113
3599,3599,FedEx,1e75f2e5-4b89-4c15-aff0-fc455fa2b1d1,2026-06-06 19:41:32.419154,2026-07-21 00:30:36.835533
3600,3600,DHL,3256d325-feb9-4ede-b3a9-dc3b09eae2fa,2026-04-22 07:24:24.396587,2026-05-23 15:12:54.327991
3601,3601,FedEx,9b08d8c6-1ecb-46f8-8a00-1fd2b4e88e2e,2026-05-27 20:06:02.975706,2026-07-25 23:22:33.579499
3602,3602,DHL,258cd1a5-b248-4df1-8cf2-6d0af0095cc1,2025-08-28 03:32:29.220514,2025-11-29 03:35:03.654058
3603,3603,UPS,dc7b6d79-0dfb-4efa-8a0a-d10ddcdf0fc9,2026-04-30 12:28:21.231713,2026-05-04 04:38:20.468981
3604,3604,DHL,71962342-31b3-4dff-be1e-ec9a05c90d62,2026-07-23 18:52:00.539871,2026-08-15 09:56:50.520773
3605,3605,Amazon Logistics,900af572-b78f-4de4-8375-ec8ded3807bd,2025-10-29 04:26:33.251099,2026-03-28 09:47:48.134155
3606,3606,FedEx,7ec1071b-d43e-455d-a3f9-e9a47e828486,2026-07-24 01:28:02.571485,2026-07-29 08:07:35.408323
3607,3607,Amazon Logistics,92b7001c-f900-4827-93ea-906d436f9c10,2026-02-18 04:09:05.176823,2026-05-15 08:44:49.235686
3608,3608,UPS,50ecedec-fd32-4d9a-a12b-c2b145ae8468,2025-09-12 06:23:26.492863,2025-11-13 19:18:17.736629
3609,3609,USPS,f9d1aca7-e600-418b-9ec6-8e02833c53b7,2025-10-22 23:28:00.990269,2026-06-22 11:35:40.401491
3610,3610,UPS,99da1869-8d16-41ce-91c9-ae70e591e5bc,2025-09-30 03:56:18.654196,2025-10-28 06:08:11.365878
3611,3611,DHL,59c98991-97ec-4355-a295-d48d0c54e6a3,2025-10-28 00:52:54.418930,2026-06-10 08:34:48.554654
3612,3612,FedEx,eeceff3d-f0c4-465e-bb2d-55699a3fae05,2025-08-17 10:35:34.866754,2025-08-20 05:34:51.809847
3613,3613,DHL,9de48ecc-d751-40b5-813f-6734c01ae82e,2026-02-01 23:23:26.354187,2026-03-22 03:15:10.515152
3614,3614,USPS,9d5df6aa-000a-40e9-8be6-1bb2e0352b97,2025-12-12 13:14:29.739078,2026-06-04 17:24:34.108590
3615,3615,USPS,e347956d-1b31-44d6-841f-31f681b6ec6f,2026-05-22 19:36:44.384990,2026-07-07 21:30:08.950476
3616,3616,UPS,55b7a159-f6fc-41c8-bd3f-fcd2097c01de,2026-02-27 04:20:50.949921,2026-04-10 08:13:04.807055
3617,3617,Amazon Logistics,405164c3-986c-4da2-87c9-d89c29a2778e,2026-05-03 22:26:18.525299,2026-06-03 21:38:06.302460
3618,3618,UPS,6102620d-aa57-49fa-b361-5882bf056a0d,2026-06-17 19:07:34.747359,2026-07-15 01:48:03.410986
3619,3619,FedEx,2d8ce102-f185-41a5-9279-f6664965fe66,2026-07-14 19:41:34.054986,2026-07-15 17:52:29.361673
3620,3620,FedEx,d5e6ad2e-ef1f-411c-ae8f-a2760ef9a552,2026-05-18 03:54:54.036111,2026-07-07 00:21:31.230740
3621,3621,FedEx,d816ec35-1ef9-421e-9f62-4b87017a386e,2026-04-10 19:29:52.687762,2026-04-18 10:35:41.829078
3622,3622,USPS,63b6130e-63ca-4b01-b964-a6eb48ea5074,2025-09-13 14:55:37.928372,2025-10-04 21:17:10.276801
3623,3623,USPS,19c90d8b-f256-44b9-8c93-d0f2f3ea362c,2025-10-09 12:40:06.254273,2025-12-10 03:08:42.166951
3624,3624,FedEx,00b69413-3ad8-451b-b40b-7974a38ddf26,2025-10-16 18:17:01.524775,2026-07-17 10:02:46.428873
3625,3625,Amazon Logistics,32c38eee-8196-447b-b58f-d9829dbe6b79,2026-05-31 15:31:28.000522,2026-06-27 09:19:08.295028
3626,3626,FedEx,7c9ee255-2d6d-421f-bb05-69fa581cdd9a,2026-07-21 06:28:17.968395,2026-08-07 06:14:39.465590
3627,3627,USPS,06d546fc-7881-4563-99be-08beb2f90023,2026-02-11 20:12:29.944631,2026-07-04 14:29:16.166842
3628,3628,FedEx,b49cd5b2-5882-4171-bba3-74a916b39222,2026-03-14 22:03:50.463602,2026-04-08 06:18:43.665722
3629,3629,UPS,bfd7580f-90d4-49d9-9039-336ed157d7dc,2026-06-04 12:39:51.455486,2026-07-03 21:20:27.822697
3630,3630,UPS,0cae940c-8d9c-4894-bc69-7d85d3b1b316,2025-09-19 07:46:37.546712,2025-10-21 02:31:33.494409
3631,3631,DHL,c5d61361-7690-44b5-8da3-aab51198d25e,2026-06-06 07:25:34.446109,2026-08-18 07:16:58.094727
3632,3632,UPS,9eb6e714-4433-40d9-bae4-b7902ea1bb80,2026-07-29 05:31:35.120157,2026-08-09 20:23:52.467994
3633,3633,DHL,9e54e54e-3366-4b47-ae1f-d53776344348,2025-12-29 11:55:44.575255,2026-01-15 08:25:57.889809
3634,3634,Amazon Logistics,46d60725-c927-4269-9302-8f96d5abf013,2025-09-02 00:45:46.430256,2025-11-09 10:42:25.726630
3635,3635,UPS,7f01daee-f534-4e10-b232-09fb10ef7128,2026-08-11 05:00:04.179982,2026-08-11 17:22:14.227232
3636,3636,FedEx,3c696f79-faa0-413d-aecb-06d381cd441b,2025-12-17 03:39:31.420144,2026-02-02 20:28:26.251736
3637,3637,USPS,e9915800-103a-488e-941c-eb6164e8f5c9,2026-02-10 03:44:18.595069,2026-08-11 05:15:45.290472
3638,3638,DHL,952c2ede-9921-4f32-a0c9-f9365cb020c0,2025-10-02 08:26:23.901721,2026-03-21 14:04:55.483581
3639,3639,USPS,42baf880-427f-471c-a9f4-83ad0b43d917,2026-01-07 00:06:53.980691,2026-01-31 06:57:38.912061
3640,3640,DHL,8bbb654d-39e2-4ddf-90a2-ccd534b1f65d,2026-08-12 11:31:40.954081,2026-08-15 21:51:24.530352
3641,3641,USPS,2bff5eb9-85af-42fd-86d4-7696b707de01,2025-12-14 12:30:58.634881,2026-07-07 22:24:16.851176
3642,3642,DHL,6eaaacb2-0c7d-4e39-96d2-4f254f3e3df9,2025-09-08 19:07:49.340215,2025-10-13 15:08:31.517935
3643,3643,Amazon Logistics,23625287-8256-403f-8a10-15d5b3972a0b,2026-04-20 17:08:31.299198,2026-05-10 06:28:17.834191
3644,3644,UPS,7960bfbb-f40e-4593-a2a8-d870183f63cb,2025-11-22 01:52:45.260701,2025-11-28 12:04:20.198762
3645,3645,DHL,324473ec-fc25-4c65-b712-7bafe40d8dc4,2026-04-15 02:28:45.713953,2026-05-20 22:14:34.503886
3646,3646,UPS,5bf1417d-c838-45de-aa42-d46aa30f56fc,2025-12-11 04:02:37.447120,2026-08-04 11:59:09.535170
3647,3647,DHL,1113810c-1945-443e-8d35-dcfc54226f28,2025-10-03 11:38:03.513089,2026-03-22 03:33:37.683510
3648,3648,Amazon Logistics,4e974e3f-0e01-4ddb-a438-ea74ddfb6728,2025-12-27 20:47:10.378617,2026-02-07 17:04:20.939694
3649,3649,UPS,e979b167-04ca-4e4c-ab75-49df683cd0a8,2025-08-25 07:23:44.492971,2026-03-21 21:38:05.389646
3650,3650,FedEx,7f0c4c26-c39e-4523-aac7-43e2903b7c90,2025-10-11 07:14:01.794552,2026-05-01 00:12:35.471663
3651,3651,Amazon Logistics,5fb27ce4-8234-4551-a5cd-4233bbbaa979,2025-08-22 06:52:11.868710,2026-04-18 00:42:27.956604
3652,3652,Amazon Logistics,b59c4b7b-bff9-422a-a6e6-7ce0b65f2042,2026-04-26 03:34:59.615032,2026-06-21 12:15:32.402180
3653,3653,DHL,8fb42aa1-6a08-4704-b584-bcb5f30ae6f8,2026-03-10 22:33:28.560699,2026-03-29 02:10:02.054177
3654,3654,Amazon Logistics,bade2070-54d1-4e26-8161-ef6791f8a5df,2026-05-09 08:21:12.758769,2026-08-12 23:42:55.373206
3655,3655,FedEx,c73b8530-f8e1-4b1f-b7da-8e1444a3bf29,2026-07-08 18:09:26.402015,2026-08-14 13:26:42.067195
3656,3656,UPS,103c978c-8455-49d4-9793-bd302dc978e1,2026-05-04 02:07:30.871433,2026-06-23 18:15:35.235842
3657,3657,DHL,f5abe805-4ef3-4a4b-803b-b94739da310f,2026-03-12 13:12:55.205060,2026-03-21 05:52:19.632583
3658,3658,USPS,be5cad21-2e8a-4650-a75e-921d0c9ae0c0,2025-11-17 12:45:47.773471,2025-11-25 20:51:03.922723
3659,3659,DHL,b4d204da-40d3-4c67-910f-8c1e6002b4cf,2026-01-02 21:24:05.427555,2026-07-28 19:11:47.339879
3660,3660,DHL,cf10ecb1-8be9-44e5-a2e5-7a12b78becbe,2026-07-14 19:12:46.413324,2026-07-20 06:49:15.862358
3661,3661,UPS,1e767a85-3779-4947-b0d1-a2ba8e5cb209,2025-11-24 08:42:04.717249,2026-04-04 12:30:30.192561
3662,3662,Amazon Logistics,6e7303e4-6d0b-44e8-9629-c2be8ed4a3be,2026-05-28 02:16:00.412422,2026-08-01 02:35:26.140429
3663,3663,FedEx,108eafea-56af-4303-894c-2ee17966fbb9,2025-10-30 06:17:19.384917,2026-06-08 03:32:50.332896
3664,3664,Amazon Logistics,058b0319-a7f7-4205-b453-a4b489a1a9b0,2026-01-12 11:55:52.849890,2026-07-24 17:03:50.815032
3665,3665,DHL,3194535f-9de1-4d42-91a9-6e5256344ef2,2025-08-31 10:35:30.649282,2025-12-29 23:00:31.541893
3666,3666,UPS,472eabbc-5f0c-4f8d-9511-9edfbbe6c078,2026-08-11 21:15:42.978624,2026-08-15 21:37:24.755529
3667,3667,DHL,cff64620-f986-4817-a0db-859fd7656229,2026-03-08 09:03:38.495681,2026-04-24 02:25:36.579973
3668,3668,Amazon Logistics,d748c51c-93c0-48e4-b92e-00ce9fae8600,2025-10-11 00:43:11.101129,2026-05-28 07:12:34.606931
3669,3669,USPS,ade799ad-2034-4786-9042-fa5c02d0e7b5,2026-03-06 06:54:49.707059,2026-06-22 19:37:20.774563
3670,3670,FedEx,bc46f97b-bd19-4ede-9fa0-3f893a84d937,2025-11-28 06:35:39.786883,2026-08-16 05:27:58.575975
3671,3671,DHL,ead59fac-8dac-4870-8f20-fff666dc3fdf,2025-08-21 03:59:20.644896,2026-04-18 04:52:25.095804
3672,3672,DHL,131893cc-d900-42ba-8aff-143fa7e80a46,2026-04-14 17:16:20.596929,2026-05-11 09:45:42.166493
3673,3673,Amazon Logistics,7e220abb-2d97-4f36-bc54-9cc1bbe742b3,2026-05-20 16:17:27.229688,2026-06-03 05:17:59.876364
3674,3674,DHL,343e8a71-1fef-4dc6-984d-dab615ed33a1,2026-01-20 12:31:48.277432,2026-04-19 16:44:24.855695
3675,3675,Amazon Logistics,cfbce1c4-a4bd-4602-828e-90365d796f62,2026-01-16 23:20:08.948281,2026-05-25 11:15:58.764298
3676,3676,FedEx,a2c41e78-87d1-452d-955e-b0983539855c,2025-09-05 01:23:44.324839,2026-07-28 03:52:59.493071
3677,3677,USPS,736a77bc-6f9a-4309-8826-c498985e2313,2026-05-03 19:47:53.922717,2026-07-24 09:15:59.645620
3678,3678,Amazon Logistics,ef7df30f-bf1c-46c1-aff9-c4b6055c17fc,2026-07-22 22:43:30.552891,2026-08-10 05:17:56.369762
3679,3679,FedEx,160cbbda-aa50-4d0a-ac1a-5b975f2c9f8a,2025-09-01 13:22:43.645835,2025-12-13 18:58:12.970688
3680,3680,DHL,6005c4b8-3ca0-4729-8032-07e1c5404a66,2025-10-06 19:02:38.315968,2025-12-26 05:16:27.025769
3681,3681,USPS,a96df374-dcc3-4193-95b7-33eb9e454d9d,2026-04-27 05:38:39.134012,2026-07-16 00:50:32.642286
3682,3682,Amazon Logistics,4925134f-1bff-4f08-8410-e0ba91729ec7,2025-10-20 04:35:57.315789,2026-05-21 22:43:53.508885
3683,3683,UPS,81a67741-fdab-49b5-a37a-d8148d7a2a56,2025-11-26 22:18:01.462304,2026-01-14 16:27:41.059383
3684,3684,DHL,1760c176-c4e8-4d10-90e5-896dfe810606,2026-02-18 07:07:52.794899,2026-07-06 05:07:16.877209
3685,3685,USPS,78885dc6-19c4-47d2-9bb6-6077e488ca26,2026-02-09 18:43:00.963689,2026-04-13 03:35:17.582384
3686,3686,UPS,2cf57303-47cd-4f56-877b-9c65b14efa7a,2025-10-07 16:21:51.404205,2025-12-23 09:03:24.701380
3687,3687,FedEx,c729b4a5-649c-4198-9f76-6695971f1fb9,2026-06-03 12:54:45.319600,2026-06-15 15:29:24.184138
3688,3688,DHL,297447c8-41e8-414c-b7fb-c68410faab26,2026-03-18 14:34:12.544265,2026-05-17 14:17:34.337273
3689,3689,USPS,3c1c163d-7a45-4c3b-a91b-b30912b94fe6,2025-11-16 09:22:11.771466,2026-08-16 05:07:22.706964
3690,3690,USPS,d513d687-071c-49ee-8262-e454aa58da7c,2026-03-12 20:27:17.930532,2026-06-01 01:09:25.268015
3691,3691,FedEx,934dc451-9381-4328-a268-e13c4996e20a,2026-03-07 08:56:33.785517,2026-07-08 19:09:32.482719
3692,3692,FedEx,dab57132-ccb0-42be-b388-582ce6aab0f7,2025-11-25 17:32:29.924490,2026-03-02 10:00:55.382447
3693,3693,UPS,ccbc959b-cd6b-4626-83e7-effed64c0a1f,2026-03-22 10:29:06.495532,2026-08-21 00:16:53.202087
3694,3694,UPS,71205176-cad7-44c7-b71a-fca2524032a6,2026-05-07 19:10:04.922983,2026-05-16 16:29:29.370618
3695,3695,DHL,ee7b4e74-1b58-4cba-b93e-fe4da1f3f359,2025-12-11 07:33:10.668904,2026-02-22 23:20:40.202874
3696,3696,USPS,d69f216f-ea5b-47dd-8107-069263c67483,2025-09-17 15:46:42.831219,2026-05-21 16:02:51.132757
3697,3697,DHL,8aaa90e2-e564-4fa1-bb64-00bf994fe536,2026-06-17 03:06:27.357474,2026-08-15 01:56:12.333857
3698,3698,USPS,981db949-3894-4186-bf85-636642bd0a70,2026-02-04 13:18:48.447188,2026-06-03 01:04:13.289138
3699,3699,UPS,a5c77ab0-394b-42d1-9d30-483d721d4c12,2026-01-13 00:46:31.838137,2026-03-29 19:05:06.888982
3700,3700,DHL,84ccc9b4-b436-460f-98f6-db43854c4645,2025-12-19 12:15:01.674875,2025-12-30 01:03:36.231318
3701,3701,UPS,b8ccc1d2-8e9f-46cd-8523-56ece03372ac,2026-04-25 05:51:15.434804,2026-07-06 00:05:20.438425
3702,3702,UPS,d0c480e2-88d8-4641-9429-b2d4c84584f7,2025-09-23 11:43:37.446459,2026-04-28 18:05:58.028087
3703,3703,FedEx,0772a958-076c-465d-9e65-6f3bfcf25159,2026-01-15 09:00:12.282261,2026-05-20 17:35:08.848480
3704,3704,DHL,f2beaf8a-b796-49c2-9029-0ccf34b09318,2025-10-30 21:54:01.581717,2026-06-18 18:09:28.779222
3705,3705,USPS,09a45c9c-7f85-442e-ba1a-28a9fdaad276,2026-08-10 08:13:45.224376,2026-08-13 14:21:00.855151
3706,3706,USPS,6ba990b0-d9be-40be-9ca4-d3ed93fd8f15,2026-05-05 03:19:18.165731,2026-06-12 06:49:28.798487
3707,3707,Amazon Logistics,1143ebd0-b03e-4e46-932a-178777fcde5d,2025-10-18 05:18:38.894343,2026-07-19 11:37:24.421648
3708,3708,USPS,3d9f27ee-d7b3-4d68-9eb4-96400f2b7104,2026-02-26 08:53:59.528946,2026-06-20 18:15:43.127935
3709,3709,UPS,4c1e4830-806c-48bf-b63f-e6b0cdf3fa67,2026-01-21 11:21:40.407550,2026-03-17 21:49:23.840799
3710,3710,DHL,d6b00695-201b-44ac-b708-26bbeb762380,2026-02-26 21:53:51.026818,2026-04-02 18:17:28.841417
3711,3711,DHL,db0bbd53-9411-444c-91f5-e062f3240991,2025-10-08 11:52:01.531082,2026-02-12 04:01:59.269348
3712,3712,FedEx,3106dfd6-7a6c-4d84-bf2e-ce869e21e8ef,2026-02-15 12:36:30.753277,2026-04-17 15:05:02.138398
3713,3713,FedEx,e3c6549e-b13f-4b20-a52e-7d07b4805c9c,2025-10-13 06:13:30.508681,2026-04-27 13:36:55.591226
3714,3714,USPS,f7a891a0-a4d1-442d-8b37-b0c88059f6af,2026-08-03 09:15:51.955453,2026-08-19 13:19:49.475459
3715,3715,Amazon Logistics,6f1d3075-34cf-4e9d-bed1-8667b63aa2f8,2026-06-11 06:02:28.415597,2026-08-14 19:51:41.546419
3716,3716,USPS,a274aff7-143a-4cec-b698-08f0e4929e4c,2026-02-05 23:15:04.257365,2026-05-12 07:47:48.844260
3717,3717,UPS,7e5adc63-3bb9-4baf-81d2-421a9215187f,2026-01-04 12:35:19.539875,2026-07-22 04:16:01.363912
3718,3718,FedEx,fd10d987-328a-4599-abf4-99b12586eb22,2025-09-14 01:00:05.498393,2026-01-02 07:32:42.068257
3719,3719,DHL,fc5d9db0-dcde-4d53-aa16-d1557171d035,2026-07-06 14:22:17.607627,2026-08-07 10:44:03.489741
3720,3720,DHL,bdfd3fa7-4c5f-433b-ba07-f69abdd35456,2026-05-28 23:17:18.763646,2026-06-17 07:10:23.436562
3721,3721,FedEx,8256b1d1-8136-4334-a01d-75344a401411,2026-06-27 05:24:11.456995,2026-07-29 07:46:24.372627
3722,3722,DHL,1a971818-83e7-4aaa-a909-6777705d16d0,2026-07-11 15:38:29.583377,2026-07-31 01:27:53.673850
3723,3723,FedEx,b3cbed98-214f-4fe7-82b5-0282ccb3e510,2026-03-15 23:49:15.427573,2026-03-21 21:01:49.548476
3724,3724,USPS,a9e41fe0-c0bf-4e90-8601-3e5944bb94ae,2025-12-21 22:24:33.804852,2025-12-23 05:11:21.393338
3725,3725,USPS,f3a8f2e1-3d33-4861-aa76-f8d8ddc2e4bb,2025-10-21 18:38:00.520770,2025-11-26 18:55:37.857575
3726,3726,Amazon Logistics,96ea93fa-0e6d-4cd1-88fb-3363c86ae08c,2025-10-20 22:00:16.376477,2026-01-06 13:53:32.866379
3727,3727,Amazon Logistics,20f9d942-2400-4831-ae80-bdddfa34157d,2025-12-25 04:41:17.626835,2026-06-07 15:19:42.491393
3728,3728,FedEx,f0cd11d7-6b7f-4f8f-bfde-935ecd3d06b6,2026-05-24 07:31:38.516065,2026-05-27 07:08:36.969243
3729,3729,Amazon Logistics,6e1cd631-2766-4a46-887b-0534ddd76417,2025-09-04 07:59:39.240073,2026-04-22 11:11:25.891263
3730,3730,USPS,72a6a0a7-99f3-4c7e-a790-e331ea329735,2026-02-13 16:25:36.749854,2026-02-26 22:37:46.347412
3731,3731,USPS,44afded8-9dab-41c4-8534-9f85d490fe64,2025-10-02 06:45:11.954710,2026-05-14 20:55:11.069514
3732,3732,DHL,d5c74d6b-6b9c-4caa-8fd1-4edaa6084ce7,2025-09-16 18:43:54.541911,2026-08-06 00:23:39.839308
3733,3733,UPS,124eee49-a5d3-431d-8833-1fe309da25ce,2025-12-28 14:03:52.821020,2026-01-23 14:21:54.501242
3734,3734,FedEx,e220ae05-0fc9-4c94-9aa5-11b65d0eab5a,2025-10-13 18:18:11.585783,2026-06-04 19:41:04.144502
3735,3735,USPS,c2681e48-5c25-4462-a66c-17e6e51f8b3d,2025-11-07 19:30:06.805806,2026-04-08 01:04:11.562323
3736,3736,FedEx,88709a8b-d7bc-48ba-9e1b-a7d9e9301e21,2025-12-02 07:33:11.786808,2026-03-22 16:36:14.963018
3737,3737,UPS,bd1be43b-e834-433f-883e-5ed61b66f52c,2026-01-29 09:51:29.892183,2026-02-08 10:25:31.396582
3738,3738,DHL,1f2496f6-2d97-4147-aa72-f532a476b12b,2026-02-12 15:40:58.673062,2026-03-26 02:11:24.397952
3739,3739,UPS,fefbf518-e0a8-4772-9864-9e356232ccd6,2026-01-22 07:52:41.155423,2026-01-24 22:41:00.053855
3740,3740,FedEx,9255a892-467b-47af-81a7-2a518779a5b1,2026-04-06 15:04:08.513348,2026-05-15 08:46:20.000749
3741,3741,FedEx,ee32f0e2-1cc3-4015-b052-a725f714fca8,2025-11-26 12:37:15.775828,2026-04-27 22:37:26.129881
3742,3742,FedEx,0181b8db-6f94-4d00-a430-edc9dc5deac2,2026-01-20 02:53:16.243369,2026-06-02 06:24:38.667250
3743,3743,USPS,97adfea5-7dcf-4422-b32a-502ce1df1a45,2026-08-05 03:02:12.994171,2026-08-10 08:27:43.190728
3744,3744,DHL,67eeac62-916c-413b-aede-ad61b5b7a3a4,2026-06-09 08:53:52.687299,2026-07-24 17:01:37.620804
3745,3745,FedEx,feec9124-51fb-4efc-b5af-910774714d35,2025-12-06 11:00:44.302420,2026-03-02 21:57:55.941709
3746,3746,UPS,a8e27d7d-846a-4395-8c05-c1e89ed3c4cf,2025-11-13 19:07:16.842015,2026-05-03 00:06:16.862245
3747,3747,DHL,28251d98-45e0-4776-a04b-7285f272ad4c,2026-08-10 22:58:13.424025,2026-08-15 18:46:50.153441
3748,3748,DHL,48f302c0-335f-4e34-b3c8-b37339f30d95,2025-11-27 04:53:42.825796,2026-07-20 02:54:52.116386
3749,3749,Amazon Logistics,603b62c0-285a-4da4-ac49-ad3fac7be393,2026-04-21 05:15:23.328616,2026-05-25 19:47:16.342304
3750,3750,Amazon Logistics,f3491c24-86ed-4855-a86a-9fbd5250703e,2025-10-28 19:46:55.883131,2026-06-05 10:21:34.781334
3751,3751,Amazon Logistics,f791190f-13dc-40c5-b610-634c761e69a6,2025-11-04 11:23:56.999440,2026-05-27 14:14:20.282443
3752,3752,FedEx,425110dc-a0c0-4298-a98c-1d400db00ae8,2026-01-22 15:00:38.967437,2026-07-04 17:42:19.634074
3753,3753,Amazon Logistics,cc0a4f54-9158-400b-ad23-1116b1dd0888,2026-06-22 01:17:12.118464,2026-08-11 23:31:09.741634
3754,3754,USPS,36cb568c-09eb-4c72-b313-fa2aecaaa499,2026-03-11 19:48:44.436824,2026-04-16 15:02:22.006920
3755,3755,USPS,e2627f9c-fc0b-4470-b5ec-568fd2ec3861,2026-01-10 08:50:16.217745,2026-06-12 07:57:48.152852
3756,3756,FedEx,c083b45c-4252-4766-8bc6-1e3811e7b6a6,2025-10-07 06:48:19.329589,2026-01-07 22:10:40.900948
3757,3757,FedEx,52f0bbca-d373-4a57-93a2-d90a943b5cf3,2025-12-10 18:39:15.078286,2026-06-01 07:19:01.646778
3758,3758,UPS,1b49f92a-628a-45fe-876f-cd420e295a98,2026-03-06 14:39:46.235399,2026-06-28 18:27:51.860537
3759,3759,USPS,37b46e82-f6f2-47ec-a810-628ac8561be7,2026-06-15 03:11:54.973247,2026-08-10 11:37:56.055561
3760,3760,UPS,f2997e15-2574-485e-83a5-62cd845850d4,2025-12-12 06:20:26.250860,2026-02-07 12:07:23.153232
3761,3761,FedEx,25453c35-a6cc-4fa7-ad41-db60012173e3,2025-10-15 18:22:09.465009,2026-03-25 10:34:54.911519
3762,3762,USPS,ab064711-b3bd-42d7-a6a4-105623534446,2026-04-10 19:59:51.692991,2026-07-12 15:53:39.473187
3763,3763,DHL,e104e6e4-91c1-4376-9478-54481655b419,2025-08-21 16:14:12.027003,2026-06-04 04:07:22.776864
3764,3764,Amazon Logistics,65560be6-88f5-472b-9405-36d4eb1a4997,2025-09-05 08:15:01.083811,2025-12-20 06:01:08.219779
3765,3765,DHL,74ad6b85-5a85-48b3-813c-84b66ab53d0b,2026-05-03 17:32:11.963912,2026-06-16 14:56:12.303739
3766,3766,UPS,022df71e-0ed1-4f8d-940b-c876a76b55b5,2025-11-30 14:37:40.099694,2026-04-10 10:14:55.624074
3767,3767,UPS,445bd94d-c7a9-4823-ae44-ea393539cd4f,2025-09-23 15:01:41.946389,2026-06-21 20:13:04.006051
3768,3768,FedEx,48e5f470-df7a-453b-8421-dabaa5019957,2026-06-25 20:55:05.455785,2026-08-10 21:11:45.426818
3769,3769,USPS,2669e451-f7b9-4ecf-9d99-e9f535b2770b,2026-08-09 05:58:19.191338,2026-08-16 22:53:12.945577
3770,3770,UPS,960b3f37-0d6d-49f7-86a1-507c5777eae1,2025-08-29 14:40:18.280653,2026-08-08 11:07:15.286027
3771,3771,FedEx,b86b4608-40c7-4406-b59d-d6ef95b8c7f1,2026-01-28 08:15:52.577609,2026-05-08 07:09:01.366572
3772,3772,Amazon Logistics,d5792597-0c47-45c7-87cd-e005a7d6a982,2025-12-04 16:50:22.308340,2026-03-19 17:46:31.545928
3773,3773,UPS,c36fd69f-b082-41d8-8a60-454a5904b724,2026-05-07 23:36:37.480922,2026-05-19 14:51:53.559997
3774,3774,USPS,2f4974e5-239d-43e2-bc0f-260c113445be,2026-05-31 12:00:15.517436,2026-07-23 00:03:35.190454
3775,3775,UPS,26cec0a9-c8af-4520-9270-a8e7ac2f2808,2025-10-18 12:45:23.599971,2026-08-08 04:45:24.796358
3776,3776,USPS,37e130d5-549d-4807-a5ca-650409045357,2025-10-07 17:23:49.560435,2025-12-11 11:10:54.398644
3777,3777,FedEx,5580982a-54bd-42a9-87cb-ba0b29fdd73b,2026-03-09 01:27:03.125016,2026-05-01 09:48:09.432350
3778,3778,Amazon Logistics,b8fcca63-0861-4c42-abb0-36dd97cc43fb,2026-01-24 03:13:01.575991,2026-05-08 04:52:17.600305
3779,3779,DHL,ffaf4292-e270-410d-83e6-dad3f5fec827,2026-06-20 23:40:26.651789,2026-07-30 17:55:32.970614
3780,3780,Amazon Logistics,0e77e49d-c409-4d71-9061-837d4d09733d,2025-11-07 03:43:17.018970,2026-06-17 16:18:53.141405
3781,3781,DHL,d5816333-e242-4b20-b383-1543c35dcc6f,2026-04-29 21:38:36.394235,2026-06-30 14:46:33.004594
3782,3782,DHL,cf14f516-aede-43ea-9a0f-df300a2303f4,2026-06-24 17:45:38.016071,2026-07-24 16:33:08.588493
3783,3783,FedEx,72b2ef61-e8c8-40a5-9dde-a1c5bad3a647,2025-11-18 10:46:10.550677,2026-01-02 08:42:11.282276
3784,3784,FedEx,148a31f9-ffc7-4270-b9f7-6ca94c32fe64,2026-08-11 04:58:49.146253,2026-08-12 08:58:47.098989
3785,3785,DHL,7f10fe20-210c-4004-8270-46cf5c5faad8,2026-03-10 01:26:01.285993,2026-03-26 22:00:15.342299
3786,3786,Amazon Logistics,04079cbb-76ea-4ede-98f8-6485404ce4fd,2026-03-07 21:44:13.970147,2026-08-09 05:45:42.992234
3787,3787,DHL,8e776221-3643-429f-bd32-032319e9e555,2026-05-09 21:46:08.356815,2026-05-30 13:19:35.557002
3788,3788,USPS,9a152e67-ed71-4268-a8d3-76c9b92a17f8,2025-11-14 16:48:26.665287,2025-11-20 04:48:17.947675
3789,3789,Amazon Logistics,56960287-0d47-4641-a022-b96056f2d116,2025-12-06 11:29:06.894518,2026-04-30 12:53:22.774246
3790,3790,USPS,8e4f7789-55da-46e0-b0ab-115449630570,2026-08-01 14:13:02.853176,2026-08-14 16:29:32.375861
3791,3791,USPS,03608e33-7a87-4473-87bc-d26050886a57,2025-12-31 01:45:56.991137,2026-06-13 06:20:03.780227
3792,3792,USPS,8dd4a600-9454-42ce-8558-77bc0e133fce,2025-12-06 14:16:50.512247,2026-07-26 14:58:58.800048
3793,3793,FedEx,591feb68-8b1d-4b76-8476-7113037edfe3,2025-10-14 03:24:24.139088,2026-05-10 10:41:23.128015
3794,3794,FedEx,be832ffc-2538-47c4-84cc-e06f0082dbe1,2026-08-02 06:02:29.755515,2026-08-04 03:21:41.549174
3795,3795,Amazon Logistics,13cc3af5-43cd-4697-8ce7-73e96ab55fab,2026-01-19 13:37:22.179730,2026-07-18 18:36:49.823950
3796,3796,USPS,93d45e9c-99fb-4728-b24f-67fd159a355a,2026-03-21 07:55:01.514868,2026-07-11 12:13:38.243814
3797,3797,UPS,fed6b274-ca2e-474f-8763-222a45700625,2025-12-16 16:29:50.499420,2026-01-14 06:11:07.560274
3798,3798,UPS,004bc127-a087-48de-beea-ef5b8b08c3e7,2025-11-03 07:21:08.726325,2026-04-25 15:42:14.851599
3799,3799,DHL,6020fd9d-855b-49a4-bfad-ed4afdda70b9,2026-06-09 06:28:18.965147,2026-07-28 02:58:40.758099
3800,3800,USPS,157ad922-7a74-4fde-8c20-5afab30606fd,2026-08-10 11:00:41.569484,2026-08-12 18:34:28.096089
3801,3801,UPS,02e1252b-1526-4638-b77e-8e5daeaeb710,2026-02-11 05:20:49.750536,2026-06-25 23:22:45.512773
3802,3802,DHL,6a94f60d-f303-4599-afed-1a4027b9e335,2026-06-06 08:45:08.950219,2026-06-18 01:06:53.596122
3803,3803,DHL,60254689-b363-4fef-b0f4-4e632ed4c881,2026-08-12 21:52:35.746762,2026-08-16 11:40:08.238628
3804,3804,Amazon Logistics,1326d188-a801-4108-9050-d7e38d5598a4,2026-01-09 00:18:02.163611,2026-05-28 20:21:05.535234
3805,3805,FedEx,10a1afb9-9264-4ea6-8659-4f2925504221,2026-04-04 18:30:39.120651,2026-06-14 10:17:48.068471
3806,3806,USPS,45315993-46e3-49b1-9d17-3c1b79f11712,2025-08-28 18:52:07.293036,2026-01-20 15:17:14.701022
3807,3807,FedEx,98d683bd-1f04-48f7-b939-8ad772e10c8c,2025-09-05 09:21:49.029982,2025-11-22 09:43:26.356199
3808,3808,Amazon Logistics,9139b051-dc25-45bc-97ae-6ece64019bea,2025-11-08 21:37:51.658452,2026-02-08 06:02:44.611885
3809,3809,DHL,2001e8e7-6f93-4a1c-bc28-a3bc363b9447,2026-03-13 19:43:00.030993,2026-07-15 07:39:59.089284
3810,3810,FedEx,96cc4325-93ec-4e39-90ac-4becef652340,2025-08-14 03:18:04.388367,2025-10-03 05:54:11.767395
3811,3811,DHL,747f210b-b252-4a1d-9955-f9b0db951184,2025-10-03 08:30:49.404075,2026-03-17 13:36:41.143861
3812,3812,UPS,35c8e8a4-921e-4e4c-b2cc-da3eb5be9d44,2026-06-24 06:44:13.616233,2026-07-09 14:45:48.128085
3813,3813,Amazon Logistics,502afab4-4703-4211-ac8f-01c066ff1610,2025-12-11 19:06:10.172282,2026-01-23 05:16:17.857997
3814,3814,USPS,58b0e5cd-3e06-4043-ae33-065775ac129c,2026-06-20 15:13:20.750752,2026-07-03 16:06:10.411013
3815,3815,UPS,b1329a5e-c8ad-4fb3-8bb7-c9c36c3c8183,2026-01-21 10:56:41.807193,2026-03-01 13:50:33.752137
3816,3816,USPS,03d65f33-f1b8-433e-b984-0dbadde3078f,2026-01-12 15:43:05.031029,2026-02-23 04:26:02.190030
3817,3817,Amazon Logistics,212ac828-2599-4937-aeec-e54e8af4b75c,2026-02-21 06:45:52.419281,2026-07-28 10:58:46.159466
3818,3818,FedEx,94d30105-7bf7-47a9-953f-e5350bcf2344,2025-11-11 11:01:08.425494,2026-05-15 23:30:39.661124
3819,3819,UPS,08e8c7b1-7d06-49f0-88a9-cb85259dd858,2025-10-25 03:44:19.015773,2026-03-16 10:33:22.584691
3820,3820,DHL,fe21d4c0-c467-432c-946c-c2e43496d870,2026-05-10 08:36:25.383522,2026-07-30 05:21:30.253305
3821,3821,FedEx,f364d1cf-be11-4a81-8b76-fe44acb63afc,2026-04-23 18:26:16.727180,2026-05-14 22:29:21.905584
3822,3822,DHL,a16aa499-3a4d-472a-8afa-9de4ac69c4ff,2026-01-22 18:08:19.914828,2026-05-06 16:46:40.693583
3823,3823,Amazon Logistics,a2ae5db6-b4ec-468a-9782-06c6b5b25ec8,2025-11-18 00:20:40.810920,2025-12-15 05:15:34.217953
3824,3824,DHL,7af5a081-1ac9-4b87-855e-343f108139a5,2025-12-26 20:28:51.397099,2026-07-05 19:34:49.964478
3825,3825,FedEx,ade1a982-1193-4175-82a4-a855c6b37626,2026-05-08 07:37:55.517602,2026-07-24 00:42:44.772198
3826,3826,USPS,5c03900d-d7ee-4679-b456-9ea0b68baf01,2025-12-12 17:50:20.274846,2026-01-06 09:39:33.908556
3827,3827,UPS,8868d12d-da1a-4efd-933d-541cffae88a1,2025-12-18 12:11:06.852406,2026-05-01 00:50:45.512876
3828,3828,DHL,78cdf898-c6ba-4428-a491-f0bd446610bd,2026-01-16 18:20:35.078572,2026-02-18 19:55:13.880272
3829,3829,UPS,68b3f69a-620d-4bf7-80eb-c8324f349182,2025-09-14 14:32:22.477066,2026-05-09 00:05:08.804995
3830,3830,USPS,a8026b0b-6728-47d8-975a-24045b3cdc7c,2025-09-07 04:00:57.370174,2025-11-21 09:00:25.628663
3831,3831,FedEx,9a7d5225-4efd-489c-a153-4d6416e7691e,2026-06-28 18:27:47.431035,2026-07-28 04:54:39.544659
3832,3832,Amazon Logistics,78694f1e-abc9-4eed-8190-fa416f073438,2026-05-17 11:37:49.062347,2026-06-07 06:17:58.701443
3833,3833,Amazon Logistics,4ee3adbc-f75a-4af1-ad83-d9dd940e31dc,2026-03-25 22:43:50.932576,2026-07-06 05:49:53.388586
3834,3834,DHL,49674527-0d29-4180-a610-9b57b66fa7f1,2026-08-08 22:07:54.347968,2026-08-17 05:28:04.108618
3835,3835,Amazon Logistics,3a5c8fd9-7f92-43e1-966c-68388f931e10,2025-11-10 03:18:12.670388,2026-01-02 09:24:32.120523
3836,3836,DHL,48ca1869-8bea-49b8-a168-7e80e95fcde6,2025-11-02 12:58:06.448764,2026-01-07 08:27:59.568479
3837,3837,UPS,4e15ceb5-cb76-4451-b794-322332a493b6,2026-02-24 02:44:46.502784,2026-07-09 05:39:46.118282
3838,3838,DHL,fa20a12b-7e68-4256-978c-d3f103a4e304,2025-09-05 04:22:34.697180,2026-05-04 19:56:58.846301
3839,3839,DHL,dc8a969c-f1af-4486-af98-39ff4696ea26,2025-08-26 18:51:19.526275,2025-09-14 02:01:33.741332
3840,3840,Amazon Logistics,e3cbc63c-6814-4f2c-a7b9-2a083fe3622c,2025-10-25 09:09:23.382121,2026-04-20 22:23:03.508449
3841,3841,FedEx,9932f639-ed99-42cf-a731-070aec6d8836,2026-03-19 19:09:43.870194,2026-06-04 20:16:55.138585
3842,3842,USPS,993f0c74-16b4-4589-abcf-5618548cd6ed,2026-01-09 14:11:09.503116,2026-08-04 05:17:22.447009
3843,3843,USPS,c8a52108-32b3-4fd5-b0e5-9b1c6f63a21e,2026-01-01 09:50:15.965406,2026-05-29 14:12:16.535635
3844,3844,USPS,027e5800-aff6-4e97-8dc6-76c1402da2e4,2025-10-13 14:09:37.827186,2026-02-10 00:58:59.818861
3845,3845,FedEx,a2c8fc65-acd4-40f2-b9c0-6c713dc696a6,2025-11-30 06:22:49.829129,2026-07-23 16:03:04.317709
3846,3846,USPS,7715d0e9-cddd-4bee-ad86-84932a0030ba,2026-03-24 19:12:26.314834,2026-06-19 06:55:54.857217
3847,3847,FedEx,012039c1-fbf0-47a7-8433-f87fcc425e90,2026-04-12 11:13:04.539296,2026-06-01 22:15:41.523669
3848,3848,USPS,f215b8b3-2476-48dd-a485-b0446372a28e,2026-02-10 03:53:46.580924,2026-07-22 09:56:11.992483
3849,3849,Amazon Logistics,d2f25e82-ab54-47aa-8ad7-43c09b663db9,2026-04-07 10:48:24.723846,2026-07-26 14:28:33.565629
3850,3850,DHL,0392452e-930c-4a75-b158-9bd249bacbee,2026-04-28 06:33:55.646853,2026-07-09 19:17:28.669489
3851,3851,UPS,b0a0193e-88e5-4725-b3cc-c0d57d2a7e5b,2026-01-05 09:28:18.988950,2026-01-17 10:52:43.742095
3852,3852,USPS,4496ec7f-b312-4652-a7e4-9c60627e426d,2025-12-20 04:14:58.223495,2026-05-11 16:08:28.701174
3853,3853,USPS,3fa7598f-70b9-444b-95b9-82953131fba4,2025-10-03 14:13:27.262166,2026-04-17 04:50:54.034956
3854,3854,DHL,01081b6b-6d97-4c18-bffc-fe09b54034f1,2026-03-14 14:03:09.286173,2026-08-10 21:59:40.339642
3855,3855,Amazon Logistics,ef233126-a971-4e0f-a88b-c523803306ba,2026-05-07 10:16:28.395111,2026-06-30 05:19:20.883660
3856,3856,Amazon Logistics,392faf4c-2915-4743-a14a-27c68bd6e623,2026-07-11 16:25:39.655553,2026-07-21 13:12:40.506140
3857,3857,DHL,ebb88479-eb6c-4e6d-b1e9-6e97db1c5fde,2025-08-25 14:23:52.407735,2026-05-22 19:32:43.051551
3858,3858,UPS,e80541df-281e-4c15-9223-a4ebe2cbf5b7,2026-06-07 04:58:35.842081,2026-08-07 16:05:16.386372
3859,3859,Amazon Logistics,50dae32f-1736-492e-8229-f9ae2c314afd,2026-04-06 22:29:48.990460,2026-05-07 17:57:36.613898
3860,3860,USPS,310e7bdf-f234-48a1-95d2-30b0896b3aa0,2026-01-21 04:10:10.003597,2026-03-19 12:48:07.638110
3861,3861,FedEx,abbebcff-a45d-4643-8df7-c945a04a5364,2026-07-25 08:41:51.793925,2026-08-04 00:49:32.682353
3862,3862,Amazon Logistics,2f6d429f-e18d-4eac-b499-c88c0b57af7e,2025-09-21 11:55:54.124191,2025-12-29 20:13:15.404706
3863,3863,Amazon Logistics,99542c04-3cf2-4db2-a0db-41edf351aac2,2026-05-16 10:11:06.753051,2026-06-04 08:48:49.252605
3864,3864,FedEx,41b3c057-0211-4161-88a6-f6476a4eaacd,2026-01-25 00:20:13.888265,2026-03-20 09:01:35.218394
3865,3865,DHL,50426af2-1943-4bae-9515-95b7fd8a151a,2026-03-04 20:15:29.926484,2026-07-18 13:16:57.679144
3866,3866,UPS,f9ff5475-a17c-4dcf-ad7a-ebfad3f26667,2026-03-19 19:28:57.838768,2026-06-29 03:03:47.026249
3867,3867,USPS,8e5475da-8010-46dd-88ba-7e98146faa8b,2026-07-23 19:11:20.103071,2026-07-27 13:08:25.206214
3868,3868,DHL,f5b24918-dbcc-42d0-8f99-fc7e6bb796ca,2025-09-14 01:54:14.982659,2026-01-23 15:22:03.104399
3869,3869,USPS,1e412228-7ed6-4e96-9450-201d5d31a798,2026-01-10 16:47:33.134567,2026-05-14 02:05:19.849829
3870,3870,UPS,63c4102c-5bab-430d-b238-a78f5058a945,2025-08-18 19:15:06.711008,2025-12-03 05:02:09.836598
3871,3871,FedEx,38fe4aa2-9347-428b-a2f5-06f9a7a26fc1,2026-02-04 12:12:02.951026,2026-04-18 17:33:46.874432
3872,3872,Amazon Logistics,f8c39d0e-5559-4480-b2ef-7097ed4389f9,2025-11-06 13:11:17.247562,2026-03-27 08:57:35.904625
3873,3873,Amazon Logistics,460cc121-e1bc-4962-a40c-1bb5162ef406,2026-07-17 21:58:14.679452,2026-08-01 08:14:01.348484
3874,3874,UPS,e061652b-6cc9-4b1d-9eed-7b00a8d7b30a,2026-05-08 07:58:32.341433,2026-07-11 09:27:13.509345
3875,3875,FedEx,3d879bae-ee48-48c1-82c2-b3a508525890,2026-06-15 05:44:00.790341,2026-07-20 22:29:40.934641
3876,3876,USPS,882bd504-9e77-4656-902e-b6b63551400a,2026-04-04 00:11:46.275258,2026-06-11 13:03:07.523575
3877,3877,FedEx,6b2c7b38-68df-431b-afee-eb4f18bbe848,2026-07-31 22:56:02.386961,2026-08-05 10:53:13.414113
3878,3878,UPS,3dffc7df-399c-450e-ab98-299b326a1fcf,2026-01-27 03:19:51.729348,2026-02-06 00:17:49.821336
3879,3879,DHL,69eedda6-e3d3-47a1-8a2f-20bfd302d694,2026-01-02 08:34:42.643793,2026-04-01 01:19:36.108119
3880,3880,FedEx,6c6a6fbb-0103-4819-888d-c39c54091591,2026-02-25 14:11:00.774608,2026-07-31 03:35:38.367091
3881,3881,FedEx,cbe077f3-42e5-4f0e-a297-c43bd6e3d682,2026-01-03 10:13:34.587491,2026-05-09 10:14:28.999401
3882,3882,USPS,b99c026d-e9b2-43d2-bb6d-3e1c0e8c7c60,2025-09-11 08:36:42.873882,2026-04-16 10:30:35.220977
3883,3883,Amazon Logistics,18c73c0c-e9d7-46e0-b486-62de90b6526e,2025-11-02 05:48:10.774887,2026-04-23 14:12:28.684752
3884,3884,USPS,f3f7c083-c04c-4e0b-b5e3-dfd24a640352,2026-03-19 07:34:30.672838,2026-05-02 23:44:45.644623
3885,3885,FedEx,15a2c70d-d060-4823-b2a4-ee2635acd487,2025-09-25 01:27:34.043767,2026-05-26 07:39:04.554556
3886,3886,DHL,62ada26f-eb38-47d9-b17b-140f7e180672,2026-06-15 15:44:16.619556,2026-06-17 00:12:52.616871
3887,3887,FedEx,fabe9a97-cbfb-4e3a-9b04-99bbf78368f4,2025-12-21 09:17:14.484311,2026-04-28 14:15:56.634512
3888,3888,UPS,73f07e61-bb6d-46bb-a873-66e9573c94bb,2026-06-23 13:40:28.495600,2026-08-18 09:11:42.232829
3889,3889,FedEx,b9ae95a7-6908-4cf0-acc3-39665db20e2d,2025-11-29 22:56:19.572194,2025-12-16 14:02:47.075727
3890,3890,DHL,4ef421be-3cfb-4c76-b02b-f3c40676642a,2026-06-27 05:39:17.805608,2026-08-16 18:07:05.876508
3891,3891,USPS,9815944d-10d8-47e9-b901-9a6e8b487306,2026-07-13 00:28:22.874418,2026-07-23 02:55:01.897248
3892,3892,FedEx,c4ce0ba6-06b4-4896-af11-568ffd169235,2026-01-06 09:41:56.010378,2026-03-24 09:17:40.737072
3893,3893,DHL,ad66cecb-79de-4734-8004-7ba569b83acd,2026-02-25 23:16:03.512341,2026-07-18 13:33:38.822308
3894,3894,USPS,ad8b8833-2b40-4dfb-9347-4123e90a15eb,2025-11-07 15:40:41.857971,2026-07-14 03:54:44.507621
3895,3895,USPS,77a04f79-79c2-4268-8246-477f7c90d593,2025-09-11 23:04:17.359223,2025-12-18 16:29:59.965580
3896,3896,DHL,44727dbb-8bb0-498f-a39d-a09c95ca437a,2026-01-05 12:36:15.583073,2026-04-23 14:48:18.327213
3897,3897,DHL,95937b37-a820-4293-bb02-7931cdb992e7,2025-12-19 16:03:42.723624,2026-04-20 13:13:30.067778
3898,3898,FedEx,2afcd7f1-22a7-45ab-ab90-f83266bbc8d7,2026-04-26 22:44:55.861417,2026-07-19 10:55:40.920734
3899,3899,FedEx,08d0ca82-9557-4fd1-976e-979efbf48980,2026-05-16 01:25:39.661207,2026-05-24 13:32:55.437482
3900,3900,FedEx,9e909cda-2493-4ab7-8140-07d395be00e3,2025-09-19 07:01:22.130139,2025-12-24 04:15:57.400543
3901,3901,DHL,d3f8b020-5944-4d3b-9c1f-f71f78147f2b,2026-06-17 00:35:38.976145,2026-07-17 09:06:10.047669
3902,3902,UPS,35407bd0-7944-458d-9a4d-32fcb22d6d62,2025-12-01 08:30:24.330616,2026-04-13 11:26:33.262019
3903,3903,UPS,ce219982-6f6f-42a8-8000-cae8e585ff9f,2025-09-15 18:23:09.392897,2026-05-09 12:13:31.305137
3904,3904,DHL,e5fdea5a-8c7a-4151-ba30-e57344b4d60a,2026-03-20 09:47:17.135112,2026-03-23 09:55:50.671482
3905,3905,UPS,b46771e6-89a4-45e8-84ad-caaed9124868,2026-01-16 03:14:56.164074,2026-06-26 19:19:27.468146
3906,3906,UPS,250e2152-c441-4371-af5c-dbd4054518f8,2026-01-30 03:44:56.561667,2026-05-19 00:26:40.961052
3907,3907,FedEx,bcfdeb38-e4c5-4eff-ba5a-d60fcd18d418,2026-06-20 08:34:32.035867,2026-08-07 18:29:00.676429
3908,3908,UPS,acbbc20c-6fbc-46be-b1ed-27d2cf3be2d5,2026-01-12 05:37:23.809134,2026-06-16 15:28:56.466137
3909,3909,UPS,c8afe5db-fa0c-44ce-ade5-d49bb88f6682,2026-01-26 06:31:23.890722,2026-06-27 03:51:27.405014
3910,3910,FedEx,9d242f03-d73e-43c6-a504-cfa184b86680,2025-11-28 00:54:26.311391,2026-04-29 07:05:17.547082
3911,3911,FedEx,f3e9f59f-c704-402d-845b-b11a263b04cb,2026-07-22 09:46:27.554203,2026-07-24 03:41:10.101361
3912,3912,Amazon Logistics,9f7264c4-1ee9-4e15-bea6-17589006dee7,2026-08-10 00:31:24.949572,2026-08-15 16:39:37.758600
3913,3913,UPS,edc98f69-447b-4ec7-92f6-3c676f3f904b,2025-09-16 14:50:33.994888,2026-07-31 18:17:15.574636
3914,3914,USPS,17138b77-4593-47b9-ad17-03c8dd1c6c0b,2026-06-13 20:21:22.047563,2026-08-15 19:34:46.704060
3915,3915,Amazon Logistics,5dd0b505-d724-4178-bc7f-82977ee36d3e,2026-06-27 02:19:19.278519,2026-07-04 10:45:41.363015
3916,3916,FedEx,30b36a2f-7435-4167-89df-12ab7ada237c,2025-12-20 22:28:20.449419,2026-01-21 19:11:06.758075
3917,3917,DHL,fe0abeb0-e973-4199-81f4-505c872eec86,2026-07-08 06:02:46.472335,2026-07-22 05:25:32.032634
3918,3918,DHL,36251fa8-ea22-4ad1-8693-eb89e06ef86c,2026-08-04 07:52:09.828653,2026-08-09 09:54:49.997388
3919,3919,USPS,beaf75be-3f0b-4779-b401-9c6052c7d012,2025-10-14 08:30:53.753319,2026-01-09 19:52:30.870399
3920,3920,USPS,bbd1c24c-0e72-4778-86bc-4796246a7235,2025-11-21 01:11:03.059661,2026-04-08 03:29:05.477976
3921,3921,USPS,fc1198c3-d68d-4112-9b11-55f9f0723a99,2026-07-16 00:21:42.183647,2026-07-16 06:20:12.445863
3922,3922,UPS,22499285-9899-4860-9995-b742fa2f9cf6,2025-10-10 13:48:28.716895,2026-04-16 14:18:55.092306
3923,3923,FedEx,d828e29a-126a-4628-b6e4-2c61077218b3,2026-05-18 08:14:12.013462,2026-08-16 13:11:38.936661
3924,3924,Amazon Logistics,d8326074-374b-4337-8a53-b920f03f78ab,2026-03-29 02:00:37.998060,2026-05-17 11:15:50.830479
3925,3925,DHL,39cf9ade-b504-4962-9cb0-090ae5cfcf5c,2026-07-05 22:55:13.483222,2026-08-18 06:58:50.284150
3926,3926,Amazon Logistics,2d70c8d2-e293-41a1-898c-3cfb08901a48,2026-01-29 02:38:20.667425,2026-02-18 19:26:41.640745
3927,3927,Amazon Logistics,1a216180-7021-420c-9e2e-121bf2bc9e65,2026-01-14 01:32:26.261537,2026-06-22 21:53:12.250148
3928,3928,DHL,d92ae666-4af2-4100-8ef4-a8d63166adb6,2025-10-04 16:10:15.852160,2026-07-06 15:48:42.999738
3929,3929,Amazon Logistics,0755cae7-55fb-433a-ab48-afd0b48f708b,2026-08-12 23:00:22.893279,2026-08-17 23:55:35.752050
3930,3930,USPS,baa5d868-9b56-462a-8fe9-4118f18b76c7,2026-02-22 22:12:32.469423,2026-07-23 20:35:49.317060
3931,3931,Amazon Logistics,6df039f6-ac3e-4382-8aab-3b9675590636,2025-12-04 07:05:55.309069,2026-02-20 07:41:48.581960
3932,3932,USPS,c95ad91f-8e62-4cff-a7c3-5cf9761a7630,2026-03-06 00:32:12.463620,2026-06-01 21:15:46.405463
3933,3933,FedEx,e82d6b19-c48d-4153-a800-45b8a0ef92f5,2026-07-27 14:23:58.359569,2026-07-30 06:28:30.016584
3934,3934,USPS,14ed7d29-bce9-41e8-8b37-13cd19f6b28e,2026-03-30 10:08:23.648564,2026-06-12 13:06:36.029514
3935,3935,FedEx,f83fa773-e64c-4367-a7d2-0d2a82317fa1,2025-11-15 19:31:08.528581,2025-12-04 08:51:38.527066
3936,3936,DHL,78c48665-4d05-4804-a5d0-dd8d47f0c795,2026-02-22 17:31:19.280469,2026-06-11 03:57:03.772884
3937,3937,UPS,684bc965-75b5-4d02-89cd-db82e67e6a63,2026-05-27 10:42:38.750998,2026-08-03 16:06:30.522355
3938,3938,USPS,25591d84-640f-4a69-b9a8-fdbca9ae6f46,2025-10-19 01:31:32.457928,2026-07-20 20:42:09.181118
3939,3939,Amazon Logistics,f748e762-3af7-4313-a510-ddd416d7648e,2026-03-07 15:11:20.454105,2026-05-05 00:30:33.566827
3940,3940,DHL,fee9f3d3-a701-4d71-bea3-4ecab673d249,2025-09-10 00:47:31.805886,2026-01-09 13:13:05.571621
3941,3941,USPS,285ebd3f-c1f6-48b0-bd35-64e72c483b3b,2025-12-11 01:34:19.765694,2025-12-16 10:47:16.381879
3942,3942,UPS,4d7dc7a4-686a-4965-9979-0055e4133702,2025-09-19 00:52:55.120914,2025-11-21 00:32:24.671114
3943,3943,DHL,5b6e7b00-21a1-4590-b6ad-a4009fc906e2,2026-06-29 14:47:52.275544,2026-07-26 18:20:39.401414
3944,3944,FedEx,06ff36a8-0b1e-47a6-960c-d383d177719d,2026-08-01 23:16:42.701965,2026-08-04 16:53:22.652853
3945,3945,UPS,41e4ab00-35b7-43ef-9eaa-55b67a08f60b,2026-05-26 08:52:31.802244,2026-06-04 10:26:58.441365
3946,3946,Amazon Logistics,21da22fd-a407-4bb8-acac-394cab46da86,2026-07-08 03:40:22.840701,2026-07-28 12:07:15.066921
3947,3947,DHL,c42236f5-4789-476c-9ebe-4736ff297436,2025-12-21 06:30:07.576223,2026-02-13 19:03:42.217819
3948,3948,FedEx,7cb7c892-2247-46b1-9a9f-b2db890a2ce6,2025-11-20 19:33:10.763491,2025-12-13 14:06:19.208681
3949,3949,USPS,b00db717-d123-447f-b005-08ffc01a9edc,2026-04-08 22:24:00.384038,2026-06-19 16:09:08.385174
3950,3950,Amazon Logistics,c9881b75-7575-4a09-8df2-20b0709ff28f,2026-02-15 11:51:47.050067,2026-04-14 19:20:44.593859
3951,3951,DHL,28aa7ded-7c89-4b74-8fa4-ca708234e8db,2025-09-06 10:58:02.958207,2026-06-15 21:31:51.044138
3952,3952,FedEx,a86ba96e-694c-4d19-a83e-adc0055dd5fe,2026-06-25 22:14:59.214675,2026-07-06 15:22:53.413541
3953,3953,FedEx,ecb4f95a-7cba-4d38-adba-d49940e8a0cc,2026-01-08 00:43:58.555930,2026-02-10 03:14:20.552474
3954,3954,Amazon Logistics,59ac3d56-6e36-495b-9c81-4b1ea32f7606,2025-12-14 21:45:31.164700,2026-07-05 16:15:08.613627
3955,3955,FedEx,3501968f-6721-4d12-a519-ca04cbf0e86f,2026-04-11 21:13:27.098498,2026-04-14 22:07:32.612043
3956,3956,DHL,3e4b7f78-ac25-4f60-b60c-912a5b7fb562,2025-11-28 17:48:43.826840,2026-07-09 21:52:32.283980
3957,3957,USPS,c1c6cea4-9929-4b3c-9ed5-6d6b855ff6dc,2025-11-21 09:16:19.255327,2026-04-20 06:17:54.597634
3958,3958,FedEx,e9e6a98d-4d91-45e8-87cf-af07544c030f,2025-11-09 16:08:49.249633,2026-07-17 19:51:41.340556
3959,3959,USPS,f0797872-14a0-450c-9bed-829246038df8,2026-02-20 20:44:49.649368,2026-05-24 15:19:26.809014
3960,3960,Amazon Logistics,ab2ceaf0-8ba4-472d-91f2-64ab1a918fb8,2025-11-14 16:51:17.261852,2026-02-22 09:10:36.355489
3961,3961,UPS,111f8c13-a3fc-43c2-a7ba-9da27e5753d8,2026-07-09 10:07:01.063760,2026-07-16 09:39:43.341149
3962,3962,Amazon Logistics,5a679528-5692-46ca-ab36-4dc13b86d1ef,2025-12-14 22:07:47.610206,2026-07-30 05:56:27.211981
3963,3963,FedEx,dfe0c101-a7d7-4170-91c2-8403f7028c88,2026-01-14 06:27:16.400795,2026-06-01 06:06:53.966079
3964,3964,DHL,81d5a55b-e734-4e62-9426-3884e02b3000,2026-04-18 09:21:43.198362,2026-05-29 05:18:46.263857
3965,3965,FedEx,48f8216b-be28-4c85-9cc5-560a20ff7dbd,2026-02-17 20:57:54.589892,2026-07-19 17:22:24.743828
3966,3966,DHL,3c7bc02c-a4f4-464c-bc42-5345859a5636,2025-09-12 07:46:39.697035,2026-01-14 01:46:42.086806
3967,3967,Amazon Logistics,5d3677e6-ec99-49e2-9581-d566689e1248,2025-08-17 08:45:34.838829,2025-09-11 20:42:28.080963
3968,3968,USPS,cf399959-ab70-431e-9176-e3048cb80bb4,2026-05-23 07:44:56.737239,2026-06-21 08:49:07.472145
3969,3969,DHL,ba44f6e1-4ec0-46c3-96ec-7e0c12716be7,2026-05-27 20:41:24.637415,2026-06-11 05:27:14.657768
3970,3970,FedEx,d8a32cca-a4b5-438b-85d1-f9b70d121624,2026-02-20 00:22:28.036788,2026-02-23 02:02:28.462465
3971,3971,USPS,60697e59-b1c2-4853-ac1b-5a31ae264532,2025-08-21 17:27:52.769858,2026-07-09 19:18:15.953385
3972,3972,DHL,055e39a5-d4f3-43b1-846e-fb3647192b0e,2026-02-10 23:38:05.320742,2026-06-16 05:22:30.456644
3973,3973,UPS,40eb8b74-c5e9-4094-acb7-dd36af962f5f,2025-11-11 18:52:16.696646,2026-07-04 18:18:07.758088
3974,3974,FedEx,740d2101-37df-47c0-845a-6b08321c965e,2025-11-29 15:01:35.274020,2026-03-04 08:11:13.966756
3975,3975,FedEx,42c3dff0-3c3c-46eb-8549-89d5cc3dacda,2026-01-30 10:47:59.447848,2026-03-21 09:43:06.963567
3976,3976,FedEx,3002d584-dc5c-45ed-8440-ea3343386ed8,2026-02-11 19:03:13.363712,2026-04-30 22:25:20.135927
3977,3977,Amazon Logistics,54652252-fada-4c88-ae67-1e6436519af5,2026-02-06 22:32:27.773064,2026-03-23 14:59:51.249795
3978,3978,DHL,beaca28b-fa8d-4dc2-ba8d-ef3d871be570,2026-08-06 13:43:35.047493,2026-08-10 03:22:29.105788
3979,3979,UPS,857362f8-81ab-4c43-8ea0-6d3c6e001843,2025-11-14 00:40:38.722920,2026-01-29 14:29:40.110080
3980,3980,FedEx,a8d0dcba-82d1-4bc1-93ec-e9ada6e3a1ca,2026-03-09 22:54:41.721308,2026-04-26 23:23:35.897499
3981,3981,USPS,a4fda1cc-1c6f-4819-8864-92966b1920ea,2026-08-05 09:40:23.776759,2026-08-08 05:58:17.868486
3982,3982,USPS,774165c1-94d4-44ea-8fad-5d41de10de0e,2026-08-07 07:08:34.860804,2026-08-19 05:21:46.601454
3983,3983,USPS,c3f08572-8985-4b80-a20c-45e06d448a23,2026-06-03 10:08:44.419866,2026-08-12 07:13:15.174879
3984,3984,Amazon Logistics,cbf3ef78-5dd9-484e-a54e-ec35da540b14,2026-01-01 11:57:37.511521,2026-01-22 20:23:17.955374
3985,3985,USPS,25bf1e8e-1961-4bb1-92a0-18e0cda40341,2026-07-14 08:03:59.877693,2026-07-16 22:01:03.641051
3986,3986,Amazon Logistics,a7d402b5-ac39-46ad-a6c8-3c4f88d14710,2026-06-08 00:58:38.320612,2026-06-09 19:36:04.094827
3987,3987,Amazon Logistics,ae6b67ea-4183-4284-a116-55e3cd92d6de,2026-05-20 06:11:01.046838,2026-08-19 01:35:55.052285
3988,3988,DHL,7b0c0c93-efc4-48cc-94dc-fc51ff2f2561,2025-12-18 17:46:46.126349,2026-02-25 22:07:47.500511
3989,3989,USPS,658632ee-b887-44a3-96c1-b178f3050f06,2026-03-07 17:22:19.923682,2026-06-18 16:36:54.816974
3990,3990,UPS,9e6f861f-4735-4dbe-988f-6e439e918c82,2026-07-01 22:52:21.180979,2026-07-05 09:33:32.848226
3991,3991,FedEx,7b574f71-59a4-43e8-afef-ed17cf9b4b5c,2026-03-17 20:44:32.808979,2026-07-23 09:06:53.768973
3992,3992,Amazon Logistics,e1ff07f3-e5dd-409e-acbb-3c49acd19710,2026-02-04 03:30:17.747840,2026-02-27 23:20:20.512839
3993,3993,USPS,d626bf7f-f96e-49a7-a9a5-5d9537dc2f58,2026-05-26 14:08:08.879800,2026-08-09 18:30:28.759748
3994,3994,UPS,234cf370-d4cb-4c24-858e-fa7135ad14da,2025-11-27 09:42:39.798128,2026-06-20 12:48:57.646883
3995,3995,DHL,9e7bdf0a-48eb-431a-94b6-253d413fa6da,2026-07-12 04:06:00.072855,2026-07-21 15:58:43.306990
3996,3996,FedEx,33e85dbe-b7d6-4ace-8ee7-0d5e97b8d6ce,2025-10-02 22:12:38.454007,2026-06-10 14:45:50.136684
3997,3997,FedEx,f6a636ec-e5c5-49b6-90db-d1cf1d839336,2026-02-15 03:48:49.844253,2026-03-09 22:53:14.564579
3998,3998,FedEx,f1f01d04-42a9-489e-89f1-2cfa321d9c43,2026-03-18 11:23:05.979836,2026-08-04 06:31:50.884744
3999,3999,UPS,75afea75-c6d8-4e37-842c-beb59c756431,2026-08-04 09:59:48.016147,2026-08-10 12:35:36.252335
4000,4000,USPS,ab774935-b9fa-48eb-9c6d-3fc77fcf5dfc,2026-08-10 20:21:13.192961,2026-08-20 03:05:59.155560
4001,4001,USPS,64ff1f54-9d23-4c41-8efa-79589ccd05ca,2026-02-27 16:29:23.398749,2026-04-22 15:08:12.996640
4002,4002,USPS,99f22687-6a4e-47d9-8193-46fbfbe18435,2025-09-25 15:47:22.622616,2025-12-02 17:32:13.839392
4003,4003,DHL,1d340440-63e6-486d-865c-7bf39a2bf6e8,2025-11-27 04:52:51.106033,2026-05-27 07:05:29.405096
4004,4004,FedEx,0e816c64-56f5-4ca1-abc3-8e00a8e220c6,2026-04-23 06:07:31.838587,2026-06-20 14:26:43.481176
4005,4005,Amazon Logistics,0b15e0e9-5922-42ba-ad10-203d780013f2,2026-06-26 13:29:49.129439,2026-08-16 22:31:24.607593
4006,4006,UPS,b320d57e-b3f6-4b49-bbfb-bf7c18b1bfb6,2025-09-08 00:44:46.269916,2026-02-15 17:40:04.159306
4007,4007,FedEx,157b776d-7516-4cfb-84c8-f76011ff4ec1,2026-01-05 22:48:00.696039,2026-05-27 07:13:04.488097
4008,4008,UPS,e5209033-36fb-41f8-b11f-987bd1c585cb,2025-10-26 20:47:13.589179,2025-11-23 22:37:36.233591
4009,4009,UPS,162ccaf2-dcae-4c65-97a2-f3057d90335e,2025-11-24 04:28:33.165518,2025-12-30 11:10:39.494906
4010,4010,Amazon Logistics,2c5b7894-c571-42b7-86c9-4166fb28458e,2026-07-03 09:04:58.361073,2026-07-16 21:13:33.925282
4011,4011,FedEx,d6b190b3-a531-45c9-8ad6-5a3385dbcddd,2025-10-25 10:04:16.505192,2026-03-14 04:12:46.073933
4012,4012,USPS,92514781-2d51-49ef-a436-e50ee05d2821,2025-09-13 17:45:24.979170,2025-12-21 11:49:32.498279
4013,4013,UPS,4dc300f9-b907-46df-8a17-650e17a28aac,2026-05-04 20:54:31.918019,2026-06-01 03:03:51.636595
4014,4014,Amazon Logistics,aaf8c1d4-3738-42db-9884-c04a7af70506,2025-09-23 00:21:39.390423,2026-03-06 03:42:56.635167
4015,4015,DHL,bfbf070e-ff45-45a9-b8aa-9671b3e2cf88,2026-05-02 05:25:59.854617,2026-05-02 09:10:35.508416
4016,4016,FedEx,72a82fe5-0050-4568-9efb-22982479bc78,2026-05-26 16:16:50.603593,2026-07-31 21:02:26.501138
4017,4017,UPS,7fa1c1de-cfb6-4833-8283-371f97670481,2026-06-21 19:42:46.760881,2026-07-25 14:14:21.990069
4018,4018,Amazon Logistics,fc810a3c-d759-4fc7-9c12-c84827664277,2026-08-03 06:13:57.694747,2026-08-08 00:43:31.160115
4019,4019,FedEx,a61f9c1c-3a89-4e37-a845-b6b915aa36ee,2026-01-05 23:59:57.503086,2026-06-03 08:24:05.062182
4020,4020,USPS,9d3cd07b-84f1-41e9-931b-4abc1794e470,2026-05-27 01:11:59.831794,2026-08-15 10:25:05.578974
4021,4021,UPS,c65cee14-be0f-4ea6-b47f-dd6d1f8a539f,2026-06-03 22:00:22.438285,2026-08-16 17:35:01.112710
4022,4022,USPS,b4fd36e3-0b1f-47b0-8867-8ace0543e53b,2026-08-07 16:28:07.219137,2026-08-19 11:11:27.983086
4023,4023,DHL,3c55435d-d3ec-4b93-b529-46cb3f67323e,2025-11-07 09:54:39.564759,2026-04-04 09:48:27.578629
4024,4024,Amazon Logistics,ad28328d-63df-46b6-89cf-e88ce66a1676,2026-03-17 18:33:34.319654,2026-07-02 10:42:07.123417
4025,4025,UPS,db6a2232-56a8-45c7-9d38-f7b7043681ee,2026-05-22 06:20:59.400988,2026-06-14 11:03:23.857378
4026,4026,Amazon Logistics,c15b4856-9bb8-4541-adf0-c7523aad53c8,2026-03-08 10:16:05.262673,2026-06-28 02:55:30.896067
4027,4027,Amazon Logistics,b4567a26-0323-47a0-80e0-e2393c64e5cd,2026-06-03 04:27:30.328185,2026-07-17 07:10:17.043818
4028,4028,Amazon Logistics,b7284654-b3ac-422e-9cac-550a9957014a,2025-10-22 14:14:44.398705,2026-05-31 11:36:17.284834
4029,4029,Amazon Logistics,90c885a2-8e4f-4a59-a926-9c7775018503,2026-08-10 10:18:37.650095,2026-08-18 22:53:21.779325
4030,4030,FedEx,c0681a40-9cb9-453d-9e80-962f4cab5ea6,2026-04-22 15:24:26.178309,2026-06-06 16:04:11.690479
4031,4031,Amazon Logistics,262a12c6-db43-4179-8d48-ee0a6bfad374,2025-10-07 18:20:13.554388,2026-01-19 19:46:03.347152
4032,4032,DHL,a9cee8ed-8a86-4dd6-bed1-797ee204679a,2025-11-20 23:38:02.079493,2026-06-08 01:43:35.867366
4033,4033,DHL,6a987cce-37e9-4fdc-a96e-0cca48ef3f8a,2026-03-12 23:33:19.742933,2026-06-03 06:35:30.107642
4034,4034,DHL,f30a31fb-32e8-4550-861d-8b494884aeac,2026-06-08 10:21:43.004784,2026-06-18 18:16:00.291445
4035,4035,DHL,2fcce210-c938-4ca1-8e18-e3dc9c9f1357,2026-04-26 02:18:33.677652,2026-07-24 01:46:14.224918
4036,4036,UPS,1d49e48c-496d-4b9a-854d-a0523a98daf0,2025-12-01 07:57:14.698268,2026-07-28 01:51:30.873092
4037,4037,UPS,0ae92405-37e2-47df-ac1a-08a3ada8109b,2025-12-12 11:06:34.225156,2026-02-03 09:52:26.664933
4038,4038,FedEx,8dbdf57d-52cd-49e4-836a-cd8659bba803,2026-05-23 03:30:39.847048,2026-06-24 10:24:51.503654
4039,4039,UPS,e7116709-9c55-4ca8-ad35-8417fd9cc3bd,2026-07-25 17:04:15.060153,2026-07-26 16:39:32.670030
4040,4040,DHL,b15810ec-252a-4891-90ab-bdbb7a81ce8e,2026-07-19 04:40:43.439814,2026-07-28 17:55:34.851989
4041,4041,USPS,509eb784-991f-4fe4-95e5-87e931a4dd9b,2025-09-09 21:33:41.765185,2026-07-24 17:41:48.746838
4042,4042,DHL,48c624af-77ca-47ae-b163-c508fe55ca50,2025-12-07 16:44:16.899638,2025-12-27 12:39:20.321556
4043,4043,UPS,e68c2edb-da1f-497d-9ab6-a7e3891d2631,2026-03-26 18:05:49.436651,2026-05-08 16:43:01.404819
4044,4044,FedEx,bfde484c-3ff7-48b5-84a3-6c3b3dec02ce,2025-12-18 19:07:31.559690,2026-06-16 03:15:19.945499
4045,4045,Amazon Logistics,4f20c106-579d-4d62-934a-dc38b7ee32c7,2025-10-20 17:12:31.248937,2025-12-17 15:25:23.014108
4046,4046,USPS,981590a7-0b33-4c85-92a2-a6ce720c487e,2025-09-26 23:07:32.791314,2026-07-11 08:51:02.891796
4047,4047,FedEx,93f0b4af-0955-497e-b456-744ae5139404,2026-03-03 20:14:47.350974,2026-08-08 12:42:30.269600
4048,4048,Amazon Logistics,3adff1d2-82c1-4929-bf71-42fd6fad9704,2026-06-08 00:57:48.208728,2026-06-19 19:59:46.340318
4049,4049,Amazon Logistics,a3971b84-375f-4e2a-abdc-be1f70281d77,2025-12-28 11:45:36.813753,2026-02-12 16:08:15.547919
4050,4050,Amazon Logistics,b11dfc07-27dc-401c-b772-42735b1bc5d0,2026-03-10 03:15:23.307525,2026-06-27 00:05:30.665431
4051,4051,Amazon Logistics,f270bf46-f9e5-4b26-87b4-accae9ea0e23,2026-03-16 19:32:01.558276,2026-06-03 13:21:34.197136
4052,4052,UPS,acb066ef-bfbb-458f-8970-81c1cc2448d1,2026-04-20 00:58:58.464733,2026-05-19 12:44:56.099015
4053,4053,FedEx,e7a5ea28-188f-4bf1-bf72-2e65e5ab95b3,2026-05-29 22:07:12.237755,2026-06-07 10:43:11.409772
4054,4054,Amazon Logistics,22b0533d-395e-4f8b-82f7-cdabd25314be,2026-03-04 18:28:15.893283,2026-07-15 09:38:24.835289
4055,4055,Amazon Logistics,2300a0e4-51fc-4901-957e-6eee242c4d7a,2026-04-04 04:20:54.494133,2026-05-19 05:01:15.554862
4056,4056,USPS,438847fc-09e9-4a9f-840a-f127f4a0ec6d,2026-05-09 03:17:05.116569,2026-07-03 16:05:23.163392
4057,4057,DHL,91e36b42-1b55-412a-9c5e-b6c8870f508c,2025-08-28 09:08:45.721648,2025-09-16 12:53:22.076772
4058,4058,UPS,94c8484a-3f0e-4e58-9722-bb4a49f21b2f,2025-11-17 01:17:31.967836,2026-04-14 02:11:43.548346
4059,4059,UPS,265e6f18-f1f4-4c3f-bb35-bf5083a2ee73,2025-11-28 11:54:40.721066,2026-01-15 20:24:37.927210
4060,4060,USPS,fe475afb-1a7d-45df-be0b-c8663e731abb,2025-08-20 21:21:19.839572,2026-01-13 11:34:39.431448
4061,4061,FedEx,29480e1e-e006-4a48-9cbd-b9bde6312019,2025-10-25 23:59:51.497482,2025-11-03 13:40:57.263525
4062,4062,FedEx,c5315341-84fb-4e1a-a715-53cdd416dd4f,2026-01-09 21:24:26.382044,2026-02-27 02:38:14.250794
4063,4063,FedEx,0fc549ba-805f-4cb4-b67b-55099485272f,2026-05-29 00:16:47.989005,2026-07-12 16:04:37.521739
4064,4064,UPS,f3139ae5-16ba-45d5-b762-fa0ed9defebd,2026-07-29 10:28:05.621337,2026-08-18 13:20:08.114996
4065,4065,USPS,018fd375-cc54-445c-b12d-7d61acb444d8,2025-10-24 00:57:37.806104,2025-12-29 22:20:21.609957
4066,4066,Amazon Logistics,e923960a-81a2-4f3a-940e-538cd4d8c977,2025-10-21 11:59:36.157608,2026-01-21 00:32:42.080314
4067,4067,Amazon Logistics,b76429d3-0f6a-4a05-8d09-685dd33b11f3,2026-02-09 10:26:44.579078,2026-05-12 09:05:12.359211
4068,4068,FedEx,ebeffbff-65b2-492e-ab6d-f6e6ccc4c5b6,2026-08-02 16:42:07.577202,2026-08-12 09:06:10.465170
4069,4069,UPS,f66d5338-6d30-4e7b-ba11-c6fe55061265,2026-04-26 06:35:24.253069,2026-07-27 21:32:47.551881
4070,4070,Amazon Logistics,8ecd5691-77a7-44fe-8c02-fea857de7bfe,2025-10-08 21:02:06.348784,2026-05-06 04:10:02.281899
4071,4071,USPS,0ce0499a-6913-4431-928c-a575317e450f,2026-05-03 05:02:00.206132,2026-07-03 22:33:39.415157
4072,4072,USPS,eeb1920a-13c1-415a-be8b-d14eb10f8ac5,2026-02-04 11:03:34.976514,2026-02-17 11:10:28.960670
4073,4073,Amazon Logistics,ca30d658-c90e-4357-92d9-50fcd28e8e47,2026-04-13 02:55:15.203468,2026-08-18 17:49:49.232147
4074,4074,UPS,28728ea7-6925-4099-8970-976f0f89bca7,2026-04-28 19:07:46.909080,2026-06-18 20:42:33.136650
4075,4075,Amazon Logistics,95c43d5e-65e8-45f3-a603-48398a1b8e34,2025-10-08 12:05:56.569644,2026-06-30 10:42:18.415741
4076,4076,FedEx,34522680-55c4-401a-b02b-ae1291984083,2026-04-02 06:52:15.660270,2026-07-31 21:48:37.158041
4077,4077,DHL,5d69d813-6a7a-4856-ac6c-05fe96ff1f2f,2026-06-17 01:13:26.493127,2026-07-16 04:58:40.931154
4078,4078,DHL,1b149cbd-2f3d-4abb-8cd7-47be5fa16bb8,2025-12-15 19:50:22.741832,2026-07-10 14:00:39.547683
4079,4079,DHL,3c672d00-6b09-46de-ba00-a89c4ed5646e,2025-12-01 22:26:35.157225,2026-01-05 00:55:25.202868
4080,4080,DHL,5cdcaa6f-9471-49c6-a99e-a0b1d096959d,2026-01-16 21:01:50.899260,2026-03-19 06:40:03.062116
4081,4081,Amazon Logistics,b9868ce6-77de-440a-a605-8ea9ff75c650,2026-07-22 02:48:47.755219,2026-08-12 13:44:23.886758
4082,4082,USPS,f70eec6a-32e7-4bf3-92c3-81bb22981be3,2026-07-16 13:53:02.190699,2026-07-19 12:21:00.716025
4083,4083,DHL,98cc6537-f10c-4b2b-89cd-87f8acada4a8,2026-03-04 07:32:00.891006,2026-07-04 05:06:46.892974
4084,4084,Amazon Logistics,2125dc63-bdef-47f3-b29d-0e9fa8b1bbe2,2025-09-20 23:36:01.048245,2026-02-21 04:51:22.518392
4085,4085,Amazon Logistics,6bd084bc-b065-4b53-a767-a7c20d196ef6,2026-01-04 19:45:25.640070,2026-07-20 11:40:05.377866
4086,4086,UPS,acaace7b-ecf9-48d7-965b-a996247f2c67,2025-10-13 02:23:17.279358,2026-01-16 07:27:24.272322
4087,4087,FedEx,9140419c-93a2-4f78-898d-419b88cf0dc7,2025-09-03 12:00:28.545982,2026-06-18 00:51:43.955786
4088,4088,DHL,174ebd62-6806-4a1f-9f73-4d864b8a351f,2026-08-02 09:43:31.356815,2026-08-04 03:22:04.057415
4089,4089,UPS,ec23e67a-5dea-4da9-bc52-7e878a853fca,2025-08-26 12:29:50.527301,2026-01-24 07:40:35.688434
4090,4090,UPS,9911406e-b179-4e84-8819-dd235c05b277,2026-08-03 21:48:18.790557,2026-08-13 23:29:11.626976
4091,4091,Amazon Logistics,3b924040-e7f0-44fc-8b6c-80598fc90841,2025-11-04 03:29:47.527099,2025-11-04 12:23:11.085882
4092,4092,DHL,562dbae6-6d21-4fe5-98b8-1bd800a7897e,2025-08-25 23:31:56.621420,2025-12-29 18:32:41.859103
4093,4093,FedEx,c447e8e4-10ef-4d2b-8a51-a7b7f30076de,2026-04-11 04:56:04.539383,2026-07-07 19:44:57.320777
4094,4094,DHL,5eac8ed3-4f1d-4211-808b-41a960bd4e9b,2025-08-14 15:21:26.893634,2025-10-03 18:09:19.816291
4095,4095,USPS,b244d757-eea3-4349-ba04-d392819e08f6,2026-05-17 11:11:17.448531,2026-06-05 19:17:35.710154
4096,4096,UPS,f9450639-641f-49be-8f7d-508508a7b698,2026-05-27 17:19:13.725785,2026-08-07 09:05:11.276407
4097,4097,USPS,5e39a374-d1e2-48ed-944d-6f87f95059d5,2026-08-03 08:28:52.395500,2026-08-16 02:59:27.680329
4098,4098,UPS,80a8e6a3-69a0-469e-9191-6b3d8aa64cf5,2026-06-19 21:05:28.794367,2026-07-08 04:18:59.417809
4099,4099,USPS,4818f5ed-63d4-4119-8beb-8c32a23806ac,2025-11-25 03:44:48.894532,2026-06-27 05:31:57.585412
4100,4100,DHL,209b9dde-c6be-4b64-8c3f-7b924f5b3bb0,2025-09-04 07:54:09.412461,2026-03-22 16:24:19.441040
4101,4101,USPS,c8c141f8-47bc-4ac5-ad71-6eb4167ed03e,2025-10-28 01:38:40.099538,2025-10-28 17:08:16.036695
4102,4102,Amazon Logistics,a8843da5-fa7c-43a8-b186-152db9f2583e,2025-08-16 11:11:53.641227,2026-07-11 21:48:21.798025
4103,4103,DHL,5035bf0a-ed88-4f4b-94a0-a155e9541312,2025-09-12 02:51:52.087937,2026-02-09 06:37:08.176960
4104,4104,UPS,78a8e508-86b1-4d4e-a9d9-09a3dda1b3cb,2026-02-24 02:57:23.896574,2026-03-08 12:22:54.142498
4105,4105,FedEx,3538863e-3481-4841-8ce5-773468d1162d,2026-06-24 02:23:00.083730,2026-07-29 03:21:40.223677
4106,4106,USPS,52732595-58df-49ce-ae09-15cffa321d09,2025-09-03 11:40:40.803033,2026-01-22 20:17:03.164659
4107,4107,DHL,5f27b58d-001d-4f6e-b705-e0502d94919b,2026-07-16 10:27:32.330280,2026-07-31 01:24:47.802741
4108,4108,USPS,17b04d44-a137-4468-aa16-842f1ef244d5,2026-08-03 16:00:03.857550,2026-08-19 05:15:25.856787
4109,4109,FedEx,9578e397-9846-4c6c-953a-40d48d0a92ef,2026-01-30 18:51:02.213454,2026-03-17 00:53:50.056334
4110,4110,Amazon Logistics,63281354-687c-43c6-aeb1-84cbadfb2efd,2026-03-18 21:40:13.870565,2026-04-26 19:36:40.981307
4111,4111,USPS,348627a3-42ba-4e34-82c9-3614a653d1d3,2025-11-17 01:31:32.407956,2026-06-09 17:00:12.874559
4112,4112,Amazon Logistics,bd404f7b-570d-4000-b2fc-bce8a1280ea3,2025-11-30 12:42:51.972091,2025-12-10 21:53:32.909694
4113,4113,DHL,8515df94-080f-43b7-92e0-6e33ff0d849f,2025-09-11 00:04:45.258199,2026-08-08 14:32:01.148950
4114,4114,UPS,69abdfec-ff98-4846-9ea0-7e6fc72fac73,2025-09-25 09:38:53.469809,2026-05-23 04:19:28.829154
4115,4115,DHL,3426ba62-765a-452d-a3d2-4f7304f531e6,2026-02-24 23:26:15.220108,2026-03-12 19:08:47.149963
4116,4116,FedEx,b42d8837-6746-4a2b-a668-03961e80e877,2026-08-10 13:42:45.886462,2026-08-13 13:52:55.524249
4117,4117,UPS,7adf49aa-2a49-47d9-925f-2e45f610d486,2026-02-24 12:23:26.752569,2026-06-29 10:58:26.114280
4118,4118,Amazon Logistics,2baa1ab7-593d-4243-a1f1-f1511d905dbf,2026-05-01 13:35:54.980309,2026-06-15 09:52:56.318972
4119,4119,FedEx,9b2e5647-c76c-417a-96b9-83d90f39aaeb,2026-02-13 11:28:14.860833,2026-05-01 23:21:11.091877
4120,4120,FedEx,7b39dec0-471f-4ae1-aa03-9f2d036bc0b2,2025-12-19 06:53:54.210293,2026-03-30 03:26:22.262407
4121,4121,Amazon Logistics,8706b7c1-ed6b-41bb-b4d2-f0a9c2a1669d,2026-06-12 17:31:06.340223,2026-06-19 03:27:35.284342
4122,4122,DHL,c6c34f86-f56d-44bb-bf4f-a840eba796b8,2026-08-03 21:15:01.349874,2026-08-17 19:34:48.658390
4123,4123,USPS,b17c9aa1-2c0a-4779-b4b5-08657b8232ae,2026-06-25 10:19:51.446142,2026-06-26 01:52:52.098686
4124,4124,Amazon Logistics,bf203202-cd12-42de-9e32-61e718f7123f,2025-12-28 00:00:30.211744,2026-02-06 03:28:24.403711
4125,4125,USPS,28f29ed0-ee63-4843-bc7d-ea076b2291f6,2025-12-24 17:54:50.661561,2026-03-11 13:48:00.986375
4126,4126,USPS,929464ca-82d6-4c75-b830-c61750f986e9,2026-08-10 04:21:57.866552,2026-08-14 00:29:50.565413
4127,4127,DHL,4c8316fa-d1e2-4d76-8460-88c3190a0b34,2026-01-06 15:36:22.563622,2026-01-19 21:16:04.604358
4128,4128,DHL,d89dc7e2-3a8f-4e4d-af0b-47b8eb75aecf,2026-01-15 20:36:08.516924,2026-07-11 19:42:42.943462
4129,4129,Amazon Logistics,55534ceb-40e8-47c3-8609-dff72264d448,2026-01-19 17:59:53.472624,2026-02-16 02:43:17.560785
4130,4130,UPS,06e0cbe2-5c7d-4ec0-a868-ce633e3be4d3,2025-09-18 08:22:37.289739,2025-09-24 05:42:05.636855
4131,4131,FedEx,afefe2ec-661e-4547-8083-274b085da2be,2026-04-22 11:05:52.293270,2026-05-26 16:01:54.078505
4132,4132,Amazon Logistics,c7bd622e-8fa9-446b-b1f7-6233cff73583,2025-11-02 22:29:38.533306,2026-07-18 21:37:52.242240
4133,4133,DHL,dcb9241e-45c9-499a-8753-d3fb0f8956ab,2025-09-30 01:23:46.705546,2026-07-22 08:13:51.193383
4134,4134,FedEx,cccfb136-7215-4ed8-a70e-4f2641345899,2026-05-23 01:33:56.905124,2026-05-29 21:47:05.146843
4135,4135,USPS,b73b2079-54eb-462a-a85e-c0869120665f,2025-10-05 10:50:45.766034,2026-07-07 03:50:57.804483
4136,4136,UPS,3cb2c659-05e5-4778-8a1f-79743b8ad1ae,2026-05-03 18:47:30.116744,2026-08-14 10:54:50.491080
4137,4137,USPS,7150f335-e512-4367-a845-221c1f2728d3,2025-10-06 13:33:19.042169,2026-07-02 00:08:11.321415
4138,4138,Amazon Logistics,e5cc54e8-8b39-4ee0-8c98-67613a6a379d,2025-11-23 21:06:11.398338,2026-04-10 09:05:55.416337
4139,4139,UPS,ac49aa70-361e-4f67-b50d-008983e32647,2026-06-25 17:06:06.779050,2026-06-29 03:33:59.439793
4140,4140,FedEx,ddcd4877-9a17-499c-b9c0-d0f15361ee37,2026-04-03 04:14:03.848175,2026-06-18 16:25:44.981675
4141,4141,FedEx,76356ce2-1f02-4153-a21e-697581b80bf5,2026-02-21 04:40:22.926242,2026-07-19 09:18:47.649984
4142,4142,FedEx,7e6f61f5-a4d7-41aa-880c-d69bea02952f,2025-09-13 13:36:34.014407,2025-10-26 23:30:43.177259
4143,4143,DHL,49962490-a0d9-43cc-94ca-d4366bdf160a,2026-05-12 17:01:54.492955,2026-08-05 04:31:14.653083
4144,4144,FedEx,c5c557f7-925e-4a13-9014-c2141b21a3fe,2026-04-28 03:53:42.744312,2026-05-29 07:32:28.608560
4145,4145,USPS,2ab844eb-0403-4d3b-8378-3948aa52102a,2026-02-09 02:15:33.351483,2026-05-29 18:15:53.018133
4146,4146,UPS,c80615c6-bc02-419a-913b-0414e19f2ac1,2025-11-27 01:26:25.439444,2026-07-22 21:25:58.584829
4147,4147,Amazon Logistics,41268054-97f6-4711-8b43-95da3b200552,2025-10-22 06:06:33.916152,2026-04-10 15:45:24.147290
4148,4148,FedEx,8536dbac-ec80-4448-a49c-a384c68e4ab0,2025-11-16 23:47:28.629351,2026-08-03 17:36:00.030404
4149,4149,USPS,20c56bd9-08c2-4f59-bab5-b17d6c56240e,2026-01-23 02:52:38.207594,2026-04-10 12:55:50.125933
4150,4150,USPS,669f63ac-7441-4ff1-a8a5-9d14ecd48e60,2026-05-30 09:49:51.467349,2026-06-13 14:35:27.252879
4151,4151,UPS,fc692699-f61d-4863-8bec-2d42d082375a,2026-05-25 05:13:35.157090,2026-07-04 11:17:00.417577
4152,4152,UPS,57593e35-d74e-4aa7-973f-b0bcd622fece,2026-06-02 17:13:30.743665,2026-08-18 00:43:29.607513
4153,4153,FedEx,f8a95a85-301c-4920-a0c5-12a81cf74171,2026-04-24 21:18:48.028347,2026-07-02 09:43:09.380395
4154,4154,Amazon Logistics,deea43a5-4651-4e7d-880f-1743fb517de1,2026-08-07 23:24:46.700458,2026-08-16 15:37:09.990675
4155,4155,DHL,165bade7-1be2-4974-a842-b25e00b26653,2025-09-24 00:56:03.667493,2026-05-04 10:31:39.683657
4156,4156,DHL,a3c84adf-a850-4fb1-b01e-42167b572e58,2025-09-24 21:32:06.048630,2026-03-15 23:02:43.150517
4157,4157,DHL,d6318d69-d703-4222-bdd4-cf7e3badf28b,2025-11-18 12:34:58.329605,2026-04-12 10:07:27.807517
4158,4158,USPS,c66044f5-df96-4dcd-bc8b-7510df5ec7e6,2026-03-11 20:27:02.143203,2026-05-19 13:15:22.261135
4159,4159,DHL,ae1202e2-cd57-48e4-9ccb-2bb1d79576f7,2026-07-06 12:17:33.466168,2026-08-19 03:42:50.843131
4160,4160,DHL,35fd1c83-1d59-473e-bfc4-5f075d62237f,2026-02-22 09:12:19.205749,2026-05-16 22:31:28.306725
4161,4161,DHL,145eb432-fa22-45e0-b611-da6456dd15c4,2025-12-30 13:24:52.118833,2026-06-23 16:57:20.760208
4162,4162,Amazon Logistics,70ae1d3c-b480-499a-b483-6a3dbb4ebc5f,2026-04-03 09:00:15.024005,2026-05-17 18:59:56.179437
4163,4163,Amazon Logistics,4a88e82a-cdec-4d71-82d4-5a59b155636e,2026-01-05 05:25:23.104082,2026-03-10 08:55:21.310424
4164,4164,DHL,1561cb94-4169-49fb-9d5c-59247d176a74,2026-04-03 08:46:07.999676,2026-08-13 20:48:32.414485
4165,4165,FedEx,d7af13fc-3738-4719-b793-05b2535f39c5,2026-04-12 04:20:02.580731,2026-05-08 18:03:14.870812
4166,4166,DHL,6676d9de-f0e6-44ea-b2a3-b3c8b0ff3435,2025-11-26 03:53:23.900804,2026-07-11 01:03:14.647324
4167,4167,UPS,3cea80af-0d19-4e45-a4ac-12369eac2397,2026-02-17 18:16:37.793034,2026-04-16 23:35:10.723879
4168,4168,UPS,971f004e-da8f-4300-95cf-105dabba591e,2026-06-28 04:28:45.263056,2026-07-15 04:10:48.138229
4169,4169,DHL,45a2dd5e-87a9-4c3f-8f04-5cccaa69b337,2025-11-26 22:16:35.135885,2026-03-23 08:39:17.317656
4170,4170,UPS,5fad10a8-9a77-4f82-910d-814882ac54fa,2026-02-20 09:47:36.863395,2026-04-01 19:51:17.345277
4171,4171,Amazon Logistics,2e128d6d-5897-44f6-a743-49e3177a16a9,2026-05-30 20:25:54.908981,2026-07-27 10:03:00.310506
4172,4172,UPS,595a7d8c-94a3-4835-b713-58f10c42df10,2025-11-09 08:03:01.776503,2026-03-28 04:47:36.762333
4173,4173,UPS,54a73e91-a11f-4e4c-95d2-0a68058eee27,2026-05-27 11:45:41.458888,2026-06-19 00:31:53.847387
4174,4174,UPS,8c605e96-1cce-4f21-9aa1-0abb6bc000b2,2026-06-10 19:02:59.199153,2026-06-14 20:30:12.866647
4175,4175,FedEx,5b186816-8d1f-4e24-b36b-27885ae744b0,2025-12-02 08:20:16.624073,2026-01-21 13:48:13.408308
4176,4176,UPS,93f1d0a4-80e1-4ea3-8198-2a6efa5cdf8e,2026-03-18 10:22:52.503407,2026-05-28 22:38:24.648252
4177,4177,FedEx,3fba1f91-e122-4fd9-b202-5e0723e6fc1b,2026-02-19 17:40:11.384054,2026-04-21 04:56:59.005254
4178,4178,USPS,de639965-1269-4165-ac02-f213a94f212b,2026-01-04 21:41:35.866026,2026-03-02 02:52:14.646105
4179,4179,FedEx,3ac9317c-31a2-4a03-8376-3cf92d3af474,2026-01-23 10:32:58.246456,2026-08-08 06:35:08.055449
4180,4180,FedEx,db3d5e62-2060-4519-87aa-dba1f1eed81d,2026-03-30 04:15:10.445608,2026-04-06 22:51:02.528192
4181,4181,Amazon Logistics,017ed5ca-4781-470a-8d27-bab9dd9a0123,2025-10-10 06:15:46.588871,2026-06-07 19:48:09.770730
4182,4182,USPS,e6b2f4d0-0c1c-4c8e-a854-b5b058eb7d63,2025-12-04 06:22:54.600245,2026-05-10 15:27:39.411970
4183,4183,DHL,1fcb55cf-1245-43d6-a4e3-aebbd2d988ac,2026-02-04 13:01:42.371614,2026-05-03 07:43:26.156410
4184,4184,UPS,a416a708-be4a-4e4d-98b7-aa104e2212ba,2026-07-02 08:57:19.560717,2026-07-08 17:48:58.581961
4185,4185,Amazon Logistics,d3e7ca40-2cde-4a9c-ad91-d0c576bc919e,2026-05-14 01:31:04.441774,2026-07-03 08:37:16.118581
4186,4186,USPS,b362fb1a-fb5c-45ec-b254-f9f52505c2f8,2026-07-29 15:38:16.745133,2026-08-20 19:49:15.609841
4187,4187,Amazon Logistics,6e1cf959-dbf2-460d-84b4-93095b9f4116,2026-04-09 13:28:26.435778,2026-07-14 09:33:29.056947
4188,4188,Amazon Logistics,7612d6fb-fac3-41be-a40b-f3b21b0f5ab7,2025-09-12 09:34:02.910392,2025-12-01 13:40:35.309435
4189,4189,UPS,908fa73d-bd11-49e7-af94-00bedfdaaa1a,2026-05-10 22:24:54.886770,2026-07-14 13:01:02.342208
4190,4190,USPS,e6054fc4-c1a5-48d1-9593-863ad2b16893,2026-07-16 09:20:00.151012,2026-08-14 01:34:27.128238
4191,4191,UPS,a39c15be-f14a-4847-9703-9d9d81fdf714,2025-12-15 06:39:00.730875,2026-04-03 00:03:58.004458
4192,4192,DHL,5f862d54-0aff-4e62-95be-e32fd2a349e8,2026-03-06 09:31:05.671822,2026-05-12 09:52:14.950189
4193,4193,USPS,06859513-b980-4724-8e16-8a9bd1f99a32,2026-08-08 02:25:37.443039,2026-08-13 06:44:15.350324
4194,4194,USPS,4b0d1592-25cb-4543-8b80-3f4c2394e01e,2026-05-14 15:41:14.638782,2026-08-03 03:23:29.385457
4195,4195,Amazon Logistics,32604852-ae83-4f85-971d-142bd56539f1,2026-01-20 13:34:08.335923,2026-03-31 07:45:59.817415
4196,4196,FedEx,734a5c40-c95c-43f6-a66e-0e3396af4c1d,2026-03-24 03:36:57.366051,2026-04-08 04:27:04.143517
4197,4197,UPS,108ffb8e-1509-49d8-b390-8b28a7e40e4c,2025-12-10 01:00:06.583815,2025-12-17 19:53:12.601096
4198,4198,DHL,25348a1a-11dd-4c6c-8f02-a94165e5cb34,2025-08-19 07:36:58.445954,2025-11-29 02:34:24.610187
4199,4199,UPS,82b94339-ebfa-4046-866b-292a331309ec,2025-12-23 13:17:36.179276,2026-01-03 00:32:38.601467
4200,4200,USPS,a3cd3904-173d-4f7e-9aec-952d6a956e20,2026-02-08 22:49:25.134397,2026-08-17 10:50:37.868753
4201,4201,UPS,f2b94dde-47ba-47d2-95a2-89f0f8234869,2026-01-03 08:46:00.203446,2026-03-01 07:37:36.337086
4202,4202,Amazon Logistics,7a4859a1-73fe-407f-b36a-e5d3f42bd383,2026-01-27 10:39:56.181096,2026-04-13 17:45:42.808945
4203,4203,USPS,1eb0825d-d755-4740-9d61-e3e2853e7edb,2026-04-25 11:26:13.313694,2026-08-20 18:35:16.658822
4204,4204,UPS,fa8ed1a1-0773-4426-8ee4-b3f072dcef1d,2025-09-10 01:55:20.620090,2025-11-05 11:20:07.043904
4205,4205,UPS,084b894d-7422-4630-90ef-3d8f7db28c76,2025-10-23 20:58:23.563228,2025-11-16 11:35:37.950960
4206,4206,FedEx,bddae0b8-f038-456d-8037-d2bca383b6d3,2025-12-28 07:25:02.151819,2026-05-01 15:15:03.661677
4207,4207,USPS,ca145b0b-dd30-48ad-99b0-2f91cd6cb684,2026-07-17 10:31:40.315636,2026-07-18 23:32:36.177899
4208,4208,UPS,85acf400-e4e3-410b-9c97-b7121509eb57,2025-08-28 21:26:21.539165,2026-04-01 00:07:44.344731
4209,4209,DHL,102b73ba-c1fd-4c41-a835-c07732a5d7e0,2025-09-08 17:40:18.734560,2026-07-13 06:47:35.260604
4210,4210,DHL,b18af72e-89ba-4994-bad7-843a636bebc3,2025-11-09 16:57:13.631196,2026-01-17 13:10:15.456704
4211,4211,USPS,0349b760-0a52-4bb7-a38a-3c10435b0629,2025-10-06 23:31:42.527952,2026-01-22 16:24:25.350777
4212,4212,FedEx,49d6da11-e9eb-4ce6-a758-076039e39bed,2025-11-22 20:55:23.938700,2026-07-26 16:12:55.048081
4213,4213,DHL,e84f3b7a-58bf-47c1-aa78-d87d922ee05c,2026-03-04 12:10:20.625715,2026-03-15 01:29:09.885569
4214,4214,UPS,f02c5f17-9039-478b-a030-7dfe8133c4e8,2026-05-19 13:33:29.242345,2026-07-06 12:11:21.241901
4215,4215,Amazon Logistics,55617861-f912-459b-8c8d-e4292c0a37de,2026-03-03 03:00:51.977777,2026-03-09 04:13:23.345926
4216,4216,UPS,914f3ea1-c21a-4d52-88af-79f37427ec8c,2025-09-13 00:51:25.831396,2025-09-21 01:22:52.541888
4217,4217,FedEx,b212623f-9fc8-49a4-8c16-9d4730780b20,2025-12-26 07:13:55.314313,2026-01-25 18:28:49.030738
4218,4218,UPS,3b2f4732-244e-4344-bc83-380bfb802308,2026-06-06 21:16:25.698017,2026-06-11 20:46:04.084988
4219,4219,UPS,f1ff57e6-36c5-407c-b48b-602a76e0ca0a,2026-05-15 07:33:41.456046,2026-06-26 12:02:59.101163
4220,4220,USPS,1e9a9559-49e3-4a3e-a5c5-c0b56e609448,2025-10-02 03:54:52.365815,2026-03-05 16:28:01.912143
4221,4221,DHL,c8e3f0e1-a2dc-4cfe-a406-9108324ac888,2026-03-27 15:16:27.950217,2026-04-13 00:07:16.020326
4222,4222,DHL,d204a372-2029-47da-bc69-58f9a3d0f113,2026-08-11 01:27:43.720070,2026-08-20 16:05:40.177233
4223,4223,FedEx,daaa4875-3178-4900-82c9-5a17668a7826,2026-02-04 22:31:09.224184,2026-02-14 18:06:55.159998
4224,4224,DHL,a31e5264-f6e6-4db9-8161-f021b63d589c,2025-11-28 04:12:06.694617,2026-06-28 03:55:11.508714
4225,4225,FedEx,cac06ad4-fda5-4602-8abb-0caf7dd95a15,2026-07-31 11:47:30.265632,2026-08-09 01:21:34.047161
4226,4226,DHL,85002b6f-0f99-4e39-abf2-016645d0b98d,2025-09-30 12:10:53.378795,2025-12-26 14:31:31.856468
4227,4227,FedEx,816a6a02-e0d1-4142-8d61-ec57998d0b88,2025-09-01 01:27:13.796058,2025-10-30 13:16:25.911036
4228,4228,USPS,4576d5c2-a4bf-41c3-abe9-367a2261fb68,2026-04-04 21:10:06.656054,2026-07-01 18:45:08.168727
4229,4229,DHL,c4c07c23-143e-4b88-8bf4-ddbf295d1846,2026-03-12 17:24:18.645715,2026-06-30 15:01:11.405995
4230,4230,UPS,5ff53db6-fd16-477b-921a-c29d6cf0ccca,2026-02-05 10:33:39.803843,2026-04-26 19:54:16.525128
4231,4231,Amazon Logistics,77b65edc-134c-408d-aea1-eea025267759,2026-05-01 09:11:06.775523,2026-06-06 05:48:53.132508
4232,4232,UPS,b8f99082-ebc5-4fb8-a0d8-e4e7ee5897c6,2026-01-31 15:37:12.143190,2026-04-20 23:54:17.179628
4233,4233,DHL,234d75e7-3af4-4915-8dcc-6f3decaacc03,2025-11-21 23:40:10.406809,2026-08-08 04:34:07.455869
4234,4234,Amazon Logistics,9411f11f-a3a1-40ec-9589-3f2ed9a51ba5,2026-07-11 05:53:53.649317,2026-07-16 01:56:10.108882
4235,4235,UPS,ba33ba56-ffab-43c5-b895-3b7e08ac4937,2026-05-03 21:47:00.514432,2026-06-28 08:38:20.752629
4236,4236,UPS,07ab8ece-c99d-4f0b-88c5-c4e0987e2bef,2026-03-31 08:20:31.535167,2026-05-07 16:34:31.505098
4237,4237,FedEx,129412ad-d0ae-4488-b948-5e7e50b4bd3a,2026-05-04 22:17:06.091194,2026-07-01 17:19:28.537606
4238,4238,Amazon Logistics,c1ec62e9-39b2-4c4e-8ed7-86239c8f8ab6,2026-08-11 16:23:55.555317,2026-08-14 20:17:24.929467
4239,4239,FedEx,46d56db3-8bb3-46b2-b795-3ff53e616982,2026-06-28 13:03:11.147004,2026-06-30 16:15:23.621186
4240,4240,DHL,c8f928a1-afb4-496c-9db8-d4109c29798b,2025-09-04 18:44:43.833058,2026-05-21 19:33:41.427893
4241,4241,Amazon Logistics,c036db8c-7288-430d-b06c-d484e1ae16cb,2026-03-21 08:56:31.268943,2026-06-19 02:16:51.508066
4242,4242,UPS,08ea93dc-c6f6-4470-96d3-3fd4d09066b1,2026-04-22 00:06:45.001265,2026-08-03 13:47:18.825156
4243,4243,DHL,911109e0-210a-4eb5-bd54-f5adb85e1c81,2026-04-24 10:37:31.815458,2026-05-25 19:45:07.586510
4244,4244,FedEx,4fec5b0d-7069-4765-be9c-6175507683eb,2026-05-27 21:49:51.016190,2026-06-28 06:33:41.656236
4245,4245,DHL,61026494-f82a-45d2-9329-5544cce2e4a2,2026-05-11 11:15:05.542691,2026-07-02 17:08:35.864911
4246,4246,Amazon Logistics,0386e6d6-6723-4883-9068-bf8e486f5a47,2025-10-14 02:55:11.518424,2026-08-05 06:56:46.936336
4247,4247,UPS,6c6a1805-d904-4ac2-b2f6-795166788a66,2025-11-07 05:12:01.079355,2025-11-25 12:53:06.221436
4248,4248,FedEx,197b814f-c42f-4e3a-b2d5-cb17ec627a4f,2026-02-09 22:36:38.812308,2026-07-14 16:32:37.403187
4249,4249,Amazon Logistics,57752227-091b-424b-b117-f7e473839879,2026-03-24 02:18:46.408137,2026-08-10 15:15:13.691774
4250,4250,USPS,7105e0db-78d7-46c4-9bf0-e8bd10f4b1e8,2026-05-16 05:27:42.435179,2026-06-28 19:30:49.139774
4251,4251,DHL,178758c6-9d53-4146-a600-0ac437f50d30,2025-12-05 00:19:39.640134,2026-08-14 05:35:58.161124
4252,4252,UPS,0d986afa-c0b8-43f6-8095-0bf59c7fac34,2026-02-01 15:30:26.092695,2026-05-13 07:45:56.262231
4253,4253,USPS,6c3a6396-97a8-4456-9a90-b2ec42acdd46,2026-01-18 17:10:43.179629,2026-05-05 03:53:06.317394
4254,4254,UPS,d32a1e86-ac38-4445-86a3-6bce1ca7d7c7,2025-09-03 12:17:31.522429,2025-12-23 23:16:37.779154
4255,4255,USPS,8b69c678-c5a8-4c46-a31a-26025a35df09,2026-05-13 05:12:22.788336,2026-05-19 11:31:10.184726
4256,4256,UPS,18e573f7-517c-45a0-aa30-e0c895680294,2025-08-14 14:04:08.606289,2026-03-09 21:29:31.999608
4257,4257,DHL,0f6e9eb9-e5fc-48db-8ff1-dab0d1958bfa,2026-02-15 04:06:07.281576,2026-02-21 10:27:17.308544
4258,4258,DHL,d24cd0a7-c29e-4088-b505-633407af6c5e,2025-10-23 04:12:20.595465,2026-07-26 01:37:14.407061
4259,4259,DHL,42104001-c34d-4d4d-8c0c-9ed123638bdf,2026-05-22 10:07:30.874388,2026-06-18 02:32:51.673564
4260,4260,Amazon Logistics,6752359d-ffff-49dc-b55c-7c8a1cc41a9c,2025-08-22 21:36:25.841281,2026-01-13 02:47:16.620455
4261,4261,USPS,359c83fa-d4be-4ce0-8f9d-c394a5239667,2026-01-31 21:02:44.446950,2026-05-05 02:01:15.269542
4262,4262,UPS,90cce542-c59f-4340-8214-56b8a5c38e96,2025-12-21 13:30:51.075372,2026-07-28 21:03:00.809861
4263,4263,USPS,92a28072-abb5-4b2c-9e33-80d3e82060d8,2025-10-15 15:20:24.030593,2025-10-24 08:44:20.322398
4264,4264,UPS,6cf49b15-8fe2-4541-b56e-67ff1dc9f6f3,2025-08-13 23:19:19.929852,2026-05-12 06:22:15.904256
4265,4265,UPS,287067c1-4770-42fb-891b-f812b4089723,2026-07-25 00:45:13.086911,2026-08-04 14:46:28.696577
4266,4266,USPS,849b2cf1-0827-4ead-9117-e212ec52fa7c,2026-01-07 12:11:01.872380,2026-08-19 14:25:14.246125
4267,4267,Amazon Logistics,539d4808-b966-461c-80fe-21d3a8532801,2025-11-13 19:08:12.763906,2026-03-11 15:22:50.598071
4268,4268,FedEx,c1eb85f8-c179-4378-809a-8ebe87852992,2025-10-30 16:13:10.595685,2026-03-23 12:42:23.961372
4269,4269,UPS,3cead179-fbbb-427d-b249-7386031dead2,2026-05-26 03:33:31.646627,2026-07-27 18:59:32.062799
4270,4270,FedEx,7d8c2435-730c-4078-8fda-991a2611822f,2026-06-01 17:51:01.151963,2026-06-18 05:54:33.575978
4271,4271,USPS,457c0bae-b2c8-4b58-86b4-c1e6ba736c17,2026-04-03 07:21:55.943559,2026-04-13 07:13:41.358839
4272,4272,UPS,621f2e5d-6e8d-46b0-bdab-e81c6ba1df80,2025-09-09 22:25:05.963436,2025-12-31 01:54:38.360262
4273,4273,UPS,02177039-d749-406e-bee2-96e4f5e5ac3b,2025-08-15 12:39:46.885540,2026-07-30 05:34:56.280050
4274,4274,UPS,ce1b6a56-7290-48df-960d-43a23b6ac88f,2026-03-08 09:29:08.768015,2026-03-14 11:31:23.184866
4275,4275,USPS,b2d53577-ea11-46a5-9498-ab18906c84a0,2026-07-10 07:02:23.960827,2026-07-15 04:35:37.735973
4276,4276,USPS,70299112-8928-4a48-a74f-0600be735335,2026-05-03 18:00:13.090216,2026-05-22 04:40:14.755814
4277,4277,DHL,65be826a-4007-4722-b18a-ae5406cca76d,2026-04-22 08:25:10.930819,2026-06-26 12:36:45.651687
4278,4278,USPS,31f6bafa-7e62-4aff-8078-9f4a9e79474b,2026-02-01 03:52:43.430353,2026-05-05 19:25:10.559088
4279,4279,FedEx,69e3b2b8-f96e-4e2b-971b-d9c3107a62b9,2026-03-05 21:09:35.236864,2026-04-10 20:27:30.364476
4280,4280,FedEx,0e595c24-fb59-4418-974b-98367c2207d4,2025-11-01 08:43:21.041449,2026-05-02 09:43:47.360872
4281,4281,USPS,1aec68d1-ae22-4d90-b128-e79b9d44e263,2026-01-17 00:58:11.785933,2026-04-18 17:51:59.986594
4282,4282,Amazon Logistics,07045bfc-8954-4727-b949-3de9caa28a17,2026-02-12 19:30:25.175696,2026-08-05 19:55:40.974864
4283,4283,UPS,11a82530-4ea6-4c58-be10-5d3979d6ada0,2025-10-03 04:17:59.807155,2026-06-30 22:11:55.206655
4284,4284,DHL,6d334019-158e-411e-9384-17a1532e2662,2025-11-11 21:32:50.809060,2026-05-14 22:53:27.964131
4285,4285,Amazon Logistics,67cb82ad-4f46-457a-a7b8-d83ef0d784e3,2026-01-03 13:44:12.406484,2026-05-28 06:29:58.796273
4286,4286,UPS,4999d95e-7aa7-48ba-acfe-07ba0e628d01,2026-08-03 01:03:32.232976,2026-08-12 00:19:01.940232
4287,4287,UPS,9e932f27-384c-4150-acee-8bf1245db350,2026-05-21 00:50:44.121453,2026-07-26 18:18:07.689361
4288,4288,Amazon Logistics,3340c8ad-9b49-4fb6-92dc-a61f28b26fb2,2026-06-22 04:23:19.997257,2026-08-09 00:08:59.254337
4289,4289,Amazon Logistics,03ae7521-5cce-4400-a8dd-82478be08a6f,2026-05-05 21:08:37.415433,2026-05-11 06:14:18.594797
4290,4290,Amazon Logistics,64b5da3e-c1d9-4e43-82c1-c86c2077dae6,2026-01-02 14:12:13.846988,2026-02-21 17:11:37.912219
4291,4291,USPS,32aa4a4f-0db1-4289-a721-667ac4adac46,2026-05-11 18:45:55.918974,2026-06-30 07:46:47.956578
4292,4292,FedEx,2bba59df-a9e0-4da1-98a9-27c426f85831,2025-11-07 08:12:04.445708,2026-01-03 11:16:26.773179
4293,4293,UPS,a770e2ef-057f-4b36-8aa8-99dbac037d8d,2026-06-03 02:15:42.874095,2026-06-29 07:13:24.301382
4294,4294,UPS,ea330b4e-6f14-46f6-b4ce-f6344ffae6fb,2026-07-10 17:14:14.969362,2026-08-06 03:51:45.092227
4295,4295,USPS,e5137ed9-03ec-4840-a713-91ead1117d73,2026-01-21 22:38:45.919497,2026-01-28 16:27:53.002199
4296,4296,FedEx,a0a9856d-7cc5-4c03-8372-4652046388e9,2025-11-30 00:32:20.671791,2025-11-30 21:38:36.946019
4297,4297,USPS,63f4d6e1-f635-4935-9cc5-cf788528044f,2025-10-12 01:55:02.637630,2025-12-17 05:39:05.657253
4298,4298,FedEx,c8dabef4-06c2-4759-8d9a-6335d292fb45,2026-06-07 23:59:54.958872,2026-07-11 02:17:02.765176
4299,4299,USPS,94352a05-ce61-452a-9f06-4cf378bd54f8,2025-08-21 04:12:58.176594,2026-05-18 18:35:26.285559
4300,4300,FedEx,31a34251-b10c-4eba-b018-d80358f4e4c6,2026-07-14 06:16:36.094147,2026-08-16 11:40:30.333337
4301,4301,USPS,f7ecc06b-7b99-4088-a994-146bd4855e70,2026-01-27 05:39:20.888138,2026-04-08 11:01:49.811815
4302,4302,USPS,8586cb8f-2ea5-44bc-8f33-46c9706b622d,2025-11-24 20:30:47.160038,2026-08-06 00:59:09.166792
4303,4303,DHL,2b8b9e22-17d1-4eb4-83ad-0b1f004578e1,2026-06-14 01:22:53.365666,2026-08-12 06:33:58.100585
4304,4304,Amazon Logistics,39601762-464f-4807-a80a-a8288df80e8a,2026-06-13 17:50:40.171893,2026-07-15 09:40:00.945847
4305,4305,Amazon Logistics,6dab464a-e9f1-4b9a-8f42-4872018f8685,2026-05-15 05:26:42.491743,2026-05-20 08:55:32.320916
4306,4306,DHL,36288b83-7593-428b-a2af-75bafb471de9,2026-07-02 09:27:50.313798,2026-07-16 14:15:19.684470
4307,4307,UPS,f1fd253b-a2e9-4142-8497-7eb614725b39,2025-11-29 00:31:00.928032,2026-02-08 15:29:37.702167
4308,4308,FedEx,e24a8572-f250-40c3-8ad5-9003e1a977a5,2026-07-30 09:40:48.456528,2026-08-20 10:29:13.454805
4309,4309,FedEx,885871fa-3e43-4693-95de-31a9a1af2177,2026-05-18 07:21:19.251459,2026-07-06 03:48:52.658624
4310,4310,FedEx,93702799-2352-4dad-b896-ddd334aece4d,2026-02-24 15:36:43.127954,2026-08-01 01:17:55.707079
4311,4311,UPS,3493a4fe-9878-4601-ac36-73996f95a0a9,2025-10-23 00:38:20.523224,2026-04-09 14:14:50.530674
4312,4312,Amazon Logistics,e1915b29-f755-47a4-9b50-7bdd582b4c8b,2025-11-20 12:46:22.394090,2026-03-11 08:03:23.613348
4313,4313,USPS,f96e7485-0fc7-4021-8864-b663f90d1ca0,2025-08-20 12:38:06.634892,2025-09-27 01:55:28.856152
4314,4314,Amazon Logistics,91d962cd-fe15-446b-9888-a272cba7cf6a,2026-04-07 17:28:08.173961,2026-06-12 19:16:43.186921
4315,4315,Amazon Logistics,dbc28206-6c52-4015-8e08-370b269ac145,2026-01-18 15:05:23.288635,2026-08-07 12:15:22.789154
4316,4316,DHL,1c20fcfe-6be6-48ab-88b4-c5d775ca225b,2025-12-22 11:40:50.807922,2026-02-27 03:56:01.411379
4317,4317,DHL,a140f24b-080b-49b2-96fe-80d6feedfdef,2026-05-18 13:02:06.435055,2026-08-02 02:38:03.603849
4318,4318,Amazon Logistics,2c2a9291-fa08-47da-ad7a-7d42c5e4b07c,2026-07-01 17:57:36.587942,2026-07-21 18:25:46.654620
4319,4319,DHL,57f654c6-5adb-4cb7-8ef8-bd6de0fdc1d3,2025-10-29 05:43:50.496606,2026-07-01 03:07:17.435119
4320,4320,UPS,c5a5b197-5a00-4890-987e-2fdbcff02075,2026-04-15 23:32:14.992597,2026-05-18 14:35:35.640624
4321,4321,FedEx,5fa4c07e-46ff-4432-9741-a1f07890eaec,2025-11-06 06:02:25.133910,2026-03-19 07:14:55.362833
4322,4322,DHL,fe179fc3-f45c-4715-953e-2debb483275a,2026-01-04 13:38:28.670880,2026-03-24 08:35:12.553625
4323,4323,UPS,d98be99e-24b7-4cea-9a96-0ab777f10371,2026-06-23 03:50:51.395124,2026-06-29 04:36:06.784101
4324,4324,FedEx,53956acd-d5d2-423f-b61c-7c63379fccea,2026-01-06 06:33:25.637867,2026-03-20 13:32:45.068359
4325,4325,USPS,7a275117-86d9-4f56-b469-4371b2b03972,2026-05-03 20:54:54.457140,2026-05-12 03:01:32.472058
4326,4326,UPS,0d940c2b-121c-4712-aeee-4eec89dc882e,2025-12-28 05:27:03.698016,2026-06-02 14:01:51.534415
4327,4327,DHL,2ff227b7-897b-48af-924c-1a16e4ca5e54,2026-07-06 19:27:30.035787,2026-07-16 20:39:05.074971
4328,4328,UPS,77d9b32d-8e7e-46ea-9bac-8a41c26e6716,2025-08-24 20:49:53.851220,2026-02-15 10:36:44.375488
4329,4329,USPS,d8d63af6-1941-4819-a079-42631b59f0ca,2025-08-18 00:46:41.869032,2026-02-26 02:02:12.345244
4330,4330,FedEx,d70b0f10-e4fc-4720-941e-313c57ac611a,2026-03-30 17:39:59.960098,2026-07-03 14:32:02.274937
4331,4331,UPS,0ef2a358-8dbe-47d8-895f-d37a87960ae6,2025-10-07 00:04:39.049449,2026-06-28 20:01:52.566009
4332,4332,USPS,3317ab3c-8f35-4e6b-86f8-09c71f939b43,2025-08-23 19:50:05.632389,2026-08-20 17:56:34.204663
4333,4333,DHL,9ede1947-aa9b-4621-b330-b9467c1468c3,2026-03-15 06:54:49.228395,2026-03-29 10:46:25.823102
4334,4334,FedEx,b8c9ec83-e107-488c-bd0d-399054ab7ab2,2026-07-18 17:27:53.080337,2026-07-25 03:23:47.817390
4335,4335,Amazon Logistics,4c3c81d5-31e0-48c6-80ee-17e2e72afef3,2025-11-22 04:43:59.235204,2026-01-05 10:26:38.000427
4336,4336,Amazon Logistics,7e2f2ef4-2371-411a-b435-842256218d35,2026-05-12 09:13:23.703221,2026-05-14 17:06:37.272066
4337,4337,USPS,b3c08907-fe2d-40df-b64a-5ac8b7ed956b,2026-06-13 07:50:32.023872,2026-08-13 00:33:46.562103
4338,4338,UPS,1aeec236-bbec-4587-950f-81921ce7a04e,2026-02-02 07:47:05.916238,2026-06-30 08:07:42.251784
4339,4339,FedEx,35e6febf-2167-4a6b-a7c6-c12a358da1e0,2025-09-09 02:34:52.535653,2026-07-23 20:51:08.894804
4340,4340,USPS,6cdee7c7-4189-4ab3-ae21-3871cff7d0f6,2025-08-23 22:39:00.824241,2026-02-23 06:54:38.178600
4341,4341,FedEx,1c90e97b-4bda-4a34-a6a7-1b3b9732af56,2025-09-04 15:30:08.034997,2025-09-17 17:05:57.287907
4342,4342,USPS,48cc9368-fa9c-48de-91fa-bf98b14b80ba,2025-12-18 08:31:19.604730,2026-05-01 04:50:46.604267
4343,4343,USPS,7aa8ad50-2445-47ca-a826-c062eaee9850,2026-05-29 20:14:48.451406,2026-06-26 01:51:35.988929
4344,4344,UPS,cfae5fb6-d79a-406b-9e24-dbbc2a7acb1e,2026-05-12 18:04:31.325136,2026-06-29 01:09:18.608772
4345,4345,DHL,f1823262-0f09-4ffd-b873-6ceff0aea58e,2025-12-22 00:25:29.713129,2026-05-09 12:09:22.011076
4346,4346,Amazon Logistics,91914e1a-5afa-488f-9fae-3574c117da58,2025-09-19 14:51:00.643180,2026-02-08 23:38:46.661322
4347,4347,USPS,a82d6ad0-789e-47ed-9561-3f745089d132,2026-04-09 14:13:55.839172,2026-04-26 07:35:13.659849
4348,4348,DHL,4027d4a4-b592-4801-99bf-e6e3462f0d30,2026-01-21 19:41:57.818274,2026-06-17 09:40:23.423219
4349,4349,USPS,59e9b27e-b0d4-4158-9851-6da4d608c6ee,2025-12-13 22:00:19.418778,2026-06-26 07:40:33.249026
4350,4350,USPS,2f37b676-3977-4791-815a-5275ee18e76e,2025-09-10 16:15:21.003881,2026-07-23 04:34:18.549329
4351,4351,FedEx,d7bbd802-5672-4b72-9ca5-c390717bdea0,2026-05-24 22:54:57.988293,2026-07-28 14:32:32.781107
4352,4352,DHL,e58cdee2-6ad5-4457-820c-2073c668ff8d,2025-10-15 13:15:17.581443,2026-04-24 02:41:54.179727
4353,4353,UPS,d8a3e985-fa36-47de-a76e-95fa203fb71b,2025-09-25 23:18:20.513973,2025-10-07 14:05:39.906383
4354,4354,FedEx,7e8c8bef-af5e-4cc9-92a3-37ec78097d78,2026-07-04 19:16:35.890718,2026-08-18 22:21:45.303998
4355,4355,FedEx,a10b99c4-f90e-4a41-9dbd-a421ea019323,2025-11-03 20:00:36.933328,2026-06-19 05:12:40.340899
4356,4356,UPS,439d4c00-1034-4e05-b87f-0dae21785484,2026-05-18 18:26:15.654642,2026-07-02 02:16:20.298144
4357,4357,FedEx,ebe4ff92-d21c-4356-8a0f-32e6c9f65b42,2026-01-29 14:13:14.329476,2026-02-22 08:52:14.118589
4358,4358,DHL,7f883ad8-c1b8-4e06-aac1-6185de494171,2026-05-01 17:26:05.879224,2026-05-20 00:16:20.195544
4359,4359,UPS,bf8a98d4-afb8-4aae-8385-1c1a4372dae1,2026-04-13 20:41:43.616085,2026-06-06 08:59:05.456868
4360,4360,USPS,3fba12bd-3985-482e-a0ae-ddcf75de9049,2025-11-12 01:51:33.130794,2026-01-04 21:23:09.965125
4361,4361,DHL,885064f5-e4dc-4f01-a98c-2d038b4a2c6c,2025-09-19 09:11:11.050656,2026-01-25 03:20:27.631965
4362,4362,FedEx,da8da362-c4f3-4b84-918e-f1542d4ba585,2026-07-20 16:10:43.486518,2026-07-22 03:29:08.043754
4363,4363,DHL,ba2f83f1-d3bc-48dd-be55-52ff0394337f,2026-07-17 09:47:51.329615,2026-08-19 04:52:59.658168
4364,4364,FedEx,e5f9625c-8a50-49f6-85dc-a6ad535f2fe7,2026-07-27 06:36:46.162775,2026-08-05 23:20:57.783982
4365,4365,Amazon Logistics,9f07198e-c7f2-4ce5-baf5-865513540dc4,2025-11-23 11:17:46.284976,2026-05-14 19:18:09.193723
4366,4366,FedEx,e3ab3d96-7752-4bfb-957f-cb84f3d9ac0b,2026-03-01 13:58:30.084763,2026-04-27 15:17:49.629997
4367,4367,UPS,712f76dd-90ff-42c5-b2b8-300720df248b,2025-11-23 04:47:17.495118,2026-05-13 17:24:18.162666
4368,4368,Amazon Logistics,9ed07626-0ea9-4071-8ce5-d8fa092e85ba,2026-05-06 07:12:21.662600,2026-05-26 18:36:18.932751
4369,4369,USPS,09cf0baf-2861-4a0f-a74d-9be4fa04136f,2026-05-21 05:20:37.215474,2026-08-09 05:48:09.537525
4370,4370,Amazon Logistics,2dda3f18-f5b9-42da-8e11-37d45f021998,2026-07-26 19:40:55.223552,2026-08-12 05:09:52.832233
4371,4371,DHL,f278083c-73d4-4ce9-a279-49e62a06ce5c,2026-06-11 16:40:56.552643,2026-07-14 13:35:22.556516
4372,4372,Amazon Logistics,7b94e2bf-c5e5-4037-bf05-b56f67e5978d,2025-12-06 17:02:06.573989,2026-05-08 00:08:06.185404
4373,4373,FedEx,066f77e5-1530-45d5-8400-75d50bcee87d,2025-09-25 14:34:51.166348,2025-12-21 21:31:09.882721
4374,4374,UPS,e5be1071-191f-4e83-8d23-67a05761ad70,2025-10-29 05:26:22.384898,2026-01-21 06:34:50.603510
4375,4375,DHL,b521dbc9-daf3-4410-b787-3dbc2df0813e,2025-12-30 21:17:10.379835,2026-08-10 01:11:04.064234
4376,4376,FedEx,912bd697-6128-49c0-9bc3-5054348e2533,2025-10-12 20:32:11.695095,2026-05-29 17:48:26.644342
4377,4377,UPS,28958bd0-dce4-4bb9-b789-946e58302c2e,2026-06-10 00:11:41.806592,2026-07-05 16:21:44.544494
4378,4378,USPS,573be5ad-627e-4f90-a213-88cf17e8fd83,2025-12-12 17:05:17.826743,2026-05-11 11:19:29.650691
4379,4379,USPS,14c50efd-dbcd-44a3-b0c2-1a05e2047e30,2025-11-04 18:55:28.095330,2026-05-02 17:49:40.585211
4380,4380,Amazon Logistics,4a941b7e-35e2-4802-baf6-952dce38ede4,2025-11-03 18:40:26.287738,2026-07-25 11:16:42.664009
4381,4381,FedEx,9ef8503d-7348-4b62-a7f3-4484fe3d63be,2026-06-02 12:49:23.569452,2026-07-23 02:48:43.987739
4382,4382,Amazon Logistics,1e84463e-b6d6-40cc-9fad-fbde9593a07e,2026-02-02 10:09:14.232955,2026-03-24 14:26:54.994690
4383,4383,USPS,7f837650-dddb-477d-8408-cfdab1616790,2026-01-25 15:10:55.974346,2026-06-01 07:16:03.219823
4384,4384,FedEx,67a423d3-04eb-43a9-8cdb-d79e247b199d,2026-05-10 08:32:56.365441,2026-05-19 22:00:43.595099
4385,4385,DHL,c69c1d2a-e855-4794-8a21-37d3d0877831,2025-08-21 12:53:56.949758,2026-08-11 18:38:35.403734
4386,4386,FedEx,67f455d7-aafc-47c7-aaf7-42614efc2354,2025-09-27 07:36:00.872938,2026-02-09 10:15:28.627521
4387,4387,FedEx,7f7d6e08-884e-4487-ac6d-59c1969e8202,2026-08-13 07:33:50.398579,2026-08-16 00:43:43.790537
4388,4388,UPS,75eda28c-33ab-4b87-86d9-f719c55bdcda,2026-01-25 06:39:28.026957,2026-05-11 14:11:08.141849
4389,4389,USPS,99ec4411-9ec1-4637-b810-c1f9eda8136f,2025-11-06 19:51:54.052383,2026-08-02 03:18:46.442229
4390,4390,USPS,ee0890fa-a1f2-41b4-9307-13ba096cf770,2026-01-26 14:43:38.630078,2026-04-16 03:17:08.945326
4391,4391,Amazon Logistics,a00896a7-5b86-44a4-92c0-5f9a0a417476,2025-09-16 15:08:40.972352,2026-06-13 10:02:31.230861
4392,4392,FedEx,6c2e54dc-5eef-4b7c-b83e-75f8e4aa952b,2026-02-10 16:11:40.093979,2026-02-20 13:02:17.401790
4393,4393,DHL,dcce922f-c734-4ab3-880d-47fe2f02ae0e,2025-12-07 04:33:27.019260,2026-02-21 09:45:29.786556
4394,4394,FedEx,29232392-908c-4b05-8c3c-15159605f65d,2026-05-22 07:04:50.287273,2026-07-03 08:03:19.316510
4395,4395,DHL,645c5384-f29a-4a0c-8baf-8c2e3aa767c2,2026-08-02 04:36:02.605886,2026-08-18 14:33:10.401284
4396,4396,Amazon Logistics,6bfa8032-6d1c-49de-8abb-e1a6fa0d3178,2026-05-04 16:42:38.834361,2026-05-31 12:05:26.534376
4397,4397,FedEx,ac9dee76-0d0e-446b-9749-9906aaa9dd1d,2026-03-01 06:25:22.174064,2026-03-30 19:55:06.195484
4398,4398,Amazon Logistics,620d1e92-803a-4c13-b405-526ead378538,2026-02-14 03:11:38.291248,2026-03-06 21:29:07.154112
4399,4399,DHL,e894b902-91ab-42f3-92db-2e848bc24f14,2025-10-19 01:16:45.171138,2026-02-06 07:54:20.792029
4400,4400,Amazon Logistics,0c822948-0f17-4f19-bde9-d6596aed7632,2026-04-06 07:49:20.433983,2026-06-12 11:20:59.893033
4401,4401,DHL,8ce8e787-46c4-4c88-a46c-cd3a746cbd60,2026-01-27 16:41:48.180875,2026-05-20 13:53:33.665791
4402,4402,FedEx,67fb30b0-3c22-4f7b-918c-bb2843e9f353,2026-06-18 17:13:56.569649,2026-07-15 04:38:36.947286
4403,4403,DHL,8300ce73-2b85-4214-9724-7c5005492687,2025-10-18 10:25:13.134778,2026-07-15 15:29:54.611102
4404,4404,USPS,9fb0f56b-d9b2-460d-9ba6-109f3cd45f13,2025-11-19 07:15:56.448219,2026-07-03 09:45:17.304752
4405,4405,USPS,bdf9ff2b-229e-48a4-8665-ebca90985e84,2025-12-24 07:17:04.798801,2026-04-05 23:52:26.560714
4406,4406,USPS,b21b5743-ac9d-46df-b81c-e625f30df8fb,2026-04-11 12:49:21.535676,2026-05-16 18:50:50.046692
4407,4407,FedEx,b97f97b0-bfe3-423d-b048-53896e336269,2026-01-23 22:18:43.543418,2026-05-25 14:58:38.575659
4408,4408,UPS,ce6062a2-5b1e-4c02-bf23-2b433c0e1cff,2026-06-26 01:28:56.085534,2026-07-16 10:45:57.022411
4409,4409,DHL,72a3503c-3335-4bfb-abc9-a51cd72dd2a2,2025-11-15 19:36:05.725306,2025-11-28 17:10:37.368198
4410,4410,USPS,56da24e8-9183-4eb5-b79d-a67423905b45,2026-01-18 02:32:35.973404,2026-08-11 16:14:12.023386
4411,4411,Amazon Logistics,a47e80ae-6f44-45f9-ac6c-e67f61a08690,2025-12-31 21:11:09.231305,2026-04-21 18:10:09.264534
4412,4412,FedEx,9477f537-c987-4571-a7ed-240e3f4f0a6a,2025-08-24 17:45:49.432081,2026-02-20 21:11:55.018759
4413,4413,Amazon Logistics,eb65b186-c5a3-42b6-a827-d1b6cb3f2cae,2025-12-18 10:02:50.518796,2026-05-07 04:59:32.885638
4414,4414,UPS,837c1b63-7382-4ee9-a7d8-8d744f4e2e84,2025-10-24 08:40:00.608113,2026-01-08 14:08:14.949484
4415,4415,Amazon Logistics,ba1f4e06-669c-4ee5-bfc5-2b831bcd0f51,2025-11-19 02:17:29.678224,2026-06-07 12:02:47.269343
4416,4416,DHL,e06ac104-b99c-4558-b7ea-4f5354beb88e,2025-08-14 01:27:17.295497,2026-02-22 21:21:12.901850
4417,4417,USPS,d03243dd-deec-44fb-9ce4-1009fd60b1e9,2025-11-24 14:16:39.360524,2026-02-25 07:16:00.248978
4418,4418,FedEx,46acf201-21b6-4ae8-afdc-8a2342765ce6,2026-04-10 00:18:43.601453,2026-07-28 04:34:38.671450
4419,4419,USPS,5bb99073-dd67-43f7-8c82-737a00069ae9,2025-12-10 12:14:01.295283,2026-02-12 15:12:40.986029
4420,4420,FedEx,2a4e5791-9a14-4c41-90e9-f7e74aedc3aa,2026-01-23 20:22:41.203881,2026-03-31 02:33:31.590491
4421,4421,DHL,ab575905-d1d0-4680-8684-679d25e0f6f3,2026-04-27 20:06:57.557148,2026-05-31 06:53:07.471379
4422,4422,UPS,70bc31bd-00bb-4b7f-b4d5-b8cb3dc2ed40,2025-10-18 00:12:23.202669,2026-08-18 09:50:53.575424
4423,4423,FedEx,db1eca2e-4c5e-438a-96c0-c97ab4eb1fc0,2025-09-23 12:52:30.768849,2026-04-06 21:58:44.661131
4424,4424,FedEx,8c9d0bcd-0bd8-4d4d-b10f-9bb50b040e16,2025-08-20 17:14:28.862677,2025-12-10 19:17:50.909388
4425,4425,USPS,cd1938c3-e111-435e-bc42-03d6e4447463,2025-11-29 05:51:33.608924,2026-01-28 18:35:31.693503
4426,4426,USPS,337f4585-2bfa-41e2-88b5-c889624e3f27,2026-01-20 23:12:54.752599,2026-08-18 12:33:49.805491
4427,4427,UPS,b028abb7-1e0b-403c-9f92-57166725afce,2026-05-09 18:09:58.425621,2026-06-12 01:16:00.109696
4428,4428,USPS,8af90a71-2e5c-471c-ba7e-db264d761e25,2025-11-01 22:48:58.634681,2026-07-14 08:12:02.506180
4429,4429,UPS,cb8e600e-e888-4e66-8bd2-be2cfb7364b4,2026-03-21 12:36:38.004816,2026-06-21 04:32:45.895919
4430,4430,FedEx,4cea1520-bfba-45d5-aab4-88a7f56bbc50,2025-09-24 08:50:46.119147,2026-04-13 23:20:53.673002
4431,4431,FedEx,2a68d16b-496e-4e29-b46c-1dd855b20a80,2025-10-08 14:57:51.786449,2025-11-14 04:45:04.749703
4432,4432,UPS,00cdf304-3234-4d26-8d46-0f72f7ce06f2,2026-05-29 10:18:36.285193,2026-06-09 01:36:37.907701
4433,4433,Amazon Logistics,43f16494-2887-4a8b-80fc-014ae48c2ba5,2026-03-18 11:59:49.628229,2026-05-26 02:16:40.629005
4434,4434,FedEx,2521b449-eaf8-43e9-a31d-0e576b58a32f,2026-06-25 14:03:56.873803,2026-07-17 13:07:55.384061
4435,4435,DHL,02d49db8-5db3-42a2-8cdd-a3803a17d03b,2026-05-25 19:19:54.014295,2026-06-21 13:56:11.516764
4436,4436,Amazon Logistics,04798bd9-4313-4a94-9f3c-464278914c6a,2025-08-20 07:52:01.778143,2026-03-05 13:05:39.811122
4437,4437,FedEx,7258099e-d103-4eb9-ae3a-ad865534d3f8,2025-09-04 06:02:06.739844,2026-07-15 21:21:34.674223
4438,4438,DHL,54f29bb2-6994-4519-9af3-e490ebd6dcfd,2025-11-09 13:34:00.585207,2026-02-22 12:18:38.157602
4439,4439,UPS,e0e7c57f-f4f7-4bb1-a5d2-b6f4e778a6d6,2025-12-12 20:28:43.569954,2026-01-06 14:24:14.013706
4440,4440,USPS,2bba4caf-ae46-4f43-b3c6-31b40cd817e6,2026-02-20 13:55:49.788603,2026-05-06 08:08:58.209551
4441,4441,USPS,92e71868-3bb8-4031-9caa-174a38952b91,2026-01-16 02:14:33.879731,2026-05-27 01:51:31.075611
4442,4442,DHL,097bd695-8d1e-4ac7-a295-bf0228ea6bb2,2026-02-22 06:51:26.244349,2026-05-25 02:35:07.427966
4443,4443,Amazon Logistics,d002e073-dca5-4b8f-815d-f1d093ba05cb,2026-04-14 04:11:04.545792,2026-05-17 20:55:42.586747
4444,4444,UPS,9ed0960e-d29a-4650-b4ff-6b9ed2df287a,2026-01-12 06:09:43.879408,2026-07-13 02:39:23.121109
4445,4445,DHL,51ac12dd-35fe-4088-8685-6d895dfc62fe,2026-06-09 15:19:44.061284,2026-08-04 21:31:00.068405
4446,4446,UPS,24b36f9a-c02b-4368-b62c-c7e19eaad82d,2026-05-16 09:32:56.873152,2026-06-18 11:17:21.037365
4447,4447,Amazon Logistics,91edec79-9d32-4386-9ab4-8c4c78ce93a2,2026-01-10 09:54:10.184703,2026-01-21 08:00:52.206174
4448,4448,FedEx,bc9cc55a-e3d0-4264-92fc-235b9b3539f3,2025-10-01 05:34:10.466743,2026-03-10 04:36:30.544007
4449,4449,DHL,89d01be3-ec81-4913-8b38-971154b560b4,2026-06-29 13:41:34.965457,2026-08-13 22:52:20.484422
4450,4450,UPS,6572f1ff-74c7-4a25-99f7-c5f5f54f6208,2026-02-08 04:50:24.918579,2026-04-19 01:57:39.908359
4451,4451,DHL,2089440b-ba80-46f6-9567-9b0d1b7c8dbe,2026-04-30 11:45:08.879829,2026-07-28 23:50:48.612442
4452,4452,UPS,c8a4f4fb-2658-4c96-82a8-34016bdf113c,2026-01-15 04:59:55.364311,2026-04-29 19:12:18.283115
4453,4453,Amazon Logistics,f0607e3e-8723-4d87-825e-df95905e9f0d,2026-05-05 03:26:53.546635,2026-05-23 04:06:33.982913
4454,4454,Amazon Logistics,339dfe3e-8651-4b9b-8786-282d931144db,2026-04-07 10:58:46.741565,2026-07-18 23:10:18.088629
4455,4455,FedEx,f72bbc35-9b06-41b4-9463-9b2f980b28fa,2025-12-22 01:27:00.032325,2026-07-13 09:06:54.185615
4456,4456,FedEx,b84b595d-1ff5-40e0-951c-36ce6477f01a,2025-08-20 14:07:35.395976,2026-04-13 06:06:13.478575
4457,4457,Amazon Logistics,6fe295ea-4a48-498d-81a7-ad8156f8011d,2026-07-22 16:07:24.420841,2026-08-02 01:54:01.292583
4458,4458,Amazon Logistics,8c9f1375-e0fd-42c2-9f8c-3dac36b3e039,2025-10-22 11:06:20.280804,2026-02-13 18:44:53.591018
4459,4459,FedEx,d2f23177-a7b9-4925-9a1f-8554b7d70756,2025-11-04 06:12:19.763906,2026-05-01 18:09:20.280248
4460,4460,UPS,3c453a3f-263c-4d09-b0f6-f7c014778620,2025-12-29 22:57:30.863664,2026-03-02 17:56:58.312958
4461,4461,Amazon Logistics,acb557bd-7a51-4f2c-9bef-7c991b018791,2025-12-03 18:41:48.862107,2025-12-21 11:59:51.658276
4462,4462,DHL,d1879587-def9-4f33-9b8e-e9b9d08d701f,2025-12-05 05:10:58.280973,2026-02-21 01:04:50.729652
4463,4463,FedEx,2ef8e0e3-c30a-49e7-9eb8-1f73dec93099,2026-07-16 19:18:25.776097,2026-07-26 01:46:33.099106
4464,4464,FedEx,4e55fb32-2adb-46c2-a077-b46e2dd75561,2026-06-15 15:57:18.157233,2026-07-25 22:36:04.426560
4465,4465,UPS,85f6f291-ac3c-42cd-a418-188ecd2a850b,2026-05-02 05:10:25.227016,2026-07-01 04:48:03.994364
4466,4466,Amazon Logistics,2a2f5ef9-b9ff-495f-9288-2d8e4e9ddfa6,2026-05-12 05:45:26.977854,2026-07-19 19:10:47.000805
4467,4467,USPS,62921c52-69cf-4d35-9abf-3bce22cd9408,2025-08-19 11:01:29.457886,2026-07-22 11:05:22.888896
4468,4468,DHL,c70ac08b-ff78-4523-a1a7-378632ce698a,2025-12-08 07:20:29.659765,2026-07-18 06:47:57.006270
4469,4469,Amazon Logistics,b52ce796-ae7a-40fd-8a59-69efeb2c572f,2026-05-08 03:50:28.570178,2026-07-05 00:08:22.275954
4470,4470,FedEx,15d7ef72-477a-4ce6-bd45-2c647a6743f5,2026-05-28 00:21:50.532101,2026-07-29 02:04:58.847770
4471,4471,Amazon Logistics,a434c030-6940-4179-b496-69a43d818424,2026-03-14 07:01:04.491292,2026-03-20 02:28:09.831474
4472,4472,Amazon Logistics,98c27380-682a-4917-9468-d966ca5fd0ec,2026-06-09 02:23:24.044590,2026-08-17 22:21:19.731020
4473,4473,UPS,1ca60765-0f06-4db2-8ece-f0a6a85ac88c,2026-03-12 21:46:12.741808,2026-04-06 19:07:53.129852
4474,4474,UPS,9325e724-9f44-4ad0-b723-45bb642791fb,2025-11-23 04:44:44.791682,2026-07-01 17:20:24.293199
4475,4475,UPS,03d818dd-c8bc-4250-bcb8-6fea088680e0,2026-04-07 10:58:30.690065,2026-07-11 17:24:50.148912
4476,4476,Amazon Logistics,f996e56e-e759-4762-a6ca-96f4cf0d580d,2026-04-09 18:22:45.510033,2026-05-21 18:04:00.127886
4477,4477,UPS,c405eab0-c21f-4a96-80df-caf0b8d72256,2026-04-22 11:04:43.267478,2026-05-08 01:34:27.017345
4478,4478,UPS,41d91dca-bc31-4bc0-9c61-9990e6c46dc5,2026-03-30 19:31:34.168023,2026-04-13 16:00:15.043838
4479,4479,FedEx,adf7b8d1-93dc-4c1c-bf4c-46bebd19b80f,2026-03-02 16:59:46.321930,2026-07-21 18:25:13.002458
4480,4480,UPS,9bdde59c-98de-4176-98bc-7ea8f3c5a09e,2026-02-27 19:54:17.281736,2026-07-19 23:56:47.986290
4481,4481,UPS,d34bc1db-b288-48ac-8f8a-4befe321ab66,2025-11-10 09:56:50.403230,2026-01-10 11:45:01.050042
4482,4482,UPS,8443705a-5190-45aa-8d7b-20ec5477e18b,2025-08-29 13:25:57.320361,2026-06-10 02:28:45.814876
4483,4483,UPS,e6c98bf4-f79b-45cb-b937-9288fad7d135,2026-06-13 18:39:45.036323,2026-07-29 15:57:52.743206
4484,4484,FedEx,9840c4e0-4f5d-47cb-8a68-adb112b4f86e,2026-01-11 04:20:46.463418,2026-02-04 19:55:01.199105
4485,4485,Amazon Logistics,4ba3ed4e-d14c-4569-aa91-a17bdbd48761,2026-07-25 01:29:38.423656,2026-08-03 01:53:06.939058
4486,4486,FedEx,09181448-a025-4fb0-b731-c3958b9850e1,2025-08-28 07:40:32.987507,2026-03-13 11:20:17.825045
4487,4487,USPS,da7f023e-32c2-444c-a944-74727d523b2b,2025-10-29 23:57:56.509673,2025-12-15 14:52:33.888724
4488,4488,Amazon Logistics,6ecf4398-c54b-486e-a97c-4b7064fa7225,2025-10-30 20:48:39.014515,2026-05-06 07:09:09.223404
4489,4489,USPS,db2e150b-f15b-4ab4-b5c6-b91edddbd271,2025-10-17 05:51:04.239542,2026-07-03 03:31:56.032747
4490,4490,USPS,07ce7d98-814c-47f1-9383-1da91c738ea5,2026-05-19 03:37:48.840660,2026-07-02 07:53:25.672853
4491,4491,UPS,378527ab-b7df-43d3-b2cf-b9a919ca1043,2025-10-29 00:51:57.575556,2025-11-11 22:36:18.658029
4492,4492,UPS,920f6d60-cd08-4eaa-93a0-c9371c4ed701,2026-03-18 03:24:56.865780,2026-05-21 03:14:03.347032
4493,4493,FedEx,157d8e14-2f7c-4563-8681-0f970c30fa6d,2026-01-01 00:48:22.187284,2026-04-11 18:54:03.137820
4494,4494,DHL,d1bc21d8-45fb-4386-9591-fa8b361aa2a0,2026-02-21 15:24:46.718794,2026-06-22 03:23:42.272756
4495,4495,DHL,d3dda007-e1b7-4d3a-89b5-901203d91aab,2025-10-02 03:57:25.182345,2025-10-24 19:54:51.009174
4496,4496,FedEx,b9cfc017-1ae3-460f-9968-fcc4e6d4bc00,2026-07-30 00:58:27.480552,2026-08-20 01:23:51.935029
4497,4497,DHL,aa8bfb67-4545-4650-af50-f522159d3c28,2025-09-19 18:59:56.618954,2026-03-22 12:45:49.692226
4498,4498,DHL,01ef190c-0efc-4115-a3e8-e2146de628b5,2025-09-03 17:40:55.170731,2025-12-08 14:36:43.886845
4499,4499,Amazon Logistics,ee05db40-5259-44b7-ab85-1b30cb2e2e94,2026-06-26 07:30:11.831413,2026-08-18 06:38:25.710481
4500,4500,UPS,b063637a-779c-47c6-88f8-5b33196373f4,2025-11-07 21:22:09.688468,2026-06-12 11:46:21.217428
4501,4501,USPS,9a406177-ac36-4ea3-ad81-06f7e0b012f5,2026-04-09 05:25:46.198969,2026-07-09 00:35:51.983194
4502,4502,USPS,d5d6bab1-6eec-4c1d-a7c7-6c3c0de0f9c7,2026-05-07 00:49:21.223861,2026-06-01 17:44:03.711578
4503,4503,DHL,a1066d86-bed8-4774-9998-f68fda6b23c3,2026-02-25 15:17:38.097174,2026-05-02 10:36:10.859263
4504,4504,Amazon Logistics,7593d9a5-87b3-4847-a3c8-05b27d0ed95d,2025-09-14 08:48:09.537004,2026-05-29 14:30:52.805843
4505,4505,Amazon Logistics,a785e963-43e9-4655-a36d-e143ea7951d8,2025-09-13 03:48:36.175611,2026-07-31 17:17:55.714798
4506,4506,UPS,0f583f68-105c-40ec-96b7-9fd905af02cf,2025-09-13 12:49:24.283983,2026-08-07 05:10:35.089616
4507,4507,DHL,4c89ff6a-353d-4e2e-b491-3ab5c8b9702c,2025-09-03 23:12:06.749130,2025-11-28 21:48:18.316837
4508,4508,Amazon Logistics,c71ca0df-836b-4100-81d2-059d07ed70f1,2025-09-01 14:28:56.204722,2026-03-22 12:25:31.853164
4509,4509,UPS,6a64175c-cd70-494c-9968-e9eed12bf077,2025-11-12 10:26:33.312092,2026-05-07 01:36:09.001530
4510,4510,Amazon Logistics,4b734ce1-2d43-45f1-ab08-bcf7d6b285c0,2026-07-10 02:51:30.023348,2026-08-05 12:15:27.210981
4511,4511,UPS,8b323a5e-8208-4eda-962a-71d67850a11b,2025-08-17 03:07:13.784972,2026-02-18 04:34:11.566247
4512,4512,USPS,1f3ac8a5-d2de-4de6-a6c5-60faf6f7e6e7,2025-10-30 17:50:11.590992,2025-12-21 03:15:25.210447
4513,4513,UPS,11c2eeac-90ad-4846-ba15-49b08edb8a36,2026-07-16 17:54:32.188212,2026-08-08 04:20:36.355326
4514,4514,DHL,1047cd81-2582-45d1-91a9-8036a3dc2edf,2025-09-28 12:09:00.389286,2026-03-16 19:23:25.442673
4515,4515,FedEx,a71fa04d-6e42-4675-a8cc-d0e5b93f7ce2,2026-01-05 02:31:37.587965,2026-06-17 22:01:13.368722
4516,4516,USPS,61bba9eb-8517-449b-9a75-962292415b45,2026-03-30 04:51:56.595981,2026-04-26 17:43:58.182726
4517,4517,USPS,c85abdee-76c7-417e-b9a8-f038b5a8f085,2026-04-04 13:25:46.823442,2026-06-17 06:17:40.053608
4518,4518,Amazon Logistics,86285ccd-39dc-47f6-b89b-e2aff3e18343,2026-07-03 07:44:35.612390,2026-08-14 03:53:00.955238
4519,4519,FedEx,5f774c59-8ae1-4a32-bf23-dc94bcf06459,2026-03-21 17:09:26.510484,2026-04-12 12:23:34.821871
4520,4520,Amazon Logistics,cedeaadf-9e73-46e5-8314-1819812ae6fe,2026-07-03 05:36:07.837385,2026-07-23 18:33:55.496189
4521,4521,Amazon Logistics,076fe99d-684f-4d55-893e-a45b1bbd9550,2025-11-29 14:28:56.590457,2026-01-26 05:52:57.879379
4522,4522,FedEx,0d7708a8-f633-4ccd-a20a-3c780f6f72b2,2026-01-13 21:51:35.956280,2026-03-02 15:23:22.355558
4523,4523,UPS,7020684f-7979-47bf-a5c0-e0ee50aeecfc,2026-01-30 22:36:08.040452,2026-04-28 02:22:42.097773
4524,4524,Amazon Logistics,29ca1cce-27ec-4e37-a612-0b1677f0856c,2025-12-16 00:16:26.091491,2026-07-30 15:37:36.904247
4525,4525,USPS,6ffb164f-2c7c-469b-bb9f-a17466951c34,2025-09-08 08:47:02.398058,2025-09-27 13:39:42.527055
4526,4526,DHL,bb3b398e-c26f-4c98-9faf-ce80dc43119e,2026-03-10 17:27:58.918510,2026-06-22 07:04:27.003242
4527,4527,DHL,c33dc33c-95d1-4062-b5c2-3f1685a3a5b3,2026-08-11 21:23:42.509625,2026-08-15 15:35:33.780360
4528,4528,Amazon Logistics,721d867e-5065-456b-b8ba-61e1711b2cd8,2026-02-06 16:10:02.227521,2026-05-22 06:37:04.519204
4529,4529,USPS,5edaaf07-c834-4e80-951d-848c2c64124b,2026-04-19 11:33:37.923644,2026-05-16 03:38:16.047780
4530,4530,Amazon Logistics,f6832eb3-33ed-48bd-a38c-eb0c3de98a71,2026-02-26 09:57:55.074860,2026-08-11 14:59:14.046703
4531,4531,FedEx,0e8b39eb-7b66-4ee2-9cc8-3c16a1d2c597,2025-12-05 22:08:40.561857,2026-05-17 13:56:24.417689
4532,4532,UPS,31168c68-62ca-45f1-a0bc-bada89a23d91,2025-12-19 11:54:15.451446,2026-03-10 17:38:00.317010
4533,4533,Amazon Logistics,95a93baa-764c-4140-b27c-a0804f0365f9,2025-08-22 05:21:53.661006,2025-11-19 14:46:29.306277
4534,4534,USPS,6f307f24-0659-4fcf-8648-acff202dfaf9,2026-08-07 00:54:50.548061,2026-08-20 05:05:54.660872
4535,4535,USPS,37f60a6d-1de1-4c3e-9f40-b6321c96aad0,2025-10-29 01:04:38.646550,2025-11-09 07:55:06.596173
4536,4536,DHL,5e2a6d8a-3890-4401-b10b-045c46accdfa,2026-02-13 09:35:56.929306,2026-06-06 20:12:54.894851
4537,4537,FedEx,cbf68520-924c-4fd1-8521-d04eb13c20e2,2026-04-21 20:21:30.522824,2026-05-29 10:37:52.341581
4538,4538,USPS,db59ffbb-6a06-4b0c-8782-d2e7313ebadb,2025-08-20 15:09:04.473406,2025-10-26 20:33:51.268711
4539,4539,FedEx,b8ab1b12-52cf-43ad-8861-5e77f2963d00,2026-02-24 10:32:14.143860,2026-03-25 02:51:05.899100
4540,4540,Amazon Logistics,9030b476-1d4c-4976-91da-b41388a3072c,2026-07-14 12:33:56.305422,2026-07-30 03:53:07.571765
4541,4541,DHL,ca8263f2-2503-44fa-b6d0-bfa36dc2f965,2026-05-18 00:35:33.931986,2026-05-26 05:16:00.615086
4542,4542,DHL,9f8826bd-9051-472f-964f-1d764ac8769f,2025-10-08 00:23:03.220423,2026-07-14 07:40:44.436641
4543,4543,USPS,221e9c08-63dd-49fd-8074-32a2932000d4,2025-12-08 06:48:19.205229,2026-01-19 19:28:23.701620
4544,4544,DHL,05c13799-bdbb-48d0-a8cc-260675d5dedf,2026-04-16 20:21:36.444332,2026-04-22 11:48:29.015961
4545,4545,UPS,0981dbb3-bd9a-43f1-b1dc-a722d9d524a5,2026-06-30 16:37:59.280886,2026-08-05 05:44:43.382359
4546,4546,FedEx,1dc4fffb-e3ff-4ab9-be74-2a2e3a3e7dfb,2026-05-28 18:16:16.797318,2026-07-05 15:41:01.947783
4547,4547,FedEx,107d5660-838d-4c84-a8e5-b676bcdf9b89,2025-11-06 14:57:38.371871,2026-05-09 18:06:43.897304
4548,4548,Amazon Logistics,13db7287-c0e5-4798-aac9-5e802ecc7fcf,2025-09-14 02:51:44.007237,2026-07-07 01:33:42.832921
4549,4549,Amazon Logistics,843ffce9-d2a0-44db-83e3-5cf10053078e,2026-06-11 17:06:50.103942,2026-06-21 16:26:44.463216
4550,4550,UPS,96bc331d-dc72-4cda-86eb-6387d44827ca,2026-03-11 04:27:37.819132,2026-04-17 18:33:50.939796
4551,4551,Amazon Logistics,ecb4faf8-4916-4fe8-b127-ac337cf0bec3,2026-01-12 05:52:02.108705,2026-08-17 23:04:37.738126
4552,4552,USPS,952ef237-0a1a-4181-b4c5-e1df9ff2e064,2025-11-27 04:05:47.878518,2026-07-24 01:23:57.735770
4553,4553,UPS,d44cb7d1-2831-4ed2-9e9a-d51be3da69c2,2026-06-13 07:33:47.167571,2026-08-16 15:36:38.593431
4554,4554,USPS,dd1c4f7a-d5d2-405c-ac5a-b6da52cd3b95,2026-06-20 10:32:14.389766,2026-06-25 02:42:46.922963
4555,4555,Amazon Logistics,58a5cd33-e130-4212-96d8-e385bdf6ea18,2026-07-13 15:58:55.103896,2026-07-30 06:19:00.044775
4556,4556,Amazon Logistics,c627ab2a-6fe9-4a47-a693-6d52ba26869f,2026-04-22 21:09:47.083417,2026-08-20 21:30:33.888839
4557,4557,UPS,dd2ceff9-de58-4029-a9f0-d8bc9a6a3e31,2026-08-11 20:28:16.762216,2026-08-19 19:07:38.267937
4558,4558,Amazon Logistics,b4efc95c-051c-41f9-97a1-bc15a79b5890,2025-10-09 20:55:29.665430,2026-05-01 07:02:16.752539
4559,4559,FedEx,728b7f25-ba8b-45c6-b37b-b53b08912b7b,2026-08-06 13:04:16.124644,2026-08-18 23:36:14.719612
4560,4560,FedEx,5e311852-a918-4e47-b623-39877586ea36,2025-08-17 02:09:37.740589,2026-03-13 05:04:19.458397
4561,4561,UPS,41e17a99-da62-4f57-9581-4794e8bd8d40,2026-04-12 22:35:35.111555,2026-07-04 20:51:10.547885
4562,4562,DHL,42fe1fac-e9e4-4f59-aa64-fb6707547304,2025-09-15 10:37:50.129628,2025-10-19 07:30:55.759626
4563,4563,Amazon Logistics,6e6091e3-9143-4726-a797-3a00e124aeaa,2025-12-08 01:56:45.086405,2025-12-13 22:40:40.812081
4564,4564,Amazon Logistics,b6d7af97-c2a6-4d43-bdce-bbd85c0ae016,2026-04-11 21:36:44.234201,2026-05-28 23:04:49.749671
4565,4565,USPS,c2226700-768a-4e22-bc14-5a715279bbc0,2026-04-25 07:47:46.114860,2026-06-27 16:34:40.647400
4566,4566,DHL,21bcf722-533e-4c73-ab0b-07fd65c8d913,2026-04-19 13:03:35.657200,2026-07-01 20:09:29.317499
4567,4567,USPS,26508030-fbc2-4814-851d-f736c0878943,2026-03-17 20:20:19.070023,2026-06-19 16:54:52.634557
4568,4568,Amazon Logistics,8e4956d6-724c-43c0-9529-5236652f9cd7,2026-08-06 17:43:06.273291,2026-08-20 20:36:30.687064
4569,4569,USPS,7ef86f1c-d60c-4f9f-9759-64e7315f2d5c,2026-07-27 13:22:24.356183,2026-08-18 04:19:19.692228
4570,4570,FedEx,e485af5e-291b-4332-a300-e517c7faff9c,2025-08-26 03:07:48.570747,2025-09-03 05:59:13.802319
4571,4571,UPS,770e798a-36c0-4c73-90b4-05bd249ee10f,2026-02-16 04:22:29.825037,2026-03-07 06:14:52.149021
4572,4572,USPS,d1eb5ef1-c8cc-402d-ac32-1a8877c961f8,2026-07-16 08:52:14.254439,2026-07-23 13:02:00.913887
4573,4573,USPS,a8494c7f-9306-44e4-8ecf-5de245f4c3de,2025-12-15 09:23:56.483567,2026-01-21 20:34:35.614668
4574,4574,USPS,c98eda72-cd71-411b-9a32-af3354bcfd61,2025-10-26 16:45:35.599044,2026-01-29 16:12:42.082136
4575,4575,USPS,dfd16817-f249-47b3-a5a6-43e064a3f9cb,2026-07-09 17:03:13.471609,2026-08-01 17:09:32.308716
4576,4576,FedEx,5d72dbe1-34a9-4e3b-9310-0d49163d47b4,2025-12-16 11:58:41.311100,2026-07-30 14:19:42.352869
4577,4577,FedEx,9d086c96-b4fd-4bd6-935b-234a07c2837d,2026-07-14 22:50:07.959882,2026-07-19 03:10:48.686470
4578,4578,UPS,a4d6b805-7f75-4114-8ae4-06d2ab26fd7b,2025-08-19 18:11:57.804310,2025-10-08 17:59:39.917195
4579,4579,USPS,6a542c9d-f36a-453a-be18-d5c4c35eac75,2026-02-13 15:38:30.951733,2026-06-25 20:24:44.730165
4580,4580,DHL,8cc209be-c131-485a-b322-e6fcac372222,2025-08-14 14:59:11.504558,2025-09-28 08:18:36.565461
4581,4581,DHL,b125c401-7156-4a39-8532-7fd599c74e9f,2025-10-03 12:35:14.153129,2026-02-17 20:34:31.133552
4582,4582,DHL,92497d11-a4c0-431d-98e2-fadf73b111e6,2026-01-30 19:05:06.196552,2026-08-04 13:58:45.148187
4583,4583,UPS,c160b0dd-6eb9-410d-bac8-bb3d4997066d,2026-06-16 16:14:54.159907,2026-06-28 13:46:07.394140
4584,4584,Amazon Logistics,da617ff9-4c59-40dd-9773-5d3c4cd80822,2025-10-08 07:02:42.050812,2026-07-28 15:43:48.063181
4585,4585,UPS,058585d4-a99b-4c67-86f8-5b95049c9c0d,2025-09-29 16:22:26.307160,2026-03-17 21:06:40.440649
4586,4586,DHL,224b6009-5677-4b3d-8b57-174f5e8df7c9,2026-05-02 20:11:13.105741,2026-07-27 07:05:54.123146
4587,4587,USPS,a6269ae0-7746-4c1c-a3bd-9a699cffa265,2025-11-26 10:56:04.519297,2026-03-13 07:07:28.809570
4588,4588,FedEx,4bab754b-37da-4595-8d69-32b743c71cc9,2025-11-07 07:05:02.301464,2026-01-01 21:11:13.737865
4589,4589,UPS,58f314eb-6af2-4565-9aa0-407b1f6e801f,2026-02-24 21:55:16.313104,2026-05-11 11:19:37.324976
4590,4590,FedEx,10fa9f7d-b9fb-447f-bcee-4e9b067e6fdd,2025-11-20 10:53:20.483490,2026-07-27 10:11:03.908565
4591,4591,USPS,c9deb55e-957b-4382-9088-1c4dc0de15b0,2026-03-29 15:35:07.826551,2026-07-22 10:32:11.651302
4592,4592,UPS,0ff53a8a-6794-47f7-be02-0fc86536e532,2025-10-26 21:55:12.089434,2026-07-27 08:05:59.820250
4593,4593,DHL,d07ab6eb-24d3-4dce-8367-1136fe564783,2026-03-18 01:45:25.900314,2026-05-29 01:04:52.236681
4594,4594,UPS,6f06c9c0-6cb6-4672-8726-fb1aa4b3811c,2025-12-22 08:48:08.477439,2026-01-26 05:12:01.676452
4595,4595,DHL,51eb0145-b858-4dcf-bf63-c9e46f110fa3,2026-01-04 09:35:11.929663,2026-03-08 04:28:33.971611
4596,4596,Amazon Logistics,4125e72d-f648-4ab9-81e2-5e149693ccc7,2025-10-10 14:06:10.369582,2025-10-18 20:37:10.702995
4597,4597,Amazon Logistics,cb9966e7-f9ad-4cc9-85f4-7c1353002ddf,2026-07-15 14:11:07.706727,2026-07-16 18:12:49.647669
4598,4598,DHL,16c368c3-0d3e-49ee-a55b-e3bb683729d7,2026-07-17 09:00:53.204427,2026-07-26 23:39:29.971067
4599,4599,USPS,21a0aa4b-e7df-49f0-bb29-224d8f057fd3,2026-05-19 21:26:07.401619,2026-07-09 01:14:34.139262
4600,4600,Amazon Logistics,6126b828-0e14-4687-8882-4c88f984b732,2026-05-28 04:45:09.960993,2026-08-16 02:23:07.006929
4601,4601,UPS,dcc44d30-d14d-4b6e-a91d-25e7e7f95f1d,2025-10-08 11:52:21.679037,2026-06-04 16:46:33.200809
4602,4602,USPS,8ab22915-7479-4f67-be7e-27051ddcd738,2025-12-20 06:58:07.459893,2026-03-19 00:59:26.481172
4603,4603,UPS,2ae384ee-00b6-4c63-9596-9fef411c919e,2026-07-21 22:51:21.712826,2026-07-31 23:49:16.696013
4604,4604,Amazon Logistics,e5a805d8-f0a7-48af-bc92-c4e4071836a8,2025-08-21 01:24:15.994380,2026-08-07 16:09:21.035047
4605,4605,DHL,38e283eb-3923-406b-92d2-9e80419336c4,2026-07-05 11:17:35.185364,2026-07-31 10:56:58.037974
4606,4606,FedEx,43147ad7-7941-464e-8f38-44208372958e,2026-05-24 13:00:14.113313,2026-05-26 07:44:27.126101
4607,4607,UPS,49637a33-9020-4c3c-aa34-5e158ce57747,2025-10-04 01:05:45.382772,2025-11-17 21:48:49.381774
4608,4608,UPS,1c9c7eb9-3472-459b-acf3-f6f0f5d61a35,2026-01-04 08:03:00.680552,2026-02-28 23:42:06.573340
4609,4609,FedEx,2b68f7ab-01b6-4f07-9e04-1fd9d1e16805,2026-06-09 20:42:20.289294,2026-07-11 00:59:03.603330
4610,4610,FedEx,be47515e-9368-45ff-9312-9990a6a65c30,2026-03-13 16:56:55.426814,2026-08-01 16:02:00.394350
4611,4611,DHL,349ddb61-6f87-4c7b-93dc-9adcad4b4a2a,2026-05-30 20:41:36.159261,2026-06-21 13:47:18.386367
4612,4612,USPS,34eb783f-f762-4429-94a3-5788579bb416,2025-11-03 05:24:39.799920,2026-04-22 04:16:43.566656
4613,4613,UPS,3c4d603c-3038-46db-b090-6703617c8ee1,2026-01-17 23:36:59.545448,2026-07-04 02:06:40.627496
4614,4614,UPS,f8dad1fc-f525-4d49-97fc-d61091935a44,2026-07-08 22:41:12.141217,2026-07-28 09:42:55.036747
4615,4615,FedEx,aaab6695-448d-4bdf-8345-de00f8d68ed0,2026-02-11 05:30:47.721363,2026-05-19 12:38:44.631614
4616,4616,Amazon Logistics,bb03b966-53ba-4bf0-ba23-9ee9acb3038d,2025-11-04 04:29:13.397381,2026-02-23 03:25:52.438636
4617,4617,Amazon Logistics,88b40dca-24a9-4a77-8a2d-6071a4197e69,2025-09-17 07:13:57.671448,2026-05-12 06:40:54.818626
4618,4618,DHL,54463462-0314-4d27-96e6-188c95b34ae9,2026-06-09 11:39:42.774721,2026-07-28 15:23:00.565151
4619,4619,USPS,ba10b5a9-9e71-4e31-a9d2-d33d8d09740b,2025-10-27 20:27:17.154791,2026-03-21 06:27:20.333791
4620,4620,DHL,f7f73c28-8a7e-4618-8b82-1292e0dc325c,2026-06-02 03:55:50.390651,2026-07-07 13:09:55.717388
4621,4621,Amazon Logistics,3002efe7-e98a-4979-851f-b69e17943a7f,2025-11-20 12:34:12.205612,2025-12-23 13:09:22.901663
4622,4622,Amazon Logistics,66edd69a-6b15-4b98-b354-59085dcd1696,2025-10-19 03:13:35.417732,2026-02-02 22:38:27.408006
4623,4623,FedEx,ee6520cd-8e63-40fb-a7e3-2f6c94aa4ea3,2025-12-07 05:44:13.989240,2026-05-25 12:33:02.482980
4624,4624,DHL,70198cfd-0667-41ef-8c05-687a3d534d66,2025-09-05 20:51:59.057129,2026-02-26 10:57:33.599003
4625,4625,USPS,b7c4670e-3c5c-4adc-81a8-ab14325ac3d9,2025-11-24 14:05:06.400959,2026-07-26 08:38:12.487534
4626,4626,Amazon Logistics,0fd28514-fd4e-4bf5-aad8-5f18ac32615e,2026-04-21 19:44:58.576394,2026-07-13 03:11:35.127877
4627,4627,DHL,b1f152f0-17e0-4582-8e60-5c88309d0114,2026-07-19 20:45:18.428285,2026-07-24 20:19:33.772439
4628,4628,UPS,58139133-6e61-44db-9444-e634b61bfc0f,2025-12-27 01:28:31.562821,2026-02-07 12:35:41.685323
4629,4629,DHL,fb1d2161-1ff4-4bc5-b8d0-d0e52a4c4931,2026-08-02 19:57:17.829384,2026-08-20 04:57:39.069847
4630,4630,UPS,1e614c6f-c18b-41be-805b-97a06915ebe4,2026-02-27 18:54:02.602157,2026-07-31 06:12:05.731075
4631,4631,Amazon Logistics,edfbb774-c659-41b8-a884-8ab719742dc1,2026-04-03 10:39:54.069389,2026-04-05 19:14:22.644731
4632,4632,FedEx,091a8a4d-0332-416d-975a-bdd7c90d822b,2026-01-29 13:19:51.383335,2026-04-02 21:55:55.110549
4633,4633,Amazon Logistics,ff9e792c-5443-4731-8483-43b52dd8518a,2026-06-19 06:05:20.550880,2026-08-15 00:13:45.484221
4634,4634,DHL,105faf42-5498-415c-ab41-6b8fe4ed6105,2026-02-19 07:55:06.365403,2026-07-31 05:29:44.802363
4635,4635,USPS,51599ea3-8445-4a60-9d3e-f394b91a5f95,2026-01-01 14:34:02.365214,2026-06-18 08:34:23.130810
4636,4636,Amazon Logistics,2e2cc04d-3282-4b23-9620-127a85a08831,2025-11-03 02:17:31.139728,2026-06-23 03:36:31.300293
4637,4637,DHL,209ad799-d316-42a1-b4d7-cbd9a9562a40,2026-06-15 09:25:47.278813,2026-06-17 07:15:53.461736
4638,4638,FedEx,03949692-26a4-4208-8d19-94b86a20df73,2025-11-18 19:06:46.834347,2026-03-01 21:05:27.100652
4639,4639,FedEx,c5ca59fa-e64c-4626-867a-0e68ff8cd6e5,2025-08-18 09:05:12.587696,2026-07-06 07:05:34.275877
4640,4640,DHL,99e70186-e21a-4d77-a8fb-154e13648299,2026-03-19 07:09:19.726578,2026-07-17 10:21:07.354300
4641,4641,FedEx,e9eb54ba-356a-422b-8e03-f0418ed1609c,2025-08-23 20:21:24.278318,2026-06-19 11:17:24.087669
4642,4642,FedEx,64d3b698-3cc3-4a9b-a500-3976180782ce,2025-09-04 03:28:45.583826,2026-03-23 01:52:54.090300
4643,4643,Amazon Logistics,36158e6c-825a-4532-a9dc-e049042bb938,2026-02-12 12:11:52.812727,2026-05-25 21:32:35.273797
4644,4644,Amazon Logistics,191af0d0-2790-4271-9a01-1d6e4f90b366,2025-12-23 07:22:35.756305,2026-06-02 19:35:43.443568
4645,4645,Amazon Logistics,518157bc-8888-4967-80f3-05894dfe32a4,2025-10-24 00:10:06.277384,2026-04-16 04:30:01.413587
4646,4646,Amazon Logistics,34a9d728-f058-4372-9ab0-d5ec6e91c995,2025-09-16 14:44:35.069401,2026-08-15 06:22:19.797519
4647,4647,DHL,f9d1c952-46e7-4365-b6cf-f2cf80b6f0ec,2026-03-26 10:34:10.102489,2026-05-04 12:50:47.646814
4648,4648,USPS,1652ebf4-593b-488c-b4ed-f2aece838f06,2026-03-02 12:05:44.235655,2026-08-03 13:41:17.526429
4649,4649,DHL,bf1d4247-029f-49ee-9b56-43fd7e78abc7,2026-01-31 07:35:11.113524,2026-05-07 19:59:10.427712
4650,4650,UPS,17bb0ab3-e52d-415c-91f0-848d58c1783d,2026-03-20 19:14:48.654750,2026-06-17 10:02:26.891039
4651,4651,USPS,ee87b090-5059-456e-8258-50e228a357af,2026-02-09 03:19:52.415729,2026-03-29 23:39:10.684194
4652,4652,USPS,bcaa877b-3c6e-4d1d-97b7-4b4bd0aad653,2026-06-01 22:41:32.572473,2026-06-23 06:39:04.226434
4653,4653,UPS,aae485a3-6b48-4585-8d06-353d1b13440f,2026-05-29 09:45:17.479974,2026-06-14 11:37:28.504958
4654,4654,DHL,f8f93541-7f6a-4718-a302-c258988f392b,2026-07-31 03:36:18.679805,2026-08-17 14:52:48.827116
4655,4655,USPS,930943aa-03d4-48c8-9172-113f8788376b,2025-11-19 02:50:58.585644,2025-12-22 21:29:29.213699
4656,4656,FedEx,36ccf0f3-b33c-4891-8b68-e668c6a23a4e,2025-11-14 06:50:37.930935,2026-04-11 04:10:17.502465
4657,4657,USPS,6317693d-d712-48e8-922b-afd6be45b81c,2026-07-04 15:52:38.661541,2026-08-14 07:49:25.825364
4658,4658,FedEx,d33df98c-526b-4b79-a4f0-2f61ee8c3577,2026-01-25 18:26:50.004694,2026-06-05 09:15:42.514192
4659,4659,FedEx,823fe84e-370d-468d-9ecf-4d5b76aa624e,2026-06-20 17:18:21.067871,2026-07-26 18:28:47.013053
4660,4660,Amazon Logistics,85287023-2c69-4243-a76c-b3d4c4f8d197,2026-04-14 00:57:54.451004,2026-07-30 11:49:07.174402
4661,4661,USPS,889cd93b-4b34-459a-bf01-2cffcfd40455,2026-01-12 10:13:27.001668,2026-06-06 00:17:47.782457
4662,4662,FedEx,c5f26259-d32a-47e0-990d-cd5b45dd82e7,2025-09-28 05:02:51.605357,2026-05-02 00:03:08.090754
4663,4663,UPS,74864cf6-3fff-4911-9179-9eba07e987f8,2026-01-30 08:29:59.026773,2026-02-02 02:27:08.058281
4664,4664,DHL,7c6d4e30-ce5c-4dbd-9b05-79ecebb0f0e7,2025-11-05 21:55:22.135729,2026-02-16 04:58:54.555084
4665,4665,FedEx,f7985ecb-f976-4ff7-a8e3-65be92b4a5e7,2025-12-04 04:18:34.022997,2026-05-01 05:16:06.055542
4666,4666,Amazon Logistics,7fc8de2f-6c57-48f0-ad62-cd2bd40ed4a8,2026-01-16 08:47:16.173398,2026-04-28 04:45:39.350568
4667,4667,DHL,221f1c8e-ffe9-4e43-b3d6-f61ed78912b5,2026-01-28 21:49:59.953647,2026-05-01 04:39:26.788110
4668,4668,Amazon Logistics,b9c9a798-1a0f-4b2a-ab2e-cb3e31bebd65,2026-06-05 16:48:37.527517,2026-08-14 19:40:20.295349
4669,4669,UPS,f25df167-93bd-44e8-94ea-c36cc7a76a23,2025-12-13 20:17:52.739556,2026-03-10 19:39:44.032846
4670,4670,FedEx,99a75bda-b935-41ab-9ce4-12967b79d2aa,2026-02-01 00:23:24.779017,2026-04-02 01:23:09.111554
4671,4671,FedEx,a19eabf6-7a5a-467a-9bcd-2a5bf41f8f17,2025-10-23 12:25:46.733889,2026-03-06 01:09:31.604603
4672,4672,USPS,b92cc47a-ddb3-4488-b648-b8a5cbb60482,2026-08-09 00:51:07.813885,2026-08-09 11:02:44.663473
4673,4673,UPS,ee065169-bf2c-440b-9595-2d908ab7bfa0,2026-05-18 08:13:16.669380,2026-08-19 19:45:44.025274
4674,4674,FedEx,7b0f876e-bb2f-49d8-a3ca-0d2d3272acc8,2026-06-25 14:13:48.711825,2026-08-18 08:15:28.716296
4675,4675,USPS,d3968431-19bb-412c-8af0-1a83ba6877f7,2026-03-14 02:49:23.273147,2026-05-26 04:54:42.446587
4676,4676,Amazon Logistics,5d84888a-72d8-4013-9347-08a62cbdd0b5,2025-10-17 15:24:48.004444,2026-01-28 12:42:45.487956
4677,4677,USPS,4690d14c-d063-442c-9096-daa89719cf3d,2025-08-18 02:12:10.009508,2026-02-28 19:52:05.801699
4678,4678,UPS,3b20e08e-1480-4dc9-a442-9a2afd3c0789,2025-09-25 08:35:56.952325,2026-06-22 21:16:16.664519
4679,4679,USPS,86b73df3-0727-4301-a1d3-75c959c12c3c,2025-11-22 09:09:48.677468,2025-11-27 18:34:15.085476
4680,4680,Amazon Logistics,93c9e2ba-98f5-46de-ab13-c276edf0b9a5,2026-02-08 19:47:56.158088,2026-07-16 17:19:26.475624
4681,4681,UPS,bd6c40f5-f210-471a-922d-80756ae6734a,2026-05-03 09:01:25.618180,2026-05-23 21:16:51.524181
4682,4682,USPS,c257ff23-2391-4e0c-8f40-ecffb141385f,2026-03-20 17:41:56.391937,2026-06-21 18:26:29.707623
4683,4683,Amazon Logistics,1c4b87ba-a117-4ad5-9407-ad3db297e9a2,2026-01-11 20:46:25.662904,2026-05-30 15:25:59.881536
4684,4684,UPS,cb402a8f-1359-4116-adb8-0fd1d1874dea,2025-09-12 23:36:00.488337,2026-06-28 16:04:33.792650
4685,4685,FedEx,aba575aa-bd2f-4ab7-b26d-d2e9475d9273,2025-12-19 10:07:46.955719,2026-06-19 15:27:23.114461
4686,4686,DHL,332d616a-1e20-4e99-bc85-e9ce0e8e386e,2026-01-22 18:32:30.990628,2026-02-23 22:24:02.278838
4687,4687,USPS,a8ad7ced-c886-4410-8921-d60d7c06e4ba,2026-03-18 01:14:22.646753,2026-07-24 15:55:19.105450
4688,4688,UPS,8ff0d9a7-dd99-481b-b6d2-4a71d369a560,2026-06-21 05:04:49.934855,2026-07-31 11:42:40.938880
4689,4689,USPS,a3cd39a3-fd9e-44cf-9443-aaab7fb8c35b,2026-07-30 07:41:54.882099,2026-08-12 21:50:37.637127
4690,4690,USPS,5508672a-a34b-475d-af2e-ffde810b9578,2025-11-05 02:51:32.475516,2026-08-13 03:05:10.064604
4691,4691,FedEx,1a5f17ba-b0fc-430b-bed4-77043ba3dc43,2025-11-13 06:18:11.928107,2026-05-04 13:22:15.893069
4692,4692,FedEx,552c37d1-77f9-48bd-a377-d64c76bf0d3e,2026-06-14 05:03:31.928137,2026-07-29 03:43:41.455446
4693,4693,USPS,9d67add4-5dab-4670-aa83-655550a1c032,2025-08-31 17:29:14.642963,2025-09-04 16:19:20.800841
4694,4694,FedEx,835b3307-67a2-47e3-83fe-1396012c4b6c,2026-01-15 03:14:04.187520,2026-06-27 11:04:11.123096
4695,4695,Amazon Logistics,46f084f8-efb1-4fd5-ac71-53250e7f901d,2025-12-24 09:51:51.339812,2026-05-25 03:42:49.483646
4696,4696,Amazon Logistics,deadc66f-8264-4a14-88de-a8e8222a373b,2025-10-01 14:18:16.459113,2026-08-12 23:11:31.889986
4697,4697,UPS,636ba402-4b25-48ff-aa23-ab23fc1d0fd1,2026-05-12 05:01:08.933265,2026-06-29 20:22:30.020849
4698,4698,Amazon Logistics,206edad7-c14f-4cc9-ae09-0cd1c06c21cd,2025-09-20 02:00:44.395506,2025-09-26 04:17:30.652325
4699,4699,FedEx,10f1b6c6-0938-468a-92cf-cf1c51cb7336,2026-03-04 13:00:16.888538,2026-07-26 05:16:09.511475
4700,4700,FedEx,dc711776-9492-4dce-a63b-3c19dddd9f91,2025-10-06 21:27:38.557035,2025-11-30 07:21:54.510170
4701,4701,USPS,d13e432e-3b96-415e-9917-fb2a68995f1b,2025-10-27 08:03:49.177920,2026-01-22 08:30:55.264022
4702,4702,DHL,d17bf881-4a54-4c34-9789-d3f88bbe7fdf,2026-05-01 11:54:08.045587,2026-06-30 22:43:46.179796
4703,4703,Amazon Logistics,a3386eb1-9a32-44d1-a5c2-d184ba478785,2026-03-12 18:50:51.136902,2026-04-25 21:58:56.064651
4704,4704,DHL,3a673278-3fb8-44e0-b8de-93e4d3272d39,2025-11-25 18:03:02.266537,2026-02-20 21:56:56.711004
4705,4705,USPS,3a432caa-628f-485b-b944-e7485d7c0945,2025-08-31 13:47:17.828047,2026-02-15 12:21:52.533343
4706,4706,FedEx,3f16ccef-fd53-4e0c-bad8-7b378cc67f24,2025-11-15 23:41:24.808253,2026-06-30 07:02:06.768036
4707,4707,UPS,96086443-2b51-4390-93e8-f9f272ae695a,2025-08-20 23:56:33.943291,2026-06-07 02:20:02.661506
4708,4708,DHL,7db239e3-3c08-48a4-b0f4-749aab87d4d5,2025-12-09 11:38:23.571687,2026-04-12 10:17:10.358848
4709,4709,DHL,5295119d-b2d0-4323-a336-3565187264c9,2025-09-08 11:22:42.737569,2025-10-10 23:59:04.933416
4710,4710,DHL,43609dd9-d0fa-48ff-be69-5daf6fa5df59,2026-07-25 00:55:25.404411,2026-08-14 16:21:20.280972
4711,4711,UPS,ba9afc02-35eb-4845-842c-701f2f92211c,2026-01-04 09:37:25.220926,2026-08-09 15:44:50.889533
4712,4712,DHL,03b8ff5e-c912-40c0-bf1a-44c2ec103a92,2026-06-02 12:03:37.893630,2026-07-20 07:30:16.870030
4713,4713,DHL,d053a194-b6a4-46ad-a20b-14a702b804db,2025-08-23 16:19:12.962865,2025-11-14 09:49:35.619283
4714,4714,USPS,2f0161d4-bb04-44e1-9891-abac38698efd,2026-02-07 01:44:01.423925,2026-03-11 05:46:29.236128
4715,4715,DHL,4fa005dc-0f94-4c85-b910-7e8fbd29b894,2025-12-27 00:48:28.496992,2026-08-11 17:59:23.567111
4716,4716,DHL,0f78e1bd-654e-41a3-aa6d-22ade4336ccf,2026-08-10 13:50:17.088974,2026-08-19 18:39:09.215491
4717,4717,FedEx,023ef1d0-2734-4202-a163-43a9ee49f198,2026-08-03 04:39:10.772001,2026-08-19 11:33:28.259667
4718,4718,USPS,c3660936-ea97-47d9-b6ab-bdb698884ad9,2026-05-07 21:06:46.675392,2026-07-03 02:56:57.598082
4719,4719,FedEx,b1aa6dcb-9ff0-41bb-9c96-7a13d1085e18,2026-04-27 13:14:19.777261,2026-05-24 04:52:51.359583
4720,4720,Amazon Logistics,5ab05983-f358-4871-b2b6-7716a7ac157f,2026-05-28 07:50:13.085280,2026-08-16 07:28:36.596576
4721,4721,DHL,656cdf19-2cb7-4463-af6e-d1bfb0fa9559,2026-03-21 08:37:40.613807,2026-06-15 18:41:06.892066
4722,4722,FedEx,8b2564b2-26b6-478f-b786-1576562b310f,2025-12-15 20:17:41.379984,2026-02-23 10:46:32.670603
4723,4723,USPS,bb828a5d-9f78-4d58-8b5f-6ece86b913f2,2026-03-18 19:15:12.658499,2026-07-23 20:31:23.397388
4724,4724,DHL,7720bfa6-2326-4687-a6b7-ef58d129e3aa,2025-12-27 10:21:41.608661,2026-02-27 02:23:23.842948
4725,4725,DHL,0a9c7795-fe92-4c62-946b-a0d81baf8c21,2025-09-06 06:00:51.404287,2026-07-12 17:49:46.113149
4726,4726,DHL,9b72fd98-6336-4a25-b1e7-789bf1825397,2026-08-11 13:37:11.373766,2026-08-17 17:07:23.138812
4727,4727,Amazon Logistics,0b4b6847-3685-463c-bbdd-84dba55a1404,2026-08-11 06:03:38.303986,2026-08-20 09:37:25.642267
4728,4728,USPS,dbcf0f22-a298-4ef6-8518-39558443b49f,2026-02-16 11:25:36.113005,2026-03-20 06:20:46.488484
4729,4729,FedEx,3516fa8c-cb09-4ee5-a542-de93060ee1e3,2026-06-01 13:02:35.803271,2026-08-03 07:24:16.887236
4730,4730,Amazon Logistics,b3500ff2-665a-45e3-a7b5-1e68821ebff6,2026-08-10 04:19:22.122877,2026-08-15 16:31:39.997243
4731,4731,USPS,e2aa752e-7398-407c-b475-4621f0c26e66,2025-11-26 21:58:33.644493,2026-06-08 17:14:31.219510
4732,4732,UPS,805fd82f-669b-4b4d-8dc5-26e3147e165d,2026-05-13 19:53:48.505036,2026-06-10 10:21:53.101638
4733,4733,DHL,555371e4-858a-4585-992e-fc1ca8b110f7,2026-03-29 18:09:45.019670,2026-08-09 21:14:40.364633
4734,4734,USPS,33326574-1c19-4f21-8bb3-2be56d0e89e5,2025-11-07 16:43:15.369923,2025-11-25 10:14:55.052453
4735,4735,FedEx,d806ef25-0b7d-41cc-aad9-3296375100e8,2025-10-24 03:58:16.713145,2026-03-21 15:35:04.957604
4736,4736,USPS,ecd2f709-3711-4a47-aa6f-62cbc5e7a150,2025-08-19 06:04:16.419615,2026-06-28 17:58:34.624908
4737,4737,USPS,42fc0444-100f-490a-905c-c6e0e559c283,2026-05-01 13:32:27.288106,2026-08-04 20:09:39.453860
4738,4738,USPS,f065e4f2-3cdd-4528-9376-e87a5207b250,2026-04-26 12:51:52.875175,2026-05-06 06:41:35.734375
4739,4739,Amazon Logistics,5a084767-1854-4ee6-9927-565317e7fb7d,2025-11-15 11:44:05.540289,2025-12-09 04:52:32.765401
4740,4740,DHL,3f7e3618-a07d-4c77-89a8-af175fe8e315,2025-12-14 10:42:00.319981,2026-05-08 01:30:01.667178
4741,4741,USPS,984909de-f0b8-4907-a75d-a2857eb4a129,2026-07-10 10:48:24.276841,2026-07-22 03:07:44.358863
4742,4742,DHL,398222ce-0d1b-42bd-9c5a-441abb22e278,2026-06-15 19:57:16.235728,2026-06-18 14:59:58.792138
4743,4743,USPS,b2268422-2cf2-4bee-bbae-0454783e1de0,2026-04-14 09:40:37.235519,2026-07-13 14:59:53.769819
4744,4744,UPS,3837fd48-3a6b-4652-8c8a-0965f04d2bb7,2025-11-17 00:49:11.221311,2026-05-31 22:47:28.538890
4745,4745,UPS,f845dffd-6191-493f-958a-d20110d7c39e,2026-03-10 12:41:04.208264,2026-07-20 03:33:10.509316
4746,4746,Amazon Logistics,22c1e513-1a4e-4bef-86e8-99b7ec6210f4,2025-09-03 00:25:55.737190,2025-09-18 02:37:57.539775
4747,4747,Amazon Logistics,428a214a-e347-48a1-830f-770835a2f050,2026-07-28 04:16:35.308768,2026-08-05 06:31:26.275780
4748,4748,Amazon Logistics,60729380-dd19-4955-930e-3377cbfba2aa,2026-05-15 08:25:28.511127,2026-06-02 15:36:37.856920
4749,4749,UPS,9b389acb-d8ba-4e9f-93c5-be126d328031,2026-05-27 06:39:40.663224,2026-07-09 20:42:37.338245
4750,4750,FedEx,1a01341c-6b86-4919-b703-c9095fbbd3ca,2026-06-28 00:36:38.688471,2026-07-12 16:47:44.488328
4751,4751,Amazon Logistics,cf122ff7-10d2-4f22-a439-c9f9b57d432f,2026-07-16 12:51:29.602588,2026-08-02 21:59:02.507133
4752,4752,Amazon Logistics,166d4867-095f-43f5-8c6e-aecf6a823a73,2026-02-15 06:22:25.851756,2026-03-29 06:28:13.723054
4753,4753,USPS,8a1485d8-373d-4e75-8511-ca0d9f4f8e5b,2026-03-06 21:33:09.955838,2026-07-08 16:02:22.247784
4754,4754,DHL,48d90fc4-49a3-41f3-90e2-3e31b94f5540,2025-09-27 01:07:54.032094,2026-05-26 02:37:53.913610
4755,4755,FedEx,ce5bac4c-b4c9-4920-ade3-3bf84c01e6f2,2026-05-09 06:54:24.901471,2026-06-01 18:19:18.096396
4756,4756,UPS,f842d6ed-8966-4f9e-9d19-a760460cc54e,2025-11-13 11:09:56.620585,2025-11-13 13:53:44.091926
4757,4757,UPS,35e2f468-c97c-4ade-ac3f-3a68f671da34,2026-03-14 04:02:30.578914,2026-07-04 12:53:08.596941
4758,4758,UPS,14658212-0b90-4e9e-b981-322bed23ab4d,2026-05-02 18:22:44.368992,2026-06-11 06:38:24.856539
4759,4759,USPS,39a6933d-0ad6-4512-b6e8-80f06789eafd,2026-02-06 04:56:31.906544,2026-07-14 10:24:49.770716
4760,4760,USPS,ef4d3050-74c1-42f3-a349-73816bcaef6a,2026-04-17 08:57:00.503056,2026-06-10 01:28:38.693652
4761,4761,Amazon Logistics,73a980aa-d120-47c5-9bbf-6e13e197c0c3,2026-04-10 19:07:29.561986,2026-06-02 15:14:08.945862
4762,4762,Amazon Logistics,4d5d5324-5dca-4963-ac66-fb430fa6075f,2026-02-09 22:24:46.433526,2026-05-07 08:03:23.631696
4763,4763,DHL,f944d34c-2d23-462e-bad4-5908f7648f21,2026-05-18 21:58:07.699481,2026-06-14 21:42:42.783927
4764,4764,USPS,5ecfc259-72c2-48bd-bedf-831160525751,2026-04-18 04:22:25.771303,2026-06-17 01:06:58.892064
4765,4765,Amazon Logistics,789ecf32-ed5d-4364-9fa0-96ffcf6a1042,2025-10-27 04:20:03.832775,2026-06-12 04:03:01.583484
4766,4766,Amazon Logistics,10c6f5a7-490d-4d00-99b2-4dc7e0f14e8b,2026-01-28 19:15:08.629710,2026-07-06 07:30:50.722888
4767,4767,USPS,4152ff84-7a0c-4ba3-96be-88769327080a,2026-03-14 21:30:36.276131,2026-03-18 19:06:44.817637
4768,4768,FedEx,174a65b3-b542-45cd-a531-23c00d4e8630,2025-08-17 05:23:10.504391,2025-10-09 04:58:39.329118
4769,4769,Amazon Logistics,2f88845d-1644-48ff-b586-a2de4fae9f1e,2025-08-29 00:18:45.559852,2026-06-27 16:33:51.366846
4770,4770,USPS,08c5a7fc-5583-40b9-9972-e3ca91502e19,2026-07-31 17:34:42.303387,2026-08-20 04:06:23.380583
4771,4771,DHL,54b3041e-b4cf-499f-aa9c-b5d53d42b586,2026-01-29 18:02:51.376148,2026-02-03 05:29:43.915774
4772,4772,Amazon Logistics,956825b4-aed7-48ae-9208-38f2a933a70f,2026-05-07 08:53:06.666051,2026-08-04 02:23:26.907055
4773,4773,USPS,b77543c0-eea2-4112-985a-2001ac4a16f1,2025-10-04 20:40:46.599566,2026-02-07 14:38:21.234178
4774,4774,UPS,d3e1ba88-bfc0-4088-94d8-ab5c8359f528,2026-04-04 04:50:32.800908,2026-05-07 23:36:17.981689
4775,4775,USPS,6d24c86b-f674-4196-9191-7f2931446b2f,2026-07-06 07:03:15.937617,2026-08-07 11:38:12.705156
4776,4776,DHL,c38b7e9e-77be-4563-b439-3157340dc9e8,2025-09-01 01:04:38.018515,2025-12-29 10:12:05.208477
4777,4777,DHL,49278f25-276f-4041-a019-bab95d3e62ea,2025-11-12 17:16:32.318368,2026-07-27 18:41:40.621600
4778,4778,DHL,2dbe7554-4e84-4a91-813f-5f018acf3d27,2026-02-04 04:00:03.949266,2026-03-05 16:56:40.306650
4779,4779,UPS,6f4bbc33-1f75-432f-a9fd-98d1b7ff6e6c,2025-11-06 16:44:53.980288,2026-05-05 20:09:22.173674
4780,4780,USPS,c64fbace-de74-47d9-86ac-174128b5ed1b,2026-04-17 07:35:00.430428,2026-08-04 07:25:52.363752
4781,4781,Amazon Logistics,2110f1c2-ad9a-491d-919a-c2de3f6d2723,2025-08-14 13:47:36.201943,2026-06-01 08:57:09.523924
4782,4782,USPS,80e94b4e-52c9-4dfb-ab3a-8e448f46b077,2025-11-03 17:18:04.346333,2025-12-30 10:53:17.894452
4783,4783,FedEx,b01ea797-332f-42a9-ba84-64eb4039ca55,2026-03-07 21:23:34.079682,2026-05-08 07:21:23.969600
4784,4784,FedEx,6f0959eb-414a-4842-bba0-9d749e6c985b,2026-04-07 12:03:59.182206,2026-06-17 10:38:42.681031
4785,4785,Amazon Logistics,3b76e22a-9757-4b0a-9f5d-d9efbae1b0e6,2026-06-09 21:15:47.557439,2026-07-26 05:27:50.648904
4786,4786,UPS,7765a8e0-9d1c-4224-9944-c40c831d2173,2026-02-07 10:54:02.589682,2026-02-14 02:48:28.705109
4787,4787,USPS,b407888a-0572-4a78-a6c2-c89456533747,2025-09-20 18:06:13.824082,2025-11-25 11:32:38.679944
4788,4788,DHL,7a0900d2-1e8e-462e-8cbb-28c183bfbd74,2026-04-11 07:56:39.852844,2026-06-11 02:15:31.778396
4789,4789,UPS,b4a67ab6-6cad-4a27-856d-19f1f17eb355,2025-09-10 05:46:58.162677,2025-09-28 01:11:22.734468
4790,4790,DHL,d3d8a178-694c-428d-bfa0-b949032b6233,2026-06-13 22:47:23.692097,2026-07-21 06:40:03.357653
4791,4791,FedEx,8752e760-3a07-4c4b-8e8a-6fcebf7950a8,2025-12-04 08:44:03.294131,2026-07-22 06:27:19.844969
4792,4792,USPS,f9ea7df1-fdad-43b7-9bfc-6d2a8ba3443b,2025-12-29 21:10:54.225281,2026-04-03 15:00:00.302809
4793,4793,UPS,97782e71-3856-4e13-9ea1-65bedb45ed82,2026-04-30 06:40:23.893704,2026-06-13 14:53:24.779955
4794,4794,Amazon Logistics,e41838c8-bc77-49bc-9a23-ca63107e693a,2025-10-25 01:06:02.262303,2025-11-04 12:47:07.915180
4795,4795,Amazon Logistics,744bc1ba-0c9e-417a-9420-ec25203703df,2026-06-11 20:39:50.001078,2026-07-14 20:32:58.667743
4796,4796,UPS,a247a75e-f8c3-445f-8694-65325ba6cd46,2026-04-24 10:49:16.286325,2026-07-16 23:02:12.541885
4797,4797,DHL,c2ed2da6-43a1-48dc-949a-2db521a7bb19,2025-11-16 00:43:10.942583,2025-12-11 06:17:00.167353
4798,4798,FedEx,36ed5681-616c-445f-b204-f342042b73c4,2025-12-24 09:20:43.241589,2026-05-21 20:06:07.464133
4799,4799,UPS,df621d7e-10bf-4792-9e94-0ad10bbfea7d,2025-08-31 10:35:56.824192,2026-01-26 03:33:30.194284
4800,4800,USPS,26a9ce26-1150-4cf7-b00c-e4a0af804513,2025-12-07 08:15:52.426651,2026-06-16 12:59:12.481734
4801,4801,Amazon Logistics,896f2b35-b4f2-474e-9af4-59a2d2b16fdc,2025-08-15 15:45:59.797510,2025-08-17 08:11:14.312023
4802,4802,DHL,f12db98c-20e5-40f6-94ab-68a26d71e097,2026-03-11 23:02:00.573894,2026-05-17 20:51:52.556813
4803,4803,DHL,60daec1b-9fc4-4462-8312-aa4a0a42f85b,2025-11-30 21:03:29.772421,2026-06-18 08:35:41.036300
4804,4804,DHL,3ad802b5-e932-45c4-87ca-2ecbaf7a5c1e,2026-05-16 19:37:12.526815,2026-08-14 08:09:32.595526
4805,4805,Amazon Logistics,60b49f32-203e-4d68-af33-0e797f729abd,2025-09-13 18:25:52.849104,2025-12-31 09:12:59.543926
4806,4806,Amazon Logistics,5b2ca17a-847b-4a28-bd50-f3a69e0d225e,2026-06-20 21:58:24.886507,2026-06-29 01:02:25.055737
4807,4807,DHL,544f0049-6dcc-46ac-8a7e-55a6d1f82a3c,2025-08-29 07:14:56.306232,2026-05-27 22:56:45.287774
4808,4808,UPS,1bc0c20f-10a2-4895-9fe4-66b72cbfc315,2026-01-24 19:44:28.409607,2026-02-19 18:42:36.064392
4809,4809,Amazon Logistics,491e2e9e-7eb7-40e8-bbe9-de89d59a5a9c,2026-07-25 21:56:46.332923,2026-08-07 03:56:14.029241
4810,4810,FedEx,173e3a27-c5b3-44d9-8492-282b99511d3a,2025-12-07 14:25:11.413873,2026-04-11 01:24:43.463358
4811,4811,Amazon Logistics,0f5db029-73c6-4ac6-9c90-220cf777198d,2026-04-17 10:13:03.944809,2026-07-05 00:55:36.869502
4812,4812,Amazon Logistics,a6e3bf5d-0908-4912-815c-7594ffc3e5f5,2026-07-31 12:44:09.325113,2026-08-09 22:35:46.587870
4813,4813,Amazon Logistics,0c213427-aa1a-4fda-9abb-abc93bed8f93,2025-10-11 11:28:27.139332,2025-11-07 16:51:37.635928
4814,4814,Amazon Logistics,edde1eae-4a1b-4cbf-a32c-82ab2db36435,2025-10-15 03:40:36.837111,2026-06-16 17:48:11.272867
4815,4815,Amazon Logistics,43d64ba9-0837-43f4-95e3-3fce537e7592,2026-07-19 11:57:16.147183,2026-08-11 23:02:19.498271
4816,4816,Amazon Logistics,167ddb59-01fe-4a7b-8da6-11a30da51f5c,2025-11-30 12:04:33.586934,2026-03-25 02:02:09.084946
4817,4817,UPS,46bf4e0e-ec71-40f0-9f65-2b798483ebf2,2025-09-12 19:34:30.377853,2025-10-17 14:09:28.068129
4818,4818,Amazon Logistics,9fe5d1d8-bff0-4ab6-a8f5-b294ab9265ea,2025-10-20 15:06:31.425779,2026-02-03 22:46:22.965321
4819,4819,FedEx,87755d46-27ad-4d5b-9948-207430886e88,2026-04-22 23:11:20.432717,2026-05-19 17:14:58.987149
4820,4820,USPS,08c38846-05b8-4f81-9ede-8fc0b43622e1,2026-01-13 11:31:07.048164,2026-04-18 16:46:38.116776
4821,4821,USPS,783ceb7e-173e-45b1-a42d-efee04f39112,2026-03-17 00:37:20.322283,2026-08-09 05:09:06.120002
4822,4822,DHL,3dd2084e-fc09-4045-ade3-569701bbce60,2026-05-19 09:01:32.833576,2026-07-21 07:09:14.354254
4823,4823,UPS,720f1445-ee15-4dcd-9f4d-9883fc1060a4,2026-03-07 11:03:00.642711,2026-04-29 14:42:02.178374
4824,4824,UPS,e79a0194-5cf5-45a3-84ce-e2342f29cb0d,2026-02-18 00:32:41.301244,2026-06-22 19:42:49.114988
4825,4825,Amazon Logistics,e2b3a9f5-6081-4d79-93b4-6a5dbcb1e03d,2026-06-16 00:53:02.966591,2026-07-07 19:12:02.509617
4826,4826,DHL,3985a46c-d768-4902-a555-c142e8c1e1ee,2026-05-28 11:14:13.493073,2026-08-06 15:40:32.485096
4827,4827,Amazon Logistics,a1b36925-23d9-487e-bfd8-48ff5868e21c,2026-01-07 17:58:37.042070,2026-02-09 20:56:23.270190
4828,4828,UPS,8597b0e0-61cd-4579-9562-a98f02c35748,2026-07-21 22:29:06.195474,2026-07-26 10:38:36.600952
4829,4829,UPS,834d1538-c087-485f-bcac-013683b2744e,2025-12-04 03:08:11.791364,2026-05-19 03:23:20.347954
4830,4830,FedEx,ef3fa88b-d511-4d09-84cd-f281ce571d66,2025-08-24 15:01:58.238128,2026-05-29 05:49:19.783657
4831,4831,USPS,5aea97d0-ab79-45ab-9764-9a31d1710fbd,2026-06-22 12:32:01.971621,2026-07-04 18:50:54.948104
4832,4832,Amazon Logistics,ed3410b5-1ce2-4606-a316-27d9960c23c8,2026-05-03 11:34:57.786584,2026-07-27 04:27:01.056542
4833,4833,USPS,783bd468-6db1-4c52-a3c4-381a7f69cfbf,2025-09-13 00:52:31.600447,2025-11-17 13:18:51.979793
4834,4834,FedEx,e6bf502d-0df2-4c59-9645-9988f5a52044,2025-11-09 10:40:28.934754,2026-01-28 16:23:34.422675
4835,4835,FedEx,d58a5097-de75-4b25-ba58-ce5ef25d92f1,2026-05-12 15:18:18.263449,2026-07-27 01:33:52.431837
4836,4836,DHL,6e3a2383-bb36-439f-a6f3-342ba40c8644,2025-09-09 09:21:49.219503,2025-12-25 00:05:58.011664
4837,4837,UPS,ec69ee30-c44f-44bb-bc01-b4524d0ed2e0,2025-08-13 20:48:53.773229,2025-12-19 01:14:41.599059
4838,4838,UPS,63a4b296-e5cb-469c-b77b-3f51c4b13c40,2026-03-09 11:50:47.317659,2026-04-19 12:29:18.740489
4839,4839,Amazon Logistics,2511d4a8-a0bf-4c37-ad97-4472a013850d,2025-12-22 12:05:54.114882,2026-07-06 17:35:02.793429
4840,4840,DHL,b221011b-57cf-42a6-b47e-3c156b7ec084,2025-10-15 17:38:57.604241,2026-06-09 11:08:54.382043
4841,4841,USPS,248c5b63-d4ec-40a9-81ef-55a2a271b417,2025-12-15 23:49:18.108504,2026-07-03 11:43:22.844869
4842,4842,USPS,deaee5f9-1f65-427c-b4da-d524fb6f8d29,2025-08-30 12:55:19.128599,2026-03-18 15:55:43.113179
4843,4843,DHL,beafe3c0-6a50-4302-a0d3-f258cf9443ce,2025-09-14 10:29:19.469833,2025-11-10 02:19:01.713640
4844,4844,DHL,ebfc925e-23ba-49a8-b99c-7cbecf4fe541,2026-07-11 01:49:17.192065,2026-07-21 19:25:51.816967
4845,4845,DHL,ee5aec39-1517-41bc-9a1d-c467118ccb4d,2025-12-26 06:10:52.965922,2026-04-11 23:56:27.696557
4846,4846,DHL,294d475d-9c25-4dee-8565-0b5c7e727d1a,2025-10-20 09:53:37.320678,2026-05-23 18:06:49.853498
4847,4847,Amazon Logistics,a7429a79-b0b4-4b7c-915d-61fb5481917a,2026-03-22 01:08:27.381634,2026-08-05 02:32:51.444820
4848,4848,UPS,8b18639b-2227-4b30-be6d-086d8dfbe4c4,2026-05-31 20:45:56.632184,2026-07-20 20:23:32.442506
4849,4849,UPS,6c672170-7d88-46d8-ae07-3b89cf0ad858,2025-09-03 11:11:42.015180,2025-09-09 21:54:43.805455
4850,4850,Amazon Logistics,94e30032-aa75-49c1-9b8a-f434517ae6fa,2026-01-25 13:47:10.419325,2026-07-17 23:28:50.225138
4851,4851,UPS,de11858c-39bd-4d59-aa2d-74f035d3bf1f,2025-09-10 12:42:10.578857,2026-03-22 03:33:00.936391
4852,4852,DHL,5f8f7336-6f0e-4636-9e55-cda826423107,2025-11-09 03:09:48.746491,2026-03-13 21:54:58.900187
4853,4853,DHL,8551b7fb-df02-412c-8a86-cbbca01fa548,2026-03-19 23:13:24.632949,2026-05-07 12:07:22.529267
4854,4854,Amazon Logistics,3a454d5f-d8f1-4912-a0fe-e5d817ef270d,2026-05-17 21:36:23.875641,2026-05-29 04:27:04.384106
4855,4855,USPS,b2f251d0-23e8-4214-b16a-48dec893c1f5,2026-03-30 09:56:35.600951,2026-06-29 22:31:40.950548
4856,4856,DHL,f5ac59da-617d-4b9d-99a9-3a7b31da99b8,2025-08-29 02:15:36.736923,2026-04-02 16:24:44.302536
4857,4857,UPS,e6a78a3c-b443-4960-a169-b8ca85a027e1,2025-08-17 08:14:16.125523,2026-08-03 01:28:22.289236
4858,4858,UPS,48a09dcf-90fb-473d-9014-f8356ee76f0a,2025-09-11 12:15:31.809889,2026-04-30 16:32:48.346924
4859,4859,USPS,f698198d-2919-4bed-815a-4883fe92bb71,2026-06-13 05:07:56.228224,2026-07-14 12:28:56.786826
4860,4860,Amazon Logistics,1d3568c5-2ae7-4e97-ae3e-00ba932dde7f,2026-06-26 08:10:57.738328,2026-07-16 14:59:07.377186
4861,4861,UPS,37f88700-c7f2-4c0a-82d1-c8948d8da131,2026-05-24 15:05:25.779806,2026-05-31 09:52:40.140199
4862,4862,Amazon Logistics,50cbd59a-6d10-44cc-b70d-8e5fc1421c85,2026-05-22 04:25:09.542094,2026-07-28 16:18:48.757226
4863,4863,DHL,12afb546-47b5-4157-9809-54aa0a79ceb0,2026-07-03 15:57:54.557739,2026-08-11 21:58:00.117416
4864,4864,UPS,e0134b15-b9ca-4a2c-91be-19b625ca6ee9,2026-03-17 19:46:08.785321,2026-06-23 08:42:02.619138
4865,4865,FedEx,6ec01ec1-2261-41e5-b277-4f65ff6756a1,2026-05-30 23:57:22.629222,2026-07-08 01:19:49.211015
4866,4866,USPS,8ed883fa-13da-4420-9000-a15d38dae663,2026-07-19 09:25:58.945648,2026-07-22 23:46:36.486141
4867,4867,DHL,7fa51ddd-2a47-42b6-926f-853e9bd94865,2026-03-18 08:03:30.349747,2026-05-04 09:40:59.724193
4868,4868,UPS,ce232bb1-9280-43a2-948c-fb317e7fd7ed,2026-03-15 04:07:17.231688,2026-05-21 11:43:52.612912
4869,4869,UPS,f56c87d7-83a7-45fa-b4ad-7eae3521aa3d,2026-05-02 14:26:28.662778,2026-08-03 11:25:52.270970
4870,4870,USPS,072355f0-7d17-41aa-b9fe-8e78553b787e,2026-05-01 04:30:09.142116,2026-06-23 21:25:37.435351
4871,4871,USPS,9971a60b-cfcb-4324-95eb-526750ab0a66,2026-05-23 01:07:11.432018,2026-07-10 19:55:27.725838
4872,4872,FedEx,38310ce8-ab4d-48ec-ba02-0d64cb4780b9,2026-01-28 20:40:27.704138,2026-08-07 05:34:51.064743
4873,4873,UPS,fd047356-e4d8-4443-94b8-1e7b932673fa,2026-07-25 12:09:24.747709,2026-07-27 13:56:57.290017
4874,4874,UPS,8e62610a-6830-4809-a6de-194d94b7547a,2025-09-08 05:41:41.585534,2026-05-19 08:23:01.483612
4875,4875,UPS,e03e2cc8-5bf2-46d6-a56a-ba7a4cd5ae87,2025-10-04 03:59:07.694788,2026-03-08 05:07:13.600790
4876,4876,FedEx,55982f6b-fb04-4234-b733-c3bc22552281,2025-10-23 07:11:43.819333,2026-02-18 09:49:46.908741
4877,4877,DHL,0fb1dcb0-69ea-4a45-ac73-6a1e0767ee48,2025-10-04 19:50:20.014365,2026-03-18 15:28:54.392782
4878,4878,FedEx,8f4988a7-f0ec-4511-802c-88694d3f325d,2026-04-01 20:31:21.800102,2026-05-05 15:47:49.524548
4879,4879,Amazon Logistics,375267f9-dc99-4c79-9aab-7b9f086ded19,2026-01-29 14:41:28.876219,2026-02-14 11:46:36.962896
4880,4880,DHL,d7e287d4-3ccf-45e3-bf08-9e9f13bf42d0,2026-04-05 19:44:04.349084,2026-07-01 11:14:10.649170
4881,4881,Amazon Logistics,9227e48c-af0d-4148-9880-e4575217d547,2025-10-19 06:09:56.816356,2026-07-15 05:24:34.301002
4882,4882,USPS,dfd7fe4d-eb52-44df-8a44-a519637826d9,2025-11-07 21:26:17.523453,2026-01-03 10:12:26.037278
4883,4883,Amazon Logistics,83485ed3-0e95-4cab-ba68-cc123c6f3da9,2025-12-30 01:54:22.900045,2026-07-23 03:17:21.155718
4884,4884,UPS,982083a5-6207-4061-ac82-7374087f2503,2025-09-27 18:11:11.409292,2025-12-08 09:45:44.281852
4885,4885,FedEx,6a67bb14-7020-48fd-a621-54df1df11016,2025-10-30 15:56:17.310098,2026-04-06 20:35:31.182560
4886,4886,FedEx,57cc25ff-409f-4f48-9410-12c2a3f7bb5a,2025-09-22 11:36:55.608727,2026-01-18 09:53:08.690257
4887,4887,Amazon Logistics,b476287c-349d-4113-bfa4-dfcc98f4971f,2026-08-03 16:56:21.933734,2026-08-17 16:07:58.711008
4888,4888,USPS,5ea6f569-a675-49b3-851f-5d2322bb5b08,2025-11-26 06:08:32.693389,2026-02-17 20:19:43.074063
4889,4889,USPS,31bea096-0cbc-42a2-a183-3dfd7f0102ae,2026-07-16 06:01:38.906084,2026-07-17 03:45:48.014971
4890,4890,Amazon Logistics,d7cfbb7c-49a6-464a-ab07-59c98cd0ce23,2026-04-06 09:01:01.340505,2026-05-09 09:30:22.113927
4891,4891,FedEx,03101d27-ae45-4b76-b178-a9715ebea327,2026-04-30 19:50:25.246685,2026-06-15 06:47:24.530396
4892,4892,Amazon Logistics,2bcfb0ae-325f-470b-ba4e-44e469a18710,2025-08-17 11:00:06.682866,2026-03-14 17:19:35.948807
4893,4893,DHL,2c1da05e-5f3e-4d0c-9266-4527c16ae223,2025-11-01 09:00:03.885314,2025-12-05 16:24:36.552810
4894,4894,Amazon Logistics,46e7972c-b4fb-484a-9a5f-61eec57f33b4,2026-08-07 11:36:50.881880,2026-08-14 12:19:42.065931
4895,4895,Amazon Logistics,08c8cf48-6f8f-4e70-b3c1-b79f9e5e392c,2025-10-24 03:42:00.740863,2026-03-16 14:02:03.583283
4896,4896,FedEx,2deb76e7-28d3-4520-a662-6f6c0d759cf2,2026-08-09 04:06:24.474559,2026-08-14 04:21:56.332388
4897,4897,DHL,21596dc9-b33f-44a8-a508-64c63ca12af3,2025-12-06 17:48:59.741746,2026-07-18 09:09:41.330370
4898,4898,USPS,59bd389c-911c-42b0-88e9-ff1826e08a3d,2025-09-03 07:49:19.965809,2026-03-13 23:14:57.956841
4899,4899,Amazon Logistics,d79d2b80-1ecf-4a39-9185-329487039e51,2025-12-29 03:53:23.260440,2025-12-30 07:47:25.228701
4900,4900,Amazon Logistics,f8713d51-27af-4904-add8-c4411f4e7ada,2025-09-24 09:17:19.866186,2025-12-07 08:51:25.933014
4901,4901,FedEx,e65245a8-575b-4223-b532-0c967323b555,2025-08-17 10:22:52.847458,2025-10-12 09:18:25.211554
4902,4902,FedEx,2a83f262-9563-4246-92fd-b85800bd75c0,2026-03-29 02:59:01.830096,2026-06-28 10:19:36.612123
4903,4903,Amazon Logistics,5f524c7d-8b66-447c-8e66-8c4062e29bee,2025-12-05 06:43:45.904262,2026-03-09 19:08:13.034044
4904,4904,UPS,f1129d1d-e09c-4c24-bd0b-37e83e4a8c2e,2025-11-01 08:41:09.314830,2025-11-26 16:07:59.497339
4905,4905,DHL,dfcd6196-5057-4e1f-810a-6b7750281812,2026-04-27 16:23:30.484271,2026-05-04 16:24:57.664448
4906,4906,DHL,017972e4-aae9-4a75-a2f9-47945b7fee7f,2026-01-04 19:25:46.447305,2026-04-24 06:09:05.421309
4907,4907,UPS,606ae259-a2f3-45a4-9af7-53d235646ac0,2026-07-30 10:25:54.961333,2026-08-11 08:54:14.504830
4908,4908,USPS,5c81f264-e7e6-4d96-952e-68916723c7df,2025-10-19 17:57:47.705425,2026-03-04 20:12:53.406314
4909,4909,Amazon Logistics,3fa68daf-2117-4607-bf06-7b074626843f,2025-08-28 03:04:35.849846,2026-04-15 06:52:56.999419
4910,4910,DHL,609dddef-268c-429e-b597-7452c4b73807,2026-02-15 21:37:23.612476,2026-07-22 03:00:35.543269
4911,4911,USPS,87581bdc-fa39-44e8-afe8-46268d04a18f,2025-08-14 19:41:35.066508,2026-05-06 11:52:19.135405
4912,4912,Amazon Logistics,15d1c40a-a42a-4e66-a7e1-c8c29584c4de,2026-06-05 23:01:34.352336,2026-07-22 02:42:01.737064
4913,4913,USPS,aedd6961-3b4e-4bc3-9b26-1b757faea760,2026-01-28 17:32:20.232914,2026-08-07 07:55:48.664108
4914,4914,FedEx,2ac6a910-949b-47bc-8f33-90bb1e553056,2025-08-17 13:07:40.783153,2025-09-02 14:12:08.690060
4915,4915,Amazon Logistics,864499b7-b356-48bd-9203-44d69b08c3a5,2025-12-26 07:29:32.922813,2026-04-18 08:23:03.586330
4916,4916,USPS,a69de6af-11ac-4418-bd5a-39bd1aa3d99a,2026-06-30 07:45:57.212504,2026-08-17 14:07:40.276404
4917,4917,USPS,1a253f5b-eedf-47e8-9e88-409738cd7e97,2025-12-21 17:22:04.891501,2026-01-26 04:37:36.967811
4918,4918,FedEx,3b54bfea-5b01-4a09-ab87-c2230c28d5bc,2025-11-26 03:15:00.764896,2026-06-01 01:09:01.670770
4919,4919,Amazon Logistics,1775e1ae-b713-43bc-a693-8a8ff3b43ad8,2026-04-18 22:34:08.353553,2026-04-25 05:47:50.748579
4920,4920,FedEx,1b72eb20-c392-4cd8-8b5e-b209178a617b,2026-02-11 13:43:53.700537,2026-06-20 18:10:09.616842
4921,4921,Amazon Logistics,3cf1cd55-c6e0-46a3-a8fb-a5ae8c553983,2026-03-16 21:17:05.993723,2026-04-23 14:20:17.431846
4922,4922,USPS,499b54f2-1333-4887-bfc1-64e4402f6286,2026-01-24 00:43:14.223047,2026-08-04 03:30:21.577255
4923,4923,FedEx,27d66a96-e42d-4295-b81c-cd5bdd73aec2,2026-07-30 14:53:29.212770,2026-08-06 18:29:48.564209
4924,4924,USPS,ee5db82d-39ea-4215-88a2-5d6d2681d080,2026-07-03 02:53:09.925277,2026-07-17 08:13:52.888578
4925,4925,USPS,c9e7f4de-dc81-4b6a-8341-d78b4168984a,2026-03-29 03:25:48.340733,2026-05-20 04:25:34.671623
4926,4926,USPS,355c45ac-9130-4b5c-bcf8-724cdf14c080,2026-06-05 18:06:16.380772,2026-08-03 08:48:41.906886
4927,4927,UPS,c767d0d6-71e9-4e77-8fde-44ca809b86e2,2025-10-28 06:05:12.101546,2026-01-29 01:20:13.111297
4928,4928,USPS,076096db-d447-4bc9-bcf8-7e52dbb7c1dd,2025-11-11 21:36:28.482897,2026-03-29 07:16:12.036738
4929,4929,FedEx,70892002-cd59-4f97-857e-a4b183a2ee30,2026-08-12 19:01:08.070433,2026-08-18 13:53:14.366828
4930,4930,USPS,0b043ca3-266f-4cdf-80dd-7dbc9c1bffe4,2025-09-24 14:00:07.333230,2026-06-20 06:15:25.024829
4931,4931,UPS,e1e65fff-7005-4108-9103-021a645fda9d,2026-06-01 10:34:28.043803,2026-07-23 08:09:31.229174
4932,4932,DHL,92697290-269d-402c-9e08-1c77861a1fc6,2026-03-23 14:58:32.350500,2026-08-17 03:18:13.212604
4933,4933,DHL,003e4696-874b-470a-a2ba-be1c987dbc21,2026-02-09 16:18:55.428660,2026-03-19 00:22:28.737538
4934,4934,DHL,87f86652-eed0-4db6-b710-0e361010ffda,2025-11-05 07:19:02.213670,2025-11-06 15:16:03.375354
4935,4935,DHL,a4cdb7ae-832e-4c8a-afbd-56ef44055b17,2026-07-03 02:36:54.394261,2026-07-15 19:19:36.071455
4936,4936,FedEx,c4c69342-e6f7-4e64-8aac-b395fe38936d,2026-08-12 03:05:18.922813,2026-08-12 17:16:43.327057
4937,4937,USPS,24398625-af81-40fa-8b4e-bbd7bf120d07,2026-02-08 19:52:19.044098,2026-05-10 13:09:59.197674
4938,4938,Amazon Logistics,c078f819-2025-4796-a5c7-d4e086d236a9,2025-08-29 18:36:55.488734,2026-02-04 08:14:04.166180
4939,4939,DHL,5e4d91d5-fa59-43ae-8238-fc9b58869c1f,2026-07-04 19:41:47.126081,2026-08-04 05:09:47.570286
4940,4940,UPS,54aa1dce-d9ab-4a33-99ca-e33dc9193405,2026-01-14 20:25:51.591071,2026-04-10 16:59:17.743755
4941,4941,FedEx,268d9c54-2004-4672-a1e8-f4ca3ef34a82,2025-11-04 14:48:13.915868,2026-04-18 07:29:49.381202
4942,4942,Amazon Logistics,717a9f99-19b3-444f-a0a2-0282da3748ad,2025-08-22 22:04:30.782919,2026-05-18 03:48:08.251456
4943,4943,USPS,6612606a-70e5-41ea-b61c-f5c90fecce5d,2025-09-01 11:44:31.549425,2026-06-22 15:03:44.260294
4944,4944,FedEx,8ffaa751-5125-47aa-aa36-809c3112d07a,2025-09-17 19:59:41.121720,2026-04-06 23:28:36.080409
4945,4945,UPS,cb509aaa-edba-4d7e-9a3e-e288f7061de5,2026-06-14 12:42:32.726939,2026-08-09 10:06:48.331827
4946,4946,FedEx,a72d10f1-046b-4894-93b7-6c7706daabe8,2026-07-07 21:55:28.048151,2026-07-21 02:57:09.311905
4947,4947,UPS,25e892e6-a805-49f0-9f90-7f8fc4a88f16,2026-05-10 19:04:18.677124,2026-07-10 14:18:42.436823
4948,4948,Amazon Logistics,74371363-caf2-4e8c-bc78-79db4cdeafe7,2026-07-17 11:17:26.195640,2026-07-21 22:34:21.257718
4949,4949,DHL,aefb2885-a412-49b7-8678-dd4173a91593,2025-11-28 08:42:55.133940,2026-08-08 03:36:24.314899
4950,4950,Amazon Logistics,f38bda25-77be-4e02-b496-08a24d2b8bac,2025-09-05 03:07:16.635477,2025-10-19 02:46:35.143784
4951,4951,FedEx,c20964f3-99e8-4717-b079-030c1b2d7ba5,2025-12-31 14:46:55.031297,2026-02-18 18:09:48.703995
4952,4952,Amazon Logistics,91dc1418-4e9f-4521-84c1-be99f26ff91e,2025-12-25 11:06:42.550070,2026-04-10 14:15:38.266383
4953,4953,UPS,07379b38-5c46-448b-917b-5740c8b3bbd1,2025-11-25 14:13:27.866862,2026-07-02 01:43:14.676969
4954,4954,USPS,9025a0d7-dd89-428d-9bf3-93e4932907ac,2026-04-16 09:34:57.375299,2026-05-23 04:37:46.100307
4955,4955,USPS,8004adff-2a70-430d-b506-76b64aa8a392,2026-01-19 09:39:20.394672,2026-02-01 07:09:39.542739
4956,4956,DHL,1768d583-e512-415b-b992-af4d8615774e,2026-02-21 06:34:49.522330,2026-04-18 19:17:45.939324
4957,4957,UPS,a701c815-a634-4d9a-bc3b-da51a5dcfd04,2025-10-02 03:39:27.370745,2025-12-11 06:03:36.361331
4958,4958,FedEx,ff22c231-4950-438d-b249-f1ff410345ef,2026-02-26 07:10:15.829443,2026-05-17 05:42:43.725718
4959,4959,UPS,6406e030-9257-4397-86af-700b38d23843,2026-06-30 05:59:55.605501,2026-07-10 13:16:06.521600
4960,4960,Amazon Logistics,15575eeb-1f38-494d-b491-2a00c145315f,2025-10-22 00:05:06.943533,2026-08-15 10:09:20.616011
4961,4961,UPS,4dfdb165-c6fd-4e49-bf37-9697e1c75ea6,2026-02-02 20:38:30.444104,2026-04-02 22:45:57.674757
4962,4962,UPS,eabe4c4a-e2d9-475c-baa7-e2491e463956,2026-05-06 02:52:43.717552,2026-08-14 17:15:16.157905
4963,4963,Amazon Logistics,19f52a4b-0112-480b-ac48-251a446ead83,2026-04-26 23:49:12.400157,2026-06-29 05:55:25.819957
4964,4964,USPS,799de399-b199-460b-82a4-b2118ea2285b,2026-08-10 06:03:40.536768,2026-08-15 07:24:07.939192
4965,4965,USPS,f051e4ae-4a68-4c34-80f1-c38afe4a200c,2025-10-16 11:19:49.901602,2025-11-21 06:38:10.404686
4966,4966,DHL,467dac2c-13a9-493b-9a0e-bf76af6d3ad4,2026-08-13 03:29:52.963978,2026-08-20 20:30:18.266836
4967,4967,UPS,fecadab7-bedf-4b75-8499-2b11877b054e,2025-11-11 13:09:01.454074,2026-06-26 05:29:44.586428
4968,4968,UPS,8447c1af-40ba-4922-ab3b-efb982220197,2026-04-08 05:43:22.517834,2026-07-04 10:50:00.606019
4969,4969,Amazon Logistics,db8e5937-368a-4a00-bd6c-5d632d0dfa78,2026-05-08 19:37:15.118506,2026-06-17 17:58:28.691903
4970,4970,FedEx,034b1f90-abed-4075-ad29-bc672e22ea36,2025-11-12 07:00:34.613382,2025-12-03 04:50:41.746826
4971,4971,Amazon Logistics,d5b47584-7351-4053-8f04-70fe0d4b2a96,2025-11-19 08:23:07.819519,2025-12-05 03:03:47.015661
4972,4972,DHL,57877923-d990-403d-8ed8-338c33b36f4c,2026-07-02 00:02:45.087147,2026-07-06 14:33:25.519660
4973,4973,USPS,064ddc38-e19c-4ab9-861f-16ea971e11e2,2026-04-04 03:23:38.924889,2026-07-27 13:42:38.413829
4974,4974,USPS,348fd537-d4a6-4bfb-ab63-fbeb44f4e69d,2025-10-22 02:56:16.598926,2026-03-05 08:01:01.775273
4975,4975,DHL,d8361e4b-be84-4210-9931-fb7504a6d961,2026-06-07 11:29:53.563428,2026-07-04 16:41:49.039240
4976,4976,Amazon Logistics,490f09ce-d0df-473d-a6fb-581927d5eebb,2026-07-27 01:19:53.560461,2026-08-11 15:48:15.977717
4977,4977,UPS,64468a5e-2d19-4d47-a3b8-708a1f4d11b9,2025-10-20 08:45:14.694541,2026-01-13 08:59:11.061074
4978,4978,DHL,28db54a7-78d8-4b90-a710-76cee732ec6f,2026-07-28 18:46:10.867358,2026-08-17 04:39:13.252720
4979,4979,FedEx,5e2d106a-8c96-4560-83be-b103e0827db0,2025-08-28 17:03:06.030415,2026-02-22 16:44:44.165078
4980,4980,FedEx,c779d7ec-7520-488a-b607-bd5310e70c00,2026-07-03 06:28:34.792024,2026-07-07 03:25:39.901233
4981,4981,Amazon Logistics,2d64f412-f6ed-483b-a0db-f61e9f3d667b,2026-03-26 19:11:41.849535,2026-08-01 20:07:41.484852
4982,4982,DHL,0a5ec01a-e1f3-4969-99fd-fe3203b1533d,2025-09-25 12:32:01.667412,2026-02-19 04:05:20.664250
4983,4983,UPS,65033e7c-6d2d-4fa2-a085-ee0555e01e03,2026-02-13 01:47:43.086898,2026-07-15 06:04:29.447370
4984,4984,USPS,e4fa147e-ada8-44ae-a283-38a71b8d4be5,2026-07-05 21:55:44.995882,2026-07-23 13:25:42.971753
4985,4985,UPS,dad81cbc-1a28-4316-885a-a6e2eeb047c6,2026-05-06 09:59:44.425620,2026-07-24 17:45:25.653092
4986,4986,Amazon Logistics,bb9187f1-e6b1-49b6-8944-4aa0c46c8fa0,2026-01-12 04:12:15.209429,2026-04-25 01:19:32.332274
4987,4987,UPS,7535f222-a008-42ac-9e25-f71c76198fdb,2025-12-07 07:07:59.056262,2026-01-13 04:27:33.519899
4988,4988,FedEx,a3584e1e-e9d7-4942-8117-0e3dcb71427e,2026-04-02 11:11:20.933655,2026-06-29 17:01:08.516200
4989,4989,Amazon Logistics,7986c3ef-723d-4aed-8134-4b73be3c2ccb,2026-03-03 06:54:48.399497,2026-07-10 10:04:14.167002
4990,4990,USPS,cea9398b-25ac-4df0-8d5f-5ae70bfbdd2b,2026-03-05 04:05:54.094394,2026-05-11 07:57:40.423653
4991,4991,Amazon Logistics,f73d8ae1-a58c-404c-8535-e8f5558bd8e3,2026-05-30 22:23:56.745125,2026-07-28 14:02:09.719274
4992,4992,DHL,fa76a70c-307c-461e-835e-042075f407c5,2026-05-27 19:19:04.282171,2026-07-12 12:59:07.360570
4993,4993,DHL,12b7e2a6-edb3-4d19-a829-839e19aa9890,2025-11-05 00:15:17.500232,2025-12-10 15:42:50.081561
4994,4994,Amazon Logistics,870ad8b1-98fe-4e1e-838b-e33f838c37e6,2026-06-12 08:58:59.313624,2026-07-29 11:16:34.870312
4995,4995,UPS,7b4500ba-33eb-48a7-9d7f-bc6a117a448e,2026-08-07 11:37:22.558029,2026-08-20 07:19:19.590667
4996,4996,Amazon Logistics,6e7c8ceb-dfb1-48db-b0a2-9c8712a42a64,2025-12-23 11:25:13.140564,2025-12-29 23:15:56.665545
4997,4997,Amazon Logistics,8ce3e3d6-399e-4add-8d8b-4f16bdac5c56,2026-04-05 01:51:50.188397,2026-08-14 03:04:03.333493
4998,4998,UPS,125f45a7-e1a0-431f-8af9-8494ccff1ba8,2026-04-04 00:45:56.557071,2026-04-22 04:47:55.276192
4999,4999,Amazon Logistics,4268d480-f154-4556-84a8-a59e25b5adcf,2026-07-17 05:11:18.649216,2026-07-17 18:47:18.687429
5000,5000,FedEx,e227484c-12a5-48aa-9afa-655814bcdde4,2026-05-08 06:59:28.304864,2026-05-12 01:56:24.448731
