amount,country_mismatch,payment_failed,suspected_fraud_failure,is_fraud
125.2,0,0,0,0
458.8,0,0,0,0
1137.9,0,0,0,0
1344.65,1,0,0,1
343.02,0,0,0,0
96.88,0,0,0,0
485.32,0,1,0,0
492.98,0,0,0,0
441.0,0,0,0,0
697.8,0,0,0,0
449.7,0,0,0,0
185.16,0,0,0,0
132.7,0,0,0,0
692.97,0,0,0,0
236.82,0,0,0,0
186.63,0,0,0,0
301.65,0,0,0,0
159.08,0,1,1,1
1083.46,1,0,0,1
530.25,0,0,0,0
598.95,0,0,0,0
475.2,0,0,0,0
950.2,0,0,0,0
1182.35,0,0,0,0
152.82,0,0,0,0
28.16,0,0,0,0
9.63,0,0,0,0
907.52,0,0,0,0
180.27,0,0,0,0
792.64,0,0,0,0
142.0,0,1,0,0
660.51,0,0,0,0
54.27,0,0,0,0
29.19,0,0,0,0
716.88,0,0,0,0
518.61,0,0,0,0
1326.38,0,0,0,1
996.6,0,0,0,0
658.32,0,0,0,0
530.07,0,1,0,0
387.09,0,0,0,0
230.72,0,1,0,0
508.65,0,0,0,0
833.0,0,0,0,0
1369.54,1,0,0,1
431.96,0,1,0,0
144.2,0,0,0,0
147.3,0,1,0,0
322.68,0,0,0,0
297.45,0,0,0,0
305.5,0,0,0,0
1177.9,0,0,0,0
736.72,0,1,1,1
2105.87,0,0,0,1
190.77,0,0,0,0
875.35,0,0,0,0
51.43,0,0,0,0
1158.0,0,0,0,0
306.18,0,0,0,0
40.14,0,0,0,0
109.33,0,0,0,0
614.25,0,0,0,0
2334.41,1,0,0,1
1992.16,0,0,0,1
1150.14,0,0,0,1
451.44,0,0,0,0
156.49,0,0,0,0
16.34,0,0,0,0
398.73,0,0,0,0
255.2,0,0,0,0
676.77,0,0,0,0
419.36,0,1,1,1
30.86,0,0,0,0
989.55,0,0,0,0
245.88,0,0,0,0
319.44,0,0,0,0
77.7,0,0,0,0
1009.09,1,0,0,1
162.81,0,0,0,0
157.19,0,0,0,0
254.36,0,0,0,0
450.5,0,0,0,0
406.32,0,0,0,0
189.45,0,0,0,0
699.45,0,0,0,0
1424.12,1,0,0,1
67.95,0,0,0,0
188.06,0,0,0,0
81.62,0,0,0,0
240.99,0,0,0,0
1585.39,0,0,0,1
262.86,0,0,0,0
277.95,0,0,0,0
1188.03,1,0,0,1
495.7,0,0,0,0
233.76,0,0,0,0
2252.29,1,0,0,1
18.83,0,0,0,0
639.24,0,0,0,0
225.1,0,0,0,0
1504.13,0,0,0,1
1204.75,0,1,0,0
49.05,0,0,0,0
493.26,0,0,0,0
181.79,0,0,0,0
2214.72,1,0,0,1
415.84,0,0,0,0
2134.22,1,0,0,1
1017.63,1,0,0,1
58.9,0,0,0,0
356.1,0,0,0,0
176.42,0,0,0,0
113.62,0,0,0,0
187.72,0,0,0,0
66.84,0,0,0,0
1234.55,0,0,0,0
391.98,0,0,0,0
582.96,0,0,0,0
185.88,0,0,0,0
700.74,0,0,0,0
76.68,0,0,0,0
208.75,0,0,0,0
35.96,0,0,0,0
19.05,0,0,0,0
1062.13,1,0,0,1
937.24,0,0,0,0
521.94,0,0,0,0
707.7,0,0,0,0
19.36,0,1,0,0
1397.28,1,0,0,1
364.47,0,0,0,0
39.55,0,0,0,0
491.9,0,0,0,0
1150.98,1,0,0,1
13.48,0,0,0,0
20.2,0,0,0,0
1625.23,1,0,0,1
299.61,0,0,0,0
162.92,0,0,0,0
1579.17,1,0,0,1
287.07,0,0,0,0
1902.0,1,0,0,1
359.4,0,0,0,0
918.32,0,0,0,0
460.58,0,0,0,0
333.88,0,0,0,0
114.44,0,0,0,0
918.65,0,0,0,0
1117.83,1,0,0,1
651.32,0,0,0,0
670.35,0,0,0,0
522.5,0,0,0,0
1323.98,1,0,0,1
2028.95,1,0,0,1
444.12,0,0,0,0
623.73,0,0,0,0
61.8,0,0,0,0
446.24,0,0,0,0
45.2,0,0,0,0
582.4,0,0,0,0
194.97,0,0,0,0
222.75,0,0,0,0
305.88,0,0,0,0
173.59,0,0,0,0
169.71,0,0,0,0
161.85,0,0,0,0
1026.19,1,0,0,1
511.26,0,0,0,0
87.45,0,1,0,0
107.68,0,0,0,0
920.4,0,0,0,0
1096.75,0,0,0,0
356.74,0,0,0,0
457.95,0,0,0,0
83.77,0,0,0,0
207.51,0,0,0,0
748.04,0,0,0,0
1934.62,1,0,0,1
139.57,0,0,0,0
192.1,0,0,0,0
145.98,0,0,0,0
145.95,0,0,0,0
582.2,0,0,0,0
170.04,0,0,0,0
880.45,0,0,0,0
46.95,0,0,0,0
65.97,0,0,0,0
782.95,0,0,0,0
148.28,0,0,0,0
644.36,0,0,0,0
91.17,0,0,0,0
337.62,0,0,0,0
540.88,0,0,0,0
1573.22,1,0,0,1
181.85,0,0,0,0
339.9,0,0,0,0
1054.1,0,0,0,0
187.93,0,0,0,0
560.72,0,0,0,0
521.32,0,0,0,0
320.02,0,0,0,0
288.9,0,0,0,0
1776.2,1,0,0,1
779.3,0,0,0,0
21.98,0,0,0,0
321.32,0,0,0,0
779.24,0,0,0,0
169.56,0,0,0,0
43.92,0,0,0,0
27.46,0,0,0,0
886.9,0,0,0,0
35.44,0,0,0,0
908.48,0,0,0,0
505.96,0,0,0,0
236.34,0,0,0,0
949.76,0,1,0,0
905.4,0,0,0,0
1074.05,0,0,0,0
248.04,0,0,0,0
124.15,0,0,0,0
2108.08,0,0,0,1
110.46,0,0,0,0
309.93,0,0,0,0
14.84,0,0,0,0
170.42,0,0,0,0
170.52,0,0,0,0
33.88,0,0,0,0
404.2,0,0,0,0
578.28,0,0,0,0
414.72,0,0,0,0
902.2,0,1,0,0
994.12,0,0,0,0
181.44,0,0,0,0
260.35,0,1,0,0
146.84,0,0,0,0
2184.29,1,0,0,1
202.22,0,0,0,0
1002.65,0,0,0,0
1258.12,1,0,0,1
13.13,0,0,0,0
195.89,0,0,0,0
388.38,0,0,0,0
72.05,0,1,0,0
178.62,0,0,0,0
453.54,0,0,0,0
965.8,0,0,0,0
466.92,0,0,0,0
263.68,0,1,0,0
1419.05,0,0,0,1
1666.53,1,0,0,1
360.2,0,0,0,0
53.82,0,0,0,0
70.64,0,0,0,0
461.16,0,0,0,0
11.2,0,0,0,0
217.98,0,0,0,0
139.12,0,0,0,0
1163.95,0,0,0,0
126.1,0,0,0,0
587.91,0,0,0,0
50.22,0,0,0,0
103.18,0,0,0,0
342.24,0,0,0,0
108.07,0,0,0,0
136.01,0,0,0,0
151.58,0,0,0,0
456.15,0,0,0,0
610.02,0,0,0,0
460.65,0,0,0,0
620.68,0,0,0,0
102.72,0,1,0,0
1065.95,0,0,0,0
124.81,0,0,0,0
337.35,0,0,0,0
244.52,0,0,0,0
451.26,0,0,0,0
296.45,0,0,0,0
183.0,0,0,0,0
489.46,0,0,0,0
130.11,0,0,0,0
857.28,0,0,0,0
495.32,0,0,0,0
1942.78,1,0,0,1
399.74,0,0,0,0
552.42,0,0,0,0
120.78,0,0,0,0
1562.95,1,0,0,1
553.0,0,0,0,0
1930.56,0,0,0,1
129.53,0,0,0,0
440.88,0,0,0,0
630.0,0,0,0,0
197.82,0,0,0,0
422.94,0,0,0,0
132.83,0,0,0,0
674.88,0,0,0,0
710.84,0,0,0,0
1338.08,0,0,0,1
810.4,0,0,0,0
49.87,0,0,0,0
1924.14,0,0,0,1
924.45,0,0,0,0
381.65,0,0,0,0
131.68,0,0,0,0
100.89,0,0,0,0
168.93,0,0,0,0
699.72,0,0,0,0
124.72,0,0,0,0
205.53,0,0,0,0
1186.6,1,0,0,1
203.58,0,0,0,0
569.32,0,0,0,0
247.72,0,1,0,0
362.9,0,0,0,0
1100.27,1,0,0,1
497.1,0,1,1,1
924.15,0,0,0,0
2394.12,1,0,0,1
269.8,0,0,0,0
1138.5,0,0,0,0
170.52,0,0,0,0
303.85,0,0,0,0
1239.18,1,0,0,1
982.64,0,0,0,0
169.64,0,0,0,0
1071.61,0,0,0,1
623.85,0,0,0,0
317.68,0,0,0,0
122.9,0,0,0,0
852.32,0,0,0,0
170.4,0,0,0,0
899.36,0,0,0,0
130.63,0,0,0,0
1251.91,0,0,0,1
49.38,0,0,0,0
33.12,0,0,0,0
754.1,0,0,0,0
298.83,0,0,0,0
1822.81,1,0,0,1
223.24,0,0,0,0
1128.3,1,0,0,1
2456.57,0,0,0,1
1112.35,0,0,0,0
26.42,0,0,0,0
1439.35,1,0,0,1
288.68,0,0,0,0
235.91,0,0,0,0
1159.1,0,1,0,0
242.04,0,0,0,0
411.6,0,0,0,0
211.69,0,0,0,0
37.8,0,0,0,0
22.5,0,0,0,0
2021.89,1,0,0,1
861.36,0,0,0,0
44.01,0,0,0,0
344.48,0,1,0,0
1007.3,0,0,0,0
190.27,0,0,0,0
295.26,0,1,0,0
417.92,0,0,0,0
560.88,0,0,0,0
233.85,0,0,0,0
1959.19,1,0,0,1
576.81,0,0,0,0
730.05,0,0,0,0
276.56,0,0,0,0
421.62,0,0,0,0
195.75,0,0,0,0
45.19,0,0,0,0
226.61,0,0,0,0
577.3,0,0,0,0
367.32,0,0,0,0
188.29,0,0,0,0
1881.21,1,0,0,1
1839.84,1,0,0,1
368.38,0,0,0,0
55.5,0,1,0,0
2299.48,1,0,0,1
855.24,0,0,0,0
88.24,0,0,0,0
2246.82,0,0,0,1
1456.81,1,0,0,1
24.9,0,0,0,0
345.88,0,0,0,0
32.47,0,0,0,0
2442.01,1,0,0,1
419.88,0,0,0,0
170.62,0,0,0,0
86.12,0,0,0,0
1261.6,1,0,0,1
2250.06,1,0,0,1
1280.39,1,0,0,1
62.79,0,0,0,0
1730.04,1,0,0,1
627.06,0,0,0,0
526.75,0,0,0,0
25.94,0,0,0,0
213.27,0,0,0,0
2285.0,1,0,0,1
229.23,0,0,0,0
236.59,0,0,0,0
872.36,0,0,0,0
35.84,0,0,0,0
209.69,0,1,0,0
1003.55,0,0,0,0
896.2,0,0,0,0
1006.0,0,1,0,0
129.37,0,0,0,0
23.94,0,0,0,0
248.74,0,0,0,0
546.8,0,0,0,0
881.5,0,1,0,0
968.36,0,0,0,0
2172.5,1,0,0,1
1009.45,0,0,0,0
2364.71,1,0,0,1
740.58,0,0,0,0
17.55,0,1,0,0
19.24,0,0,0,0
500.04,0,0,0,0
76.62,0,0,0,0
824.1,0,0,0,0
128.6,0,0,0,0
193.64,0,1,1,1
465.69,0,0,0,0
22.62,0,0,0,0
509.76,0,0,0,0
177.2,0,0,0,0
323.34,0,0,0,0
427.56,0,0,0,0
463.94,0,0,0,0
768.7,0,0,0,0
393.25,0,0,0,0
83.8,0,0,0,0
453.18,0,0,0,0
89.78,0,0,0,0
571.26,0,0,0,0
637.92,0,0,0,0
991.16,0,0,0,0
958.4,0,0,0,0
21.56,0,0,0,0
655.11,0,0,0,0
372.0,0,0,0,0
17.02,0,0,0,0
1228.36,1,0,0,1
144.72,0,0,0,0
543.52,0,1,0,0
414.32,0,0,0,0
907.76,0,0,0,0
2425.76,1,0,0,1
281.22,0,0,0,0
267.7,0,0,0,0
435.28,0,0,0,0
282.28,0,0,0,0
37.68,0,0,0,0
423.42,0,0,0,0
665.85,0,0,0,0
460.46,0,0,0,0
374.16,0,0,0,0
605.37,0,0,0,0
1240.05,0,0,0,0
2409.36,1,0,0,1
411.45,0,1,0,0
1886.44,1,0,0,1
114.81,0,0,0,0
228.58,0,1,1,1
320.61,0,0,0,0
445.11,0,0,0,0
143.31,0,0,0,0
98.91,0,0,0,0
184.94,0,0,0,0
306.25,0,1,1,1
675.09,0,0,0,0
692.1,0,0,0,0
541.55,0,0,0,0
206.0,0,0,0,0
1966.85,1,0,0,1
300.66,0,0,0,0
230.52,0,0,0,0
15.06,0,0,0,0
281.49,0,0,0,0
96.27,0,0,0,0
181.06,0,0,0,0
116.1,0,0,0,0
505.15,0,0,0,0
775.5,0,0,0,0
273.6,0,0,0,0
302.54,0,0,0,0
748.29,0,0,0,0
900.1,0,0,0,0
1827.44,0,0,0,1
319.4,0,0,0,0
692.35,0,0,0,0
2372.11,1,0,0,1
136.77,0,0,0,0
581.04,0,0,0,0
477.1,0,0,0,0
487.32,0,0,0,0
250.82,0,0,0,0
901.04,0,0,0,0
10.93,0,0,0,0
601.8,0,1,0,0
47.14,0,0,0,0
587.88,0,0,0,0
202.92,0,0,0,0
977.1,0,0,0,0
1910.28,1,0,0,1
188.38,0,0,0,0
996.36,0,0,0,0
1179.85,0,0,0,0
872.55,0,0,0,0
525.64,0,0,0,0
84.16,0,0,0,0
119.61,0,0,0,0
78.16,0,0,0,0
209.55,0,0,0,0
965.05,0,0,0,0
190.83,0,0,0,0
607.4,0,0,0,0
383.65,0,1,1,1
498.22,0,0,0,0
210.67,0,0,0,0
2410.46,1,0,0,1
316.4,0,0,0,0
115.29,0,0,0,0
1711.33,1,0,0,1
1248.9,0,0,0,0
420.88,0,0,0,0
1240.6,0,0,0,0
91.89,0,0,0,0
479.0,0,0,0,0
444.94,0,0,0,0
743.96,0,0,0,0
1394.92,1,0,0,1
234.48,0,0,0,0
211.49,0,0,0,0
147.91,0,0,0,0
100.69,0,0,0,0
766.72,0,0,0,0
442.78,0,0,0,0
491.91,0,0,0,0
610.24,0,0,0,0
283.72,0,0,0,0
342.3,0,0,0,0
415.76,0,0,0,0
1341.61,1,0,0,1
241.04,0,1,0,0
426.0,0,0,0,0
1106.0,0,0,0,0
832.04,0,0,0,0
9.43,0,0,0,0
175.78,0,1,0,0
635.36,0,0,0,0
330.48,0,0,0,0
2206.79,0,0,0,1
16.47,0,0,0,0
637.83,0,0,0,0
1666.62,0,0,0,1
44.6,0,0,0,0
435.84,0,0,0,0
773.2,0,0,0,0
246.84,0,0,0,0
720.72,0,0,0,0
325.38,0,0,0,0
347.75,0,0,0,0
772.6,0,1,0,0
82.71,0,0,0,0
575.12,0,0,0,0
915.08,0,0,0,0
422.55,0,0,0,0
1829.89,0,0,0,1
133.39,0,0,0,0
286.76,0,0,0,0
1393.75,1,0,0,1
359.16,0,0,0,0
475.44,0,0,0,0
1404.75,1,0,0,1
141.25,0,0,0,0
224.81,0,0,0,0
325.3,0,0,0,0
2461.37,1,0,0,1
89.84,0,0,0,0
12.78,0,0,0,0
366.68,0,0,0,0
721.15,0,0,0,0
123.86,0,0,0,0
548.8,0,0,0,0
633.0,0,0,0,0
103.62,0,0,0,0
551.85,0,0,0,0
82.68,0,0,0,0
85.42,0,0,0,0
2477.66,1,0,0,1
46.5,0,0,0,0
157.92,0,0,0,0
95.7,0,0,0,0
170.56,0,0,0,0
131.55,0,0,0,0
76.0,0,0,0,0
242.52,0,0,0,0
36.3,0,0,0,0
384.38,0,0,0,0
42.04,0,0,0,0
2003.06,0,0,0,1
624.88,0,0,0,0
707.94,0,0,0,0
1048.85,1,0,0,1
57.6,0,0,0,0
718.56,0,0,0,0
904.24,0,0,0,0
168.92,0,0,0,0
1424.85,1,0,0,1
2004.07,1,0,0,1
508.44,0,0,0,0
390.62,0,0,0,0
484.92,0,0,0,0
319.32,0,0,0,0
792.9,0,0,0,0
1658.89,1,0,0,1
638.55,0,0,0,0
236.16,0,0,0,0
2379.34,1,0,0,1
774.72,0,0,0,0
1082.37,1,0,0,1
2138.05,1,0,0,1
786.84,0,0,0,0
942.68,0,0,0,0
1683.09,1,0,0,1
732.18,0,0,0,0
303.39,0,0,0,0
1314.77,0,0,0,1
120.34,0,0,0,0
195.9,0,0,0,0
2199.28,0,0,0,1
1209.31,1,0,0,1
206.9,0,0,0,0
275.67,0,0,0,0
235.46,0,0,0,0
409.75,0,0,0,0
208.88,0,0,0,0
2482.27,0,0,0,1
415.2,0,0,0,0
441.8,0,0,0,0
122.4,0,0,0,0
508.23,0,0,0,0
16.74,0,0,0,0
2350.37,1,0,0,1
622.4,0,0,0,0
600.3,0,0,0,0
1197.6,0,0,0,0
1608.9,1,0,0,1
222.39,0,0,0,0
431.1,0,0,0,0
216.3,0,0,0,0
211.98,0,0,0,0
305.45,0,0,0,0
1185.19,1,0,0,1
534.15,0,1,0,0
400.92,0,0,0,0
2418.99,1,0,0,1
430.35,0,0,0,0
229.74,0,0,0,0
245.52,0,0,0,0
39.7,0,0,0,0
73.28,0,0,0,0
456.96,0,0,0,0
347.07,0,0,0,0
501.88,0,0,0,0
486.82,0,0,0,0
49.28,0,0,0,0
38.52,0,0,0,0
92.67,0,0,0,0
37.06,0,0,0,0
551.36,0,0,0,0
361.77,0,0,0,0
2169.7,1,0,0,1
125.04,0,0,0,0
117.2,0,0,0,0
383.18,0,0,0,0
1892.52,1,0,0,1
1187.77,1,0,0,1
1867.67,1,0,0,1
2208.65,0,0,0,1
163.68,0,0,0,0
363.96,0,1,0,0
30.26,0,0,0,0
110.61,0,0,0,0
461.32,0,0,0,0
265.2,0,0,0,0
60.18,0,0,0,0
498.22,0,0,0,0
67.41,0,0,0,0
377.0,0,0,0,0
373.8,0,0,0,0
2497.25,1,0,0,1
143.26,0,0,0,0
909.08,0,0,0,0
10.76,0,1,0,0
196.29,0,0,0,0
516.08,0,0,0,0
1291.86,1,0,0,1
682.88,0,0,0,0
59.16,0,0,0,0
505.0,0,0,0,0
1442.77,1,0,0,1
11.86,0,0,0,0
51.65,0,0,0,0
1181.6,0,0,0,0
477.56,0,0,0,0
178.26,0,0,0,0
1730.05,1,0,0,1
400.4,0,0,0,0
864.88,0,0,0,0
706.35,0,0,0,0
961.88,0,0,0,0
897.4,0,1,0,0
474.2,0,0,0,0
113.47,0,0,0,0
265.32,0,0,0,0
441.15,0,0,0,0
937.2,0,0,0,0
228.0,0,1,0,0
587.95,0,1,0,0
411.3,0,0,0,0
1436.3,1,0,0,1
245.6,0,0,0,0
660.05,0,0,0,0
419.54,0,0,0,0
188.64,0,0,0,0
1014.24,1,0,0,1
107.22,0,0,0,0
42.51,0,0,0,0
323.26,0,0,0,0
365.28,0,0,0,0
185.99,0,0,0,0
193.44,0,0,0,0
115.9,0,0,0,0
846.5,0,0,0,0
243.53,0,0,0,0
141.04,0,0,0,0
805.35,0,0,0,0
2004.37,1,0,0,1
850.68,0,0,0,0
1391.66,1,0,0,1
743.52,0,0,0,0
80.7,0,0,0,0
581.8,0,0,0,0
438.12,0,0,0,0
1756.51,1,0,0,1
42.64,0,0,0,0
366.65,0,0,0,0
564.48,0,0,0,0
138.93,0,0,0,0
351.2,0,0,0,0
142.73,0,0,0,0
647.31,0,0,0,0
230.19,0,0,0,0
134.24,0,0,0,0
2401.19,1,0,0,1
266.04,0,0,0,0
46.48,0,0,0,0
464.73,0,0,0,0
1918.59,1,0,0,1
1863.69,0,0,0,1
99.71,0,0,0,0
123.5,0,0,0,0
1187.7,0,0,0,0
216.6,0,0,0,0
617.28,0,0,0,0
669.4,0,0,0,0
457.11,0,0,0,0
135.9,0,0,0,0
445.36,0,0,0,0
390.9,0,0,0,0
474.54,0,0,0,0
196.48,0,0,0,0
444.68,0,0,0,0
811.9,0,0,0,0
704.64,0,0,0,0
242.74,0,0,0,0
701.2,0,0,0,0
216.5,0,0,0,0
1016.96,1,0,0,1
240.55,0,0,0,0
346.16,0,0,0,0
784.8,0,0,0,0
1303.71,1,0,0,1
59.97,0,0,0,0
130.24,0,0,0,0
155.78,0,0,0,0
234.78,0,0,0,0
235.44,0,0,0,0
113.9,0,0,0,0
964.85,0,0,0,0
105.57,0,1,0,0
148.88,0,0,0,0
442.14,0,0,0,0
81.27,0,0,0,0
480.98,0,0,0,0
441.51,0,0,0,0
340.98,0,0,0,0
171.2,0,0,0,0
158.79,0,0,0,0
115.7,0,0,0,0
918.24,0,0,0,0
197.61,0,0,0,0
243.94,0,0,0,0
78.42,0,0,0,0
423.44,0,0,0,0
993.76,0,0,0,0
658.44,0,0,0,0
436.72,0,0,0,0
2358.23,1,0,0,1
724.47,0,0,0,0
553.35,0,0,0,0
181.95,0,0,0,0
76.7,0,0,0,0
458.96,0,0,0,0
402.62,0,0,0,0
112.77,0,0,0,0
480.2,0,0,0,0
255.6,0,0,0,0
1165.95,0,0,0,0
1111.35,0,1,0,0
686.9,0,0,0,0
98.49,0,0,0,0
666.9,0,0,0,0
399.16,0,0,0,0
168.25,0,0,0,0
237.52,0,0,0,0
220.04,0,0,0,0
79.83,0,0,0,0
738.42,0,0,0,0
49.88,0,0,0,0
218.08,0,0,0,0
69.21,0,0,0,0
265.2,0,0,0,0
155.97,0,1,0,0
228.4,0,0,0,0
23.64,0,0,0,0
288.1,0,0,0,0
278.0,0,0,0,0
178.13,0,1,0,0
139.86,0,0,0,0
377.79,0,0,0,0
362.04,0,0,0,0
553.53,0,0,0,0
783.9,0,0,0,0
159.63,0,0,0,0
523.8,0,0,0,0
777.24,0,0,0,0
523.76,0,0,0,0
103.38,0,0,0,0
457.26,0,0,0,0
1419.98,1,0,0,1
793.8,0,0,0,0
95.01,0,0,0,0
933.5,0,0,0,0
224.55,0,0,0,0
145.08,0,0,0,0
619.62,0,0,0,0
76.44,0,0,0,0
275.56,0,0,0,0
408.1,0,0,0,0
175.47,0,0,0,0
271.9,0,0,0,0
209.24,0,1,0,0
1744.07,1,0,0,1
680.65,0,0,0,0
63.29,0,0,0,0
25.88,0,0,0,0
1660.87,1,0,0,1
966.5,0,0,0,0
367.02,0,0,0,0
191.34,0,0,0,0
143.06,0,0,0,0
147.48,0,0,0,0
356.68,0,0,0,0
156.51,0,0,0,0
593.13,0,0,0,0
189.18,0,0,0,0
212.33,0,0,0,0
197.52,0,0,0,0
730.4,0,0,0,0
108.53,0,0,0,0
132.04,0,0,0,0
1994.57,1,0,0,1
14.5,0,0,0,0
16.2,0,0,0,0
222.6,0,0,0,0
152.38,0,0,0,0
1153.53,0,0,0,1
910.68,0,0,0,0
128.31,0,0,0,0
92.94,0,0,0,0
80.77,0,0,0,0
79.3,0,0,0,0
774.76,0,0,0,0
725.75,0,0,0,0
1849.94,1,0,0,1
417.14,0,0,0,0
333.35,0,0,0,0
101.68,0,0,0,0
2306.67,1,0,0,1
561.92,0,0,0,0
788.5,0,0,0,0
315.45,0,0,0,0
488.24,0,0,0,0
2456.82,1,0,0,1
489.68,0,0,0,0
168.21,0,0,0,0
209.38,0,0,0,0
451.18,0,0,0,0
148.24,0,0,0,0
605.8,0,0,0,0
27.0,0,0,0,0
60.24,0,0,0,0
1143.5,0,0,0,0
165.13,0,0,0,0
98.94,0,0,0,0
999.48,0,0,0,0
39.58,0,0,0,0
648.92,0,0,0,0
449.43,0,0,0,0
58.72,0,0,0,0
602.12,0,1,0,0
229.7,0,0,0,0
46.48,0,0,0,0
875.8,0,0,0,0
371.84,0,0,0,0
717.3,0,0,0,0
2289.14,1,0,0,1
160.02,0,0,0,0
2181.03,1,0,0,1
1302.03,1,0,0,1
184.39,0,0,0,0
480.05,0,0,0,0
1243.15,0,1,0,0
449.96,0,0,0,0
337.36,0,0,0,0
115.52,0,0,0,0
77.3,0,0,0,0
215.9,0,0,0,0
785.55,0,0,0,0
1049.03,0,0,0,1
652.95,0,0,0,0
941.5,0,0,0,0
738.99,0,0,0,0
196.23,0,0,0,0
34.4,0,0,0,0
484.78,0,0,0,0
602.3,0,0,0,0
182.52,0,0,0,0
97.8,0,0,0,0
227.73,0,0,0,0
191.7,0,0,0,0
100.65,0,0,0,0
656.44,0,0,0,0
537.03,0,0,0,0
426.15,0,0,0,0
385.84,0,1,0,0
554.35,0,0,0,0
235.99,0,0,0,0
441.95,0,0,0,0
735.12,0,0,0,0
781.8,0,0,0,0
21.48,0,1,0,0
641.25,0,0,0,0
181.22,0,0,0,0
309.3,0,0,0,0
127.8,0,0,0,0
217.54,0,0,0,0
616.36,0,0,0,0
152.78,0,0,0,0
258.66,0,0,0,0
2364.52,1,0,0,1
308.14,0,0,0,0
27.06,0,0,0,0
1016.7,0,0,0,0
24.2,0,0,0,0
236.8,0,0,0,0
553.92,0,0,0,0
1746.12,0,0,0,1
2059.18,1,0,0,1
311.16,0,0,0,0
1315.88,1,0,0,1
228.87,0,0,0,0
1629.53,1,0,0,1
967.6,0,0,0,0
938.85,0,0,0,0
479.04,0,0,0,0
249.42,0,0,0,0
1216.75,0,0,0,0
306.36,0,1,0,0
771.96,0,0,0,0
1211.35,0,0,0,0
407.24,0,0,0,0
342.82,0,0,0,0
242.03,0,0,0,0
372.06,0,0,0,0
797.4,0,0,0,0
1193.49,1,0,0,1
617.34,0,0,0,0
1012.9,0,0,0,0
86.08,0,0,0,0
121.68,0,1,0,0
339.64,0,0,0,0
512.64,0,0,0,0
287.3,0,0,0,0
757.7,0,0,0,0
243.2,0,0,0,0
1674.41,1,0,0,1
1536.33,1,0,0,1
975.2,0,0,0,0
82.02,0,0,0,0
140.28,0,0,0,0
49.18,0,0,0,0
286.45,0,0,0,0
37.96,0,0,0,0
1088.28,1,0,0,1
937.76,0,0,0,0
806.6,0,0,0,0
1066.8,0,0,0,0
1247.4,0,1,0,0
78.46,0,0,0,0
619.75,0,0,0,0
640.05,0,0,0,0
735.09,0,0,0,0
1777.43,1,0,0,1
78.17,0,0,0,0
929.64,0,0,0,0
146.02,0,0,0,0
249.64,0,0,0,0
897.8,0,0,0,0
732.84,0,0,0,0
1770.85,1,0,0,1
106.8,0,0,0,0
89.63,0,0,0,0
840.36,0,0,0,0
177.13,0,0,0,0
666.54,0,0,0,0
653.4,0,0,0,0
577.0,0,0,0,0
109.6,0,0,0,0
189.46,0,0,0,0
540.27,0,0,0,0
1549.23,1,0,0,1
706.23,0,0,0,0
473.04,0,0,0,0
632.85,0,0,0,0
362.43,0,1,0,0
54.48,0,0,0,0
1836.33,1,0,0,1
1623.7,1,0,0,1
259.4,0,1,0,0
431.9,0,0,0,0
1506.8,1,0,0,1
956.24,0,0,0,0
671.2,0,0,0,0
392.0,0,0,0,0
317.97,0,0,0,0
58.67,0,1,0,0
135.64,0,0,0,0
207.24,0,0,0,0
493.44,0,0,0,0
407.25,0,0,0,0
619.77,0,0,0,0
1595.54,0,0,0,1
1225.35,0,0,0,0
802.85,0,0,0,0
685.4,0,1,0,0
362.64,0,1,0,0
175.15,0,0,0,0
68.41,0,0,0,0
1674.75,1,0,0,1
123.66,0,1,0,0
196.16,0,0,0,0
1733.85,1,0,0,1
158.9,0,0,0,0
166.55,0,0,0,0
189.24,0,0,0,0
745.52,0,0,0,0
281.7,0,0,0,0
232.4,0,0,0,0
106.11,0,0,0,0
327.88,0,0,0,0
345.85,0,0,0,0
1628.67,1,0,0,1
290.8,0,0,0,0
463.02,0,0,0,0
88.38,0,0,0,0
95.39,0,0,0,0
20.37,0,0,0,0
2082.25,0,0,0,1
1966.18,1,0,0,1
127.62,0,0,0,0
94.68,0,0,0,0
701.37,0,0,0,0
795.84,0,0,0,0
1231.64,1,0,0,1
169.86,0,0,0,0
863.55,0,0,0,0
374.32,0,0,0,0
29.52,0,0,0,0
483.84,0,0,0,0
857.32,0,0,0,0
7.95,0,1,0,0
506.8,0,0,0,0
957.6,0,0,0,0
825.48,0,0,0,0
1947.58,1,0,0,1
271.26,0,0,0,0
199.93,0,0,0,0
973.48,0,0,0,0
80.52,0,1,0,0
1676.96,1,0,0,1
2067.12,1,0,0,1
25.08,0,0,0,0
721.92,0,0,0,0
79.76,0,0,0,0
97.9,0,0,0,0
158.07,0,0,0,0
2145.24,1,0,0,1
2002.69,0,0,0,1
1236.7,0,0,0,0
710.88,0,0,0,0
273.96,0,0,0,0
298.62,0,0,0,0
611.15,0,0,0,0
328.2,0,0,0,0
170.85,0,0,0,0
324.7,0,0,0,0
430.16,0,0,0,0
329.72,0,1,1,1
139.05,0,0,0,0
850.12,0,0,0,0
214.3,0,0,0,0
2233.77,1,0,0,1
2376.7,1,0,0,1
236.35,0,0,0,0
437.76,0,0,0,0
301.2,0,0,0,0
221.2,0,0,0,0
1032.89,1,0,0,1
1663.03,1,0,0,1
727.8,0,0,0,0
827.65,0,0,0,0
779.75,0,0,0,0
102.13,0,0,0,0
2185.12,1,0,0,1
297.05,0,0,0,0
309.87,0,0,0,0
203.97,0,0,0,0
160.52,0,0,0,0
86.55,0,0,0,0
195.88,0,0,0,0
283.95,0,0,0,0
1097.85,0,0,0,0
393.09,0,0,0,0
117.84,0,0,0,0
2487.19,0,0,0,1
1913.72,1,0,0,1
173.08,0,0,0,0
1044.43,1,0,0,1
104.1,0,1,0,0
126.5,0,0,0,0
216.2,0,0,0,0
1523.22,1,0,0,1
168.14,0,0,0,0
742.9,0,0,0,0
394.68,0,0,0,0
165.4,0,0,0,0
441.94,0,0,0,0
101.55,0,1,0,0
2421.88,1,0,0,1
746.76,0,0,0,0
1645.29,1,0,0,1
1157.25,0,0,0,0
624.95,0,1,1,1
437.4,0,0,0,0
82.1,0,0,0,0
423.75,0,0,0,0
38.5,0,0,0,0
158.38,0,0,0,0
657.0,0,0,0,0
288.16,0,1,1,1
426.84,0,0,0,0
118.48,0,0,0,0
433.6,0,0,0,0
223.58,0,0,0,0
699.0,0,0,0,0
1024.6,0,0,0,0
245.04,0,0,0,0
78.78,0,0,0,0
82.66,0,0,0,0
463.12,0,0,0,0
2222.06,1,0,0,1
191.64,0,0,0,0
2292.04,1,0,0,1
220.59,0,0,0,0
36.7,0,0,0,0
159.92,0,0,0,0
480.93,0,0,0,0
279.2,0,0,0,0
237.89,0,0,0,0
1247.4,0,0,0,0
190.85,0,0,0,0
213.3,0,0,0,0
1032.6,0,0,0,0
327.45,0,0,0,0
78.85,0,0,0,0
1859.76,1,0,0,1
1612.54,0,0,0,1
1361.89,0,0,0,1
419.78,0,0,0,0
16.39,0,0,0,0
187.25,0,0,0,0
323.75,0,0,0,0
251.5,0,0,0,0
1118.5,1,0,0,1
107.28,0,0,0,0
644.64,0,0,0,0
388.08,0,0,0,0
272.0,0,0,0,0
1923.01,1,0,0,1
248.72,0,0,0,0
116.27,0,0,0,0
485.36,0,0,0,0
159.1,0,0,0,0
55.2,0,1,0,0
939.68,0,0,0,0
495.4,0,0,0,0
2167.86,0,0,0,1
881.4,0,0,0,0
204.81,0,0,0,0
430.0,0,0,0,0
544.56,0,0,0,0
592.0,0,0,0,0
2217.7,1,0,0,1
197.26,0,0,0,0
90.08,0,0,0,0
864.15,0,0,0,0
146.43,0,0,0,0
187.13,0,0,0,0
57.13,0,0,0,0
379.34,0,0,0,0
733.71,0,0,0,0
836.04,0,0,0,0
799.92,0,0,0,0
587.25,0,0,0,0
1909.94,0,0,0,1
163.56,0,0,0,0
179.6,0,0,0,0
451.7,0,0,0,0
659.28,0,0,0,0
549.48,0,0,0,0
576.2,0,0,0,0
447.56,0,0,0,0
276.4,0,0,0,0
537.66,0,0,0,0
429.06,0,0,0,0
259.04,0,0,0,0
120.62,0,0,0,0
995.12,0,0,0,0
171.0,0,0,0,0
77.7,0,0,0,0
845.36,0,0,0,0
125.36,0,0,0,0
483.28,0,0,0,0
736.8,0,0,0,0
908.75,0,0,0,0
1692.5,1,0,0,1
2107.88,1,0,0,1
208.76,0,0,0,0
15.94,0,0,0,0
34.05,0,0,0,0
19.38,0,0,0,0
699.55,0,1,0,0
1179.55,0,0,0,0
256.86,0,0,0,0
601.96,0,0,0,0
201.48,0,0,0,0
29.36,0,0,0,0
628.26,0,0,0,0
508.35,0,0,0,0
671.6,0,0,0,0
433.06,0,0,0,0
2458.03,1,0,0,1
931.65,0,0,0,0
784.75,0,0,0,0
452.16,0,0,0,0
273.18,0,0,0,0
245.48,0,0,0,0
704.65,0,0,0,0
894.95,0,0,0,0
454.02,0,0,0,0
553.17,0,0,0,0
135.09,0,0,0,0
624.72,0,0,0,0
772.24,0,0,0,0
631.86,0,0,0,0
300.96,0,0,0,0
168.43,0,0,0,0
801.24,0,0,0,0
161.95,0,0,0,0
443.46,0,0,0,0
460.36,0,0,0,0
2150.21,1,0,0,1
478.92,0,0,0,0
1165.4,0,0,0,0
243.86,0,0,0,0
124.12,0,0,0,0
52.4,0,0,0,0
1771.02,0,0,0,1
1319.53,1,0,0,1
1064.75,0,1,0,0
142.46,0,0,0,0
438.06,0,0,0,0
755.45,0,0,0,0
317.24,0,0,0,0
297.4,0,0,0,0
351.56,0,0,0,0
156.44,0,0,0,0
215.16,0,0,0,0
114.4,0,0,0,0
673.47,0,0,0,0
96.8,0,0,0,0
447.36,0,0,0,0
2377.81,1,0,0,1
438.1,0,0,0,0
890.64,0,1,0,0
32.68,0,0,0,0
351.57,0,0,0,0
1771.06,1,0,0,1
431.98,0,0,0,0
1154.1,1,0,0,1
113.09,0,0,0,0
43.01,0,0,0,0
503.8,0,0,0,0
130.85,0,0,0,0
780.55,0,0,0,0
72.33,0,0,0,0
56.46,0,0,0,0
456.6,0,0,0,0
665.88,0,0,0,0
88.25,0,0,0,0
1667.16,0,0,0,1
1932.44,1,0,0,1
523.2,0,0,0,0
659.44,0,0,0,0
686.73,0,0,0,0
94.8,0,0,0,0
423.12,0,0,0,0
105.26,0,0,0,0
246.58,0,0,0,0
59.85,0,0,0,0
499.92,0,1,1,1
656.65,0,0,0,0
2462.98,1,0,0,1
841.04,0,0,0,0
34.16,0,0,0,0
427.02,0,1,0,0
967.16,0,1,0,0
278.94,0,1,0,0
126.84,0,0,0,0
172.29,0,0,0,0
889.16,0,0,0,0
244.32,0,1,1,1
50.37,0,0,0,0
160.43,0,0,0,0
714.4,0,0,0,0
192.46,0,0,0,0
59.63,0,0,0,0
60.7,0,0,0,0
607.71,0,0,0,0
30.87,0,0,0,0
1046.23,0,0,0,1
690.32,0,0,0,0
508.24,0,0,0,0
209.3,0,0,0,0
196.05,0,0,0,0
286.24,0,0,0,0
34.9,0,0,0,0
1010.6,0,0,0,0
428.37,0,0,0,0
1065.05,0,0,0,0
163.92,0,0,0,0
430.75,0,0,0,0
645.96,0,0,0,0
181.56,0,0,0,0
654.2,0,0,0,0
538.35,0,0,0,0
76.96,0,0,0,0
1717.87,1,0,0,1
925.76,0,0,0,0
227.97,0,1,1,1
244.2,0,0,0,0
114.86,0,0,0,0
199.06,0,0,0,0
264.2,0,0,0,0
667.6,0,0,0,0
644.36,0,0,0,0
238.38,0,0,0,0
469.0,0,0,0,0
2439.19,1,0,0,1
124.21,0,0,0,0
579.52,0,0,0,0
120.06,0,0,0,0
18.22,0,0,0,0
341.48,0,0,0,0
256.2,0,0,0,0
728.46,0,0,0,0
52.67,0,0,0,0
36.06,0,0,0,0
676.76,0,0,0,0
1654.71,0,0,0,1
579.24,0,0,0,0
49.43,0,0,0,0
624.75,0,0,0,0
1428.71,1,0,0,1
975.72,0,0,0,0
49.95,0,0,0,0
1098.5,0,1,0,0
160.96,0,0,0,0
272.67,0,0,0,0
876.72,0,1,0,0
2283.1,1,0,0,1
922.85,0,0,0,0
98.31,0,0,0,0
363.87,0,0,0,0
503.64,0,0,0,0
237.33,0,0,0,0
59.22,0,0,0,0
71.22,0,0,0,0
501.45,0,0,0,0
357.54,0,0,0,0
1691.54,1,0,0,1
543.68,0,0,0,0
520.7,0,0,0,0
361.4,0,0,0,0
1291.85,1,0,0,1
314.74,0,0,0,0
629.48,0,0,0,0
1181.03,1,0,0,1
241.97,0,0,0,0
243.24,0,0,0,0
239.82,0,0,0,0
29.54,0,0,0,0
413.61,0,0,0,0
1424.03,1,0,0,1
44.06,0,0,0,0
2360.4,1,0,0,1
780.75,0,0,0,0
241.35,0,0,0,0
978.04,0,0,0,0
113.4,0,0,0,0
564.64,0,0,0,0
812.88,0,0,0,0
137.06,0,0,0,0
932.7,0,0,0,0
523.53,0,0,0,0
1017.0,0,0,0,0
1620.05,1,0,0,1
121.57,0,0,0,0
455.88,0,0,0,0
21.52,0,0,0,0
226.5,0,0,0,0
771.4,0,0,0,0
1536.94,1,0,0,1
427.6,0,0,0,0
74.75,0,0,0,0
71.29,0,0,0,0
308.34,0,1,0,0
408.14,0,0,0,0
884.84,0,0,0,0
239.3,0,0,0,0
135.21,0,0,0,0
778.96,0,1,1,1
1693.94,0,0,0,1
830.84,0,0,0,0
426.66,0,0,0,0
435.6,0,0,0,0
561.8,0,1,0,0
1002.55,0,0,0,0
17.0,0,0,0,0
190.94,0,0,0,0
243.7,0,0,0,0
220.31,0,0,0,0
282.92,0,0,0,0
413.05,0,0,0,0
255.8,0,0,0,0
442.66,0,0,0,0
315.06,0,0,0,0
435.68,0,0,0,0
198.87,0,0,0,0
465.56,0,0,0,0
310.35,0,0,0,0
484.86,0,0,0,0
225.4,0,0,0,0
943.95,0,1,1,1
36.02,0,0,0,0
77.23,0,0,0,0
79.52,0,1,1,1
247.36,0,0,0,0
1021.4,0,0,0,1
41.08,0,0,0,0
2289.93,0,0,0,1
567.18,0,0,0,0
414.8,0,0,0,0
521.88,0,0,0,0
1162.0,1,0,0,1
182.8,0,0,0,0
399.66,0,0,0,0
456.2,0,0,0,0
388.89,0,0,0,0
425.61,0,0,0,0
842.75,0,0,0,0
433.65,0,0,0,0
846.25,0,0,0,0
1983.06,1,0,0,1
112.92,0,0,0,0
186.59,0,0,0,0
382.2,0,0,0,0
995.6,0,0,0,0
110.63,0,0,0,0
115.77,0,0,0,0
932.9,0,0,0,0
926.15,0,0,0,0
2073.49,1,0,0,1
1203.43,1,0,0,1
89.27,0,0,0,0
23.12,0,0,0,0
991.84,0,0,0,0
662.85,0,0,0,0
343.18,0,0,0,0
839.56,0,0,0,0
181.35,0,0,0,0
449.7,0,0,0,0
928.12,0,1,0,0
978.4,0,0,0,0
226.8,0,0,0,0
99.75,0,0,0,0
2236.81,1,0,0,1
597.16,0,0,0,0
429.96,0,0,0,0
699.27,0,0,0,0
487.86,0,1,0,0
528.39,0,0,0,0
148.71,0,0,0,0
282.33,0,0,0,0
150.77,0,0,0,0
182.07,0,0,0,0
411.96,0,0,0,0
429.42,0,1,0,0
51.83,0,0,0,0
357.8,0,0,0,0
527.43,0,0,0,0
206.42,0,0,0,0
2078.0,0,0,0,1
95.88,0,0,0,0
306.24,0,0,0,0
489.09,0,0,0,0
614.68,0,0,0,0
468.0,0,0,0,0
148.35,0,0,0,0
354.2,0,0,0,0
155.53,0,0,0,0
364.71,0,0,0,0
82.0,0,0,0,0
710.4,0,0,0,0
69.57,0,0,0,0
242.72,0,0,0,0
164.09,0,0,0,0
85.82,0,0,0,0
111.92,0,0,0,0
1012.9,0,0,0,0
913.1,0,0,0,0
25.53,0,0,0,0
257.3,0,1,0,0
459.78,0,0,0,0
373.04,0,0,0,0
461.48,0,0,0,0
364.1,0,0,0,0
221.16,0,0,0,0
442.83,0,0,0,0
173.14,0,0,0,0
674.65,0,0,0,0
1202.1,0,0,0,0
219.52,0,0,0,0
333.52,0,0,0,0
207.06,0,0,0,0
236.0,0,0,0,0
226.65,0,0,0,0
548.72,0,0,0,0
226.82,0,0,0,0
450.74,0,0,0,0
422.18,0,0,0,0
528.69,0,0,0,0
10.22,0,0,0,0
459.93,0,0,0,0
363.12,0,0,0,0
115.88,0,0,0,0
458.6,0,0,0,0
89.5,0,0,0,0
209.49,0,0,0,0
571.32,0,0,0,0
75.22,0,1,0,0
74.0,0,0,0,0
790.65,0,0,0,0
297.15,0,0,0,0
1646.7,1,0,0,1
569.05,0,0,0,0
1840.74,1,0,0,1
508.3,0,0,0,0
443.22,0,0,0,0
206.84,0,0,0,0
211.34,0,0,0,0
67.46,0,0,0,0
704.37,0,0,0,0
140.23,0,0,0,0
1711.52,1,0,0,1
1908.68,1,0,0,1
618.66,0,0,0,0
738.12,0,0,0,0
907.5,0,0,0,0
869.24,0,0,0,0
306.1,0,0,0,0
414.28,0,0,0,0
2319.51,1,0,0,1
54.2,0,0,0,0
1275.93,1,0,0,1
10.92,0,0,0,0
718.8,0,0,0,0
645.69,0,0,0,0
812.6,0,0,0,0
744.2,0,0,0,0
43.38,0,0,0,0
366.25,0,0,0,0
128.01,0,0,0,0
496.86,0,0,0,0
2079.62,1,0,0,1
2009.78,1,0,0,1
371.56,0,0,0,0
424.4,0,0,0,0
935.28,0,0,0,0
122.79,0,0,0,0
407.1,0,0,0,0
410.56,0,0,0,0
2302.78,0,0,0,1
517.62,0,0,0,0
108.35,0,1,0,0
136.7,0,0,0,0
207.24,0,0,0,0
245.92,0,0,0,0
1572.13,1,0,0,1
625.8,0,0,0,0
1187.97,1,0,0,1
1208.75,1,0,0,1
420.06,0,1,0,0
176.64,0,0,0,0
2401.6,1,0,0,1
102.72,0,0,0,0
979.84,0,0,0,0
155.42,0,0,0,0
18.87,0,0,0,0
1076.58,1,0,0,1
1665.86,0,0,0,1
496.74,0,0,0,0
689.67,0,0,0,0
354.96,0,0,0,0
40.5,0,0,0,0
184.3,0,0,0,0
1417.16,1,0,0,1
514.11,0,0,0,0
304.76,0,0,0,0
1063.25,0,0,0,0
165.62,0,0,0,0
110.96,0,0,0,0
684.15,0,0,0,0
96.86,0,0,0,0
26.74,0,0,0,0
138.86,0,0,0,0
1083.95,0,0,0,0
76.33,0,0,0,0
2408.12,1,0,0,1
80.75,0,0,0,0
480.36,0,0,0,0
452.2,0,0,0,0
123.09,0,0,0,0
824.96,0,0,0,0
15.88,0,0,0,0
824.0,0,0,0,0
62.55,0,0,0,0
860.5,0,0,0,0
10.32,0,0,0,0
565.65,0,0,0,0
137.3,0,0,0,0
2082.39,1,0,0,1
478.0,0,0,0,0
586.38,0,0,0,0
1438.97,1,0,0,1
1953.23,1,0,0,1
172.36,0,0,0,0
270.3,0,0,0,0
229.84,0,0,0,0
837.55,0,0,0,0
2223.86,1,0,0,1
829.7,0,0,0,0
326.0,0,0,0,0
14.31,0,0,0,0
368.76,0,0,0,0
2187.92,1,0,0,1
496.78,0,0,0,0
421.16,0,0,0,0
365.2,0,0,0,0
70.44,0,0,0,0
52.24,0,0,0,0
572.44,0,0,0,0
765.92,0,0,0,0
697.95,0,0,0,0
268.2,0,0,0,0
473.0,0,1,0,0
710.2,0,0,0,0
202.4,0,1,0,0
329.4,0,0,0,0
103.9,0,0,0,0
160.72,0,1,1,1
240.13,0,0,0,0
218.5,0,0,0,0
467.24,0,0,0,0
2017.38,1,0,0,1
171.84,0,0,0,0
681.28,0,0,0,0
1827.01,1,0,0,1
1337.85,1,0,0,1
50.4,0,0,0,0
2089.57,0,0,0,1
1627.83,1,0,0,1
1226.25,0,0,0,0
237.42,0,0,0,0
188.82,0,0,0,0
399.75,0,0,0,0
509.34,0,0,0,0
1359.99,1,0,0,1
46.89,0,0,0,0
143.37,0,0,0,0
1135.0,0,0,0,0
51.0,0,0,0,0
55.0,0,0,0,0
249.41,0,0,0,0
981.35,0,0,0,0
287.73,0,0,0,0
1314.03,1,0,0,1
454.05,0,0,0,0
57.03,0,0,0,0
113.43,0,0,0,0
369.56,0,0,0,0
461.18,0,0,0,0
330.33,0,0,0,0
342.6,0,0,0,0
530.95,0,0,0,0
988.92,0,0,0,0
1231.23,1,0,0,1
290.79,0,0,0,0
406.38,0,0,0,0
1824.7,1,0,0,1
368.0,0,0,0,0
409.0,0,0,0,0
329.6,0,0,0,0
470.16,0,0,0,0
618.69,0,0,0,0
69.61,0,0,0,0
886.7,0,0,0,0
723.75,0,0,0,0
402.08,0,0,0,0
165.65,0,0,0,0
585.69,0,0,0,0
170.24,0,0,0,0
201.9,0,0,0,0
2179.44,1,0,0,1
33.77,0,0,0,0
566.28,0,0,0,0
2351.36,0,0,0,1
1688.75,1,0,0,1
70.6,0,0,0,0
524.07,0,0,0,0
587.04,0,0,0,0
946.3,0,0,0,0
1291.24,0,0,0,1
32.98,0,0,0,0
93.48,0,0,0,0
1128.65,0,0,0,0
52.23,0,0,0,0
2164.31,0,0,0,1
832.2,0,0,0,0
246.24,0,0,0,0
703.32,0,0,0,0
456.69,0,0,0,0
839.96,0,0,0,0
1389.0,1,0,0,1
195.98,0,0,0,0
237.58,0,0,0,0
739.96,0,0,0,0
56.5,0,0,0,0
382.95,0,0,0,0
2438.11,1,0,0,1
367.05,0,0,0,0
741.39,0,0,0,0
1794.2,1,0,0,1
376.52,0,0,0,0
2304.64,1,0,0,1
827.16,0,0,0,0
517.47,0,0,0,0
134.14,0,0,0,0
35.49,0,0,0,0
1746.66,1,0,0,1
963.8,0,0,0,0
284.95,0,0,0,0
73.98,0,0,0,0
1333.76,1,0,0,1
286.32,0,0,0,0
633.18,0,0,0,0
980.4,0,1,0,0
229.6,0,0,0,0
17.96,0,1,1,1
42.4,0,0,0,0
74.85,0,0,0,0
265.04,0,0,0,0
484.56,0,0,0,0
316.9,0,0,0,0
310.04,0,0,0,0
166.42,0,0,0,0
549.6,0,0,0,0
112.1,0,0,0,0
252.82,0,0,0,0
18.42,0,0,0,0
61.73,0,0,0,0
887.08,0,0,0,0
643.55,0,0,0,0
14.32,0,1,0,0
743.35,0,0,0,0
61.16,0,0,0,0
2412.36,0,0,0,1
93.9,0,0,0,0
67.72,0,0,0,0
594.0,0,0,0,0
195.6,0,0,0,0
1005.7,1,0,0,1
29.06,0,0,0,0
1493.53,1,0,0,1
185.08,0,0,0,0
824.64,0,0,0,0
448.2,0,0,0,0
499.02,0,0,0,0
652.65,0,0,0,0
275.55,0,0,0,0
1034.28,0,0,0,1
1124.51,1,0,0,1
418.88,0,0,0,0
149.4,0,0,0,0
1056.9,0,0,0,1
79.72,0,1,1,1
1347.0,1,0,0,1
546.88,0,0,0,0
192.72,0,0,0,0
155.88,0,0,0,0
377.8,0,0,0,0
1942.5,1,0,0,1
332.25,0,0,0,0
20.93,0,0,0,0
231.32,0,0,0,0
1797.48,1,0,0,1
625.2,0,0,0,0
897.25,0,0,0,0
616.0,0,0,0,0
1182.25,0,0,0,0
202.76,0,0,0,0
86.1,0,0,0,0
945.35,0,0,0,0
269.46,0,0,0,0
333.24,0,0,0,0
57.76,0,0,0,0
194.65,0,0,0,0
446.82,0,0,0,0
606.1,0,0,0,0
1062.64,1,0,0,1
19.98,0,0,0,0
334.5,0,0,0,0
10.84,0,0,0,0
191.15,0,0,0,0
307.94,0,0,0,0
243.44,0,0,0,0
2068.98,1,0,0,1
51.84,0,0,0,0
836.2,0,0,0,0
591.6,0,0,0,0
28.86,0,0,0,0
132.54,0,0,0,0
738.15,0,1,0,0
36.76,0,0,0,0
107.85,0,0,0,0
579.75,0,0,0,0
442.56,0,0,0,0
2417.97,1,0,0,1
245.08,0,0,0,0
541.88,0,0,0,0
44.54,0,0,0,0
265.74,0,0,0,0
188.6,0,0,0,0
92.96,0,0,0,0
2358.49,1,0,0,1
731.75,0,0,0,0
241.1,0,0,0,0
421.8,0,0,0,0
1653.31,1,0,0,1
42.79,0,0,0,0
2006.93,1,0,0,1
323.1,0,1,0,0
2338.05,1,0,0,1
389.72,0,0,0,0
264.08,0,0,0,0
232.74,0,0,0,0
99.04,0,0,0,0
243.23,0,0,0,0
797.12,0,0,0,0
8.55,0,0,0,0
1608.5,0,0,0,1
317.56,0,0,0,0
369.85,0,0,0,0
187.06,0,0,0,0
210.38,0,0,0,0
430.08,0,0,0,0
125.64,0,0,0,0
525.6,0,0,0,0
2315.21,1,0,0,1
81.96,0,0,0,0
201.0,0,0,0,0
60.79,0,0,0,0
429.04,0,1,0,0
242.78,0,0,0,0
640.28,0,0,0,0
477.3,0,0,0,0
18.98,0,0,0,0
191.2,0,0,0,0
192.66,0,0,0,0
95.15,0,0,0,0
141.75,0,0,0,0
227.8,0,0,0,0
889.72,0,0,0,0
445.64,0,0,0,0
62.1,0,0,0,0
217.9,0,0,0,0
227.66,0,0,0,0
55.56,0,0,0,0
916.24,0,0,0,0
355.38,0,0,0,0
1143.8,0,0,0,0
53.74,0,0,0,0
210.64,0,0,0,0
435.92,0,0,0,0
30.25,0,0,0,0
798.2,0,1,1,1
1709.75,1,0,0,1
784.25,0,0,0,0
427.66,0,0,0,0
238.95,0,0,0,0
710.73,0,0,0,0
260.4,0,0,0,0
232.33,0,0,0,0
160.47,0,0,0,0
204.03,0,0,0,0
32.04,0,0,0,0
410.6,0,0,0,0
534.92,0,0,0,0
259.29,0,0,0,0
1949.57,1,0,0,1
144.48,0,0,0,0
345.99,0,0,0,0
359.05,0,0,0,0
208.6,0,0,0,0
417.68,0,0,0,0
1105.7,0,0,0,0
747.57,0,0,0,0
171.78,0,0,0,0
1651.42,1,0,0,1
140.73,0,0,0,0
163.52,0,0,0,0
103.82,0,0,0,0
791.65,0,0,0,0
503.55,0,0,0,0
719.01,0,0,0,0
35.3,0,0,0,0
322.82,0,0,0,0
224.86,0,0,0,0
127.91,0,0,0,0
741.35,0,0,0,0
34.84,0,0,0,0
243.58,0,0,0,0
666.84,0,0,0,0
144.44,0,0,0,0
541.75,0,0,0,0
72.62,0,0,0,0
317.67,0,0,0,0
1237.45,1,0,0,1
2045.85,1,0,0,1
220.55,0,0,0,0
446.28,0,0,0,0
412.36,0,0,0,0
72.99,0,0,0,0
64.17,0,0,0,0
347.34,0,0,0,0
772.6,0,0,0,0
2241.36,1,0,0,1
34.4,0,0,0,0
114.49,0,0,0,0
176.3,0,0,0,0
894.56,0,0,0,0
112.08,0,0,0,0
1127.3,0,0,0,0
950.7,0,0,0,0
78.45,0,0,0,0
207.98,0,0,0,0
836.5,0,0,0,0
329.04,0,0,0,0
86.55,0,0,0,0
139.72,0,0,0,0
687.6,0,0,0,0
198.98,0,0,0,0
198.6,0,0,0,0
304.64,0,0,0,0
45.34,0,0,0,0
145.56,0,0,0,0
88.96,0,0,0,0
674.2,0,0,0,0
2167.39,1,0,0,1
56.44,0,0,0,0
369.12,0,0,0,0
471.82,0,0,0,0
24.77,0,0,0,0
609.51,0,0,0,0
816.35,0,0,0,0
26.56,0,0,0,0
341.97,0,0,0,0
26.15,0,0,0,0
153.8,0,0,0,0
435.6,0,0,0,0
145.08,0,0,0,0
505.92,0,0,0,0
1576.56,1,0,0,1
2262.64,1,0,0,1
594.85,0,0,0,0
1012.45,1,0,0,1
31.72,0,0,0,0
137.42,0,0,0,0
304.86,0,0,0,0
414.78,0,0,0,0
29.12,0,0,0,0
843.32,0,0,0,0
235.89,0,0,0,0
384.26,0,0,0,0
84.97,0,0,0,0
22.53,0,0,0,0
201.16,0,0,0,0
304.94,0,0,0,0
382.52,0,0,0,0
362.96,0,0,0,0
248.07,0,1,0,0
154.77,0,0,0,0
415.96,0,0,0,0
28.8,0,0,0,0
516.09,0,0,0,0
2087.83,0,0,0,1
789.96,0,0,0,0
705.5,0,0,0,0
1195.9,0,0,0,0
1340.24,0,0,0,1
91.89,0,0,0,0
314.32,0,0,0,0
112.68,0,0,0,0
1012.89,1,0,0,1
546.36,0,0,0,0
1262.94,1,0,0,1
157.1,0,0,0,0
389.18,0,0,0,0
259.25,0,0,0,0
700.9,0,0,0,0
55.29,0,0,0,0
178.77,0,0,0,0
139.95,0,0,0,0
958.45,0,0,0,0
333.48,0,0,0,0
216.24,0,0,0,0
49.6,0,1,0,0
696.51,0,0,0,0
82.63,0,0,0,0
52.12,0,0,0,0
206.91,0,0,0,0
189.55,0,0,0,0
73.39,0,0,0,0
479.6,0,0,0,0
141.93,0,0,0,0
619.26,0,0,0,0
366.28,0,0,0,0
450.84,0,0,0,0
806.6,0,0,0,0
457.64,0,0,0,0
64.46,0,0,0,0
33.92,0,0,0,0
1073.7,0,0,0,0
1797.07,1,0,0,1
793.12,0,1,0,0
365.13,0,0,0,0
41.26,0,0,0,0
1446.16,1,0,0,1
230.47,0,0,0,0
184.36,0,0,0,0
140.56,0,0,0,0
243.27,0,0,0,0
354.74,0,0,0,0
282.54,0,0,0,0
850.7,0,0,0,0
1049.9,0,1,1,1
184.1,0,0,0,0
11.72,0,0,0,0
1631.75,1,0,0,1
256.74,0,0,0,0
45.44,0,0,0,0
267.0,0,0,0,0
306.81,0,0,0,0
318.6,0,0,0,0
2077.05,1,0,0,1
23.1,0,0,0,0
1175.6,0,0,0,0
125.96,0,0,0,0
371.78,0,0,0,0
358.86,0,0,0,0
1996.22,1,0,0,1
703.89,0,0,0,0
1177.85,0,0,0,0
40.77,0,0,0,0
604.71,0,0,0,0
444.6,0,0,0,0
178.68,0,0,0,0
44.42,0,0,0,0
1239.38,1,0,0,1
184.3,0,0,0,0
137.57,0,0,0,0
857.16,0,0,0,0
737.58,0,0,0,0
1306.02,1,0,0,1
28.96,0,0,0,0
2246.52,1,0,0,1
1197.3,0,0,0,0
17.38,0,0,0,0
1906.03,1,0,0,1
195.96,0,0,0,0
359.6,0,0,0,0
1536.75,1,0,0,1
1903.44,1,0,0,1
1975.55,1,0,0,1
1084.35,0,0,0,0
458.28,0,1,1,1
1579.97,1,0,0,1
149.3,0,0,0,0
41.59,0,0,0,0
735.52,0,0,0,0
138.74,0,0,0,0
540.39,0,0,0,0
170.0,0,0,0,0
867.24,0,0,0,0
248.58,0,0,0,0
754.32,0,0,0,0
81.52,0,0,0,0
822.84,0,0,0,0
529.52,0,0,0,0
450.68,0,0,0,0
2400.0,1,0,0,1
684.35,0,0,0,0
105.86,0,0,0,0
534.05,0,0,0,0
798.68,0,0,0,0
183.06,0,0,0,0
677.25,0,0,0,0
250.78,0,0,0,0
262.5,0,0,0,0
29.19,0,0,0,0
577.32,0,0,0,0
563.13,0,0,0,0
247.92,0,0,0,0
1058.99,1,0,0,1
102.5,0,0,0,0
166.19,0,0,0,0
298.2,0,0,0,0
240.48,0,0,0,0
1759.57,1,0,0,1
152.6,0,0,0,0
884.48,0,0,0,0
945.4,0,0,0,0
897.2,0,0,0,0
2231.24,1,0,0,1
485.65,0,0,0,0
435.18,0,0,0,0
570.69,0,1,0,0
349.94,0,0,0,0
1235.03,1,0,0,1
1083.05,0,0,0,0
29.77,0,0,0,0
985.25,0,0,0,0
156.06,0,0,0,0
222.73,0,0,0,0
912.6,0,0,0,0
596.92,0,0,0,0
354.1,0,0,0,0
380.0,0,0,0,0
2010.81,1,0,0,1
539.2,0,0,0,0
516.84,0,0,0,0
212.37,0,0,0,0
1028.9,1,0,0,1
470.26,0,0,0,0
772.88,0,0,0,0
1829.68,1,0,0,1
147.66,0,0,0,0
631.8,0,0,0,0
440.8,0,0,0,0
2071.42,1,0,0,1
342.88,0,0,0,0
409.77,0,0,0,0
282.0,0,1,1,1
2222.34,1,0,0,1
2455.84,1,0,0,1
100.3,0,1,1,1
239.57,0,0,0,0
205.5,0,0,0,0
1102.9,0,0,0,0
292.9,0,0,0,0
681.9,0,1,0,0
479.62,0,0,0,0
902.7,0,0,0,0
961.2,0,0,0,0
162.04,0,0,0,0
130.18,0,0,0,0
1975.56,0,0,0,1
2011.09,1,0,0,1
393.6,0,0,0,0
366.15,0,0,0,0
147.3,0,0,0,0
1597.55,1,0,0,1
208.21,0,0,0,0
547.5,0,0,0,0
430.2,0,1,0,0
156.43,0,0,0,0
1925.7,1,0,0,1
454.2,0,0,0,0
1907.19,1,0,0,1
250.54,0,0,0,0
549.5,0,0,0,0
400.12,0,0,0,0
204.65,0,0,0,0
281.38,0,0,0,0
213.82,0,0,0,0
266.76,0,0,0,0
256.0,0,0,0,0
974.08,0,0,0,0
31.05,0,0,0,0
716.0,0,0,0,0
602.43,0,0,0,0
681.4,0,0,0,0
735.51,0,0,0,0
142.27,0,0,0,0
109.96,0,0,0,0
84.01,0,0,0,0
293.4,0,1,0,0
819.15,0,0,0,0
412.32,0,0,0,0
201.68,0,0,0,0
514.11,0,0,0,0
114.47,0,0,0,0
625.75,0,0,0,0
34.54,0,0,0,0
120.9,0,0,0,0
1123.6,0,0,0,0
1866.13,0,0,0,1
66.09,0,0,0,0
532.68,0,0,0,0
1680.36,0,0,0,1
245.45,0,0,0,0
163.53,0,0,0,0
710.97,0,0,0,0
1718.5,1,0,0,1
131.16,0,0,0,0
354.02,0,0,0,0
158.7,0,0,0,0
579.75,0,0,0,0
58.55,0,0,0,0
936.44,0,0,0,0
674.4,0,0,0,0
620.55,0,0,0,0
736.53,0,0,0,0
1180.6,0,0,0,0
255.06,0,0,0,0
391.0,0,0,0,0
597.45,0,0,0,0
1852.22,0,0,0,1
833.44,0,0,0,0
234.65,0,0,0,0
853.28,0,0,0,0
498.62,0,0,0,0
656.24,0,0,0,0
86.12,0,0,0,0
124.46,0,0,0,0
1816.24,1,0,0,1
254.24,0,0,0,0
940.24,0,0,0,0
1346.5,1,0,0,1
705.48,0,0,0,0
1061.25,0,0,0,0
127.99,0,0,0,0
779.8,0,0,0,0
221.82,0,0,0,0
2373.51,1,0,0,1
1053.8,1,0,0,1
1088.05,0,0,0,0
1185.8,0,0,0,0
507.28,0,0,0,0
244.13,0,0,0,0
421.28,0,0,0,0
2423.85,1,0,0,1
1436.57,1,0,0,1
1624.79,1,0,0,1
141.76,0,0,0,0
112.36,0,0,0,0
172.05,0,1,0,0
2011.86,1,0,0,1
321.1,0,0,0,0
456.21,0,0,0,0
227.03,0,0,0,0
6.34,0,0,0,0
2111.64,0,0,0,1
456.06,0,0,0,0
312.04,0,0,0,0
367.48,0,0,0,0
58.46,0,0,0,0
508.0,0,0,0,0
531.56,0,0,0,0
2088.48,0,0,0,1
167.64,0,0,0,0
393.48,0,0,0,0
224.8,0,0,0,0
45.36,0,0,0,0
84.8,0,0,0,0
227.46,0,0,0,0
252.84,0,0,0,0
602.88,0,0,0,0
413.12,0,0,0,0
28.0,0,1,0,0
152.25,0,0,0,0
211.24,0,0,0,0
257.28,0,0,0,0
1654.49,1,0,0,1
210.14,0,0,0,0
1870.73,1,0,0,1
108.68,0,0,0,0
2230.29,1,0,0,1
2489.99,1,0,0,1
347.1,0,0,0,0
277.53,0,0,0,0
157.04,0,0,0,0
7.16,0,0,0,0
425.31,0,0,0,0
138.54,0,0,0,0
1914.5,1,0,0,1
626.31,0,1,0,0
886.24,0,0,0,0
195.29,0,0,0,0
2056.42,1,0,0,1
1610.39,1,0,0,1
1248.5,0,0,0,0
470.79,0,0,0,0
456.15,0,1,1,1
216.16,0,1,1,1
666.99,0,0,0,0
201.0,0,0,0,0
1189.2,0,0,0,0
358.32,0,0,0,0
576.66,0,0,0,0
176.17,0,0,0,0
97.98,0,0,0,0
342.15,0,0,0,0
326.02,0,0,0,0
496.29,0,0,0,0
43.35,0,1,0,0
1571.37,0,0,0,1
1058.1,0,0,0,0
644.91,0,1,0,0
627.9,0,0,0,0
467.42,0,0,0,0
939.0,0,0,0,0
472.86,0,0,0,0
109.9,0,0,0,0
1124.6,0,0,0,0
981.4,0,0,0,0
197.25,0,0,0,0
2338.13,0,0,0,1
990.68,0,0,0,0
1469.77,0,0,0,1
806.4,0,0,0,0
500.6,0,0,0,0
638.75,0,0,0,0
136.72,0,1,0,0
355.04,0,1,1,1
901.96,0,0,0,0
160.76,0,0,0,0
100.5,0,0,0,0
1588.45,1,0,0,1
487.32,0,0,0,0
229.84,0,0,0,0
189.25,0,0,0,0
111.0,0,0,0,0
86.86,0,0,0,0
2185.16,1,0,0,1
616.0,0,0,0,0
673.92,0,0,0,0
1448.86,1,0,0,1
431.64,0,0,0,0
516.04,0,0,0,0
760.16,0,1,0,0
2307.32,1,0,0,1
951.36,0,0,0,0
244.26,0,0,0,0
801.56,0,0,0,0
484.1,0,0,0,0
91.11,0,0,0,0
359.94,0,0,0,0
355.47,0,0,0,0
2024.96,1,0,0,1
493.5,0,0,0,0
1242.36,0,0,0,1
125.16,0,0,0,0
74.56,0,0,0,0
381.06,0,0,0,0
518.4,0,0,0,0
717.85,0,1,0,0
37.91,0,0,0,0
1912.81,1,0,0,1
166.88,0,0,0,0
1095.37,1,0,0,1
790.32,0,0,0,0
174.27,0,0,0,0
645.04,0,0,0,0
173.12,0,0,0,0
1216.1,0,0,0,0
1249.95,0,0,0,0
1209.21,0,0,0,1
489.94,0,0,0,0
164.52,0,0,0,0
2486.17,1,0,0,1
564.68,0,0,0,0
1426.44,1,0,0,1
366.96,0,0,0,0
141.05,0,0,0,0
200.48,0,0,0,0
202.76,0,0,0,0
174.2,0,1,0,0
861.9,0,1,0,0
296.4,0,0,0,0
481.65,0,1,1,1
247.05,0,0,0,0
988.92,0,0,0,0
738.51,0,0,0,0
64.93,0,1,0,0
685.9,0,0,0,0
10.17,0,0,0,0
335.88,0,0,0,0
2319.52,1,0,0,1
881.84,0,0,0,0
599.73,0,0,0,0
150.39,0,0,0,0
1564.13,1,0,0,1
41.65,0,0,0,0
284.01,0,0,0,0
605.05,0,0,0,0
1292.69,1,0,0,1
44.92,0,0,0,0
460.36,0,0,0,0
792.16,0,0,0,0
180.28,0,0,0,0
410.96,0,0,0,0
711.84,0,0,0,0
405.44,0,0,0,0
428.46,0,0,0,0
26.48,0,1,0,0
818.36,0,0,0,0
1611.16,1,0,0,1
1139.18,1,0,0,1
1765.96,0,0,0,1
226.78,0,0,0,0
37.63,0,0,0,0
380.02,0,0,0,0
1988.24,1,0,0,1
381.54,0,1,0,0
2326.14,1,0,0,1
1812.01,1,0,0,1
1841.83,1,0,0,1
1662.11,0,0,0,1
415.64,0,0,0,0
1216.18,1,0,0,1
49.05,0,0,0,0
977.84,0,0,0,0
75.94,0,0,0,0
245.7,0,0,0,0
202.56,0,0,0,0
358.8,0,0,0,0
74.34,0,0,0,0
1884.62,1,0,0,1
231.9,0,0,0,0
1038.34,1,0,0,1
1376.54,1,0,0,1
116.67,0,0,0,0
131.71,0,1,1,1
626.85,0,0,0,0
122.28,0,0,0,0
168.12,0,0,0,0
2168.93,1,0,0,1
44.3,0,0,0,0
213.68,0,0,0,0
895.85,0,0,0,0
82.72,0,0,0,0
86.72,0,0,0,0
238.96,0,0,0,0
2388.21,0,0,0,1
443.16,0,0,0,0
927.35,0,0,0,0
345.96,0,0,0,0
2245.65,0,0,0,1
496.54,0,0,0,0
338.32,0,0,0,0
343.6,0,0,0,0
83.66,0,0,0,0
233.7,0,0,0,0
1040.15,0,0,0,0
189.06,0,0,0,0
8.52,0,0,0,0
112.62,0,0,0,0
1158.35,1,0,0,1
282.16,0,0,0,0
395.4,0,0,0,0
83.15,0,0,0,0
261.08,0,0,0,0
239.06,0,0,0,0
185.7,0,0,0,0
116.69,0,0,0,0
726.45,0,0,0,0
657.6,0,0,0,0
108.68,0,0,0,0
985.2,0,0,0,0
35.36,0,0,0,0
231.37,0,0,0,0
102.79,0,0,0,0
1188.86,0,0,0,1
422.31,0,0,0,0
194.07,0,0,0,0
605.91,0,1,1,1
174.85,0,0,0,0
252.9,0,0,0,0
197.32,0,0,0,0
147.8,0,0,0,0
300.2,0,0,0,0
1648.73,0,0,0,1
300.76,0,0,0,0
1498.85,1,0,0,1
1029.78,1,0,0,1
317.5,0,0,0,0
1231.7,0,0,0,0
935.6,0,0,0,0
137.7,0,0,0,0
329.72,0,0,0,0
317.9,0,0,0,0
433.52,0,0,0,0
417.68,0,0,0,0
970.44,0,0,0,0
624.0,0,0,0,0
1242.55,0,0,0,0
206.8,0,0,0,0
174.06,0,0,0,0
366.9,0,0,0,0
236.43,0,0,0,0
1180.8,0,0,0,0
142.95,0,0,0,0
252.18,0,0,0,0
808.75,0,0,0,0
152.42,0,0,0,0
484.4,0,0,0,0
361.08,0,0,0,0
1160.25,0,0,0,0
137.1,0,0,0,0
423.76,0,0,0,0
943.04,0,0,0,0
129.25,0,0,0,0
663.76,0,1,0,0
237.36,0,0,0,0
479.75,0,0,0,0
20.91,0,0,0,0
344.6,0,0,0,0
250.84,0,0,0,0
1221.64,0,0,0,1
254.08,0,0,0,0
488.06,0,1,0,0
335.7,0,0,0,0
199.04,0,0,0,0
195.5,0,0,0,0
786.84,0,0,0,0
76.76,0,0,0,0
128.32,0,0,0,0
392.84,0,0,0,0
2418.26,0,0,0,1
5.62,0,0,0,0
252.56,0,0,0,0
321.14,0,0,0,0
205.68,0,0,0,0
622.26,0,0,0,0
734.4,0,0,0,0
1357.74,1,0,0,1
341.98,0,0,0,0
945.25,0,0,0,0
85.02,0,0,0,0
721.5,0,0,0,0
1110.31,1,0,0,1
82.56,0,0,0,0
1240.87,1,0,0,1
239.25,0,0,0,0
408.2,0,0,0,0
1136.42,1,0,0,1
1959.53,1,0,0,1
1166.85,0,0,0,0
42.65,0,0,0,0
2488.81,0,0,0,1
812.7,0,0,0,0
85.1,0,0,0,0
398.42,0,0,0,0
261.55,0,0,0,0
1761.13,1,0,0,1
1898.22,0,0,0,1
1086.05,0,0,0,0
409.34,0,0,0,0
223.55,0,0,0,0
14.58,0,0,0,0
56.75,0,0,0,0
755.65,0,0,0,0
319.12,0,0,0,0
137.36,0,0,0,0
1148.39,1,0,0,1
82.9,0,0,0,0
492.04,0,0,0,0
2320.09,1,0,0,1
416.72,0,0,0,0
249.51,0,0,0,0
300.58,0,0,0,0
53.38,0,0,0,0
168.83,0,0,0,0
374.1,0,0,0,0
1827.53,1,0,0,1
598.25,0,0,0,0
28.1,0,0,0,0
877.35,0,0,0,0
84.72,0,0,0,0
675.5,0,0,0,0
664.7,0,0,0,0
36.72,0,0,0,0
270.54,0,0,0,0
25.65,0,0,0,0
929.95,0,0,0,0
380.04,0,0,0,0
1514.53,1,0,0,1
1568.07,1,0,0,1
2329.7,1,0,0,1
397.68,0,0,0,0
94.92,0,0,0,0
243.22,0,0,0,0
158.55,0,0,0,0
86.38,0,0,0,0
2267.57,1,0,0,1
975.15,0,0,0,0
189.12,0,0,0,0
10.22,0,1,0,0
384.52,0,0,0,0
127.49,0,0,0,0
8.9,0,0,0,0
643.4,0,0,0,0
1316.24,1,0,0,1
1286.15,1,0,0,1
429.05,0,0,0,0
144.4,0,0,0,0
581.75,0,0,0,0
1240.2,0,0,0,0
309.38,0,0,0,0
439.14,0,0,0,0
86.82,0,0,0,0
179.64,0,0,0,0
699.99,0,0,0,0
78.72,0,0,0,0
718.11,0,0,0,0
1219.22,1,0,0,1
1326.06,1,0,0,1
893.85,0,0,0,0
494.1,0,0,0,0
667.02,0,0,0,0
258.15,0,0,0,0
535.47,0,0,0,0
834.35,0,0,0,0
298.36,0,0,0,0
736.62,0,0,0,0
625.88,0,1,0,0
679.48,0,0,0,0
207.68,0,0,0,0
507.52,0,0,0,0
59.68,0,0,0,0
103.03,0,0,0,0
845.35,0,0,0,0
121.3,0,0,0,0
1150.55,0,0,0,0
2359.55,1,0,0,1
180.07,0,0,0,0
276.51,0,1,0,0
448.05,0,0,0,0
296.85,0,0,0,0
288.4,0,0,0,0
121.4,0,0,0,0
1718.16,1,0,0,1
587.44,0,0,0,0
701.05,0,0,0,0
698.46,0,0,0,0
187.64,0,0,0,0
369.28,0,1,0,0
94.7,0,0,0,0
215.44,0,0,0,0
727.7,0,0,0,0
844.45,0,0,0,0
1274.91,1,0,0,1
1242.15,0,0,0,0
892.84,0,0,0,0
552.3,0,1,0,0
35.19,0,0,0,0
628.3,0,0,0,0
248.58,0,0,0,0
187.65,0,0,0,0
1090.05,0,0,0,0
43.1,0,0,0,0
214.41,0,0,0,0
806.35,0,0,0,0
64.8,0,0,0,0
242.13,0,1,0,0
179.4,0,0,0,0
194.04,0,0,0,0
149.66,0,0,0,0
426.08,0,0,0,0
243.24,0,0,0,0
154.28,0,0,0,0
1063.65,0,0,0,0
40.32,0,0,0,0
392.43,0,0,0,0
558.3,0,0,0,0
439.92,0,0,0,0
164.18,0,0,0,0
315.5,0,0,0,0
77.2,0,0,0,0
873.72,0,0,0,0
292.17,0,0,0,0
157.89,0,0,0,0
486.87,0,0,0,0
1041.2,0,0,0,0
1221.45,0,0,0,0
235.82,0,0,0,0
117.69,0,0,0,0
1724.31,0,0,0,1
38.88,0,0,0,0
1509.17,1,0,0,1
529.96,0,0,0,0
2413.53,1,0,0,1
216.74,0,0,0,0
354.9,0,0,0,0
2074.25,1,0,0,1
11.8,0,0,0,0
630.69,0,0,0,0
186.21,0,1,0,0
228.85,0,0,0,0
33.94,0,1,1,1
235.26,0,0,0,0
24.96,0,0,0,0
235.29,0,0,0,0
653.7,0,0,0,0
495.0,0,0,0,0
1235.55,0,0,0,0
942.45,0,1,0,0
309.15,0,0,0,0
654.75,0,0,0,0
353.72,0,0,0,0
173.45,0,0,0,0
328.88,0,0,0,0
64.52,0,0,0,0
579.15,0,0,0,0
111.43,0,0,0,0
2247.07,1,0,0,1
962.6,0,0,0,0
377.48,0,0,0,0
244.85,0,0,0,0
199.26,0,0,0,0
156.9,0,0,0,0
26.52,0,0,0,0
286.3,0,0,0,0
5.59,0,0,0,0
343.92,0,0,0,0
1488.46,1,0,0,1
783.6,0,0,0,0
700.83,0,0,0,0
180.0,0,0,0,0
427.52,0,0,0,0
2448.8,1,0,0,1
655.28,0,0,0,0
132.58,0,0,0,0
637.59,0,0,0,0
991.8,0,0,0,0
56.58,0,0,0,0
708.15,0,0,0,0
408.12,0,0,0,0
205.19,0,0,0,0
846.48,0,0,0,0
234.14,0,1,0,0
930.28,0,0,0,0
701.32,0,0,0,0
1641.58,1,0,0,1
34.63,0,0,0,0
173.47,0,0,0,0
100.16,0,0,0,0
575.31,0,0,0,0
281.16,0,0,0,0
1397.56,1,0,0,1
203.8,0,0,0,0
685.32,0,0,0,0
109.21,0,0,0,0
106.6,0,0,0,0
2082.9,1,0,0,1
746.75,0,0,0,0
2343.72,0,0,0,1
989.1,0,0,0,0
469.76,0,0,0,0
1175.71,1,0,0,1
165.98,0,0,0,0
22.48,0,0,0,0
238.2,0,0,0,0
240.72,0,0,0,0
1043.97,1,0,0,1
106.03,0,1,0,0
63.84,0,0,0,0
2334.62,1,0,0,1
222.97,0,0,0,0
1529.28,1,0,0,1
423.62,0,0,0,0
459.92,0,0,0,0
1742.67,1,0,0,1
247.92,0,0,0,0
248.33,0,0,0,0
917.4,0,0,0,0
806.6,0,0,0,0
738.25,0,0,0,0
1690.15,1,0,0,1
195.82,0,0,0,0
241.68,0,0,0,0
209.44,0,1,0,0
146.43,0,0,0,0
2262.77,1,0,0,1
1160.45,0,0,0,0
2002.41,1,0,0,1
406.0,0,0,0,0
595.2,0,0,0,0
92.2,0,0,0,0
85.78,0,0,0,0
1859.87,1,0,0,1
195.55,0,0,0,0
243.36,0,1,0,0
1935.54,1,0,0,1
68.07,0,0,0,0
1871.42,1,0,0,1
2339.55,1,0,0,1
614.64,0,0,0,0
216.8,0,0,0,0
1444.41,1,0,0,1
488.02,0,0,0,0
2032.37,1,0,0,1
497.2,0,0,0,0
42.34,0,0,0,0
68.32,0,0,0,0
714.78,0,0,0,0
29.06,0,0,0,0
809.15,0,0,0,0
140.25,0,0,0,0
353.01,0,1,0,0
90.55,0,0,0,0
58.5,0,1,1,1
451.0,0,0,0,0
27.12,0,0,0,0
483.55,0,0,0,0
389.43,0,0,0,0
199.4,0,0,0,0
306.16,0,0,0,0
821.4,0,0,0,0
1161.15,0,0,0,0
214.92,0,0,0,0
175.76,0,0,0,0
1167.98,1,0,0,1
235.31,0,0,0,0
208.49,0,0,0,0
191.7,0,0,0,0
372.82,0,1,0,0
1511.98,1,0,0,1
147.48,0,0,0,0
182.08,0,0,0,0
708.2,0,1,0,0
200.58,0,0,0,0
22.73,0,0,0,0
990.95,0,0,0,0
267.27,0,0,0,0
990.75,0,0,0,0
2174.47,1,0,0,1
567.6,0,0,0,0
88.06,0,0,0,0
132.9,0,0,0,0
277.41,0,0,0,0
1489.17,1,0,0,1
566.58,0,0,0,0
776.95,0,0,0,0
1138.4,0,0,0,0
403.96,0,0,0,0
22.92,0,0,0,0
226.56,0,0,0,0
412.95,0,0,0,0
383.64,0,1,1,1
49.63,0,1,0,0
141.77,0,0,0,0
110.73,0,0,0,0
38.08,0,0,0,0
245.84,0,0,0,0
1704.49,1,0,0,1
15.45,0,0,0,0
1542.31,1,0,0,1
1855.58,1,0,0,1
810.12,0,0,0,0
2297.0,1,0,0,1
360.7,0,0,0,0
1931.87,1,0,0,1
108.96,0,0,0,0
925.68,0,0,0,0
736.95,0,0,0,0
650.82,0,0,0,0
149.7,0,0,0,0
378.22,0,0,0,0
1690.41,1,0,0,1
205.16,0,0,0,0
1070.1,0,0,0,0
997.4,0,0,0,0
73.25,0,0,0,0
2404.49,1,0,0,1
95.22,0,0,0,0
1030.4,0,0,0,0
809.8,0,0,0,0
111.71,0,0,0,0
1229.6,0,0,0,0
346.18,0,0,0,0
333.66,0,0,0,0
158.04,0,0,0,0
42.46,0,0,0,0
1597.56,1,0,0,1
670.92,0,0,0,0
230.88,0,0,0,0
38.05,0,0,0,0
107.92,0,0,0,0
1004.15,0,0,0,0
126.8,0,0,0,0
315.18,0,0,0,0
699.36,0,0,0,0
449.6,0,0,0,0
50.67,0,0,0,0
346.22,0,0,0,0
1233.17,0,0,0,1
1247.0,0,0,0,0
238.64,0,0,0,0
818.92,0,0,0,0
1364.76,1,0,0,1
199.28,0,0,0,0
216.42,0,0,0,0
267.51,0,0,0,0
679.47,0,0,0,0
919.2,0,0,0,0
2035.72,1,0,0,1
760.05,0,0,0,0
218.0,0,0,0,0
29.65,0,0,0,0
176.95,0,0,0,0
234.95,0,0,0,0
1012.1,0,0,0,0
468.99,0,0,0,0
545.68,0,0,0,0
2424.11,1,0,0,1
7.94,0,0,0,0
35.72,0,0,0,0
154.5,0,0,0,0
638.08,0,0,0,0
46.07,0,0,0,0
243.92,0,0,0,0
2294.45,1,0,0,1
272.04,0,0,0,0
1538.48,1,0,0,1
2130.46,0,0,0,1
20.48,0,0,0,0
1073.95,0,1,0,0
61.08,0,0,0,0
435.6,0,0,0,0
1657.61,1,0,0,1
262.28,0,0,0,0
256.1,0,0,0,0
398.58,0,0,0,0
153.22,0,0,0,0
184.2,0,0,0,0
2205.28,1,0,0,1
1678.27,1,0,0,1
17.67,0,0,0,0
1534.56,1,0,0,1
452.5,0,0,0,0
100.83,0,0,0,0
44.86,0,0,0,0
173.9,0,0,0,0
38.7,0,0,0,0
730.05,0,0,0,0
105.12,0,0,0,0
2334.8,0,0,0,1
350.95,0,0,0,0
498.8,0,0,0,0
101.18,0,0,0,0
56.82,0,0,0,0
1052.2,1,0,0,1
161.3,0,0,0,0
781.64,0,0,0,0
302.79,0,0,0,0
481.44,0,0,0,0
150.89,0,0,0,0
277.12,0,0,0,0
1314.7,1,0,0,1
727.75,0,0,0,0
563.58,0,1,0,0
480.65,0,0,0,0
147.94,0,0,0,0
864.25,0,0,0,0
602.67,0,0,0,0
141.12,0,1,0,0
110.16,0,0,0,0
2269.0,1,0,0,1
426.78,0,0,0,0
706.92,0,0,0,0
472.12,0,0,0,0
72.99,0,0,0,0
92.86,0,0,0,0
269.67,0,0,0,0
746.88,0,0,0,0
587.96,0,0,0,0
651.6,0,0,0,0
113.71,0,0,0,0
813.6,0,0,0,0
128.24,0,0,0,0
119.31,0,0,0,0
280.86,0,0,0,0
185.04,0,0,0,0
1254.53,1,0,0,1
1294.97,0,0,0,1
159.95,0,0,0,0
46.26,0,0,0,0
108.65,0,0,0,0
2074.98,1,0,0,1
197.82,0,0,0,0
50.24,0,0,0,0
245.79,0,0,0,0
672.56,0,0,0,0
713.58,0,0,0,0
105.08,0,0,0,0
488.08,0,0,0,0
579.3,0,0,0,0
320.6,0,0,0,0
159.77,0,1,0,0
50.31,0,0,0,0
450.34,0,0,0,0
148.01,0,0,0,0
486.32,0,0,0,0
137.13,0,0,0,0
137.54,0,0,0,0
248.0,0,1,0,0
144.63,0,0,0,0
59.22,0,0,0,0
2251.28,0,0,0,1
503.58,0,0,0,0
184.64,0,0,0,0
820.28,0,0,0,0
298.44,0,0,0,0
427.84,0,0,0,0
235.53,0,0,0,0
109.66,0,0,0,0
118.4,0,0,0,0
1153.35,0,0,0,0
46.28,0,0,0,0
991.12,0,0,0,0
1796.49,1,0,0,1
173.52,0,0,0,0
58.23,0,0,0,0
1247.35,0,0,0,0
400.68,0,0,0,0
128.5,0,0,0,0
78.45,0,0,0,0
396.75,0,0,0,0
346.6,0,0,0,0
307.1,0,0,0,0
776.04,0,0,0,0
734.75,0,0,0,0
115.3,0,0,0,0
173.61,0,0,0,0
233.94,0,0,0,0
590.6,0,0,0,0
225.25,0,1,0,0
312.32,0,0,0,0
323.75,0,0,0,0
890.0,0,1,0,0
227.31,0,0,0,0
404.78,0,0,0,0
613.8,0,0,0,0
1139.99,1,0,0,1
622.8,0,0,0,0
75.72,0,0,0,0
2027.27,1,0,0,1
730.2,0,0,0,0
58.32,0,0,0,0
75.54,0,0,0,0
2306.19,1,0,0,1
25.11,0,0,0,0
393.12,0,0,0,0
241.94,0,0,0,0
142.0,0,0,0,0
166.3,0,0,0,0
337.4,0,0,0,0
107.24,0,0,0,0
126.69,0,0,0,0
229.74,0,1,0,0
1820.25,1,0,0,1
2290.23,0,0,0,1
14.02,0,0,0,0
382.16,0,1,0,0
1309.3,1,0,0,1
2499.11,1,0,0,1
1144.3,0,0,0,1
510.99,0,0,0,0
762.6,0,0,0,0
1022.7,0,0,0,0
169.67,0,0,0,0
914.8,0,0,0,0
323.46,0,0,0,0
76.26,0,0,0,0
196.04,0,0,0,0
485.0,0,0,0,0
438.96,0,0,0,0
278.16,0,0,0,0
185.89,0,0,0,0
138.49,0,1,0,0
1098.1,0,0,0,0
154.71,0,0,0,0
112.25,0,0,0,0
453.1,0,0,0,0
198.68,0,0,0,0
64.1,0,0,0,0
165.44,0,0,0,0
426.03,0,0,0,0
126.3,0,0,0,0
373.3,0,0,0,0
2424.13,1,0,0,1
125.36,0,0,0,0
776.8,0,0,0,0
128.84,0,0,0,0
661.9,0,0,0,0
247.4,0,0,0,0
923.08,0,0,0,0
62.07,0,0,0,0
201.45,0,0,0,0
589.95,0,0,0,0
1899.73,1,0,0,1
1804.59,1,0,0,1
464.3,0,0,0,0
535.25,0,0,0,0
1019.6,0,0,0,0
647.01,0,0,0,0
687.96,0,0,0,0
1550.69,1,0,0,1
1208.49,1,0,0,1
32.92,0,1,0,0
291.82,0,0,0,0
79.68,0,0,0,0
135.61,0,0,0,0
436.92,0,0,0,0
183.66,0,0,0,0
1045.1,0,0,0,0
409.15,0,0,0,0
1444.42,0,0,0,1
131.81,0,0,0,0
29.02,0,0,0,0
219.9,0,0,0,0
515.15,0,0,0,0
1382.99,1,0,0,1
1901.85,1,0,0,1
268.48,0,1,0,0
252.55,0,0,0,0
316.84,0,0,0,0
1754.53,1,0,0,1
203.0,0,0,0,0
191.1,0,0,0,0
163.0,0,1,0,0
314.16,0,0,0,0
896.95,0,0,0,0
139.95,0,0,0,0
265.48,0,0,0,0
1031.5,0,0,0,0
1767.35,1,0,0,1
87.81,0,0,0,0
64.65,0,0,0,0
997.36,0,0,0,0
684.54,0,0,0,0
166.44,0,0,0,0
255.51,0,0,0,0
1656.76,1,0,0,1
470.08,0,0,0,0
1145.83,1,0,0,1
213.49,0,0,0,0
235.15,0,0,0,0
1894.4,1,0,0,1
155.56,0,0,0,0
1668.69,1,0,0,1
1036.15,0,1,0,0
26.85,0,0,0,0
91.4,0,0,0,0
514.16,0,0,0,0
116.94,0,0,0,0
16.32,0,0,0,0
63.05,0,0,0,0
818.64,0,0,0,0
100.4,0,0,0,0
2007.72,1,0,0,1
1485.08,1,0,0,1
454.44,0,0,0,0
8.36,0,0,0,0
497.65,0,0,0,0
223.95,0,0,0,0
173.28,0,0,0,0
245.29,0,0,0,0
215.21,0,0,0,0
2088.78,1,0,0,1
67.85,0,0,0,0
214.41,0,0,0,0
1469.88,1,0,0,1
74.16,0,0,0,0
597.6,0,0,0,0
1705.49,0,0,0,1
552.32,0,0,0,0
234.9,0,0,0,0
1078.56,1,0,0,1
1382.99,1,0,0,1
459.5,0,0,0,0
319.92,0,0,0,0
94.96,0,0,0,0
71.11,0,0,0,0
896.35,0,0,0,0
1487.93,1,0,0,1
274.71,0,0,0,0
289.4,0,0,0,0
339.3,0,0,0,0
1205.25,1,0,0,1
148.12,0,0,0,0
126.09,0,0,0,0
38.42,0,0,0,0
35.15,0,0,0,0
577.0,0,1,1,1
2422.55,0,0,0,1
128.14,0,0,0,0
2156.49,1,0,0,1
259.88,0,0,0,0
421.44,0,0,0,0
182.15,0,1,0,0
967.2,0,0,0,0
454.84,0,0,0,0
670.15,0,0,0,0
71.02,0,0,0,0
503.8,0,0,0,0
1242.34,1,0,0,1
218.34,0,0,0,0
61.21,0,0,0,0
1892.76,1,0,0,1
1308.3,0,0,0,1
264.93,0,0,0,0
202.04,0,0,0,0
1533.01,1,0,0,1
517.5,0,0,0,0
509.61,0,0,0,0
114.23,0,0,0,0
133.96,0,0,0,0
31.14,0,0,0,0
624.4,0,1,1,1
99.48,0,0,0,0
104.87,0,0,0,0
154.06,0,0,0,0
570.96,0,0,0,0
799.25,0,0,0,0
283.06,0,0,0,0
95.5,0,0,0,0
225.33,0,0,0,0
717.15,0,0,0,0
151.06,0,0,0,0
67.45,0,0,0,0
65.32,0,0,0,0
193.41,0,0,0,0
470.92,0,0,0,0
414.8,0,0,0,0
1149.3,0,0,0,0
184.65,0,0,0,0
977.84,0,0,0,0
1545.49,1,0,0,1
489.5,0,0,0,0
391.8,0,0,0,0
426.92,0,0,0,0
37.11,0,0,0,0
217.8,0,0,0,0
1200.2,0,0,0,0
217.95,0,0,0,0
209.9,0,0,0,0
104.88,0,0,0,0
745.89,0,0,0,0
644.16,0,0,0,0
62.31,0,0,0,0
22.9,0,0,0,0
28.44,0,0,0,0
488.62,0,0,0,0
157.2,0,0,0,0
681.7,0,0,0,0
29.5,0,0,0,0
35.59,0,0,0,0
534.24,0,0,0,0
343.52,0,0,0,0
54.36,0,0,0,0
109.14,0,0,0,0
2154.25,1,0,0,1
219.67,0,0,0,0
233.65,0,0,0,0
1544.95,1,0,0,1
831.95,0,0,0,0
114.3,0,0,0,0
320.55,0,0,0,0
46.47,0,0,0,0
1168.04,1,0,0,1
66.16,0,0,0,0
90.0,0,0,0,0
52.2,0,0,0,0
46.09,0,1,0,0
1246.7,0,0,0,0
372.3,0,0,0,0
167.68,0,0,0,0
343.52,0,0,0,0
82.75,0,1,0,0
192.0,0,0,0,0
666.85,0,0,0,0
886.0,0,0,0,0
366.4,0,0,0,0
98.66,0,0,0,0
391.92,0,0,0,0
537.72,0,1,0,0
483.63,0,0,0,0
640.85,0,0,0,0
2321.85,1,0,0,1
622.38,0,0,0,0
246.25,0,0,0,0
1502.95,0,0,0,1
172.08,0,1,0,0
32.27,0,0,0,0
158.44,0,0,0,0
208.84,0,0,0,0
957.05,0,0,0,0
2188.05,1,0,0,1
1877.6,1,0,0,1
74.42,0,0,0,0
952.24,0,0,0,0
478.75,0,0,0,0
453.16,0,0,0,0
319.56,0,0,0,0
75.12,0,1,0,0
87.72,0,0,0,0
36.46,0,0,0,0
285.18,0,0,0,0
287.08,0,0,0,0
338.13,0,0,0,0
713.16,0,0,0,0
615.72,0,0,0,0
309.24,0,0,0,0
1902.56,1,0,0,1
1902.59,0,0,0,1
28.7,0,0,0,0
1003.5,0,0,0,0
2294.47,1,0,0,1
357.66,0,0,0,0
166.23,0,0,0,0
2266.97,1,0,0,1
1695.32,0,0,0,1
483.57,0,1,0,0
1183.8,0,0,0,0
267.06,0,0,0,0
178.59,0,0,0,0
1604.62,1,0,0,1
438.6,0,0,0,0
325.56,0,0,0,0
189.41,0,0,0,0
314.64,0,0,0,0
359.2,0,0,0,0
205.02,0,0,0,0
103.68,0,0,0,0
882.6,0,0,0,0
31.08,0,0,0,0
260.32,0,0,0,0
350.84,0,1,0,0
62.07,0,0,0,0
61.44,0,0,0,0
1159.72,0,0,0,1
211.11,0,0,0,0
214.71,0,0,0,0
631.08,0,0,0,0
343.02,0,0,0,0
357.78,0,0,0,0
644.73,0,0,0,0
619.92,0,0,0,0
45.36,0,0,0,0
11.29,0,0,0,0
479.01,0,0,0,0
1800.57,0,0,0,1
326.01,0,0,0,0
333.18,0,0,0,0
427.45,0,0,0,0
167.13,0,0,0,0
81.93,0,0,0,0
914.8,0,0,0,0
50.32,0,0,0,0
2437.56,1,0,0,1
375.48,0,0,0,0
95.78,0,0,0,0
812.5,0,0,0,0
109.11,0,0,0,0
203.64,0,0,0,0
320.96,0,0,0,0
882.9,0,1,0,0
70.18,0,0,0,0
53.28,0,0,0,0
1946.44,1,0,0,1
124.34,0,0,0,0
461.12,0,0,0,0
357.08,0,0,0,0
1700.47,1,0,0,1
5.37,0,0,0,0
103.56,0,0,0,0
90.86,0,0,0,0
442.16,0,0,0,0
245.37,0,0,0,0
149.7,0,0,0,0
846.24,0,0,0,0
223.96,0,0,0,0
10.01,0,0,0,0
795.4,0,0,0,0
274.75,0,0,0,0
13.24,0,0,0,0
184.56,0,0,0,0
1020.8,0,0,0,0
350.28,0,0,0,0
13.86,0,0,0,0
82.76,0,0,0,0
237.12,0,0,0,0
260.64,0,0,0,0
1450.01,1,0,0,1
510.2,0,0,0,0
83.19,0,0,0,0
1307.35,1,0,0,1
826.44,0,0,0,0
237.16,0,0,0,0
1087.52,1,0,0,1
194.18,0,0,0,0
231.83,0,0,0,0
1779.63,1,0,0,1
505.05,0,0,0,0
562.74,0,0,0,0
37.64,0,0,0,0
176.28,0,0,0,0
470.2,0,0,0,0
41.4,0,1,0,0
11.98,0,0,0,0
117.47,0,0,0,0
494.56,0,0,0,0
399.68,0,0,0,0
320.37,0,0,0,0
220.65,0,0,0,0
434.1,0,0,0,0
1529.85,1,0,0,1
372.42,0,0,0,0
676.25,0,0,0,0
2158.15,1,0,0,1
2291.13,1,0,0,1
316.58,0,0,0,0
82.2,0,0,0,0
492.76,0,0,0,0
497.82,0,0,0,0
201.34,0,0,0,0
472.35,0,0,0,0
490.84,0,0,0,0
208.12,0,0,0,0
1113.79,1,0,0,1
1498.46,1,0,0,1
171.69,0,0,0,0
795.5,0,0,0,0
178.74,0,0,0,0
1393.44,0,0,0,1
96.22,0,0,0,0
33.21,0,0,0,0
1587.81,1,0,0,1
2219.28,1,0,0,1
127.36,0,0,0,0
291.65,0,0,0,0
202.6,0,0,0,0
1084.04,1,0,0,1
579.1,0,0,0,0
37.67,0,0,0,0
377.94,0,0,0,0
825.2,0,0,0,0
440.6,0,1,0,0
475.3,0,0,0,0
141.95,0,0,0,0
97.95,0,0,0,0
388.04,0,0,0,0
710.56,0,0,0,0
92.54,0,0,0,0
513.7,0,0,0,0
248.06,0,0,0,0
737.7,0,0,0,0
263.44,0,0,0,0
788.65,0,0,0,0
990.16,0,0,0,0
137.32,0,0,0,0
352.9,0,0,0,0
437.76,0,0,0,0
704.7,0,0,0,0
2281.61,0,0,0,1
532.56,0,0,0,0
1041.9,0,0,0,0
1076.55,0,0,0,0
1116.05,0,0,0,0
305.56,0,0,0,0
349.0,0,0,0,0
1205.05,0,0,0,0
871.12,0,0,0,0
141.84,0,0,0,0
106.94,0,0,0,0
132.07,0,0,0,0
194.46,0,0,0,0
96.95,0,0,0,0
89.84,0,0,0,0
157.91,0,0,0,0
321.46,0,0,0,0
1579.7,0,0,0,1
1652.37,1,0,0,1
1066.5,0,0,0,0
132.7,0,0,0,0
713.0,0,0,0,0
864.8,0,0,0,0
452.73,0,0,0,0
1272.18,1,0,0,1
2403.25,1,0,0,1
991.68,0,0,0,0
1037.0,0,0,0,0
1238.25,0,0,0,0
345.24,0,0,0,0
2191.54,1,0,0,1
2494.85,0,0,0,1
175.75,0,0,0,0
336.92,0,0,0,0
266.26,0,0,0,0
720.18,0,0,0,0
97.47,0,0,0,0
475.25,0,0,0,0
5.48,0,1,0,0
1140.86,1,0,0,1
430.84,0,0,0,0
555.75,0,0,0,0
53.6,0,0,0,0
814.16,0,0,0,0
59.31,0,0,0,0
293.42,0,0,0,0
271.2,0,0,0,0
346.9,0,0,0,0
621.64,0,0,0,0
393.54,0,0,0,0
447.36,0,0,0,0
187.32,0,0,0,0
2140.21,1,0,0,1
288.65,0,0,0,0
22.11,0,0,0,0
773.05,0,1,0,0
73.74,0,1,0,0
24.08,0,0,0,0
712.17,0,0,0,0
130.41,0,0,0,0
1164.3,0,0,0,0
894.15,0,0,0,0
724.85,0,0,0,0
398.16,0,0,0,0
894.6,0,0,0,0
188.86,0,0,0,0
186.69,0,0,0,0
238.3,0,0,0,0
341.3,0,0,0,0
173.84,0,0,0,0
461.36,0,0,0,0
468.7,0,0,0,0
490.76,0,0,0,0
197.45,0,0,0,0
494.4,0,0,0,0
418.59,0,0,0,0
73.04,0,0,0,0
2308.18,1,0,0,1
131.92,0,0,0,0
1650.74,1,0,0,1
525.15,0,0,0,0
450.75,0,0,0,0
309.76,0,0,0,0
453.6,0,0,0,0
194.4,0,0,0,0
92.12,0,0,0,0
185.31,0,0,0,0
2033.39,1,0,0,1
303.18,0,0,0,0
585.54,0,0,0,0
238.86,0,0,0,0
630.15,0,0,0,0
136.76,0,1,1,1
189.6,0,0,0,0
257.96,0,0,0,0
381.92,0,0,0,0
87.49,0,0,0,0
592.12,0,0,0,0
466.12,0,0,0,0
348.45,0,0,0,0
1989.3,1,0,0,1
47.02,0,0,0,0
316.9,0,0,0,0
250.64,0,0,0,0
787.55,0,0,0,0
579.3,0,0,0,0
1671.28,1,0,0,1
226.32,0,0,0,0
188.79,0,0,0,0
127.36,0,0,0,0
216.02,0,0,0,0
125.16,0,0,0,0
230.45,0,0,0,0
1246.4,0,0,0,0
245.34,0,0,0,0
173.18,0,1,0,0
74.76,0,1,0,0
133.68,0,0,0,0
624.95,0,0,0,0
897.45,0,0,0,0
225.77,0,0,0,0
1107.15,0,0,0,0
221.16,0,0,0,0
132.34,0,0,0,0
1067.79,1,0,0,1
14.96,0,0,0,0
90.21,0,0,0,0
174.92,0,0,0,0
174.29,0,0,0,0
41.5,0,0,0,0
172.89,0,0,0,0
418.45,0,0,0,0
287.31,0,0,0,0
652.12,0,0,0,0
2287.98,1,0,0,1
118.3,0,0,0,0
1017.35,0,0,0,0
71.76,0,0,0,0
117.56,0,0,0,0
608.61,0,0,0,0
282.85,0,1,0,0
359.46,0,0,0,0
79.2,0,0,0,0
967.92,0,0,0,0
134.5,0,0,0,0
187.59,0,1,0,0
155.18,0,0,0,0
200.14,0,0,0,0
379.48,0,0,0,0
2286.53,1,0,0,1
370.0,0,0,0,0
622.23,0,0,0,0
188.84,0,0,0,0
662.04,0,0,0,0
16.93,0,0,0,0
798.44,0,0,0,0
239.15,0,0,0,0
438.68,0,0,0,0
270.8,0,0,0,0
94.91,0,0,0,0
753.7,0,0,0,0
2391.3,0,0,0,1
2177.68,1,0,0,1
202.16,0,0,0,0
1833.01,0,0,0,1
749.05,0,0,0,0
1105.65,0,0,0,0
548.58,0,0,0,0
1098.07,1,0,0,1
515.76,0,0,0,0
370.95,0,0,0,0
488.02,0,0,0,0
1225.8,0,0,0,0
239.09,0,0,0,0
893.3,0,0,0,0
980.35,0,0,0,0
96.47,0,0,0,0
484.96,0,0,0,0
123.2,0,0,0,0
535.68,0,0,0,0
150.36,0,0,0,0
40.0,0,0,0,0
394.96,0,0,0,0
65.41,0,0,0,0
356.48,0,0,0,0
356.64,0,0,0,0
524.56,0,0,0,0
254.19,0,0,0,0
36.78,0,0,0,0
654.63,0,0,0,0
143.97,0,0,0,0
131.32,0,0,0,0
35.43,0,0,0,0
170.9,0,0,0,0
636.75,0,0,0,0
383.5,0,0,0,0
497.52,0,0,0,0
418.44,0,0,0,0
130.36,0,0,0,0
816.44,0,1,0,0
442.9,0,0,0,0
220.14,0,0,0,0
2277.75,0,0,0,1
690.51,0,0,0,0
2381.5,1,0,0,1
110.3,0,0,0,0
1698.53,1,0,0,1
77.53,0,0,0,0
883.08,0,0,0,0
95.02,0,0,0,0
159.83,0,1,0,0
134.28,0,0,0,0
578.43,0,0,0,0
1146.9,0,0,0,0
152.24,0,0,0,0
1544.71,1,0,0,1
1883.45,1,0,0,1
1491.33,1,0,0,1
458.2,0,0,0,0
390.15,0,1,0,0
774.65,0,0,0,0
588.03,0,0,0,0
1093.49,1,0,0,1
742.76,0,0,0,0
199.72,0,0,0,0
935.75,0,0,0,0
1930.78,1,0,0,1
779.15,0,0,0,0
521.36,0,0,0,0
201.7,0,0,0,0
2450.84,1,0,0,1
140.4,0,0,0,0
13.23,0,0,0,0
409.14,0,0,0,0
484.44,0,0,0,0
556.29,0,0,0,0
757.76,0,1,0,0
1561.99,0,0,0,1
381.28,0,1,0,0
116.24,0,0,0,0
453.24,0,0,0,0
386.79,0,0,0,0
22.1,0,0,0,0
1287.82,1,0,0,1
36.15,0,0,0,0
604.35,0,0,0,0
430.12,0,1,0,0
430.2,0,0,0,0
209.54,0,1,0,0
571.17,0,0,0,0
1669.71,1,0,0,1
819.16,0,0,0,0
1113.01,1,0,0,1
766.5,0,0,0,0
727.5,0,0,0,0
381.28,0,0,0,0
13.17,0,0,0,0
118.74,0,0,0,0
141.38,0,0,0,0
411.28,0,0,0,0
708.96,0,0,0,0
19.1,0,0,0,0
663.85,0,1,1,1
18.07,0,0,0,0
621.24,0,0,0,0
64.24,0,0,0,0
595.92,0,0,0,0
978.35,0,0,0,0
563.7,0,0,0,0
122.16,0,0,0,0
397.7,0,0,0,0
716.43,0,0,0,0
289.06,0,0,0,0
2220.66,1,0,0,1
160.62,0,0,0,0
209.25,0,0,0,0
337.1,0,0,0,0
1058.0,0,0,0,0
268.32,0,0,0,0
449.0,0,0,0,0
75.0,0,0,0,0
81.92,0,0,0,0
205.28,0,0,0,0
712.71,0,0,0,0
274.82,0,0,0,0
1760.71,0,0,0,1
162.2,0,0,0,0
115.74,0,0,0,0
636.12,0,0,0,0
246.42,0,0,0,0
1512.61,1,0,0,1
651.24,0,0,0,0
135.68,0,0,0,0
164.41,0,0,0,0
1358.52,1,0,0,1
150.12,0,0,0,0
473.28,0,0,0,0
108.72,0,0,0,0
952.6,0,0,0,0
221.89,0,0,0,0
181.8,0,0,0,0
246.05,0,0,0,0
61.0,0,0,0,0
119.6,0,0,0,0
560.7,0,0,0,0
31.72,0,0,0,0
277.38,0,0,0,0
638.44,0,0,0,0
45.59,0,0,0,0
1818.23,1,0,0,1
989.64,0,0,0,0
163.53,0,0,0,0
611.36,0,0,0,0
222.96,0,0,0,0
481.92,0,0,0,0
1959.89,1,0,0,1
438.7,0,0,0,0
335.1,0,0,0,0
1931.67,1,0,0,1
127.78,0,0,0,0
1465.08,1,0,0,1
278.98,0,0,0,0
409.1,0,0,0,0
221.04,0,0,0,0
227.79,0,0,0,0
165.95,0,0,0,0
103.26,0,0,0,0
1530.22,1,0,0,1
357.36,0,0,0,0
217.68,0,0,0,0
112.28,0,1,0,0
911.35,0,0,0,0
303.94,0,0,0,0
191.04,0,0,0,0
73.72,0,0,0,0
137.0,0,0,0,0
366.45,0,0,0,0
2166.16,1,0,0,1
47.72,0,0,0,0
1037.55,0,0,0,0
584.91,0,0,0,0
220.05,0,1,0,0
669.69,0,0,0,0
20.48,0,0,0,0
546.6,0,1,0,0
374.8,0,0,0,0
176.1,0,0,0,0
244.62,0,0,0,0
1334.78,1,0,0,1
2262.26,0,0,0,1
2360.68,1,0,0,1
2156.9,1,0,0,1
672.16,0,0,0,0
175.8,0,1,0,0
1379.26,1,0,0,1
795.52,0,0,0,0
1290.06,0,0,0,1
29.32,0,0,0,0
1416.96,1,0,0,1
2468.96,1,0,0,1
1281.77,1,0,0,1
853.24,0,0,0,0
116.0,0,0,0,0
138.97,0,0,0,0
2145.55,1,0,0,1
244.26,0,0,0,0
239.75,0,0,0,0
341.0,0,0,0,0
1172.3,0,0,0,0
665.68,0,1,0,0
1219.55,0,0,0,0
460.28,0,0,0,0
181.22,0,0,0,0
249.72,0,0,0,0
102.95,0,0,0,0
1048.56,1,0,0,1
206.61,0,0,0,0
171.96,0,0,0,0
205.65,0,0,0,0
65.1,0,0,0,0
218.88,0,0,0,0
1362.57,1,0,0,1
1946.75,0,0,0,1
641.49,0,0,0,0
1783.45,1,0,0,1
422.32,0,0,0,0
554.16,0,0,0,0
194.0,0,0,0,0
230.7,0,0,0,0
710.79,0,0,0,0
21.73,0,0,0,0
247.0,0,0,0,0
771.8,0,0,0,0
1440.03,0,0,0,1
2382.28,0,0,0,1
1809.85,1,0,0,1
484.4,0,0,0,0
2024.26,0,0,0,1
624.95,0,0,0,0
592.7,0,0,0,0
1675.43,1,0,0,1
656.07,0,0,0,0
12.57,0,1,0,0
1196.05,0,0,0,0
121.67,0,0,0,0
1712.01,0,0,0,1
352.12,0,0,0,0
199.06,0,0,0,0
325.78,0,0,0,0
169.74,0,0,0,0
1137.75,0,0,0,0
315.52,0,0,0,0
349.38,0,0,0,0
926.65,0,0,0,0
1221.15,0,0,0,0
1628.15,1,0,0,1
1162.1,0,0,0,0
40.96,0,0,0,0
415.02,0,0,0,0
167.9,0,0,0,0
670.2,0,0,0,0
141.04,0,0,0,0
75.09,0,0,0,0
217.62,0,0,0,0
381.28,0,1,0,0
133.14,0,0,0,0
10.02,0,0,0,0
1248.6,0,0,0,0
1095.75,0,0,0,0
85.41,0,0,0,0
234.75,0,0,0,0
988.55,0,0,0,0
669.04,0,0,0,0
1254.58,1,0,0,1
334.56,0,0,0,0
2092.86,0,0,0,1
54.81,0,0,0,0
127.64,0,0,0,0
1222.49,0,0,0,1
804.6,0,0,0,0
286.38,0,0,0,0
118.5,0,0,0,0
482.58,0,0,0,0
121.96,0,0,0,0
2350.45,1,0,0,1
214.32,0,0,0,0
1173.38,1,0,0,1
422.7,0,0,0,0
339.51,0,0,0,0
644.19,0,0,0,0
175.8,0,0,0,0
361.84,0,0,0,0
773.76,0,0,0,0
786.25,0,0,0,0
1185.15,0,0,0,0
951.4,0,0,0,0
61.52,0,0,0,0
434.64,0,0,0,0
2431.43,1,0,0,1
332.43,0,1,0,0
293.4,0,0,0,0
1456.43,1,0,0,1
116.34,0,0,0,0
93.54,0,0,0,0
28.11,0,0,0,0
456.54,0,0,0,0
301.3,0,0,0,0
19.42,0,0,0,0
460.8,0,0,0,0
68.78,0,0,0,0
2455.07,0,0,0,1
814.8,0,0,0,0
972.16,0,0,0,0
12.26,0,1,0,0
85.4,0,0,0,0
23.74,0,0,0,0
112.62,0,0,0,0
1013.1,0,0,0,0
1956.63,1,0,0,1
1645.18,1,0,0,1
375.4,0,0,0,0
381.14,0,0,0,0
641.15,0,1,0,0
78.92,0,0,0,0
32.49,0,0,0,0
188.44,0,0,0,0
1582.41,1,0,0,1
705.28,0,0,0,0
180.77,0,0,0,0
1091.57,1,0,0,1
316.71,0,1,1,1
311.45,0,0,0,0
516.87,0,0,0,0
86.16,0,0,0,0
461.35,0,1,1,1
586.2,0,0,0,0
249.24,0,0,0,0
164.73,0,0,0,0
169.79,0,0,0,0
801.12,0,0,0,0
107.72,0,0,0,0
70.12,0,0,0,0
61.45,0,0,0,0
1578.51,1,0,0,1
272.34,0,0,0,0
625.29,0,0,0,0
639.48,0,0,0,0
163.01,0,0,0,0
449.31,0,0,0,0
2456.92,1,0,0,1
483.44,0,0,0,0
1166.8,0,0,0,0
411.12,0,0,0,0
292.44,0,0,0,0
24.04,0,0,0,0
877.32,0,0,0,0
117.7,0,0,0,0
18.05,0,0,0,0
204.83,0,0,0,0
172.56,0,0,0,0
121.57,0,0,0,0
482.72,0,0,0,0
579.24,0,0,0,0
224.54,0,0,0,0
226.04,0,1,0,0
224.5,0,0,0,0
459.76,0,0,0,0
785.52,0,0,0,0
1054.8,0,0,0,0
498.84,0,0,0,0
467.92,0,0,0,0
1860.72,1,0,0,1
1104.9,0,0,0,0
1067.95,0,0,0,0
97.56,0,0,0,0
1986.53,1,0,0,1
958.6,0,0,0,0
107.5,0,0,0,0
420.15,0,0,0,0
2101.02,1,0,0,1
926.44,0,0,0,0
942.35,0,1,0,0
345.64,0,0,0,0
674.0,0,0,0,0
109.5,0,0,0,0
157.36,0,0,0,0
37.35,0,1,0,0
50.65,0,0,0,0
710.37,0,0,0,0
288.56,0,0,0,0
316.59,0,0,0,0
231.28,0,0,0,0
348.34,0,0,0,0
1460.48,1,0,0,1
399.64,0,0,0,0
97.04,0,0,0,0
699.96,0,0,0,0
254.12,0,0,0,0
1192.7,0,0,0,0
198.54,0,0,0,0
1755.44,1,0,0,1
2352.08,1,0,0,1
144.07,0,0,0,0
25.18,0,0,0,0
899.5,0,0,0,0
200.21,0,0,0,0
246.72,0,0,0,0
377.36,0,0,0,0
203.46,0,0,0,0
22.56,0,0,0,0
53.32,0,0,0,0
936.76,0,0,0,0
847.45,0,0,0,0
844.0,0,0,0,0
13.08,0,0,0,0
498.18,0,0,0,0
209.93,0,0,0,0
174.1,0,0,0,0
87.59,0,0,0,0
321.1,0,0,0,0
1762.42,1,0,0,1
909.32,0,0,0,0
926.35,0,0,0,0
866.75,0,0,0,0
133.62,0,0,0,0
1901.61,0,0,0,1
2496.03,1,0,0,1
474.44,0,0,0,0
764.8,0,0,0,0
102.48,0,1,0,0
473.48,0,0,0,0
1990.98,0,0,0,1
423.6,0,0,0,0
480.1,0,0,0,0
497.55,0,0,0,0
13.75,0,0,0,0
1920.42,1,0,0,1
325.82,0,0,0,0
55.89,0,0,0,0
242.17,0,0,0,0
2348.48,1,0,0,1
492.96,0,0,0,0
288.6,0,0,0,0
188.9,0,0,0,0
234.9,0,0,0,0
886.05,0,0,0,0
611.6,0,0,0,0
887.45,0,0,0,0
117.98,0,0,0,0
192.5,0,0,0,0
393.75,0,0,0,0
380.19,0,0,0,0
48.13,0,0,0,0
155.88,0,0,0,0
834.5,0,0,0,0
507.04,0,0,0,0
916.8,0,0,0,0
1495.04,1,0,0,1
1211.84,0,0,0,1
2085.6,1,0,0,1
166.92,0,0,0,0
1198.0,0,0,0,0
216.21,0,0,0,0
39.96,0,0,0,0
77.97,0,1,0,0
1153.55,0,0,0,0
2423.0,1,0,0,1
2202.04,1,0,0,1
254.68,0,1,0,0
829.0,0,0,0,0
2193.17,1,0,0,1
34.57,0,0,0,0
149.68,0,0,0,0
33.32,0,0,0,0
2131.93,1,0,0,1
1056.87,1,0,0,1
1500.8,1,0,0,1
49.84,0,0,0,0
479.0,0,0,0,0
1760.59,1,0,0,1
23.79,0,0,0,0
239.85,0,0,0,0
495.1,0,0,0,0
265.64,0,1,0,0
968.5,0,0,0,0
1958.94,1,0,0,1
174.84,0,0,0,0
412.74,0,0,0,0
581.46,0,0,0,0
317.72,0,1,0,0
361.08,0,0,0,0
22.96,0,0,0,0
334.56,0,0,0,0
39.76,0,0,0,0
201.61,0,0,0,0
24.52,0,0,0,0
114.9,0,0,0,0
201.89,0,0,0,0
47.95,0,0,0,0
243.44,0,0,0,0
11.84,0,0,0,0
1677.74,1,0,0,1
240.24,0,0,0,0
621.93,0,0,0,0
572.08,0,0,0,0
301.11,0,0,0,0
275.44,0,0,0,0
82.19,0,0,0,0
310.48,0,0,0,0
48.56,0,0,0,0
747.48,0,0,0,0
1235.05,0,0,0,0
927.6,0,0,0,0
105.54,0,0,0,0
539.04,0,1,0,0
502.3,0,0,0,0
75.3,0,0,0,0
202.8,0,0,0,0
509.08,0,0,0,0
59.1,0,0,0,0
927.04,0,0,0,0
109.76,0,0,0,0
364.23,0,0,0,0
569.5,0,0,0,0
1178.4,0,0,0,0
2498.69,1,0,0,1
596.44,0,1,0,0
1424.17,1,0,0,1
982.25,0,0,0,0
363.69,0,0,0,0
709.55,0,0,0,0
404.6,0,0,0,0
135.34,0,0,0,0
651.55,0,0,0,0
101.96,0,0,0,0
27.1,0,0,0,0
2141.75,1,0,0,1
320.98,0,0,0,0
1732.99,1,0,0,1
241.83,0,0,0,0
2216.33,1,0,0,1
22.5,0,0,0,0
190.17,0,0,0,0
1414.42,1,0,0,1
277.42,0,0,0,0
2378.28,1,0,0,1
788.72,0,0,0,0
125.15,0,0,0,0
918.8,0,0,0,0
644.72,0,0,0,0
384.7,0,0,0,0
1996.57,1,0,0,1
518.01,0,0,0,0
2306.36,0,0,0,1
394.6,0,0,0,0
139.95,0,0,0,0
349.06,0,1,0,0
115.9,0,0,0,0
728.1,0,0,0,0
2170.68,1,0,0,1
136.44,0,1,0,0
2380.11,1,0,0,1
1060.9,0,0,0,0
182.2,0,0,0,0
287.58,0,0,0,0
339.5,0,1,0,0
1184.73,1,0,0,1
160.8,0,0,0,0
1799.67,1,0,0,1
257.68,0,0,0,0
2317.37,1,0,0,1
60.87,0,0,0,0
95.24,0,0,0,0
128.68,0,0,0,0
240.34,0,0,0,0
353.67,0,0,0,0
29.13,0,0,0,0
244.14,0,0,0,0
304.8,0,0,0,0
47.02,0,0,0,0
69.93,0,0,0,0
87.23,0,0,0,0
600.6,0,0,0,0
222.45,0,0,0,0
1242.95,0,0,0,0
1061.97,1,0,0,1
50.6,0,0,0,0
1027.5,0,0,0,0
375.22,0,0,0,0
698.31,0,0,0,0
616.95,0,0,0,0
510.4,0,0,0,0
596.24,0,0,0,0
472.32,0,0,0,0
1568.83,1,0,0,1
110.48,0,0,0,0
522.51,0,0,0,0
339.6,0,0,0,0
196.36,0,0,0,0
318.15,0,0,0,0
679.47,0,0,0,0
132.54,0,0,0,0
512.55,0,0,0,0
1160.01,1,0,0,1
971.32,0,0,0,0
923.1,0,1,0,0
61.48,0,0,0,0
420.16,0,0,0,0
257.55,0,0,0,0
426.8,0,1,0,0
115.88,0,0,0,0
91.17,0,0,0,0
2041.78,1,0,0,1
221.58,0,0,0,0
380.49,0,0,0,0
172.95,0,0,0,0
506.24,0,0,0,0
47.46,0,0,0,0
213.36,0,0,0,0
95.82,0,0,0,0
132.21,0,0,0,0
873.3,0,0,0,0
53.06,0,0,0,0
989.28,0,0,0,0
145.57,0,0,0,0
912.76,0,0,0,0
1060.25,0,1,0,0
670.2,0,0,0,0
418.2,0,0,0,0
457.12,0,0,0,0
112.43,0,0,0,0
396.16,0,0,0,0
62.98,0,0,0,0
67.11,0,0,0,0
671.08,0,0,0,0
1492.91,1,0,0,1
2341.56,1,0,0,1
160.33,0,0,0,0
242.86,0,0,0,0
1078.7,0,0,0,0
1004.65,0,0,0,0
40.96,0,0,0,0
2348.35,0,0,0,1
12.88,0,0,0,0
149.6,0,0,0,0
372.26,0,0,0,0
604.08,0,0,0,0
1423.58,1,0,0,1
910.5,0,0,0,0
122.84,0,0,0,0
339.16,0,0,0,0
111.17,0,0,0,0
388.56,0,0,0,0
80.7,0,0,0,0
1940.46,1,0,0,1
752.48,0,0,0,0
231.92,0,0,0,0
25.92,0,0,0,0
71.72,0,0,0,0
1275.71,1,0,0,1
31.72,0,0,0,0
157.3,0,0,0,0
104.78,0,0,0,0
269.4,0,0,0,0
2331.52,0,0,0,1
684.55,0,0,0,0
648.39,0,0,0,0
871.36,0,1,0,0
525.63,0,0,0,0
199.74,0,0,0,0
330.82,0,0,0,0
152.7,0,0,0,0
24.68,0,0,0,0
329.07,0,0,0,0
301.29,0,0,0,0
99.6,0,0,0,0
82.8,0,1,0,0
214.18,0,0,0,0
282.26,0,1,1,1
55.88,0,0,0,0
2312.64,1,0,0,1
318.32,0,0,0,0
337.15,0,0,0,0
663.85,0,0,0,0
554.05,0,0,0,0
206.91,0,0,0,0
12.84,0,0,0,0
369.92,0,0,0,0
426.8,0,0,0,0
56.5,0,1,0,0
772.7,0,0,0,0
381.56,0,0,0,0
415.98,0,0,0,0
465.8,0,0,0,0
476.52,0,0,0,0
325.11,0,0,0,0
1544.98,1,0,0,1
385.44,0,0,0,0
199.2,0,0,0,0
108.32,0,0,0,0
83.92,0,0,0,0
61.48,0,0,0,0
264.87,0,0,0,0
180.87,0,0,0,0
431.5,0,0,0,0
239.99,0,0,0,0
1437.17,1,0,0,1
222.34,0,0,0,0
284.68,0,0,0,0
205.8,0,0,0,0
182.16,0,0,0,0
12.93,0,0,0,0
23.22,0,0,0,0
31.16,0,0,0,0
398.36,0,0,0,0
723.72,0,0,0,0
141.75,0,0,0,0
938.84,0,0,0,0
92.8,0,0,0,0
350.85,0,0,0,0
207.19,0,0,0,0
1832.4,1,0,0,1
322.98,0,0,0,0
348.86,0,1,0,0
241.2,0,0,0,0
1094.56,1,0,0,1
723.87,0,0,0,0
122.28,0,0,0,0
1177.5,0,0,0,0
255.68,0,0,0,0
841.7,0,0,0,0
39.33,0,0,0,0
382.32,0,1,0,0
933.04,0,0,0,0
269.85,0,0,0,0
87.8,0,0,0,0
790.72,0,0,0,0
71.54,0,0,0,0
281.0,0,0,0,0
338.14,0,0,0,0
70.05,0,0,0,0
411.96,0,0,0,0
537.57,0,0,0,0
134.8,0,0,0,0
692.07,0,0,0,0
874.64,0,0,0,0
1044.44,0,0,0,1
168.81,0,0,0,0
2154.71,1,0,0,1
183.64,0,0,0,0
1167.7,0,0,0,0
2443.28,1,0,0,1
310.76,0,0,0,0
125.54,0,0,0,0
683.8,0,0,0,0
164.84,0,0,0,0
203.16,0,0,0,0
963.32,0,0,0,0
109.72,0,0,0,0
201.46,0,0,0,0
180.06,0,0,0,0
51.18,0,0,0,0
2287.18,1,0,0,1
570.0,0,0,0,0
328.52,0,0,0,0
367.85,0,0,0,0
236.14,0,0,0,0
222.83,0,0,0,0
156.08,0,0,0,0
311.76,0,0,0,0
521.34,0,0,0,0
854.15,0,0,0,0
1437.05,0,0,0,1
490.56,0,0,0,0
673.84,0,0,0,0
972.52,0,0,0,0
542.65,0,0,0,0
203.55,0,0,0,0
109.07,0,0,0,0
37.22,0,0,0,0
372.21,0,0,0,0
1100.05,0,0,0,0
2493.91,1,0,0,1
209.2,0,0,0,0
2103.98,1,0,0,1
32.92,0,0,0,0
26.74,0,0,0,0
1183.0,0,1,1,1
1041.5,0,0,0,0
458.16,0,0,0,0
94.26,0,0,0,0
7.67,0,0,0,0
38.73,0,0,0,0
220.56,0,0,0,0
811.84,0,0,0,0
25.35,0,0,0,0
1262.92,1,0,0,1
1530.67,1,0,0,1
293.37,0,0,0,0
406.71,0,0,0,0
289.24,0,0,0,0
45.56,0,0,0,0
648.24,0,0,0,0
136.44,0,0,0,0
75.04,0,0,0,0
496.2,0,0,0,0
140.53,0,0,0,0
1239.05,0,0,0,0
313.56,0,0,0,0
159.38,0,0,0,0
78.52,0,0,0,0
743.2,0,0,0,0
751.96,0,0,0,0
1780.14,1,0,0,1
889.08,0,0,0,0
70.2,0,0,0,0
16.4,0,0,0,0
102.72,0,0,0,0
123.88,0,0,0,0
1153.45,0,0,0,0
69.51,0,0,0,0
422.88,0,0,0,0
637.8,0,0,0,0
2410.4,1,0,0,1
407.9,0,0,0,0
98.88,0,0,0,0
46.36,0,0,0,0
198.6,0,0,0,0
109.82,0,0,0,0
211.51,0,0,0,0
470.96,0,1,0,0
70.1,0,0,0,0
51.6,0,0,0,0
784.08,0,0,0,0
81.15,0,0,0,0
135.46,0,0,0,0
196.02,0,0,0,0
258.52,0,1,0,0
356.5,0,0,0,0
2347.59,1,0,0,1
778.04,0,0,0,0
606.35,0,0,0,0
732.05,0,0,0,0
351.12,0,0,0,0
693.8,0,0,0,0
222.25,0,0,0,0
964.32,0,0,0,0
1476.72,1,0,0,1
95.16,0,0,0,0
146.06,0,0,0,0
170.19,0,0,0,0
45.5,0,0,0,0
252.86,0,0,0,0
342.1,0,0,0,0
163.71,0,0,0,0
194.91,0,0,0,0
655.02,0,0,0,0
723.35,0,0,0,0
148.74,0,0,0,0
2448.13,1,0,0,1
358.92,0,0,0,0
348.86,0,0,0,0
628.5,0,0,0,0
2112.34,1,0,0,1
1058.16,1,0,0,1
81.66,0,0,0,0
62.4,0,1,0,0
74.73,0,0,0,0
2104.76,1,0,0,1
1792.77,1,0,0,1
48.96,0,0,0,0
253.88,0,0,0,0
945.7,0,0,0,0
825.6,0,0,0,0
198.44,0,0,0,0
55.91,0,1,1,1
1018.84,0,0,0,1
248.36,0,0,0,0
794.9,0,0,0,0
102.35,0,0,0,0
1835.77,1,0,0,1
139.26,0,0,0,0
575.46,0,0,0,0
1239.02,1,0,0,1
774.08,0,0,0,0
1234.3,0,0,0,0
16.1,0,0,0,0
461.36,0,0,0,0
253.04,0,0,0,0
47.12,0,0,0,0
497.7,0,0,0,0
82.16,0,0,0,0
120.93,0,0,0,0
684.48,0,0,0,0
696.75,0,0,0,0
312.57,0,0,0,0
151.84,0,0,0,0
381.02,0,0,0,0
81.1,0,0,0,0
486.56,0,0,0,0
36.18,0,0,0,0
365.58,0,0,0,0
888.1,0,0,0,0
1995.34,1,0,0,1
200.88,0,0,0,0
379.65,0,0,0,0
10.26,0,0,0,0
1793.7,1,0,0,1
578.52,0,0,0,0
1437.51,1,0,0,1
154.89,0,0,0,0
299.12,0,1,1,1
100.8,0,0,0,0
510.99,0,1,0,0
445.66,0,0,0,0
171.39,0,0,0,0
765.76,0,0,0,0
1257.68,1,0,0,1
171.05,0,0,0,0
809.48,0,0,0,0
94.64,0,0,0,0
33.85,0,0,0,0
32.62,0,0,0,0
768.0,0,0,0,0
582.3,0,0,0,0
17.24,0,0,0,0
704.4,0,0,0,0
927.4,0,0,0,0
2119.69,1,0,0,1
94.25,0,0,0,0
1280.67,1,0,0,1
755.0,0,0,0,0
1810.55,1,0,0,1
2340.83,1,0,0,1
287.19,0,0,0,0
142.8,0,0,0,0
545.04,0,0,0,0
536.2,0,0,0,0
585.4,0,0,0,0
234.1,0,0,0,0
2394.06,1,0,0,1
2366.03,1,0,0,1
150.39,0,0,0,0
553.9,0,0,0,0
287.58,0,0,0,0
339.24,0,0,0,0
1914.81,1,0,0,1
665.8,0,0,0,0
460.4,0,0,0,0
636.68,0,0,0,0
1536.2,0,0,0,1
314.72,0,0,0,0
252.95,0,0,0,0
329.61,0,0,0,0
233.53,0,1,0,0
36.96,0,0,0,0
85.19,0,0,0,0
667.44,0,0,0,0
226.35,0,0,0,0
90.39,0,0,0,0
198.99,0,0,0,0
221.33,0,0,0,0
180.2,0,0,0,0
930.44,0,0,0,0
773.5,0,0,0,0
101.9,0,0,0,0
437.58,0,0,0,0
1985.1,0,0,0,1
1717.79,0,0,0,1
1067.5,0,0,0,0
914.88,0,1,0,0
515.19,0,0,0,0
1219.83,1,0,0,1
273.9,0,0,0,0
395.4,0,0,0,0
40.14,0,0,0,0
185.6,0,0,0,0
159.24,0,0,0,0
415.56,0,0,0,0
723.52,0,0,0,0
166.92,0,1,0,0
192.08,0,0,0,0
209.87,0,0,0,0
1222.09,0,0,0,1
728.65,0,1,0,0
344.14,0,0,0,0
1460.81,0,0,0,1
434.6,0,0,0,0
461.92,0,0,0,0
1145.88,1,0,0,1
741.18,0,1,0,0
158.44,0,0,0,0
272.5,0,0,0,0
141.74,0,0,0,0
385.5,0,0,0,0
220.32,0,0,0,0
442.56,0,0,0,0
907.08,0,0,0,0
255.44,0,0,0,0
646.8,0,0,0,0
97.89,0,0,0,0
1244.14,1,0,0,1
689.76,0,0,0,0
12.81,0,0,0,0
566.49,0,0,0,0
425.52,0,0,0,0
176.18,0,0,0,0
403.83,0,0,0,0
271.74,0,0,0,0
646.5,0,0,0,0
783.35,0,0,0,0
1048.56,1,0,0,1
487.14,0,0,0,0
738.96,0,0,0,0
1186.75,0,0,0,0
663.56,0,0,0,0
268.1,0,0,0,0
346.55,0,0,0,0
24.62,0,0,0,0
354.3,0,0,0,0
354.76,0,0,0,0
31.93,0,0,0,0
328.2,0,0,0,0
236.52,0,0,0,0
2085.25,1,0,0,1
90.48,0,0,0,0
638.92,0,1,0,0
124.56,0,0,0,0
1148.7,0,0,0,0
465.52,0,0,0,0
192.52,0,0,0,0
501.0,0,0,0,0
397.55,0,0,0,0
1027.67,0,0,0,1
141.98,0,1,0,0
1491.57,0,0,0,1
621.84,0,0,0,0
940.4,0,0,0,0
459.8,0,0,0,0
1834.46,0,0,0,1
2227.89,1,0,0,1
433.55,0,0,0,0
35.22,0,0,0,0
1197.12,0,0,0,1
33.04,0,0,0,0
131.52,0,0,0,0
42.47,0,0,0,0
2366.22,1,0,0,1
433.04,0,0,0,0
808.65,0,0,0,0
470.16,0,0,0,0
262.42,0,0,0,0
7.02,0,0,0,0
290.76,0,0,0,0
2376.96,1,0,0,1
437.25,0,0,0,0
76.89,0,0,0,0
606.24,0,0,0,0
864.4,0,0,0,0
457.18,0,0,0,0
937.64,0,0,0,0
336.42,0,0,0,0
179.22,0,0,0,0
391.85,0,0,0,0
1333.42,1,0,0,1
144.04,0,0,0,0
62.69,0,1,1,1
48.4,0,0,0,0
44.77,0,0,0,0
701.97,0,0,0,0
191.52,0,0,0,0
1583.23,1,0,0,1
1129.94,1,0,0,1
18.21,0,0,0,0
354.56,0,0,0,0
535.85,0,0,0,0
65.89,0,0,0,0
657.88,0,0,0,0
779.0,0,0,0,0
95.05,0,0,0,0
376.59,0,0,0,0
2323.21,1,0,0,1
52.18,0,0,0,0
56.22,0,1,0,0
30.98,0,0,0,0
61.68,0,0,0,0
372.88,0,0,0,0
61.08,0,0,0,0
601.2,0,0,0,0
1506.87,1,0,0,1
225.39,0,0,0,0
149.19,0,1,0,0
58.18,0,0,0,0
94.14,0,1,0,0
179.33,0,0,0,0
615.0,0,0,0,0
2435.08,1,0,0,1
1772.34,0,0,0,1
244.41,0,0,0,0
870.8,0,0,0,0
78.38,0,0,0,0
1418.45,1,0,0,1
283.72,0,0,0,0
653.16,0,0,0,0
634.0,0,0,0,0
35.4,0,0,0,0
430.82,0,0,0,0
566.79,0,0,0,0
1729.39,1,0,0,1
262.05,0,0,0,0
460.14,0,0,0,0
192.03,0,0,0,0
313.7,0,0,0,0
181.44,0,0,0,0
728.84,0,0,0,0
160.65,0,0,0,0
577.62,0,0,0,0
623.76,0,0,0,0
760.64,0,0,0,0
260.04,0,0,0,0
102.04,0,0,0,0
267.0,0,0,0,0
38.5,0,0,0,0
740.28,0,0,0,0
14.56,0,0,0,0
615.09,0,0,0,0
484.04,0,0,0,0
647.82,0,0,0,0
535.1,0,0,0,0
440.64,0,0,0,0
147.24,0,0,0,0
2164.89,1,0,0,1
237.02,0,0,0,0
769.64,0,0,0,0
57.51,0,0,0,0
1232.92,1,0,0,1
1232.75,0,1,1,1
178.13,0,0,0,0
463.9,0,0,0,0
1174.75,0,0,0,0
159.47,0,0,0,0
75.8,0,0,0,0
1248.97,0,0,0,1
487.16,0,0,0,0
978.44,0,0,0,0
639.57,0,0,0,0
16.61,0,1,0,0
305.72,0,0,0,0
183.36,0,0,0,0
223.59,0,0,0,0
535.68,0,0,0,0
31.38,0,0,0,0
48.75,0,0,0,0
737.22,0,0,0,0
634.65,0,0,0,0
470.65,0,0,0,0
75.29,0,0,0,0
467.2,0,0,0,0
1460.47,1,0,0,1
196.82,0,0,0,0
61.5,0,0,0,0
1849.54,1,0,0,1
1233.8,0,0,0,0
2289.64,1,0,0,1
994.1,0,0,0,0
1043.39,1,0,0,1
661.29,0,1,0,0
956.0,0,1,0,0
16.41,0,0,0,0
82.9,0,0,0,0
88.43,0,0,0,0
1986.7,1,0,0,1
271.52,0,0,0,0
488.04,0,0,0,0
699.03,0,0,0,0
108.32,0,0,0,0
228.6,0,0,0,0
361.32,0,0,0,0
219.84,0,0,0,0
499.56,0,0,0,0
32.08,0,0,0,0
135.5,0,0,0,0
481.35,0,0,0,0
292.24,0,0,0,0
420.85,0,0,0,0
200.68,0,0,0,0
1221.85,0,0,0,0
637.16,0,0,0,0
90.28,0,0,0,0
2405.6,1,0,0,1
1754.99,1,0,0,1
772.5,0,0,0,0
229.76,0,0,0,0
72.89,0,0,0,0
79.42,0,0,0,0
234.89,0,0,0,0
809.36,0,0,0,0
1665.09,1,0,0,1
559.85,0,0,0,0
680.2,0,0,0,0
438.46,0,1,0,0
2370.56,0,0,0,1
383.25,0,0,0,0
1179.5,0,0,0,0
185.9,0,0,0,0
65.7,0,0,0,0
1192.35,0,0,0,0
404.68,0,0,0,0
59.8,0,0,0,0
908.2,0,0,0,0
1547.46,1,0,0,1
1924.23,1,0,0,1
304.56,0,0,0,0
346.16,0,0,0,0
908.24,0,0,0,0
316.92,0,0,0,0
579.33,0,0,0,0
233.28,0,0,0,0
128.37,0,0,0,0
112.6,0,0,0,0
2322.79,1,0,0,1
20.04,0,0,0,0
1691.07,0,0,0,1
261.3,0,0,0,0
72.81,0,1,1,1
187.84,0,0,0,0
597.6,0,0,0,0
446.08,0,0,0,0
360.75,0,0,0,0
273.22,0,0,0,0
528.3,0,0,0,0
1685.81,1,0,0,1
1228.2,0,0,0,0
70.2,0,0,0,0
183.0,0,0,0,0
317.1,0,0,0,0
805.7,0,0,0,0
200.0,0,0,0,0
2340.37,1,0,0,1
199.48,0,0,0,0
1198.6,0,0,0,0
215.5,0,0,0,0
485.1,0,0,0,0
347.61,0,0,0,0
363.15,0,0,0,0
89.36,0,0,0,0
46.71,0,0,0,0
296.58,0,0,0,0
205.32,0,0,0,0
416.06,0,0,0,0
2404.04,1,0,0,1
987.35,0,1,0,0
704.0,0,0,0,0
47.05,0,1,0,0
32.78,0,0,0,0
446.16,0,0,0,0
95.68,0,0,0,0
216.6,0,0,0,0
497.13,0,0,0,0
115.13,0,0,0,0
269.91,0,0,0,0
209.68,0,0,0,0
2024.54,1,0,0,1
927.1,0,0,0,0
1118.65,1,0,0,1
1790.35,1,0,0,1
454.82,0,0,0,0
991.28,0,0,0,0
173.46,0,0,0,0
270.5,0,0,0,0
52.07,0,0,0,0
841.95,0,0,0,0
1025.41,1,0,0,1
1100.05,0,0,0,0
39.6,0,0,0,0
414.09,0,0,0,0
2142.5,0,0,0,1
1981.11,1,0,0,1
18.58,0,0,0,0
1089.35,0,0,0,0
80.5,0,0,0,0
530.01,0,0,0,0
1237.99,1,0,0,1
239.45,0,0,0,0
119.24,0,0,0,0
585.15,0,0,0,0
45.09,0,1,0,0
645.09,0,0,0,0
306.45,0,0,0,0
724.75,0,0,0,0
98.24,0,0,0,0
438.44,0,0,0,0
312.57,0,0,0,0
118.35,0,0,0,0
1096.75,0,0,0,0
99.55,0,1,0,0
147.2,0,0,0,0
505.98,0,0,0,0
1327.93,1,0,0,1
455.28,0,0,0,0
327.44,0,0,0,0
571.95,0,0,0,0
69.69,0,0,0,0
757.2,0,0,0,0
313.71,0,0,0,0
339.1,0,0,0,0
27.0,0,0,0,0
144.45,0,0,0,0
61.01,0,1,0,0
554.92,0,0,0,0
2321.46,1,0,0,1
749.4,0,0,0,0
870.72,0,0,0,0
438.6,0,0,0,0
1069.95,0,0,0,0
180.03,0,0,0,0
509.0,0,0,0,0
36.48,0,0,0,0
109.68,0,1,0,0
617.16,0,0,0,0
218.76,0,0,0,0
44.54,0,0,0,0
2294.97,1,0,0,1
863.55,0,0,0,0
490.5,0,0,0,0
971.6,0,0,0,0
186.64,0,0,0,0
59.16,0,0,0,0
2227.73,1,0,0,1
20.04,0,0,0,0
154.06,0,0,0,0
258.95,0,0,0,0
247.53,0,0,0,0
110.88,0,0,0,0
467.7,0,0,0,0
553.4,0,0,0,0
348.32,0,0,0,0
2384.31,1,0,0,1
189.75,0,0,0,0
178.34,0,0,0,0
169.07,0,0,0,0
198.56,0,0,0,0
219.66,0,1,0,0
812.76,0,0,0,0
488.85,0,0,0,0
243.94,0,0,0,0
117.36,0,0,0,0
49.1,0,0,0,0
496.1,0,0,0,0
660.84,0,0,0,0
75.82,0,0,0,0
1880.83,1,0,0,1
61.6,0,0,0,0
2196.37,1,0,0,1
167.94,0,0,0,0
641.76,0,0,0,0
570.42,0,0,0,0
646.89,0,0,0,0
2362.55,1,0,0,1
289.38,0,1,0,0
1140.1,0,0,0,0
129.14,0,0,0,0
178.56,0,0,0,0
432.32,0,0,0,0
890.75,0,0,0,0
149.92,0,0,0,0
229.53,0,0,0,0
105.29,0,0,0,0
548.13,0,0,0,0
581.2,0,0,0,0
826.08,0,0,0,0
191.98,0,0,0,0
208.44,0,0,0,0
470.24,0,0,0,0
210.84,0,0,0,0
1900.19,0,0,0,1
18.12,0,0,0,0
396.2,0,0,0,0
754.45,0,0,0,0
279.69,0,0,0,0
1077.75,0,0,0,0
100.21,0,0,0,0
102.28,0,0,0,0
57.41,0,0,0,0
570.96,0,0,0,0
1735.23,1,0,0,1
505.4,0,0,0,0
297.76,0,0,0,0
86.8,0,0,0,0
1403.1,1,0,0,1
635.55,0,0,0,0
690.1,0,0,0,0
14.4,0,0,0,0
331.89,0,0,0,0
201.32,0,0,0,0
236.92,0,0,0,0
682.5,0,0,0,0
1994.65,0,0,0,1
1599.24,0,0,0,1
576.4,0,1,0,0
19.35,0,0,0,0
391.56,0,0,0,0
53.39,0,0,0,0
947.0,0,0,0,0
1693.1,1,0,0,1
230.4,0,0,0,0
1174.0,0,0,0,0
793.8,0,0,0,0
189.96,0,0,0,0
131.66,0,0,0,0
1198.62,0,0,0,1
83.45,0,0,0,0
914.15,0,0,0,0
1387.47,1,0,0,1
2011.09,1,0,0,1
329.85,0,0,0,0
148.38,0,0,0,0
755.15,0,0,0,0
541.98,0,0,0,0
248.1,0,0,0,0
182.0,0,0,0,0
1052.7,0,0,0,0
431.58,0,0,0,0
416.55,0,0,0,0
173.88,0,0,0,0
695.64,0,1,1,1
1447.59,0,0,0,1
237.18,0,0,0,0
500.34,0,0,0,0
1389.11,1,0,0,1
228.6,0,1,0,0
434.8,0,0,0,0
34.82,0,0,0,0
221.62,0,0,0,0
55.11,0,0,0,0
1184.8,1,0,0,1
270.4,0,0,0,0
399.72,0,0,0,0
435.92,0,0,0,0
2469.5,1,0,0,1
511.8,0,1,0,0
126.66,0,1,0,0
2152.63,1,0,0,1
155.5,0,0,0,0
1096.4,0,0,0,0
83.37,0,0,0,0
2483.37,1,0,0,1
320.36,0,0,0,0
1236.3,0,0,0,0
423.18,0,0,0,0
696.2,0,0,0,0
406.32,0,0,0,0
691.25,0,0,0,0
392.28,0,0,0,0
988.0,0,0,0,0
2421.29,0,0,0,1
386.19,0,0,0,0
167.53,0,0,0,0
186.52,0,0,0,0
380.37,0,0,0,0
621.15,0,0,0,0
402.8,0,0,0,0
449.28,0,1,0,0
932.2,0,0,0,0
431.7,0,0,0,0
270.21,0,0,0,0
264.42,0,0,0,0
288.44,0,0,0,0
1223.8,0,0,0,0
666.39,0,0,0,0
521.24,0,0,0,0
196.48,0,0,0,0
229.68,0,0,0,0
132.02,0,0,0,0
1148.55,0,0,0,0
2097.61,1,0,0,1
17.66,0,0,0,0
876.48,0,0,0,0
241.65,0,0,0,0
950.6,0,0,0,0
2164.98,1,0,0,1
291.02,0,0,0,0
223.41,0,0,0,0
987.65,0,0,0,0
71.6,0,1,0,0
2465.41,1,0,0,1
104.6,0,0,0,0
47.6,0,0,0,0
866.76,0,0,0,0
138.25,0,1,0,0
239.0,0,0,0,0
58.25,0,0,0,0
522.84,0,0,0,0
240.63,0,0,0,0
230.01,0,0,0,0
172.97,0,0,0,0
577.2,0,0,0,0
301.84,0,0,0,0
549.72,0,0,0,0
552.15,0,0,0,0
1086.1,0,0,0,0
568.76,0,0,0,0
153.4,0,0,0,0
525.0,0,0,0,0
145.64,0,0,0,0
490.6,0,0,0,0
111.8,0,0,0,0
2332.77,1,0,0,1
460.96,0,0,0,0
234.96,0,0,0,0
348.75,0,0,0,0
303.4,0,0,0,0
2044.61,1,0,0,1
578.15,0,0,0,0
182.67,0,0,0,0
243.6,0,0,0,0
325.85,0,0,0,0
353.85,0,0,0,0
223.12,0,0,0,0
502.38,0,0,0,0
224.64,0,0,0,0
1056.4,0,0,0,0
396.27,0,0,0,0
126.99,0,1,0,0
31.75,0,0,0,0
135.83,0,0,0,0
1244.05,0,0,0,0
548.43,0,0,0,0
2390.96,0,0,0,1
423.72,0,0,0,0
183.98,0,0,0,0
2252.83,1,0,0,1
8.71,0,0,0,0
761.64,0,0,0,0
432.72,0,0,0,0
115.61,0,0,0,0
322.84,0,0,0,0
302.94,0,0,0,0
246.42,0,1,0,0
525.51,0,0,0,0
77.73,0,0,0,0
79.23,0,0,0,0
180.7,0,0,0,0
184.56,0,0,0,0
36.17,0,1,0,0
396.4,0,0,0,0
195.12,0,1,1,1
2232.02,1,0,0,1
221.19,0,0,0,0
280.17,0,0,0,0
380.64,0,0,0,0
1355.12,1,0,0,1
445.0,0,0,0,0
167.32,0,0,0,0
892.76,0,0,0,0
853.2,0,0,0,0
100.26,0,0,0,0
1974.45,1,0,0,1
603.96,0,0,0,0
545.65,0,0,0,0
321.72,0,0,0,0
993.25,0,0,0,0
917.25,0,0,0,0
213.87,0,0,0,0
460.46,0,0,0,0
697.68,0,0,0,0
265.78,0,0,0,0
266.36,0,0,0,0
454.23,0,0,0,0
155.89,0,1,0,0
1610.86,0,0,0,1
563.65,0,0,0,0
102.51,0,0,0,0
357.84,0,0,0,0
829.35,0,0,0,0
209.6,0,0,0,0
29.0,0,0,0,0
89.84,0,0,0,0
474.48,0,0,0,0
997.05,0,0,0,0
123.66,0,0,0,0
16.77,0,0,0,0
45.06,0,0,0,0
114.19,0,0,0,0
240.08,0,0,0,0
568.83,0,0,0,0
114.32,0,0,0,0
646.98,0,0,0,0
353.82,0,0,0,0
58.66,0,0,0,0
501.6,0,0,0,0
135.48,0,0,0,0
418.68,0,0,0,0
1198.55,1,0,0,1
30.21,0,0,0,0
1856.15,1,0,0,1
226.2,0,0,0,0
28.72,0,0,0,0
487.32,0,0,0,0
364.18,0,0,0,0
23.32,0,0,0,0
202.55,0,0,0,0
1202.9,0,0,0,0
258.93,0,0,0,0
688.16,0,0,0,0
437.66,0,0,0,0
87.6,0,0,0,0
153.33,0,0,0,0
247.7,0,0,0,0
184.68,0,0,0,0
2098.42,1,0,0,1
187.46,0,0,0,0
652.56,0,1,1,1
168.2,0,0,0,0
320.8,0,0,0,0
702.24,0,0,0,0
1404.31,1,0,0,1
376.18,0,0,0,0
407.8,0,0,0,0
367.08,0,0,0,0
860.68,0,0,0,0
581.04,0,0,0,0
647.52,0,0,0,0
219.86,0,0,0,0
177.3,0,0,0,0
247.12,0,0,0,0
22.84,0,0,0,0
111.57,0,0,0,0
235.55,0,0,0,0
122.28,0,0,0,0
54.34,0,0,0,0
162.43,0,0,0,0
61.77,0,0,0,0
135.48,0,0,0,0
603.12,0,0,0,0
296.25,0,0,0,0
279.76,0,0,0,0
2016.7,1,0,0,1
199.85,0,0,0,0
581.79,0,0,0,0
1773.14,1,0,0,1
845.92,0,0,0,0
198.5,0,0,0,0
461.32,0,0,0,0
734.97,0,0,0,0
514.32,0,0,0,0
181.56,0,0,0,0
735.2,0,0,0,0
109.29,0,0,0,0
400.9,0,0,0,0
473.18,0,0,0,0
156.95,0,0,0,0
993.36,0,1,1,1
113.91,0,0,0,0
491.4,0,0,0,0
287.7,0,1,0,0
362.22,0,0,0,0
945.5,0,0,0,0
273.42,0,0,0,0
521.3,0,0,0,0
2035.63,1,0,0,1
149.07,0,0,0,0
356.49,0,0,0,0
236.5,0,0,0,0
393.82,0,0,0,0
400.92,0,0,0,0
120.76,0,0,0,0
476.55,0,0,0,0
213.24,0,0,0,0
1101.7,0,0,0,0
362.52,0,0,0,0
109.38,0,0,0,0
1518.66,0,0,0,1
515.16,0,0,0,0
551.67,0,0,0,0
739.02,0,0,0,0
2281.91,1,0,0,1
185.12,0,0,0,0
277.68,0,0,0,0
2462.2,1,0,0,1
410.67,0,0,0,0
186.46,0,0,0,0
111.32,0,0,0,0
1737.71,0,0,0,1
1382.15,1,0,0,1
352.89,0,0,0,0
1177.39,1,0,0,1
194.53,0,0,0,0
249.76,0,0,0,0
39.39,0,0,0,0
145.68,0,0,0,0
1459.01,1,0,0,1
742.95,0,0,0,0
220.54,0,0,0,0
2254.1,1,0,0,1
2477.46,1,0,0,1
533.07,0,0,0,0
543.51,0,0,0,0
39.06,0,0,0,0
79.06,0,0,0,0
182.42,0,1,0,0
1957.39,1,0,0,1
244.9,0,0,0,0
114.75,0,0,0,0
973.84,0,0,0,0
916.25,0,0,0,0
260.04,0,0,0,0
152.01,0,0,0,0
400.8,0,1,0,0
184.1,0,1,0,0
354.28,0,0,0,0
97.23,0,0,0,0
1027.95,0,0,0,0
37.28,0,0,0,0
458.2,0,0,0,0
1144.2,0,0,0,0
236.62,0,0,0,0
188.95,0,0,0,0
1430.82,1,0,0,1
1592.9,0,0,0,1
2215.28,1,0,0,1
698.19,0,0,0,0
1202.59,1,0,0,1
74.16,0,0,0,0
61.0,0,0,0,0
222.66,0,0,0,0
84.8,0,0,0,0
229.9,0,0,0,0
189.75,0,0,0,0
169.6,0,0,0,0
245.52,0,0,0,0
312.6,0,0,0,0
86.2,0,0,0,0
223.52,0,0,0,0
556.32,0,0,0,0
2248.11,1,0,0,1
305.72,0,0,0,0
354.84,0,0,0,0
221.22,0,0,0,0
266.92,0,0,0,0
527.91,0,0,0,0
776.52,0,0,0,0
360.1,0,0,0,0
46.7,0,0,0,0
617.72,0,0,0,0
415.4,0,0,0,0
778.96,0,0,0,0
403.9,0,0,0,0
600.96,0,0,0,0
107.16,0,0,0,0
631.95,0,0,0,0
1571.96,1,0,0,1
62.4,0,0,0,0
320.72,0,0,0,0
448.68,0,0,0,0
223.95,0,0,0,0
624.44,0,0,0,0
89.06,0,0,0,0
80.55,0,1,0,0
2466.42,1,0,0,1
2312.87,0,0,0,1
128.6,0,0,0,0
626.08,0,0,0,0
710.64,0,0,0,0
1183.2,0,0,0,0
362.25,0,0,0,0
381.3,0,0,0,0
588.99,0,0,0,0
251.76,0,0,0,0
159.06,0,0,0,0
58.74,0,0,0,0
392.4,0,0,0,0
275.04,0,0,0,0
1637.73,1,0,0,1
98.1,0,0,0,0
929.48,0,0,0,0
395.3,0,0,0,0
163.14,0,0,0,0
159.48,0,0,0,0
409.4,0,0,0,0
358.56,0,0,0,0
126.52,0,0,0,0
469.5,0,0,0,0
447.56,0,0,0,0
878.9,0,1,1,1
2046.79,1,0,0,1
88.36,0,0,0,0
356.5,0,0,0,0
36.14,0,0,0,0
215.61,0,0,0,0
1146.2,0,0,0,0
602.8,0,0,0,0
539.76,0,0,0,0
416.52,0,0,0,0
680.28,0,0,0,0
945.8,0,0,0,0
43.6,0,0,0,0
303.12,0,0,0,0
63.52,0,0,0,0
832.32,0,0,0,0
254.1,0,0,0,0
719.95,0,0,0,0
171.68,0,0,0,0
428.02,0,0,0,0
594.51,0,0,0,0
123.16,0,0,0,0
217.65,0,0,0,0
126.87,0,0,0,0
964.95,0,0,0,0
68.22,0,0,0,0
717.48,0,0,0,0
345.08,0,0,0,0
142.16,0,0,0,0
1584.09,1,0,0,1
1551.77,0,0,0,1
1362.04,1,0,0,1
218.84,0,0,0,0
2322.62,1,0,0,1
307.58,0,0,0,0
29.06,0,0,0,0
552.96,0,0,0,0
242.92,0,0,0,0
118.12,0,0,0,0
75.05,0,0,0,0
684.93,0,0,0,0
240.2,0,0,0,0
209.46,0,0,0,0
606.35,0,0,0,0
578.58,0,1,1,1
97.67,0,0,0,0
223.65,0,0,0,0
697.88,0,0,0,0
356.16,0,0,0,0
174.32,0,0,0,0
75.89,0,1,1,1
152.36,0,0,0,0
14.23,0,0,0,0
2179.35,1,0,0,1
1635.19,1,0,0,1
29.35,0,0,0,0
729.84,0,0,0,0
993.44,0,0,0,0
525.04,0,0,0,0
481.8,0,0,0,0
624.42,0,0,0,0
471.18,0,0,0,0
1279.52,1,0,0,1
197.52,0,0,0,0
1085.85,0,0,0,0
1643.38,0,0,0,1
819.2,0,0,0,0
616.4,0,0,0,0
1985.36,1,0,0,1
1106.7,0,1,1,1
477.55,0,0,0,0
298.6,0,0,0,0
881.64,0,0,0,0
245.71,0,0,0,0
412.18,0,0,0,0
979.7,0,0,0,0
58.56,0,0,0,0
70.21,0,0,0,0
276.64,0,0,0,0
182.03,0,1,0,0
1820.51,0,0,0,1
341.82,0,0,0,0
1512.98,1,0,0,1
36.2,0,0,0,0
175.62,0,0,0,0
154.4,0,0,0,0
303.06,0,0,0,0
159.87,0,0,0,0
265.22,0,0,0,0
548.32,0,0,0,0
164.52,0,0,0,0
757.35,0,0,0,0
688.84,0,0,0,0
259.4,0,0,0,0
105.75,0,0,0,0
437.66,0,0,0,0
2246.76,1,0,0,1
1718.43,1,0,0,1
465.0,0,0,0,0
386.26,0,0,0,0
1046.95,1,0,0,1
41.88,0,0,0,0
48.93,0,0,0,0
453.22,0,0,0,0
306.0,0,0,0,0
76.34,0,0,0,0
650.85,0,0,0,0
68.42,0,0,0,0
673.9,0,0,0,0
68.06,0,0,0,0
168.68,0,0,0,0
285.12,0,0,0,0
1704.0,0,0,0,1
368.66,0,0,0,0
1857.77,1,0,0,1
777.32,0,1,0,0
2240.39,1,0,0,1
1597.06,1,0,0,1
314.85,0,0,0,0
532.5,0,0,0,0
271.45,0,0,0,0
67.4,0,0,0,0
645.48,0,0,0,0
189.86,0,0,0,0
434.86,0,0,0,0
461.95,0,0,0,0
1033.6,0,1,0,0
24.06,0,0,0,0
342.48,0,0,0,0
661.7,0,0,0,0
1228.87,1,0,0,1
419.5,0,0,0,0
404.82,0,0,0,0
798.9,0,0,0,0
841.85,0,0,0,0
111.48,0,0,0,0
382.44,0,0,0,0
1216.75,0,0,0,0
1297.29,0,0,0,1
207.64,0,0,0,0
476.36,0,1,0,0
427.8,0,0,0,0
590.24,0,1,0,0
725.07,0,0,0,0
342.22,0,0,0,0
235.72,0,0,0,0
785.32,0,0,0,0
204.61,0,0,0,0
863.9,0,1,0,0
322.08,0,0,0,0
797.28,0,0,0,0
392.7,0,0,0,0
1171.05,0,0,0,0
44.82,0,0,0,0
2402.94,1,0,0,1
2242.98,1,0,0,1
472.65,0,0,0,0
33.8,0,0,0,0
1144.17,1,0,0,1
888.8,0,0,0,0
413.72,0,0,0,0
1087.95,0,0,0,0
174.16,0,0,0,0
1028.17,0,0,0,1
611.9,0,0,0,0
2022.02,0,0,0,1
205.92,0,0,0,0
249.15,0,0,0,0
90.35,0,0,0,0
1387.56,1,0,0,1
2293.56,1,0,0,1
147.78,0,0,0,0
182.64,0,0,0,0
905.5,0,0,0,0
123.52,0,0,0,0
948.05,0,0,0,0
165.42,0,0,0,0
148.24,0,0,0,0
600.12,0,0,0,0
380.61,0,0,0,0
186.14,0,0,0,0
16.34,0,0,0,0
1503.49,1,0,0,1
624.65,0,0,0,0
118.43,0,0,0,0
786.6,0,0,0,0
542.01,0,1,0,0
1863.34,1,0,0,1
205.64,0,0,0,0
854.3,0,1,1,1
709.38,0,0,0,0
393.95,0,0,0,0
161.2,0,0,0,0
460.48,0,0,0,0
70.61,0,0,0,0
739.04,0,0,0,0
997.35,0,0,0,0
455.36,0,0,0,0
153.12,0,0,0,0
2046.35,1,0,0,1
681.0,0,0,0,0
297.4,0,0,0,0
416.88,0,0,0,0
482.92,0,0,0,0
639.96,0,0,0,0
182.52,0,0,0,0
739.5,0,0,0,0
363.42,0,0,0,0
83.67,0,0,0,0
228.9,0,0,0,0
141.34,0,0,0,0
1165.76,1,0,0,1
226.48,0,0,0,0
196.25,0,0,0,0
476.48,0,0,0,0
382.72,0,0,0,0
373.05,0,0,0,0
403.54,0,0,0,0
35.2,0,0,0,0
121.66,0,0,0,0
1197.0,1,0,0,1
233.45,0,0,0,0
58.08,0,0,0,0
398.55,0,0,0,0
155.53,0,0,0,0
1548.76,1,0,0,1
378.46,0,0,0,0
225.58,0,0,0,0
177.3,0,0,0,0
976.0,0,0,0,0
228.1,0,0,0,0
68.34,0,0,0,0
121.59,0,0,0,0
516.15,0,0,0,0
83.95,0,0,0,0
31.32,0,0,0,0
221.8,0,0,0,0
204.02,0,0,0,0
188.72,0,0,0,0
350.68,0,0,0,0
101.45,0,1,1,1
76.29,0,0,0,0
20.89,0,0,0,0
116.25,0,0,0,0
1241.23,1,0,0,1
2233.92,1,0,0,1
290.64,0,0,0,0
302.12,0,0,0,0
396.87,0,0,0,0
26.99,0,0,0,0
514.89,0,0,0,0
106.11,0,0,0,0
83.82,0,0,0,0
1779.78,1,0,0,1
644.19,0,0,0,0
26.35,0,0,0,0
180.27,0,0,0,0
181.4,0,1,1,1
608.79,0,0,0,0
24.42,0,0,0,0
1891.88,0,0,0,1
212.7,0,0,0,0
93.57,0,0,0,0
160.93,0,0,0,0
1110.45,0,0,0,0
242.24,0,0,0,0
530.07,0,0,0,0
642.64,0,0,0,0
199.62,0,0,0,0
46.35,0,0,0,0
16.45,0,0,0,0
2323.67,1,0,0,1
513.52,0,0,0,0
491.13,0,0,0,0
709.47,0,0,0,0
1467.45,0,0,0,1
312.44,0,0,0,0
58.28,0,0,0,0
481.47,0,0,0,0
144.06,0,0,0,0
510.8,0,0,0,0
180.92,0,0,0,0
394.66,0,0,0,0
16.6,0,0,0,0
379.47,0,0,0,0
150.59,0,0,0,0
184.17,0,0,0,0
846.52,0,0,0,0
404.9,0,0,0,0
192.13,0,0,0,0
118.03,0,0,0,0
403.74,0,0,0,0
140.55,0,0,0,0
220.84,0,0,0,0
31.9,0,1,0,0
411.1,0,0,0,0
341.92,0,0,0,0
112.87,0,0,0,0
172.04,0,0,0,0
210.36,0,0,0,0
253.64,0,0,0,0
390.03,0,0,0,0
660.05,0,0,0,0
288.84,0,0,0,0
2085.53,1,0,0,1
1329.58,1,0,0,1
388.23,0,0,0,0
622.2,0,0,0,0
311.04,0,0,0,0
537.88,0,0,0,0
18.6,0,0,0,0
137.07,0,0,0,0
426.52,0,0,0,0
1017.7,0,0,0,0
614.76,0,0,0,0
973.5,0,0,0,0
463.94,0,0,0,0
1062.2,0,0,0,0
954.7,0,0,0,0
380.92,0,0,0,0
357.44,0,0,0,0
229.03,0,0,0,0
1574.88,1,0,0,1
268.82,0,0,0,0
952.0,0,0,0,0
286.85,0,0,0,0
99.84,0,0,0,0
389.42,0,0,0,0
1436.28,1,0,0,1
364.95,0,0,0,0
209.54,0,0,0,0
218.82,0,0,0,0
468.84,0,1,0,0
120.85,0,0,0,0
129.04,0,0,0,0
2191.6,1,0,0,1
215.63,0,0,0,0
386.58,0,0,0,0
211.7,0,0,0,0
2027.89,0,0,0,1
441.16,0,0,0,0
184.77,0,0,0,0
227.88,0,1,0,0
2238.55,1,0,0,1
296.2,0,0,0,0
482.1,0,0,0,0
712.15,0,0,0,0
279.04,0,0,0,0
107.0,0,0,0,0
483.36,0,0,0,0
11.59,0,0,0,0
813.4,0,0,0,0
70.58,0,0,0,0
168.96,0,0,0,0
185.18,0,0,0,0
361.76,0,0,0,0
448.12,0,0,0,0
436.96,0,0,0,0
1588.44,1,0,0,1
1486.7,1,0,0,1
278.4,0,0,0,0
926.1,0,0,0,0
64.36,0,0,0,0
272.68,0,0,0,0
174.09,0,0,0,0
2221.53,1,0,0,1
24.52,0,0,0,0
996.3,0,0,0,0
446.84,0,0,0,0
1175.65,0,0,0,0
387.6,0,0,0,0
331.11,0,0,0,0
240.28,0,0,0,0
398.76,0,0,0,0
387.05,0,0,0,0
124.13,0,0,0,0
51.0,0,0,0,0
115.81,0,0,0,0
740.52,0,0,0,0
186.76,0,0,0,0
1183.95,0,0,0,0
46.8,0,0,0,0
114.48,0,0,0,0
2353.17,0,0,0,1
1581.83,0,0,0,1
269.12,0,0,0,0
11.89,0,0,0,0
211.14,0,0,0,0
410.79,0,0,0,0
2370.02,1,0,0,1
1357.02,0,0,0,1
105.1,0,0,0,0
189.8,0,0,0,0
248.72,0,0,0,0
120.64,0,0,0,0
1259.11,1,0,0,1
478.08,0,0,0,0
80.7,0,0,0,0
852.25,0,0,0,0
2329.43,1,0,0,1
183.66,0,0,0,0
2154.13,1,0,0,1
950.3,0,0,0,0
326.16,0,0,0,0
290.16,0,0,0,0
137.04,0,0,0,0
176.42,0,0,0,0
384.36,0,0,0,0
279.72,0,0,0,0
814.65,0,0,0,0
462.24,0,0,0,0
915.64,0,0,0,0
1002.25,0,0,0,0
314.66,0,0,0,0
940.24,0,0,0,0
1441.8,0,0,0,1
491.75,0,0,0,0
1600.43,1,0,0,1
700.29,0,0,0,0
369.58,0,0,0,0
498.16,0,0,0,0
259.4,0,1,0,0
1104.2,0,0,0,0
197.36,0,0,0,0
254.55,0,0,0,0
762.0,0,0,0,0
185.15,0,0,0,0
674.56,0,0,0,0
40.3,0,0,0,0
255.6,0,0,0,0
1236.19,1,0,0,1
1700.65,1,0,0,1
1324.77,1,0,0,1
1712.1,1,0,0,1
116.57,0,0,0,0
695.12,0,0,0,0
418.32,0,0,0,0
13.67,0,0,0,0
197.28,0,0,0,0
390.68,0,0,0,0
1206.31,1,0,0,1
333.68,0,0,0,0
664.6,0,0,0,0
696.75,0,0,0,0
456.24,0,0,0,0
537.3,0,0,0,0
765.2,0,0,0,0
1192.95,0,0,0,0
40.42,0,0,0,0
747.56,0,0,0,0
143.96,0,0,0,0
771.65,0,0,0,0
728.94,0,0,0,0
201.81,0,1,0,0
1809.12,0,0,0,1
54.24,0,0,0,0
636.9,0,0,0,0
78.41,0,0,0,0
867.25,0,0,0,0
536.4,0,0,0,0
84.6,0,1,0,0
223.04,0,0,0,0
547.77,0,0,0,0
1486.36,1,0,0,1
433.8,0,0,0,0
2258.09,1,0,0,1
93.35,0,0,0,0
1110.03,1,0,0,1
513.27,0,0,0,0
102.73,0,0,0,0
178.12,0,0,0,0
1373.02,1,0,0,1
162.36,0,0,0,0
310.5,0,0,0,0
48.55,0,0,0,0
117.21,0,0,0,0
758.25,0,0,0,0
315.35,0,0,0,0
355.6,0,0,0,0
146.72,0,0,0,0
561.05,0,1,0,0
571.16,0,0,0,0
544.98,0,0,0,0
25.53,0,1,0,0
164.76,0,0,0,0
306.14,0,0,0,0
361.7,0,1,1,1
105.54,0,0,0,0
454.53,0,0,0,0
137.92,0,0,0,0
282.16,0,0,0,0
32.37,0,0,0,0
63.5,0,0,0,0
429.56,0,0,0,0
964.28,0,0,0,0
208.25,0,0,0,0
50.96,0,0,0,0
218.42,0,0,0,0
69.82,0,0,0,0
55.34,0,0,0,0
353.44,0,0,0,0
852.56,0,0,0,0
1471.77,0,0,0,1
511.56,0,0,0,0
187.11,0,0,0,0
142.06,0,0,0,0
1353.86,1,0,0,1
271.1,0,0,0,0
119.6,0,0,0,0
1788.4,1,0,0,1
664.72,0,0,0,0
1604.67,1,0,0,1
2466.37,1,0,0,1
289.2,0,0,0,0
1599.34,1,0,0,1
172.99,0,0,0,0
1091.6,0,0,0,0
480.18,0,0,0,0
223.17,0,0,0,0
242.52,0,1,0,0
1924.99,0,0,0,1
178.23,0,0,0,0
659.4,0,0,0,0
1497.98,1,0,0,1
410.48,0,0,0,0
803.24,0,0,0,0
59.04,0,0,0,0
70.68,0,0,0,0
51.18,0,0,0,0
68.37,0,0,0,0
1175.55,0,0,0,0
31.26,0,0,0,0
1416.11,1,0,0,1
481.29,0,1,0,0
295.23,0,0,0,0
401.1,0,0,0,0
306.8,0,0,0,0
359.06,0,0,0,0
218.31,0,0,0,0
20.84,0,0,0,0
700.12,0,0,0,0
11.23,0,0,0,0
2377.32,1,0,0,1
377.24,0,1,0,0
297.16,0,0,0,0
414.03,0,0,0,0
248.42,0,0,0,0
221.64,0,0,0,0
46.05,0,0,0,0
142.47,0,0,0,0
176.25,0,0,0,0
2019.24,1,0,0,1
369.3,0,0,0,0
14.74,0,0,0,0
15.58,0,0,0,0
769.68,0,0,0,0
480.92,0,0,0,0
329.44,0,0,0,0
189.75,0,1,0,0
227.04,0,0,0,0
234.52,0,0,0,0
164.08,0,0,0,0
81.37,0,0,0,0
108.25,0,0,0,0
405.02,0,0,0,0
472.38,0,0,0,0
535.45,0,0,0,0
194.16,0,0,0,0
329.14,0,0,0,0
321.22,0,0,0,0
328.44,0,0,0,0
574.15,0,0,0,0
494.76,0,0,0,0
2101.71,1,0,0,1
34.7,0,0,0,0
2295.17,1,0,0,1
617.94,0,0,0,0
23.72,0,0,0,0
325.92,0,0,0,0
73.9,0,0,0,0
211.25,0,0,0,0
1011.8,0,0,0,0
872.96,0,0,0,0
169.92,0,0,0,0
1716.3,1,0,0,1
164.6,0,0,0,0
964.8,0,0,0,0
243.57,0,0,0,0
2186.75,1,0,0,1
59.71,0,0,0,0
796.25,0,0,0,0
187.77,0,0,0,0
499.66,0,0,0,0
1059.75,0,0,0,0
741.9,0,0,0,0
393.69,0,0,0,0
669.35,0,0,0,0
706.89,0,0,0,0
453.02,0,0,0,0
28.09,0,0,0,0
235.7,0,0,0,0
357.0,0,0,0,0
363.7,0,0,0,0
239.24,0,0,0,0
325.82,0,0,0,0
120.48,0,0,0,0
487.94,0,0,0,0
801.56,0,0,0,0
800.6,0,0,0,0
1801.28,1,0,0,1
838.35,0,0,0,0
461.0,0,0,0,0
393.68,0,1,1,1
485.34,0,0,0,0
151.91,0,0,0,0
1108.52,0,0,0,1
1141.42,0,0,0,1
415.04,0,0,0,0
914.35,0,0,0,0
86.86,0,0,0,0
10.18,0,0,0,0
425.48,0,0,0,0
214.67,0,1,0,0
1166.52,0,0,0,1
604.05,0,0,0,0
350.04,0,0,0,0
35.46,0,0,0,0
1759.84,1,0,0,1
161.48,0,0,0,0
581.43,0,0,0,0
183.1,0,0,0,0
277.68,0,0,0,0
378.05,0,0,0,0
346.68,0,0,0,0
747.68,0,0,0,0
78.99,0,0,0,0
501.21,0,0,0,0
501.93,0,0,0,0
168.13,0,0,0,0
376.7,0,0,0,0
78.69,0,0,0,0
779.9,0,0,0,0
293.4,0,0,0,0
776.55,0,0,0,0
1467.06,1,0,0,1
1893.83,1,0,0,1
411.4,0,0,0,0
2226.87,1,0,0,1
192.92,0,0,0,0
498.74,0,0,0,0
187.78,0,0,0,0
701.15,0,0,0,0
804.45,0,0,0,0
781.44,0,0,0,0
2485.1,1,0,0,1
390.52,0,0,0,0
309.56,0,0,0,0
22.64,0,0,0,0
172.2,0,0,0,0
696.4,0,0,0,0
280.41,0,0,0,0
932.76,0,0,0,0
396.28,0,0,0,0
156.22,0,0,0,0
90.4,0,0,0,0
531.05,0,0,0,0
517.0,0,0,0,0
33.48,0,0,0,0
351.86,0,1,1,1
203.79,0,0,0,0
82.44,0,0,0,0
389.85,0,0,0,0
176.92,0,0,0,0
81.32,0,0,0,0
752.45,0,0,0,0
735.04,0,0,0,0
1328.06,1,0,0,1
856.12,0,0,0,0
295.2,0,0,0,0
587.85,0,0,0,0
148.84,0,1,0,0
1169.2,0,0,0,0
300.56,0,0,0,0
656.37,0,0,0,0
404.55,0,0,0,0
1101.81,1,0,0,1
539.28,0,0,0,0
224.08,0,0,0,0
644.1,0,0,0,0
6.77,0,0,0,0
11.26,0,0,0,0
21.43,0,0,0,0
244.99,0,1,0,0
749.01,0,0,0,0
1109.7,0,0,0,1
317.84,0,0,0,0
170.44,0,0,0,0
353.76,0,0,0,0
278.08,0,0,0,0
513.2,0,0,0,0
71.76,0,0,0,0
102.95,0,0,0,0
1393.08,1,0,0,1
156.16,0,1,0,0
339.22,0,0,0,0
712.74,0,0,0,0
326.43,0,0,0,0
66.08,0,1,0,0
222.82,0,0,0,0
182.65,0,0,0,0
113.26,0,0,0,0
53.29,0,0,0,0
421.8,0,0,0,0
102.84,0,0,0,0
520.8,0,0,0,0
62.75,0,0,0,0
275.79,0,0,0,0
802.7,0,0,0,0
36.18,0,1,0,0
2054.38,1,0,0,1
234.0,0,1,0,0
2032.0,0,0,0,1
621.72,0,0,0,0
464.52,0,0,0,0
41.85,0,0,0,0
335.45,0,0,0,0
454.2,0,0,0,0
585.5,0,0,0,0
49.6,0,0,0,0
636.48,0,0,0,0
348.06,0,0,0,0
586.74,0,0,0,0
258.1,0,0,0,0
109.96,0,0,0,0
2204.24,0,0,0,1
1026.02,1,0,0,1
895.84,0,0,0,0
785.44,0,0,0,0
562.35,0,0,0,0
590.04,0,0,0,0
218.22,0,0,0,0
86.16,0,0,0,0
476.64,0,0,0,0
14.62,0,0,0,0
134.78,0,0,0,0
116.97,0,0,0,0
153.1,0,0,0,0
1561.28,1,0,0,1
68.16,0,0,0,0
836.85,0,0,0,0
343.76,0,0,0,0
266.3,0,0,0,0
683.32,0,0,0,0
594.48,0,1,0,0
31.97,0,0,0,0
1057.36,1,0,0,1
128.64,0,0,0,0
1190.95,1,0,0,1
692.76,0,0,0,0
29.23,0,1,1,1
216.32,0,0,0,0
2450.33,1,0,0,1
947.44,0,0,0,0
2064.99,1,0,0,1
2100.84,0,0,0,1
446.98,0,0,0,0
372.3,0,0,0,0
1576.93,1,0,0,1
951.96,0,0,0,0
14.76,0,0,0,0
113.46,0,1,0,0
570.0,0,0,0,0
395.48,0,0,0,0
111.6,0,0,0,0
759.32,0,0,0,0
934.52,0,0,0,0
946.72,0,0,0,0
905.4,0,0,0,0
196.32,0,0,0,0
429.74,0,0,0,0
465.24,0,0,0,0
553.24,0,0,0,0
105.88,0,0,0,0
44.51,0,0,0,0
314.84,0,0,0,0
874.15,0,0,0,0
77.53,0,0,0,0
302.14,0,1,1,1
1227.35,0,1,1,1
111.8,0,0,0,0
591.7,0,0,0,0
172.6,0,0,0,0
113.95,0,1,0,0
1034.34,1,0,0,1
765.35,0,0,0,0
70.56,0,0,0,0
373.2,0,0,0,0
287.1,0,0,0,0
181.66,0,0,0,0
179.61,0,0,0,0
236.47,0,0,0,0
2348.59,1,0,0,1
670.71,0,0,0,0
864.55,0,0,0,0
1172.64,1,0,0,1
173.3,0,0,0,0
278.8,0,0,0,0
483.32,0,0,0,0
490.02,0,0,0,0
25.7,0,0,0,0
899.3,0,0,0,0
187.6,0,0,0,0
1097.88,1,0,0,1
456.52,0,0,0,0
378.4,0,0,0,0
236.59,0,0,0,0
224.09,0,0,0,0
97.47,0,0,0,0
407.42,0,0,0,0
673.8,0,0,0,0
257.74,0,1,1,1
2327.4,1,0,0,1
204.81,0,0,0,0
109.81,0,0,0,0
5.86,0,0,0,0
80.82,0,0,0,0
643.16,0,0,0,0
519.64,0,0,0,0
677.0,0,0,0,0
744.15,0,0,0,0
254.04,0,0,0,0
77.22,0,0,0,0
173.49,0,1,0,0
215.4,0,0,0,0
138.61,0,0,0,0
95.58,0,0,0,0
699.3,0,0,0,0
114.5,0,0,0,0
167.5,0,0,0,0
1634.17,1,0,0,1
156.62,0,1,0,0
2465.81,1,0,0,1
1429.42,1,0,0,1
710.68,0,0,0,0
601.2,0,0,0,0
314.94,0,0,0,0
173.76,0,0,0,0
1214.2,0,0,0,0
64.14,0,0,0,0
1053.0,0,0,0,0
84.43,0,0,0,0
157.43,0,0,0,0
2038.63,1,0,0,1
1218.1,0,0,0,0
1036.1,0,0,0,0
71.52,0,1,0,0
87.44,0,0,0,0
118.12,0,0,0,0
148.96,0,0,0,0
656.52,0,0,0,0
246.84,0,0,0,0
1852.59,1,0,0,1
96.76,0,0,0,0
1429.59,1,0,0,1
23.32,0,0,0,0
509.3,0,0,0,0
513.35,0,0,0,0
66.14,0,0,0,0
1126.45,0,1,0,0
716.64,0,0,0,0
199.68,0,0,0,0
153.69,0,0,0,0
1904.02,0,0,0,1
384.28,0,0,0,0
552.56,0,0,0,0
249.24,0,0,0,0
1723.58,0,0,0,1
2473.55,0,0,0,1
183.54,0,0,0,0
1653.69,1,0,0,1
785.0,0,0,0,0
356.92,0,0,0,0
123.5,0,0,0,0
613.55,0,0,0,0
251.68,0,0,0,0
516.5,0,0,0,0
382.04,0,0,0,0
209.68,0,0,0,0
1187.61,0,0,0,1
114.09,0,0,0,0
608.2,0,0,0,0
194.06,0,0,0,0
82.54,0,0,0,0
861.92,0,0,0,0
1993.12,1,0,0,1
121.12,0,0,0,0
513.72,0,0,0,0
341.7,0,0,0,0
212.4,0,0,0,0
68.27,0,0,0,0
499.92,0,0,0,0
49.83,0,0,0,0
2059.45,1,0,0,1
2089.86,1,0,0,1
338.13,0,0,0,0
222.61,0,0,0,0
101.9,0,0,0,0
467.4,0,0,0,0
272.0,0,0,0,0
60.73,0,1,0,0
23.58,0,0,0,0
1549.0,1,0,0,1
403.08,0,0,0,0
150.33,0,0,0,0
1204.93,1,0,0,1
45.93,0,0,0,0
2063.59,1,0,0,1
135.37,0,0,0,0
66.3,0,0,0,0
313.15,0,0,0,0
486.24,0,0,0,0
582.0,0,0,0,0
298.6,0,0,0,0
268.53,0,0,0,0
612.36,0,1,0,0
226.56,0,0,0,0
349.8,0,0,0,0
1542.71,1,0,0,1
470.8,0,0,0,0
313.62,0,1,0,0
165.16,0,0,0,0
218.85,0,0,0,0
1734.34,1,0,0,1
519.35,0,0,0,0
652.65,0,0,0,0
2411.63,1,0,0,1
115.97,0,0,0,0
111.46,0,0,0,0
313.72,0,0,0,0
206.82,0,0,0,0
1031.3,0,0,0,0
54.16,0,0,0,0
1229.61,0,0,0,1
682.59,0,0,0,0
1280.54,0,0,0,1
236.12,0,0,0,0
118.03,0,0,0,0
112.77,0,0,0,0
557.79,0,0,0,0
1501.15,1,0,0,1
358.77,0,0,0,0
26.43,0,0,0,0
21.55,0,0,0,0
1391.07,1,0,0,1
44.78,0,1,0,0
1004.0,0,0,0,0
800.36,0,0,0,0
132.31,0,0,0,0
242.81,0,0,0,0
131.13,0,0,0,0
217.42,0,0,0,0
377.2,0,0,0,0
594.72,0,0,0,0
261.05,0,0,0,0
1048.05,0,0,0,0
40.52,0,0,0,0
541.04,0,0,0,0
33.71,0,0,0,0
235.25,0,0,0,0
436.9,0,0,0,0
1074.12,1,0,0,1
2460.34,0,0,0,1
1881.56,1,0,0,1
575.9,0,0,0,0
108.84,0,0,0,0
607.3,0,0,0,0
2329.66,1,0,0,1
2025.05,1,0,0,1
272.52,0,0,0,0
490.3,0,0,0,0
443.94,0,0,0,0
1776.97,1,0,0,1
448.66,0,0,0,0
62.8,0,1,1,1
1185.2,0,0,0,0
191.64,0,0,0,0
367.08,0,0,0,0
582.65,0,0,0,0
1114.44,1,0,0,1
452.34,0,0,0,0
1079.45,0,0,0,0
31.92,0,0,0,0
481.4,0,0,0,0
202.8,0,0,0,0
97.86,0,0,0,0
32.9,0,0,0,0
66.6,0,1,0,0
422.8,0,0,0,0
1134.95,1,0,0,1
1346.81,1,0,0,1
113.73,0,0,0,0
1822.84,1,0,0,1
1176.7,0,0,0,0
550.5,0,0,0,0
37.23,0,0,0,0
748.71,0,0,0,0
674.85,0,1,1,1
488.8,0,0,0,0
606.5,0,0,0,0
810.85,0,0,0,0
90.39,0,0,0,0
119.1,0,0,0,0
583.8,0,0,0,0
1201.75,0,0,0,0
156.99,0,0,0,0
2057.0,1,0,0,1
1472.65,1,0,0,1
261.88,0,0,0,0
317.32,0,0,0,0
1054.72,1,0,0,1
89.57,0,0,0,0
1511.24,1,0,0,1
716.22,0,0,0,0
433.8,0,0,0,0
1520.75,0,0,0,1
7.28,0,0,0,0
170.14,0,0,0,0
417.1,0,0,0,0
1192.15,0,1,0,0
1137.45,0,0,0,0
981.96,0,0,0,0
222.82,0,0,0,0
169.94,0,0,0,0
497.92,0,0,0,0
385.5,0,0,0,0
1317.81,1,0,0,1
395.4,0,0,0,0
206.4,0,0,0,0
396.94,0,0,0,0
523.65,0,1,0,0
241.53,0,0,0,0
79.12,0,0,0,0
642.27,0,0,0,0
875.04,0,0,0,0
1102.7,1,0,0,1
151.21,0,0,0,0
1722.66,0,0,0,1
10.39,0,0,0,0
325.6,0,0,0,0
382.28,0,0,0,0
546.35,0,0,0,0
313.35,0,0,0,0
639.42,0,0,0,0
151.27,0,0,0,0
199.24,0,0,0,0
847.85,0,0,0,0
612.24,0,0,0,0
228.45,0,0,0,0
215.67,0,0,0,0
16.44,0,0,0,0
157.32,0,0,0,0
71.16,0,0,0,0
531.55,0,0,0,0
206.84,0,0,0,0
26.08,0,0,0,0
149.46,0,0,0,0
392.44,0,0,0,0
63.48,0,0,0,0
165.15,0,0,0,0
92.4,0,0,0,0
1041.85,1,0,0,1
107.48,0,0,0,0
109.68,0,0,0,0
557.73,0,0,0,0
129.04,0,0,0,0
214.68,0,0,0,0
618.6,0,0,0,0
668.4,0,0,0,0
55.98,0,0,0,0
321.21,0,0,0,0
234.06,0,0,0,0
203.47,0,0,0,0
97.43,0,0,0,0
194.11,0,0,0,0
149.12,0,0,0,0
360.1,0,0,0,0
481.76,0,0,0,0
155.64,0,0,0,0
26.22,0,0,0,0
649.41,0,0,0,0
171.52,0,0,0,0
689.25,0,0,0,0
481.5,0,0,0,0
237.46,0,0,0,0
98.0,0,0,0,0
1206.05,0,0,0,0
133.82,0,0,0,0
161.36,0,0,0,0
897.24,0,0,0,0
251.84,0,0,0,0
537.36,0,0,0,0
180.21,0,0,0,0
363.32,0,0,0,0
332.08,0,0,0,0
275.82,0,0,0,0
263.61,0,0,0,0
318.6,0,0,0,0
136.98,0,0,0,0
392.4,0,0,0,0
945.0,0,0,0,0
282.99,0,0,0,0
11.38,0,0,0,0
230.55,0,0,0,0
12.99,0,0,0,0
781.7,0,0,0,0
79.4,0,0,0,0
63.52,0,0,0,0
50.97,0,0,0,0
193.45,0,0,0,0
243.91,0,0,0,0
63.24,0,0,0,0
1830.67,1,0,0,1
259.8,0,0,0,0
2428.92,1,0,0,1
154.28,0,0,0,0
86.4,0,0,0,0
223.92,0,0,0,0
702.72,0,0,0,0
67.58,0,1,1,1
1659.1,1,0,0,1
376.92,0,0,0,0
422.0,0,1,0,0
133.82,0,0,0,0
715.9,0,0,0,0
634.02,0,0,0,0
235.2,0,0,0,0
312.06,0,0,0,0
1119.31,1,0,0,1
620.58,0,0,0,0
1323.61,1,0,0,1
194.15,0,0,0,0
735.99,0,0,0,0
176.85,0,0,0,0
705.69,0,0,0,0
1534.06,1,0,0,1
502.71,0,0,0,0
167.45,0,0,0,0
754.48,0,0,0,0
746.35,0,0,0,0
633.64,0,0,0,0
150.74,0,0,0,0
493.46,0,0,0,0
1774.03,1,0,0,1
257.44,0,0,0,0
2155.51,1,0,0,1
2224.47,1,0,0,1
243.6,0,0,0,0
1012.35,0,0,0,0
34.74,0,0,0,0
314.82,0,0,0,0
2178.29,1,0,0,1
82.52,0,0,0,0
219.16,0,0,0,0
2340.31,1,0,0,1
33.7,0,0,0,0
292.4,0,0,0,0
131.88,0,0,0,0
356.46,0,0,0,0
293.44,0,0,0,0
58.88,0,1,0,0
435.99,0,0,0,0
727.25,0,0,0,0
268.24,0,1,0,0
141.84,0,0,0,0
72.6,0,0,0,0
136.15,0,1,0,0
892.48,0,0,0,0
515.67,0,0,0,0
2153.21,1,0,0,1
443.68,0,0,0,0
951.76,0,0,0,0
1289.36,1,0,0,1
627.2,0,0,0,0
1626.57,1,0,0,1
1964.45,1,0,0,1
278.72,0,0,0,0
595.53,0,1,0,0
1472.94,1,0,0,1
767.12,0,0,0,0
694.25,0,0,0,0
53.44,0,0,0,0
2041.74,1,0,0,1
77.13,0,0,0,0
539.88,0,0,0,0
564.95,0,0,0,0
62.98,0,0,0,0
13.32,0,0,0,0
2479.81,1,0,0,1
86.24,0,0,0,0
410.4,0,0,0,0
327.72,0,0,0,0
159.72,0,0,0,0
392.32,0,0,0,0
242.94,0,0,0,0
595.77,0,0,0,0
109.55,0,0,0,0
102.6,0,0,0,0
865.2,0,0,0,0
1020.9,0,0,0,0
975.92,0,0,0,0
729.72,0,0,0,0
55.86,0,1,0,0
458.2,0,0,0,0
843.56,0,0,0,0
190.39,0,0,0,0
22.56,0,0,0,0
172.05,0,0,0,0
224.24,0,0,0,0
825.6,0,1,0,0
56.99,0,0,0,0
2255.06,1,0,0,1
1484.12,1,0,0,1
86.9,0,0,0,0
637.32,0,0,0,0
149.44,0,0,0,0
1632.19,0,0,0,1
497.01,0,0,0,0
2262.67,1,0,0,1
2391.05,1,0,0,1
2310.38,1,0,0,1
403.4,0,0,0,0
233.82,0,1,0,0
336.78,0,0,0,0
83.52,0,0,0,0
273.99,0,0,0,0
103.37,0,1,0,0
2424.31,1,0,0,1
890.56,0,0,0,0
425.05,0,0,0,0
836.5,0,0,0,0
205.9,0,0,0,0
26.05,0,0,0,0
441.22,0,0,0,0
35.44,0,0,0,0
865.72,0,0,0,0
33.5,0,0,0,0
1231.02,1,0,0,1
2190.54,1,0,0,1
730.56,0,0,0,0
227.91,0,0,0,0
221.56,0,0,0,0
382.9,0,0,0,0
989.2,0,0,0,0
21.33,0,0,0,0
514.59,0,0,0,0
1128.6,1,0,0,1
2085.08,1,0,0,1
320.8,0,0,0,0
53.12,0,0,0,0
100.29,0,0,0,0
2106.43,1,0,0,1
384.93,0,1,0,0
1483.78,1,0,0,1
74.22,0,0,0,0
1988.38,1,0,0,1
907.0,0,0,0,0
666.08,0,0,0,0
417.72,0,0,0,0
245.81,0,0,0,0
1114.5,0,0,0,0
829.25,0,0,0,0
500.82,0,0,0,0
1032.48,0,0,0,1
1084.1,0,0,0,0
1246.48,1,0,0,1
565.04,0,0,0,0
1183.65,0,0,0,0
245.28,0,0,0,0
653.56,0,0,0,0
178.0,0,0,0,0
6.31,0,0,0,0
284.92,0,0,0,0
410.2,0,0,0,0
1171.4,0,0,0,0
686.3,0,0,0,0
1762.49,1,0,0,1
11.78,0,0,0,0
425.67,0,0,0,0
190.15,0,0,0,0
111.87,0,0,0,0
341.6,0,0,0,0
124.85,0,0,0,0
42.4,0,0,0,0
183.02,0,0,0,0
2340.01,1,0,0,1
1441.19,1,0,0,1
421.22,0,0,0,0
1712.51,1,0,0,1
113.28,0,0,0,0
593.52,0,0,0,0
1117.85,0,0,0,0
268.18,0,0,0,0
49.1,0,0,0,0
425.78,0,0,0,0
425.62,0,0,0,0
557.8,0,0,0,0
21.78,0,0,0,0
65.07,0,0,0,0
592.89,0,0,0,0
70.02,0,0,0,0
268.11,0,0,0,0
45.75,0,0,0,0
337.94,0,0,0,0
419.13,0,0,0,0
148.56,0,0,0,0
110.2,0,1,0,0
724.04,0,0,0,0
234.47,0,0,0,0
937.76,0,0,0,0
15.02,0,0,0,0
194.94,0,0,0,0
888.15,0,0,0,0
501.66,0,0,0,0
1636.23,1,0,0,1
1154.79,1,0,0,1
433.55,0,1,0,0
246.54,0,0,0,0
810.96,0,0,0,0
866.04,0,0,0,0
1065.9,0,0,0,0
675.64,0,0,0,0
290.88,0,0,0,0
399.0,0,0,0,0
501.04,0,0,0,0
587.45,0,0,0,0
602.73,0,1,0,0
212.01,0,0,0,0
2079.52,1,0,0,1
1168.65,0,0,0,0
174.18,0,0,0,0
368.96,0,0,0,0
820.55,0,0,0,0
2477.07,1,0,0,1
349.3,0,0,0,0
402.2,0,1,0,0
22.52,0,1,0,0
455.08,0,0,0,0
1110.45,0,0,0,0
165.5,0,0,0,0
347.18,0,0,0,0
403.8,0,0,0,0
2161.12,0,0,0,1
113.91,0,1,0,0
260.22,0,0,0,0
320.74,0,0,0,0
47.4,0,0,0,0
31.05,0,0,0,0
201.58,0,1,1,1
70.66,0,0,0,0
48.46,0,0,0,0
627.75,0,0,0,0
490.23,0,0,0,0
397.56,0,0,0,0
91.95,0,0,0,0
119.24,0,0,0,0
216.71,0,1,0,0
474.52,0,0,0,0
1777.05,0,0,0,1
248.67,0,0,0,0
209.68,0,0,0,0
908.8,0,0,0,0
60.02,0,0,0,0
793.92,0,0,0,0
405.18,0,0,0,0
242.87,0,0,0,0
1812.51,1,0,0,1
447.02,0,0,0,0
72.18,0,1,1,1
234.15,0,0,0,0
33.74,0,0,0,0
781.28,0,0,0,0
254.0,0,0,0,0
1100.35,0,0,0,0
582.0,0,0,0,0
700.56,0,0,0,0
185.98,0,0,0,0
54.26,0,0,0,0
171.09,0,0,0,0
88.82,0,0,0,0
769.6,0,0,0,0
212.58,0,0,0,0
1240.8,0,0,0,0
503.25,0,0,0,0
39.34,0,0,0,0
2016.0,1,0,0,1
292.4,0,0,0,0
43.26,0,0,0,0
71.91,0,0,0,0
1309.62,1,0,0,1
519.12,0,0,0,0
730.71,0,0,0,0
204.18,0,0,0,0
141.69,0,0,0,0
1981.86,1,0,0,1
894.36,0,0,0,0
330.96,0,0,0,0
92.7,0,0,0,0
752.95,0,0,0,0
173.84,0,0,0,0
2169.8,1,0,0,1
911.08,0,0,0,0
1247.68,1,0,0,1
851.32,0,0,0,0
156.64,0,0,0,0
350.68,0,0,0,0
2499.05,1,0,0,1
132.84,0,0,0,0
14.88,0,0,0,0
180.42,0,0,0,0
457.56,0,0,0,0
837.32,0,0,0,0
1694.41,0,0,0,1
197.43,0,1,0,0
955.15,0,0,0,0
540.6,0,0,0,0
669.16,0,0,0,0
408.74,0,0,0,0
64.65,0,0,0,0
71.27,0,0,0,0
1717.93,1,0,0,1
343.48,0,0,0,0
218.2,0,0,0,0
185.61,0,0,0,0
906.25,0,0,0,0
1027.55,0,0,0,0
189.04,0,0,0,0
393.46,0,0,0,0
216.08,0,0,0,0
1056.35,0,0,0,0
13.42,0,0,0,0
141.28,0,0,0,0
186.2,0,0,0,0
2068.1,1,0,0,1
371.16,0,0,0,0
824.75,0,0,0,0
47.25,0,0,0,0
211.53,0,0,0,0
1276.88,1,0,0,1
54.6,0,0,0,0
1084.05,0,0,0,0
1505.98,1,0,0,1
385.04,0,0,0,0
1036.3,0,0,0,0
205.65,0,0,0,0
48.5,0,0,0,0
402.96,0,0,0,0
680.4,0,0,0,0
465.75,0,0,0,0
260.79,0,0,0,0
18.48,0,0,0,0
2126.01,1,0,0,1
2097.32,1,0,0,1
444.8,0,0,0,0
1222.15,0,0,0,0
2471.46,1,0,0,1
1759.14,0,0,0,1
44.02,0,0,0,0
249.63,0,0,0,0
413.4,0,0,0,0
609.99,0,0,0,0
616.08,0,0,0,0
1216.65,0,0,0,0
63.45,0,0,0,0
649.95,0,0,0,0
35.1,0,0,0,0
371.56,0,0,0,0
2190.96,1,0,0,1
185.05,0,0,0,0
180.92,0,0,0,0
142.85,0,1,0,0
412.56,0,0,0,0
836.68,0,0,0,0
560.1,0,0,0,0
34.59,0,0,0,0
39.7,0,0,0,0
132.8,0,0,0,0
44.88,0,0,0,0
26.34,0,0,0,0
282.68,0,0,0,0
39.62,0,0,0,0
82.26,0,0,0,0
47.76,0,0,0,0
246.22,0,0,0,0
155.24,0,0,0,0
153.1,0,0,0,0
97.76,0,0,0,0
364.68,0,0,0,0
957.36,0,0,0,0
445.3,0,0,0,0
205.51,0,0,0,0
2169.68,1,0,0,1
74.82,0,0,0,0
16.44,0,1,1,1
34.77,0,0,0,0
909.92,0,0,0,0
561.8,0,0,0,0
361.89,0,0,0,0
189.71,0,0,0,0
471.4,0,0,0,0
140.15,0,0,0,0
699.68,0,0,0,0
211.66,0,0,0,0
392.54,0,0,0,0
32.28,0,0,0,0
685.0,0,0,0,0
2338.54,1,0,0,1
48.65,0,0,0,0
181.88,0,0,0,0
258.84,0,0,0,0
188.73,0,0,0,0
1185.1,0,0,0,0
2436.03,1,0,0,1
278.6,0,0,0,0
557.45,0,0,0,0
70.76,0,0,0,0
94.05,0,0,0,0
1860.34,1,0,0,1
350.05,0,0,0,0
301.44,0,0,0,0
1800.14,1,0,0,1
358.86,0,0,0,0
108.08,0,0,0,0
1861.23,1,0,0,1
234.16,0,0,0,0
198.33,0,0,0,0
697.02,0,0,0,0
120.21,0,0,0,0
625.2,0,0,0,0
463.36,0,0,0,0
451.84,0,0,0,0
704.5,0,0,0,0
997.84,0,0,0,0
1113.14,0,0,0,1
1899.67,1,0,0,1
768.28,0,0,0,0
428.36,0,0,0,0
478.3,0,0,0,0
565.08,0,0,0,0
660.6,0,0,0,0
16.98,0,0,0,0
2358.76,1,0,0,1
686.67,0,0,0,0
555.57,0,0,0,0
31.16,0,0,0,0
2404.68,1,0,0,1
250.2,0,0,0,0
320.44,0,0,0,0
71.77,0,0,0,0
1100.5,0,0,0,0
235.57,0,0,0,0
526.08,0,0,0,0
1259.16,1,0,0,1
194.05,0,0,0,0
599.34,0,0,0,0
370.55,0,0,0,0
742.4,0,0,0,0
169.38,0,0,0,0
285.56,0,0,0,0
38.92,0,0,0,0
104.63,0,0,0,0
53.31,0,0,0,0
110.65,0,0,0,0
1230.4,0,0,0,0
140.22,0,0,0,0
85.01,0,0,0,0
23.5,0,0,0,0
1086.9,0,1,1,1
541.0,0,0,0,0
183.83,0,1,0,0
1762.09,1,0,0,1
197.95,0,1,0,0
777.88,0,0,0,0
335.84,0,0,0,0
40.18,0,0,0,0
50.08,0,0,0,0
108.7,0,0,0,0
19.02,0,0,0,0
452.88,0,0,0,0
921.6,0,1,1,1
158.75,0,1,0,0
541.32,0,0,0,0
148.9,0,0,0,0
472.88,0,0,0,0
212.0,0,0,0,0
419.36,0,0,0,0
1534.11,1,0,0,1
1779.15,1,0,0,1
1565.5,1,0,0,1
2127.05,1,0,0,1
620.85,0,0,0,0
398.01,0,0,0,0
323.92,0,0,0,0
1004.85,0,0,0,0
2426.85,0,0,0,1
774.65,0,0,0,0
812.4,0,1,1,1
316.0,0,0,0,0
1287.23,1,0,0,1
961.84,0,0,0,0
349.77,0,0,0,0
435.16,0,0,0,0
100.47,0,0,0,0
158.1,0,0,0,0
91.74,0,0,0,0
409.04,0,0,0,0
449.38,0,0,0,0
510.6,0,0,0,0
584.56,0,0,0,0
358.26,0,0,0,0
483.84,0,0,0,0
401.35,0,0,0,0
449.22,0,0,0,0
1060.35,0,0,0,0
97.54,0,0,0,0
57.36,0,0,0,0
99.34,0,0,0,0
232.24,0,0,0,0
362.0,0,1,0,0
892.16,0,0,0,0
285.78,0,0,0,0
168.66,0,0,0,0
43.6,0,0,0,0
1082.24,1,0,0,1
190.76,0,0,0,0
291.88,0,0,0,0
92.34,0,0,0,0
799.1,0,0,0,0
98.34,0,0,0,0
1615.65,1,0,0,1
269.36,0,0,0,0
70.41,0,0,0,0
498.15,0,0,0,0
72.02,0,0,0,0
350.67,0,0,0,0
165.38,0,0,0,0
938.76,0,0,0,0
130.58,0,0,0,0
469.71,0,0,0,0
735.85,0,0,0,0
103.45,0,0,0,0
106.11,0,0,0,0
441.36,0,1,0,0
258.3,0,0,0,0
18.0,0,0,0,0
510.9,0,0,0,0
202.28,0,0,0,0
39.15,0,0,0,0
2418.66,1,0,0,1
623.4,0,0,0,0
227.25,0,0,0,0
212.18,0,0,0,0
368.28,0,0,0,0
177.9,0,0,0,0
128.73,0,0,0,0
35.16,0,0,0,0
38.67,0,0,0,0
86.54,0,0,0,0
39.08,0,0,0,0
466.92,0,0,0,0
1945.58,1,0,0,1
396.1,0,0,0,0
1089.5,1,0,0,1
830.76,0,0,0,0
292.52,0,0,0,0
242.74,0,0,0,0
699.96,0,1,0,0
237.96,0,0,0,0
2316.86,1,0,0,1
116.4,0,0,0,0
311.38,0,0,0,0
592.17,0,0,0,0
900.72,0,0,0,0
260.16,0,0,0,0
307.5,0,0,0,0
31.41,0,0,0,0
371.85,0,0,0,0
60.54,0,0,0,0
205.6,0,0,0,0
420.72,0,0,0,0
124.4,0,0,0,0
650.28,0,0,0,0
95.66,0,0,0,0
991.32,0,1,0,0
1486.96,0,0,0,1
873.28,0,0,0,0
991.44,0,0,0,0
754.04,0,0,0,0
1184.95,0,0,0,0
117.55,0,0,0,0
545.28,0,0,0,0
238.28,0,0,0,0
254.2,0,0,0,0
644.8,0,0,0,0
40.92,0,0,0,0
222.56,0,0,0,0
132.0,0,0,0,0
434.72,0,0,0,0
215.74,0,0,0,0
427.6,0,0,0,0
525.6,0,0,0,0
1219.19,1,0,0,1
942.8,0,0,0,0
969.2,0,0,0,0
228.26,0,1,0,0
269.85,0,0,0,0
487.08,0,0,0,0
1225.95,0,0,0,0
469.8,0,0,0,0
566.76,0,1,0,0
286.7,0,1,0,0
721.08,0,0,0,0
456.33,0,1,0,0
187.18,0,0,0,0
11.47,0,0,0,0
361.6,0,0,0,0
194.37,0,0,0,0
720.5,0,0,0,0
1821.9,0,0,0,1
229.9,0,0,0,0
427.42,0,0,0,0
97.07,0,0,0,0
1247.69,0,0,0,1
514.15,0,0,0,0
1377.88,1,0,0,1
377.68,0,0,0,0
365.84,0,0,0,0
1789.55,1,0,0,1
242.45,0,0,0,0
271.65,0,0,0,0
1678.7,1,0,0,1
113.32,0,0,0,0
688.65,0,0,0,0
980.3,0,0,0,0
461.12,0,0,0,0
518.22,0,1,0,0
1913.52,0,0,0,1
6.75,0,0,0,0
302.88,0,0,0,0
50.8,0,0,0,0
1295.19,1,0,0,1
763.6,0,0,0,0
351.28,0,1,0,0
698.52,0,0,0,0
13.16,0,0,0,0
351.66,0,0,0,0
675.5,0,0,0,0
1552.61,1,0,0,1
135.78,0,0,0,0
2471.07,1,0,0,1
402.2,0,1,0,0
1133.24,1,0,0,1
719.15,0,0,0,0
29.16,0,0,0,0
393.32,0,0,0,0
558.84,0,0,0,0
641.84,0,0,0,0
1576.39,1,0,0,1
33.61,0,0,0,0
160.19,0,0,0,0
702.32,0,1,0,0
289.3,0,0,0,0
1673.05,1,0,0,1
338.36,0,0,0,0
1440.28,1,0,0,1
654.21,0,0,0,0
735.72,0,0,0,0
498.4,0,0,0,0
969.2,0,0,0,0
105.44,0,0,0,0
1143.0,0,0,0,0
180.06,0,0,0,0
843.28,0,0,0,0
488.85,0,0,0,0
216.32,0,0,0,0
131.43,0,0,0,0
744.0,0,0,0,0
595.44,0,0,0,0
639.36,0,0,0,0
819.85,0,1,0,0
735.48,0,0,0,0
139.12,0,0,0,0
387.68,0,0,0,0
235.68,0,0,0,0
699.16,0,0,0,0
1358.74,1,0,0,1
491.82,0,0,0,0
61.55,0,0,0,0
2313.65,1,0,0,1
582.05,0,0,0,0
252.42,0,0,0,0
373.95,0,0,0,0
1201.95,0,0,0,0
908.52,0,1,0,0
102.25,0,0,0,0
80.34,0,0,0,0
95.3,0,0,0,0
1122.85,0,0,0,0
407.3,0,0,0,0
195.44,0,1,0,0
1107.7,0,0,0,0
29.84,0,0,0,0
160.73,0,0,0,0
112.29,0,0,0,0
91.04,0,0,0,0
95.45,0,0,0,0
1715.17,1,0,0,1
205.32,0,0,0,0
373.3,0,0,0,0
201.6,0,0,0,0
451.92,0,0,0,0
712.41,0,0,0,0
372.57,0,0,0,0
2439.55,0,0,0,1
335.24,0,0,0,0
1384.44,1,0,0,1
902.88,0,0,0,0
848.95,0,0,0,0
153.08,0,0,0,0
636.78,0,0,0,0
162.94,0,0,0,0
1217.49,1,0,0,1
2096.32,1,0,0,1
280.56,0,0,0,0
137.69,0,0,0,0
397.88,0,0,0,0
519.45,0,0,0,0
297.3,0,0,0,0
310.28,0,0,0,0
1040.12,1,0,0,1
178.27,0,0,0,0
424.16,0,0,0,0
95.97,0,0,0,0
197.88,0,0,0,0
751.7,0,0,0,0
366.36,0,0,0,0
457.98,0,0,0,0
615.87,0,0,0,0
560.16,0,0,0,0
1376.35,1,0,0,1
467.85,0,0,0,0
1092.3,0,0,0,0
1426.89,1,0,0,1
770.35,0,0,0,0
139.46,0,0,0,0
440.92,0,0,0,0
511.26,0,0,0,0
689.01,0,0,0,0
415.08,0,0,0,0
269.46,0,0,0,0
1622.99,1,0,0,1
2413.79,1,0,0,1
113.52,0,0,0,0
2378.89,1,0,0,1
1257.36,1,0,0,1
177.52,0,0,0,0
86.49,0,0,0,0
670.68,0,0,0,0
134.98,0,0,0,0
586.2,0,0,0,0
44.38,0,0,0,0
145.53,0,0,0,0
114.79,0,0,0,0
105.96,0,0,0,0
460.58,0,0,0,0
542.85,0,0,0,0
200.44,0,0,0,0
312.93,0,0,0,0
714.52,0,1,0,0
1976.28,1,0,0,1
223.54,0,1,0,0
170.2,0,0,0,0
60.52,0,0,0,0
293.43,0,0,0,0
447.55,0,0,0,0
199.68,0,0,0,0
159.65,0,0,0,0
16.29,0,0,0,0
83.75,0,0,0,0
452.37,0,0,0,0
977.15,0,0,0,0
966.7,0,0,0,0
658.6,0,0,0,0
466.82,0,0,0,0
117.14,0,0,0,0
74.86,0,0,0,0
1012.3,0,0,0,0
194.73,0,1,0,0
216.9,0,0,0,0
205.28,0,0,0,0
844.55,0,1,0,0
473.88,0,0,0,0
77.96,0,0,0,0
380.37,0,0,0,0
121.74,0,0,0,0
696.9,0,1,0,0
636.44,0,0,0,0
846.75,0,0,0,0
114.73,0,0,0,0
476.7,0,0,0,0
23.72,0,0,0,0
1088.3,0,0,0,0
664.98,0,0,0,0
254.22,0,0,0,0
1211.6,0,0,0,0
104.85,0,0,0,0
329.84,0,0,0,0
1112.9,1,0,0,1
1203.55,0,0,0,0
2427.83,1,0,0,1
91.05,0,0,0,0
63.91,0,0,0,0
104.5,0,0,0,0
190.71,0,0,0,0
1366.18,0,0,0,1
206.62,0,1,0,0
427.8,0,0,0,0
303.54,0,0,0,0
599.8,0,0,0,0
11.63,0,0,0,0
623.76,0,0,0,0
98.84,0,0,0,0
327.56,0,0,0,0
74.81,0,0,0,0
2475.47,1,0,0,1
2160.51,1,0,0,1
236.36,0,0,0,0
1190.68,1,0,0,1
91.8,0,0,0,0
310.04,0,0,0,0
104.92,0,0,0,0
489.92,0,0,0,0
141.9,0,0,0,0
793.92,0,0,0,0
220.6,0,0,0,0
253.26,0,0,0,0
162.6,0,0,0,0
58.47,0,0,0,0
282.0,0,0,0,0
597.69,0,1,0,0
1251.24,1,0,0,1
730.48,0,0,0,0
324.75,0,0,0,0
248.24,0,1,0,0
125.84,0,0,0,0
162.54,0,0,0,0
312.16,0,0,0,0
29.65,0,0,0,0
1235.31,0,0,0,1
493.77,0,0,0,0
1259.6,1,0,0,1
247.52,0,0,0,0
604.89,0,0,0,0
307.32,0,0,0,0
16.9,0,0,0,0
1405.09,1,0,0,1
198.38,0,1,0,0
162.29,0,0,0,0
2355.88,1,0,0,1
230.08,0,0,0,0
601.36,0,0,0,0
722.3,0,0,0,0
370.44,0,0,0,0
177.01,0,0,0,0
1981.07,1,0,0,1
886.7,0,0,0,0
1149.7,0,0,0,0
426.48,0,0,0,0
405.78,0,0,0,0
588.2,0,0,0,0
697.71,0,0,0,0
748.36,0,0,0,0
1068.45,0,0,0,0
1284.6,1,0,0,1
744.2,0,0,0,0
2353.8,1,0,0,1
152.82,0,0,0,0
85.85,0,0,0,0
2130.98,1,0,0,1
50.28,0,0,0,0
175.78,0,0,0,0
1096.67,1,0,0,1
262.12,0,0,0,0
72.18,0,0,0,0
267.76,0,0,0,0
458.1,0,0,0,0
620.32,0,0,0,0
779.88,0,0,0,0
395.52,0,0,0,0
110.08,0,1,0,0
996.16,0,0,0,0
1067.4,0,0,0,0
240.87,0,1,0,0
543.6,0,1,0,0
69.82,0,1,0,0
1193.3,0,0,0,0
717.84,0,0,0,0
91.83,0,1,0,0
405.65,0,0,0,0
459.87,0,0,0,0
158.78,0,1,0,0
150.23,0,0,0,0
784.76,0,0,0,0
48.67,0,1,0,0
441.56,0,0,0,0
830.56,0,0,0,0
379.05,0,0,0,0
255.76,0,0,0,0
716.6,0,0,0,0
1108.75,0,0,0,0
1163.59,1,0,0,1
1597.21,0,0,0,1
194.55,0,0,0,0
650.73,0,0,0,0
1100.0,0,0,0,0
1780.85,0,0,0,1
317.7,0,0,0,0
810.95,0,0,0,0
398.9,0,1,0,0
438.2,0,0,0,0
482.1,0,0,0,0
1222.0,0,0,0,0
408.72,0,0,0,0
102.16,0,0,0,0
1037.45,0,0,0,0
983.85,0,0,0,0
2287.62,1,0,0,1
172.96,0,0,0,0
78.15,0,0,0,0
1556.63,1,0,0,1
670.65,0,0,0,0
230.58,0,0,0,0
648.95,0,0,0,0
645.63,0,0,0,0
581.12,0,0,0,0
76.94,0,0,0,0
579.4,0,0,0,0
22.22,0,0,0,0
730.45,0,1,0,0
148.88,0,0,0,0
219.36,0,1,0,0
410.76,0,0,0,0
622.2,0,0,0,0
69.32,0,0,0,0
65.38,0,0,0,0
1503.0,0,0,0,1
327.64,0,0,0,0
197.02,0,0,0,0
260.02,0,0,0,0
104.48,0,0,0,0
2376.07,1,0,0,1
1659.33,1,0,0,1
217.72,0,0,0,0
137.82,0,0,0,0
445.12,0,0,0,0
688.41,0,0,0,0
558.44,0,0,0,0
899.04,0,0,0,0
2114.04,1,0,0,1
57.0,0,0,0,0
542.52,0,0,0,0
489.72,0,0,0,0
336.6,0,0,0,0
126.1,0,0,0,0
35.36,0,0,0,0
181.52,0,0,0,0
419.92,0,0,0,0
610.85,0,0,0,0
88.86,0,0,0,0
247.32,0,0,0,0
240.46,0,0,0,0
1760.15,1,0,0,1
454.35,0,0,0,0
448.14,0,0,0,0
467.12,0,0,0,0
625.23,0,0,0,0
188.4,0,0,0,0
230.38,0,0,0,0
267.9,0,0,0,0
127.42,0,0,0,0
54.4,0,1,0,0
523.5,0,0,0,0
535.05,0,0,0,0
2260.61,1,0,0,1
363.04,0,0,0,0
328.3,0,0,0,0
417.84,0,0,0,0
443.16,0,0,0,0
593.44,0,0,0,0
1011.3,0,0,0,0
347.0,0,0,0,0
983.68,0,0,0,0
706.17,0,0,0,0
384.5,0,0,0,0
492.92,0,0,0,0
55.96,0,0,0,0
118.74,0,0,0,0
54.52,0,0,0,0
168.29,0,0,0,0
495.0,0,0,0,0
556.72,0,1,0,0
113.6,0,0,0,0
262.52,0,0,0,0
151.42,0,0,0,0
1734.51,1,0,0,1
133.2,0,1,0,0
135.98,0,0,0,0
180.86,0,0,0,0
31.65,0,0,0,0
596.28,0,0,0,0
442.41,0,0,0,0
679.98,0,0,0,0
361.56,0,0,0,0
15.34,0,1,0,0
234.84,0,0,0,0
61.11,0,0,0,0
856.65,0,0,0,0
794.16,0,0,0,0
2069.99,1,0,0,1
47.45,0,0,0,0
2304.82,1,0,0,1
30.4,0,1,0,0
569.64,0,0,0,0
635.64,0,0,0,0
153.79,0,0,0,0
41.82,0,0,0,0
66.77,0,0,0,0
511.98,0,0,0,0
870.0,0,0,0,0
115.14,0,0,0,0
315.84,0,0,0,0
260.68,0,0,0,0
166.04,0,0,0,0
615.96,0,0,0,0
240.08,0,0,0,0
145.38,0,0,0,0
389.26,0,0,0,0
1206.0,0,0,0,0
15.15,0,0,0,0
687.42,0,0,0,0
277.72,0,1,0,0
151.1,0,0,0,0
1901.48,1,0,0,1
93.34,0,0,0,0
2478.8,0,0,0,1
2497.77,1,0,0,1
2378.41,1,0,0,1
413.28,0,0,0,0
244.77,0,0,0,0
229.92,0,0,0,0
193.83,0,0,0,0
204.27,0,0,0,0
520.71,0,1,0,0
169.3,0,0,0,0
40.67,0,0,0,0
384.35,0,0,0,0
686.84,0,0,0,0
588.42,0,0,0,0
1390.48,1,0,0,1
2069.67,1,0,0,1
1266.45,1,0,0,1
726.7,0,0,0,0
1086.95,0,0,0,0
1116.9,0,0,0,0
103.84,0,0,0,0
2137.04,1,0,0,1
417.26,0,0,0,0
313.95,0,0,0,0
79.95,0,0,0,0
725.6,0,0,0,0
660.8,0,0,0,0
444.63,0,0,0,0
26.73,0,0,0,0
563.08,0,0,0,0
234.65,0,0,0,0
618.36,0,0,0,0
265.18,0,0,0,0
156.23,0,0,0,0
1724.55,1,0,0,1
65.36,0,0,0,0
650.08,0,0,0,0
56.67,0,0,0,0
166.27,0,0,0,0
210.64,0,0,0,0
692.56,0,0,0,0
346.95,0,0,0,0
370.84,0,0,0,0
173.91,0,0,0,0
526.23,0,0,0,0
117.74,0,0,0,0
296.68,0,0,0,0
56.4,0,1,0,0
226.7,0,0,0,0
308.34,0,0,0,0
15.44,0,0,0,0
1069.25,1,0,0,1
117.39,0,0,0,0
402.51,0,0,0,0
336.36,0,0,0,0
12.49,0,0,0,0
2214.62,1,0,0,1
235.02,0,0,0,0
282.3,0,0,0,0
169.95,0,0,0,0
1895.5,1,0,0,1
67.82,0,0,0,0
534.15,0,0,0,0
657.32,0,0,0,0
610.59,0,0,0,0
203.63,0,0,0,0
1134.85,0,0,0,0
612.66,0,0,0,0
229.73,0,0,0,0
811.56,0,0,0,0
728.36,0,0,0,0
618.39,0,0,0,0
930.05,0,0,0,0
196.75,0,0,0,0
479.85,0,0,0,0
2076.92,0,0,0,1
142.77,0,0,0,0
516.27,0,0,0,0
1108.75,0,0,0,0
326.98,0,0,0,0
1937.09,1,0,0,1
100.23,0,0,0,0
37.44,0,0,0,0
2081.33,0,0,0,1
1212.9,0,0,0,0
299.4,0,0,0,0
620.0,0,0,0,0
226.58,0,0,0,0
1045.1,0,0,0,0
209.47,0,0,0,0
769.08,0,0,0,0
818.92,0,0,0,0
86.88,0,0,0,0
279.08,0,0,0,0
118.62,0,0,0,0
18.4,0,0,0,0
64.47,0,1,0,0
62.0,0,0,0,0
171.6,0,0,0,0
40.92,0,0,0,0
158.25,0,0,0,0
480.64,0,0,0,0
220.68,0,0,0,0
630.44,0,0,0,0
417.18,0,0,0,0
220.8,0,0,0,0
281.04,0,0,0,0
607.3,0,0,0,0
82.92,0,0,0,0
22.8,0,0,0,0
101.46,0,0,0,0
315.46,0,0,0,0
2167.55,0,0,0,1
1011.95,0,0,0,0
2007.54,1,0,0,1
1341.65,1,0,0,1
64.51,0,0,0,0
96.07,0,0,0,0
592.74,0,0,0,0
324.18,0,0,0,0
448.38,0,0,0,0
281.72,0,0,0,0
182.22,0,0,0,0
675.15,0,0,0,0
145.45,0,0,0,0
719.2,0,0,0,0
680.37,0,0,0,0
384.51,0,0,0,0
525.3,0,0,0,0
116.52,0,0,0,0
870.45,0,0,0,0
203.98,0,0,0,0
984.24,0,0,0,0
289.34,0,0,0,0
390.76,0,0,0,0
11.73,0,0,0,0
706.4,0,1,0,0
853.65,0,0,0,0
30.56,0,0,0,0
339.14,0,0,0,0
2001.36,1,0,0,1
942.64,0,0,0,0
855.15,0,0,0,0
28.47,0,0,0,0
323.8,0,0,0,0
98.57,0,0,0,0
961.65,0,0,0,0
58.82,0,0,0,0
729.87,0,0,0,0
854.04,0,1,0,0
439.8,0,0,0,0
318.25,0,0,0,0
510.3,0,0,0,0
183.36,0,1,0,0
505.44,0,0,0,0
229.38,0,0,0,0
492.82,0,0,0,0
242.56,0,0,0,0
877.48,0,0,0,0
76.3,0,0,0,0
157.92,0,0,0,0
396.74,0,0,0,0
95.44,0,0,0,0
252.99,0,0,0,0
1615.88,1,0,0,1
382.36,0,0,0,0
218.74,0,0,0,0
105.2,0,0,0,0
816.16,0,0,0,0
135.95,0,0,0,0
1131.95,0,0,0,0
248.96,0,0,0,0
770.12,0,0,0,0
133.22,0,0,0,0
48.17,0,0,0,0
249.84,0,0,0,0
396.2,0,0,0,0
384.96,0,0,0,0
853.08,0,0,0,0
738.68,0,0,0,0
630.9,0,0,0,0
1702.39,1,0,0,1
120.32,0,0,0,0
251.2,0,0,0,0
249.16,0,1,0,0
1223.1,0,0,0,0
577.89,0,0,0,0
165.66,0,0,0,0
340.4,0,0,0,0
1189.6,0,0,0,0
674.55,0,0,0,0
285.96,0,0,0,0
639.39,0,0,0,0
146.88,0,0,0,0
483.4,0,0,0,0
802.5,0,0,0,0
604.75,0,0,0,0
136.83,0,0,0,0
653.56,0,0,0,0
2128.81,1,0,0,1
231.26,0,0,0,0
755.16,0,0,0,0
1429.72,1,0,0,1
119.76,0,0,0,0
159.4,0,0,0,0
190.36,0,0,0,0
1308.56,1,0,0,1
1218.7,0,0,0,1
1642.84,0,0,0,1
300.14,0,0,0,0
317.06,0,0,0,0
78.1,0,0,0,0
531.63,0,0,0,0
239.52,0,0,0,0
1794.53,1,0,0,1
1351.73,1,0,0,1
297.02,0,0,0,0
105.91,0,0,0,0
662.8,0,0,0,0
537.44,0,0,0,0
309.24,0,0,0,0
568.56,0,0,0,0
123.4,0,1,1,1
975.45,0,0,0,0
1486.11,1,0,0,1
795.04,0,0,0,0
531.15,0,0,0,0
575.16,0,0,0,0
1523.24,1,0,0,1
454.95,0,0,0,0
1116.09,0,0,0,1
479.4,0,0,0,0
1247.09,0,0,0,1
201.09,0,0,0,0
317.0,0,1,0,0
84.78,0,0,0,0
496.16,0,0,0,0
1469.11,0,0,0,1
390.2,0,0,0,0
226.2,0,0,0,0
1171.93,0,0,0,1
1009.6,0,0,0,0
340.9,0,0,0,0
142.2,0,0,0,0
40.52,0,0,0,0
1081.3,0,0,0,0
82.95,0,0,0,0
664.25,0,0,0,0
481.52,0,0,0,0
218.72,0,0,0,0
51.3,0,0,0,0
1323.74,1,0,0,1
1842.73,1,0,0,1
839.45,0,0,0,0
357.75,0,0,0,0
1240.05,0,0,0,0
959.95,0,0,0,0
477.84,0,0,0,0
94.02,0,0,0,0
115.09,0,0,0,0
619.85,0,0,0,0
422.7,0,0,0,0
194.08,0,0,0,0
803.8,0,0,0,0
159.82,0,0,0,0
890.9,0,0,0,0
211.62,0,0,0,0
274.66,0,0,0,0
1153.75,0,0,0,0
196.16,0,0,0,0
344.76,0,0,0,0
249.01,0,0,0,0
188.04,0,0,0,0
116.0,0,0,0,0
97.48,0,0,0,0
223.2,0,0,0,0
397.36,0,0,0,0
1814.3,1,0,0,1
570.55,0,0,0,0
1533.45,1,0,0,1
546.8,0,0,0,0
411.0,0,0,0,0
7.67,0,0,0,0
487.32,0,0,0,0
764.68,0,0,0,0
1226.97,0,0,0,1
1422.3,1,0,0,1
199.4,0,0,0,0
367.12,0,0,0,0
503.58,0,0,0,0
369.48,0,0,0,0
197.12,0,0,0,0
46.96,0,0,0,0
18.05,0,0,0,0
670.29,0,0,0,0
1152.05,0,0,0,0
518.24,0,0,0,0
238.67,0,0,0,0
52.56,0,0,0,0
253.92,0,0,0,0
334.74,0,0,0,0
393.96,0,0,0,0
2095.74,1,0,0,1
337.8,0,0,0,0
336.92,0,0,0,0
661.36,0,0,0,0
93.46,0,0,0,0
168.6,0,0,0,0
471.55,0,0,0,0
455.48,0,0,0,0
194.86,0,0,0,0
947.0,0,0,0,0
1218.07,1,0,0,1
295.41,0,0,0,0
2071.81,0,0,0,1
1229.02,1,0,0,1
63.11,0,0,0,0
711.25,0,0,0,0
435.95,0,0,0,0
315.05,0,0,0,0
428.25,0,0,0,0
974.2,0,0,0,0
935.48,0,0,0,0
50.85,0,0,0,0
1737.11,1,0,0,1
688.2,0,0,0,0
990.64,0,0,0,0
53.39,0,0,0,0
1198.49,1,0,0,1
135.96,0,0,0,0
745.15,0,0,0,0
15.56,0,0,0,0
159.58,0,0,0,0
213.37,0,0,0,0
563.28,0,0,0,0
179.67,0,0,0,0
102.92,0,0,0,0
102.28,0,0,0,0
214.02,0,0,0,0
303.4,0,0,0,0
31.06,0,1,0,0
121.16,0,0,0,0
921.84,0,0,0,0
75.23,0,0,0,0
666.15,0,0,0,0
1726.41,1,0,0,1
2117.85,1,0,0,1
91.84,0,0,0,0
445.6,0,0,0,0
539.56,0,0,0,0
2492.24,1,0,0,1
87.26,0,0,0,0
613.85,0,0,0,0
97.9,0,0,0,0
82.48,0,0,0,0
189.81,0,0,0,0
231.96,0,0,0,0
83.99,0,0,0,0
176.47,0,0,0,0
376.0,0,0,0,0
276.22,0,0,0,0
1529.01,1,0,0,1
25.98,0,0,0,0
372.3,0,1,1,1
2252.69,1,0,0,1
391.52,0,0,0,0
173.25,0,0,0,0
377.7,0,0,0,0
225.44,0,0,0,0
421.29,0,0,0,0
283.1,0,0,0,0
514.95,0,0,0,0
62.84,0,0,0,0
76.88,0,0,0,0
131.55,0,0,0,0
686.04,0,0,0,0
516.6,0,0,0,0
634.38,0,0,0,0
392.75,0,0,0,0
11.94,0,0,0,0
427.72,0,0,0,0
201.76,0,0,0,0
445.05,0,0,0,0
545.19,0,0,0,0
486.0,0,0,0,0
364.71,0,0,0,0
317.37,0,1,0,0
210.75,0,0,0,0
2123.55,0,0,0,1
653.32,0,0,0,0
2275.42,0,0,0,1
427.32,0,0,0,0
121.87,0,0,0,0
2180.92,1,0,0,1
1443.69,1,0,0,1
934.08,0,0,0,0
666.87,0,0,0,0
213.92,0,0,0,0
373.64,0,0,0,0
180.88,0,0,0,0
629.64,0,0,0,0
2311.31,1,0,0,1
37.9,0,0,0,0
107.57,0,0,0,0
815.2,0,0,0,0
785.16,0,0,0,0
139.89,0,0,0,0
290.24,0,0,0,0
368.62,0,0,0,0
1641.62,0,0,0,1
2117.66,1,0,0,1
220.24,0,0,0,0
187.07,0,1,0,0
157.92,0,0,0,0
1046.65,1,0,0,1
94.92,0,0,0,0
741.3,0,0,0,0
1106.58,1,0,0,1
560.4,0,0,0,0
881.64,0,0,0,0
142.22,0,0,0,0
222.97,0,0,0,0
659.1,0,1,0,0
277.38,0,0,0,0
87.96,0,0,0,0
240.89,0,0,0,0
2140.11,1,0,0,1
737.52,0,0,0,0
220.3,0,0,0,0
311.15,0,0,0,0
287.16,0,0,0,0
862.64,0,0,0,0
499.08,0,0,0,0
697.24,0,0,0,0
96.39,0,0,0,0
754.2,0,0,0,0
6.4,0,0,0,0
1785.21,1,0,0,1
1065.55,0,0,0,0
411.4,0,0,0,0
354.24,0,0,0,0
33.46,0,0,0,0
62.38,0,0,0,0
210.4,0,0,0,0
1678.33,1,0,0,1
1460.38,1,0,0,1
2021.44,1,0,0,1
513.68,0,0,0,0
918.48,0,0,0,0
163.24,0,0,0,0
2197.13,1,0,0,1
459.45,0,1,0,0
1054.9,0,0,0,0
75.88,0,0,0,0
122.86,0,0,0,0
1978.21,1,0,0,1
140.05,0,0,0,0
846.35,0,0,0,0
67.7,0,0,0,0
701.32,0,0,0,0
119.61,0,0,0,0
267.36,0,0,0,0
662.85,0,0,0,0
408.9,0,0,0,0
2016.78,1,0,0,1
1298.8,1,0,0,1
1041.54,1,0,0,1
46.26,0,0,0,0
83.04,0,0,0,0
321.7,0,0,0,0
247.68,0,0,0,0
280.56,0,0,0,0
23.37,0,0,0,0
309.2,0,1,0,0
1092.36,1,0,0,1
112.1,0,0,0,0
97.3,0,0,0,0
39.72,0,0,0,0
995.08,0,1,0,0
999.92,0,0,0,0
1054.7,0,0,0,0
193.4,0,0,0,0
474.96,0,0,0,0
1121.45,0,0,0,0
11.28,0,0,0,0
214.87,0,0,0,0
671.16,0,0,0,0
103.26,0,0,0,0
194.55,0,0,0,0
1443.37,1,0,0,1
660.0,0,0,0,0
445.72,0,0,0,0
359.08,0,0,0,0
1239.6,0,0,0,0
900.8,0,0,0,0
410.24,0,0,0,0
1659.17,1,0,0,1
40.86,0,0,0,0
562.3,0,0,0,0
874.4,0,0,0,0
260.2,0,0,0,0
256.3,0,1,0,0
1063.9,0,1,0,0
533.19,0,0,0,0
633.96,0,0,0,0
226.34,0,0,0,0
48.62,0,0,0,0
2035.53,1,0,0,1
845.4,0,1,0,0
240.21,0,0,0,0
1391.89,1,0,0,1
46.17,0,0,0,0
2006.09,0,0,0,1
799.7,0,0,0,0
1870.28,1,0,0,1
713.91,0,0,0,0
62.39,0,0,0,0
2035.41,0,0,0,1
854.16,0,0,0,0
120.86,0,0,0,0
144.77,0,1,1,1
258.92,0,0,0,0
100.07,0,0,0,0
192.53,0,0,0,0
746.58,0,0,0,0
388.12,0,0,0,0
116.94,0,0,0,0
311.96,0,0,0,0
90.46,0,0,0,0
1051.1,0,0,0,0
451.68,0,0,0,0
378.54,0,0,0,0
482.5,0,0,0,0
434.96,0,0,0,0
1886.28,1,0,0,1
660.99,0,0,0,0
2187.9,0,0,0,1
99.14,0,0,0,0
224.97,0,0,0,0
23.0,0,0,0,0
183.87,0,0,0,0
2119.2,1,0,0,1
85.76,0,0,0,0
178.38,0,0,0,0
490.2,0,0,0,0
594.05,0,0,0,0
304.36,0,0,0,0
1081.8,1,0,0,1
601.75,0,0,0,0
185.9,0,0,0,0
245.0,0,0,0,0
44.9,0,0,0,0
443.36,0,0,0,0
769.0,0,0,0,0
166.14,0,0,0,0
50.54,0,0,0,0
2449.73,1,0,0,1
93.15,0,0,0,0
88.98,0,0,0,0
616.71,0,1,0,0
1234.0,0,0,0,0
28.85,0,0,0,0
310.71,0,0,0,0
947.15,0,0,0,0
237.06,0,0,0,0
29.98,0,0,0,0
438.22,0,0,0,0
271.02,0,0,0,0
207.95,0,0,0,0
1251.28,1,0,0,1
170.75,0,1,0,0
200.84,0,0,0,0
131.9,0,0,0,0
317.74,0,0,0,0
191.78,0,1,0,0
2111.64,0,0,0,1
928.4,0,0,0,0
346.05,0,1,0,0
41.22,0,0,0,0
160.22,0,0,0,0
11.83,0,0,0,0
114.48,0,0,0,0
187.74,0,0,0,0
721.04,0,1,0,0
413.6,0,0,0,0
505.08,0,0,0,0
158.88,0,0,0,0
721.26,0,0,0,0
632.91,0,0,0,0
183.51,0,0,0,0
391.68,0,0,0,0
473.66,0,0,0,0
477.48,0,0,0,0
312.0,0,0,0,0
417.0,0,0,0,0
1053.1,0,0,0,0
396.0,0,0,0,0
617.92,0,0,0,0
133.58,0,0,0,0
1762.6,1,0,0,1
843.1,0,0,0,0
135.93,0,0,0,0
2439.74,0,0,0,1
857.7,0,0,0,0
115.22,0,0,0,0
78.45,0,0,0,0
380.49,0,0,0,0
1226.25,0,0,0,0
169.5,0,0,0,0
1078.35,0,0,0,0
200.6,0,0,0,0
1361.0,0,0,0,1
314.25,0,0,0,0
448.35,0,0,0,0
90.98,0,0,0,0
123.72,0,0,0,0
55.9,0,0,0,0
305.36,0,0,0,0
29.63,0,0,0,0
126.08,0,0,0,0
330.84,0,0,0,0
96.51,0,0,0,0
1500.13,1,0,0,1
141.9,0,0,0,0
107.04,0,0,0,0
1081.1,0,0,0,0
24.16,0,0,0,0
364.96,0,0,0,0
99.14,0,1,0,0
244.44,0,0,0,0
825.15,0,0,0,0
272.32,0,0,0,0
197.92,0,0,0,0
879.24,0,0,0,0
146.52,0,0,0,0
285.33,0,0,0,0
550.5,0,0,0,0
10.65,0,0,0,0
151.5,0,0,0,0
416.4,0,0,0,0
40.71,0,0,0,0
779.75,0,0,0,0
1621.34,1,0,0,1
124.44,0,0,0,0
379.9,0,0,0,0
727.23,0,0,0,0
35.66,0,0,0,0
45.11,0,0,0,0
1254.74,1,0,0,1
425.1,0,0,0,0
570.48,0,0,0,0
1787.59,1,0,0,1
228.45,0,0,0,0
84.65,0,0,0,0
836.4,0,0,0,0
1367.93,0,0,0,1
284.55,0,0,0,0
80.01,0,0,0,0
995.64,0,0,0,0
448.16,0,0,0,0
1581.8,0,0,0,1
1569.62,1,0,0,1
1467.94,1,0,0,1
513.81,0,0,0,0
1228.4,0,0,0,1
478.8,0,0,0,0
520.02,0,0,0,0
552.69,0,0,0,0
31.48,0,0,0,0
1982.93,1,0,0,1
74.7,0,0,0,0
375.24,0,0,0,0
147.27,0,0,0,0
132.68,0,0,0,0
150.02,0,0,0,0
216.47,0,0,0,0
78.3,0,0,0,0
17.02,0,0,0,0
58.29,0,0,0,0
921.36,0,0,0,0
416.38,0,0,0,0
2275.0,1,0,0,1
251.34,0,0,0,0
265.7,0,0,0,0
1958.31,1,0,0,1
196.08,0,0,0,0
88.74,0,0,0,0
574.8,0,0,0,0
637.2,0,0,0,0
1748.26,1,0,0,1
57.72,0,0,0,0
56.67,0,0,0,0
171.67,0,0,0,0
493.05,0,0,0,0
431.9,0,0,0,0
239.95,0,0,0,0
717.76,0,0,0,0
1389.47,1,0,0,1
982.4,0,0,0,0
328.98,0,0,0,0
892.36,0,0,0,0
447.84,0,0,0,0
309.54,0,0,0,0
594.3,0,0,0,0
886.36,0,0,0,0
289.86,0,0,0,0
52.66,0,0,0,0
85.08,0,0,0,0
45.45,0,0,0,0
205.91,0,1,0,0
192.1,0,0,0,0
896.96,0,0,0,0
91.74,0,0,0,0
422.3,0,0,0,0
870.08,0,0,0,0
473.24,0,0,0,0
648.4,0,0,0,0
106.0,0,1,0,0
314.8,0,0,0,0
137.35,0,0,0,0
431.32,0,0,0,0
434.91,0,0,0,0
28.47,0,0,0,0
2019.98,1,0,0,1
490.85,0,0,0,0
82.34,0,0,0,0
153.78,0,0,0,0
1840.56,1,0,0,1
589.44,0,0,0,0
582.03,0,0,0,0
170.38,0,0,0,0
693.0,0,0,0,0
482.12,0,0,0,0
387.52,0,0,0,0
486.18,0,0,0,0
522.6,0,0,0,0
2465.68,1,0,0,1
179.95,0,0,0,0
1177.68,1,0,0,1
18.99,0,0,0,0
1982.4,1,0,0,1
18.34,0,0,0,0
816.05,0,0,0,0
29.32,0,0,0,0
268.52,0,0,0,0
9.56,0,0,0,0
375.42,0,0,0,0
146.72,0,0,0,0
875.28,0,0,0,0
299.16,0,0,0,0
46.48,0,0,0,0
306.7,0,0,0,0
1251.34,1,0,0,1
23.54,0,0,0,0
97.03,0,0,0,0
39.32,0,0,0,0
1518.22,1,0,0,1
350.19,0,0,0,0
391.95,0,0,0,0
2224.14,1,0,0,1
162.24,0,0,0,0
720.92,0,1,0,0
108.24,0,0,0,0
294.85,0,0,0,0
808.2,0,0,0,0
245.42,0,0,0,0
569.5,0,0,0,0
275.58,0,0,0,0
2366.58,1,0,0,1
315.66,0,0,0,0
7.66,0,0,0,0
401.94,0,0,0,0
312.05,0,0,0,0
156.7,0,0,0,0
246.69,0,0,0,0
84.55,0,0,0,0
400.2,0,0,0,0
652.2,0,0,0,0
504.4,0,0,0,0
81.55,0,0,0,0
1647.37,1,0,0,1
1468.11,0,0,0,1
423.04,0,0,0,0
11.14,0,0,0,0
364.7,0,0,0,0
248.75,0,0,0,0
428.73,0,0,0,0
534.09,0,0,0,0
622.05,0,0,0,0
347.22,0,0,0,0
804.28,0,1,0,0
2205.02,0,0,0,1
2383.33,0,0,0,1
353.72,0,0,0,0
150.4,0,0,0,0
117.32,0,0,0,0
245.64,0,0,0,0
1166.94,1,0,0,1
1131.45,0,0,0,0
1137.55,0,0,0,0
103.95,0,1,1,1
73.98,0,0,0,0
638.73,0,0,0,0
341.04,0,0,0,0
185.06,0,0,0,0
232.36,0,0,0,0
36.25,0,0,0,0
2417.31,1,0,0,1
1870.2,0,0,0,1
76.54,0,0,0,0
377.55,0,0,0,0
23.72,0,0,0,0
258.68,0,1,0,0
56.85,0,1,0,0
148.69,0,1,0,0
463.47,0,0,0,0
1160.27,1,0,0,1
2123.05,0,0,0,1
398.1,0,0,0,0
598.84,0,0,0,0
655.08,0,0,0,0
83.28,0,0,0,0
269.72,0,0,0,0
395.54,0,0,0,0
735.0,0,0,0,0
705.93,0,0,0,0
234.93,0,0,0,0
188.31,0,0,0,0
84.5,0,0,0,0
178.03,0,0,0,0
203.75,0,0,0,0
113.09,0,0,0,0
138.89,0,0,0,0
803.2,0,0,0,0
144.48,0,0,0,0
80.78,0,0,0,0
1119.85,0,0,0,0
1522.93,1,0,0,1
97.72,0,0,0,0
1506.91,1,0,0,1
335.7,0,0,0,0
60.0,0,0,0,0
376.88,0,0,0,0
2004.75,1,0,0,1
599.58,0,1,0,0
727.4,0,0,0,0
789.7,0,0,0,0
660.85,0,0,0,0
64.8,0,0,0,0
48.58,0,0,0,0
1886.67,1,0,0,1
681.24,0,0,0,0
280.95,0,0,0,0
241.77,0,0,0,0
557.76,0,0,0,0
316.1,0,0,0,0
1081.94,1,0,0,1
243.23,0,0,0,0
2404.25,1,0,0,1
18.43,0,0,0,0
200.32,0,0,0,0
101.14,0,0,0,0
449.32,0,0,0,0
51.96,0,0,0,0
284.48,0,0,0,0
378.12,0,0,0,0
407.52,0,0,0,0
290.28,0,0,0,0
85.07,0,0,0,0
36.5,0,0,0,0
581.4,0,0,0,0
918.25,0,0,0,0
248.44,0,0,0,0
289.65,0,0,0,0
616.72,0,0,0,0
310.38,0,0,0,0
112.33,0,1,0,0
503.07,0,0,0,0
910.44,0,0,0,0
65.0,0,0,0,0
394.47,0,0,0,0
190.47,0,0,0,0
1040.05,0,0,0,0
400.45,0,0,0,0
200.6,0,0,0,0
90.8,0,0,0,0
104.32,0,0,0,0
96.2,0,0,0,0
113.92,0,0,0,0
1131.9,0,0,0,0
94.8,0,0,0,0
174.6,0,0,0,0
2146.04,1,0,0,1
821.95,0,0,0,0
1674.66,1,0,0,1
123.9,0,0,0,0
43.29,0,0,0,0
113.04,0,0,0,0
482.5,0,0,0,0
208.34,0,0,0,0
1354.91,1,0,0,1
649.95,0,0,0,0
336.72,0,0,0,0
311.55,0,0,0,0
46.6,0,1,0,0
1042.52,1,0,0,1
1700.71,1,0,0,1
674.1,0,0,0,0
126.56,0,0,0,0
166.64,0,0,0,0
753.04,0,1,0,0
433.68,0,1,0,0
518.2,0,0,0,0
245.39,0,0,0,0
783.85,0,0,0,0
202.74,0,0,0,0
1259.81,0,0,0,1
225.96,0,0,0,0
332.6,0,0,0,0
216.44,0,0,0,0
567.66,0,0,0,0
1675.31,1,0,0,1
618.48,0,0,0,0
961.52,0,0,0,0
32.24,0,0,0,0
1520.31,1,0,0,1
2045.01,1,0,0,1
180.66,0,0,0,0
1216.75,0,0,0,0
355.47,0,0,0,0
402.88,0,0,0,0
169.9,0,0,0,0
135.26,0,0,0,0
55.07,0,0,0,0
500.75,0,0,0,0
205.4,0,0,0,0
1109.95,0,0,0,0
315.09,0,0,0,0
1766.96,1,0,0,1
287.61,0,0,0,0
347.56,0,0,0,0
435.63,0,1,0,0
153.1,0,0,0,0
327.8,0,0,0,0
204.81,0,0,0,0
685.86,0,0,0,0
359.96,0,0,0,0
593.32,0,0,0,0
2085.57,1,0,0,1
237.64,0,0,0,0
225.22,0,0,0,0
122.01,0,0,0,0
1510.9,1,0,0,1
140.58,0,0,0,0
171.29,0,0,0,0
91.86,0,0,0,0
389.34,0,0,0,0
398.5,0,0,0,0
2039.88,0,0,0,1
845.6,0,0,0,0
566.24,0,0,0,0
421.6,0,0,0,0
758.32,0,0,0,0
325.75,0,0,0,0
149.02,0,0,0,0
133.05,0,0,0,0
121.28,0,0,0,0
1196.41,1,0,0,1
785.04,0,0,0,0
700.76,0,0,0,0
136.92,0,1,0,0
154.8,0,0,0,0
30.17,0,0,0,0
63.1,0,0,0,0
38.6,0,0,0,0
1112.3,1,0,0,1
302.35,0,0,0,0
184.76,0,0,0,0
369.32,0,0,0,0
527.8,0,0,0,0
242.04,0,0,0,0
2066.9,1,0,0,1
549.36,0,0,0,0
666.24,0,0,0,0
948.15,0,0,0,0
484.2,0,0,0,0
2055.96,1,0,0,1
711.72,0,0,0,0
239.01,0,0,0,0
382.04,0,0,0,0
76.94,0,0,0,0
565.29,0,0,0,0
180.22,0,0,0,0
1026.15,0,0,0,0
155.46,0,0,0,0
443.62,0,0,0,0
488.7,0,0,0,0
526.35,0,0,0,0
715.64,0,0,0,0
137.88,0,0,0,0
80.37,0,0,0,0
300.24,0,0,0,0
319.28,0,1,0,0
27.06,0,0,0,0
121.99,0,0,0,0
528.21,0,0,0,0
2113.77,1,0,0,1
38.3,0,0,0,0
144.06,0,0,0,0
105.22,0,0,0,0
65.8,0,0,0,0
191.75,0,0,0,0
153.24,0,0,0,0
2358.57,0,0,0,1
149.98,0,0,0,0
745.1,0,0,0,0
773.6,0,0,0,0
425.9,0,0,0,0
80.19,0,0,0,0
18.13,0,0,0,0
609.7,0,0,0,0
736.32,0,0,0,0
44.31,0,1,1,1
2225.02,1,0,0,1
573.6,0,0,0,0
541.7,0,0,0,0
369.45,0,0,0,0
653.55,0,0,0,0
613.55,0,0,0,0
621.55,0,0,0,0
751.28,0,0,0,0
706.0,0,0,0,0
316.98,0,0,0,0
145.63,0,0,0,0
926.25,0,0,0,0
446.4,0,0,0,0
1873.41,0,0,0,1
162.33,0,1,0,0
238.88,0,0,0,0
543.87,0,1,0,0
1492.47,1,0,0,1
615.66,0,0,0,0
412.17,0,0,0,0
588.4,0,0,0,0
176.96,0,0,0,0
46.35,0,0,0,0
1356.29,1,0,0,1
155.99,0,0,0,0
399.85,0,0,0,0
596.31,0,0,0,0
127.2,0,1,0,0
1437.81,0,0,0,1
434.66,0,0,0,0
1259.63,1,0,0,1
238.4,0,0,0,0
74.48,0,0,0,0
421.08,0,0,0,0
57.24,0,0,0,0
1055.09,0,0,0,1
662.24,0,0,0,0
100.48,0,0,0,0
668.43,0,0,0,0
2165.63,1,0,0,1
86.97,0,0,0,0
472.08,0,0,0,0
427.56,0,0,0,0
2250.32,1,0,0,1
907.25,0,0,0,0
5.69,0,0,0,0
757.35,0,0,0,0
167.55,0,0,0,0
540.0,0,0,0,0
1829.1,1,0,0,1
1125.04,1,0,0,1
272.61,0,0,0,0
230.9,0,0,0,0
517.02,0,0,0,0
298.47,0,0,0,0
114.65,0,0,0,0
261.96,0,0,0,0
9.21,0,0,0,0
277.4,0,0,0,0
1612.0,1,0,0,1
183.72,0,0,0,0
636.36,0,0,0,0
292.24,0,0,0,0
1749.66,0,0,0,1
312.7,0,0,0,0
645.39,0,0,0,0
672.36,0,0,0,0
466.2,0,0,0,0
2303.44,0,0,0,1
321.4,0,0,0,0
44.8,0,0,0,0
97.4,0,0,0,0
463.85,0,0,0,0
425.45,0,0,0,0
2400.92,1,0,0,1
193.74,0,0,0,0
270.95,0,0,0,0
82.41,0,0,0,0
1405.79,1,0,0,1
313.88,0,0,0,0
485.49,0,1,0,0
415.2,0,0,0,0
704.8,0,0,0,0
686.9,0,0,0,0
239.22,0,0,0,0
265.0,0,0,0,0
249.66,0,0,0,0
164.45,0,0,0,0
698.28,0,0,0,0
39.37,0,0,0,0
1048.6,0,0,0,0
81.87,0,0,0,0
672.51,0,0,0,0
108.91,0,0,0,0
446.48,0,0,0,0
468.32,0,0,0,0
227.84,0,0,0,0
931.84,0,0,0,0
189.0,0,1,0,0
880.28,0,0,0,0
1472.05,1,0,0,1
630.0,0,0,0,0
405.84,0,0,0,0
2414.68,1,0,0,1
49.49,0,0,0,0
662.04,0,0,0,0
2053.07,1,0,0,1
491.3,0,0,0,0
452.34,0,0,0,0
499.78,0,0,0,0
2418.67,1,0,0,1
699.76,0,0,0,0
325.02,0,0,0,0
323.52,0,0,0,0
89.28,0,1,0,0
253.76,0,0,0,0
205.15,0,0,0,0
1582.87,1,0,0,1
347.26,0,0,0,0
661.0,0,0,0,0
702.69,0,0,0,0
2046.77,1,0,0,1
1530.55,0,0,0,1
69.58,0,0,0,0
645.2,0,0,0,0
353.43,0,0,0,0
224.01,0,0,0,0
199.69,0,0,0,0
855.2,0,0,0,0
179.57,0,0,0,0
980.24,0,0,0,0
270.62,0,0,0,0
720.45,0,0,0,0
282.26,0,0,0,0
725.64,0,0,0,0
128.8,0,0,0,0
1594.33,1,0,0,1
1127.3,0,0,0,0
130.46,0,0,0,0
556.48,0,0,0,0
556.0,0,0,0,0
2066.33,0,0,0,1
32.55,0,0,0,0
94.04,0,0,0,0
284.55,0,0,0,0
484.84,0,0,0,0
202.23,0,0,0,0
781.2,0,0,0,0
654.81,0,0,0,0
1570.79,1,0,0,1
488.67,0,0,0,0
303.5,0,0,0,0
355.0,0,0,0,0
1057.3,1,0,0,1
286.08,0,0,0,0
445.84,0,1,0,0
922.92,0,0,0,0
723.9,0,0,0,0
1944.13,1,0,0,1
400.95,0,0,0,0
980.96,0,0,0,0
227.43,0,0,0,0
241.93,0,0,0,0
438.54,0,0,0,0
596.52,0,0,0,0
131.28,0,0,0,0
172.14,0,0,0,0
1205.31,0,0,0,1
233.72,0,0,0,0
421.29,0,0,0,0
1385.82,0,0,0,1
778.64,0,0,0,0
236.3,0,0,0,0
166.58,0,0,0,0
1834.53,1,0,0,1
37.6,0,0,0,0
722.52,0,0,0,0
1805.69,1,0,0,1
5.3,0,0,0,0
129.69,0,0,0,0
212.93,0,0,0,0
301.25,0,0,0,0
200.88,0,0,0,0
329.7,0,0,0,0
2354.12,1,0,0,1
2000.89,1,0,0,1
346.34,0,0,0,0
1192.8,0,0,0,0
186.52,0,0,0,0
124.78,0,0,0,0
2447.44,0,0,0,1
242.73,0,0,0,0
1772.66,1,0,0,1
91.08,0,0,0,0
427.68,0,0,0,0
174.41,0,0,0,0
148.17,0,0,0,0
843.28,0,0,0,0
113.02,0,0,0,0
351.04,0,0,0,0
1206.0,1,0,0,1
1443.24,1,0,0,1
491.4,0,0,0,0
1675.95,1,0,0,1
1040.85,1,0,0,1
360.48,0,0,0,0
73.54,0,0,0,0
539.7,0,0,0,0
755.6,0,0,0,0
7.61,0,0,0,0
546.72,0,0,0,0
285.46,0,0,0,0
273.65,0,0,0,0
179.48,0,0,0,0
212.64,0,0,0,0
289.64,0,0,0,0
168.78,0,0,0,0
77.62,0,0,0,0
392.45,0,0,0,0
745.38,0,0,0,0
1138.45,0,0,0,0
518.19,0,0,0,0
2494.1,1,0,0,1
278.32,0,0,0,0
477.39,0,0,0,0
332.65,0,0,0,0
514.38,0,0,0,0
977.04,0,0,0,0
73.74,0,0,0,0
64.88,0,0,0,0
234.87,0,0,0,0
1985.61,0,0,0,1
613.84,0,0,0,0
1139.01,1,0,0,1
406.55,0,0,0,0
38.74,0,0,0,0
253.48,0,0,0,0
338.78,0,0,0,0
634.6,0,0,0,0
2071.16,1,0,0,1
682.48,0,0,0,0
437.43,0,0,0,0
15.21,0,0,0,0
312.88,0,0,0,0
164.27,0,0,0,0
1135.51,0,0,0,1
265.62,0,0,0,0
64.99,0,0,0,0
482.1,0,0,0,0
441.24,0,0,0,0
593.56,0,0,0,0
210.5,0,0,0,0
703.15,0,1,1,1
532.56,0,0,0,0
1062.65,0,0,0,1
713.76,0,0,0,0
655.08,0,0,0,0
89.43,0,0,0,0
60.19,0,1,0,0
331.5,0,0,0,0
1115.56,1,0,0,1
1265.62,1,0,0,1
78.72,0,0,0,0
2260.44,1,0,0,1
89.12,0,0,0,0
1035.5,0,0,0,0
152.39,0,0,0,0
373.14,0,0,0,0
326.54,0,0,0,0
159.24,0,0,0,0
325.14,0,0,0,0
87.85,0,0,0,0
2048.57,1,0,0,1
52.15,0,0,0,0
324.3,0,0,0,0
616.95,0,0,0,0
713.8,0,0,0,0
652.2,0,0,0,0
923.16,0,0,0,0
835.25,0,0,0,0
250.17,0,0,0,0
134.48,0,0,0,0
303.08,0,1,0,0
48.68,0,0,0,0
176.3,0,0,0,0
339.8,0,0,0,0
588.96,0,0,0,0
1929.43,1,0,0,1
1936.22,1,0,0,1
309.6,0,0,0,0
175.05,0,0,0,0
1772.82,1,0,0,1
333.12,0,0,0,0
2342.09,1,0,0,1
563.58,0,0,0,0
464.16,0,0,0,0
602.95,0,0,0,0
1202.88,1,0,0,1
68.76,0,1,0,0
515.95,0,0,0,0
365.7,0,0,0,0
197.81,0,0,0,0
770.68,0,0,0,0
185.04,0,0,0,0
229.24,0,0,0,0
881.4,0,0,0,0
37.94,0,1,0,0
244.58,0,0,0,0
1226.25,0,0,0,0
224.73,0,0,0,0
44.71,0,0,0,0
193.89,0,0,0,0
847.72,0,0,0,0
160.86,0,0,0,0
368.7,0,0,0,0
454.48,0,0,0,0
745.11,0,0,0,0
104.03,0,0,0,0
269.78,0,0,0,0
124.33,0,0,0,0
321.36,0,0,0,0
233.88,0,0,0,0
105.52,0,0,0,0
493.14,0,0,0,0
59.8,0,0,0,0
1680.45,1,0,0,1
789.6,0,0,0,0
102.72,0,0,0,0
785.85,0,0,0,0
530.28,0,0,0,0
1886.06,1,0,0,1
371.2,0,1,1,1
356.48,0,0,0,0
922.44,0,1,1,1
97.0,0,1,1,1
152.69,0,0,0,0
1052.2,0,0,0,0
636.16,0,0,0,0
420.9,0,0,0,0
124.5,0,0,0,0
77.73,0,0,0,0
273.16,0,0,0,0
196.74,0,0,0,0
490.56,0,0,0,0
197.52,0,0,0,0
25.2,0,0,0,0
274.52,0,0,0,0
204.65,0,0,0,0
1570.95,0,0,0,1
44.52,0,0,0,0
79.4,0,0,0,0
319.85,0,0,0,0
223.09,0,0,0,0
147.5,0,0,0,0
113.76,0,0,0,0
1121.95,0,0,0,0
57.48,0,1,0,0
201.16,0,0,0,0
63.46,0,0,0,0
397.5,0,0,0,0
469.75,0,0,0,0
205.62,0,0,0,0
406.7,0,0,0,0
907.52,0,0,0,0
924.6,0,0,0,0
2097.17,1,0,0,1
41.5,0,0,0,0
41.95,0,0,0,0
175.8,0,0,0,0
22.39,0,1,0,0
71.55,0,0,0,0
1014.4,0,0,0,0
46.22,0,0,0,0
61.6,0,0,0,0
104.96,0,0,0,0
1572.69,1,0,0,1
52.05,0,0,0,0
113.57,0,0,0,0
722.7,0,0,0,0
217.86,0,0,0,0
219.85,0,0,0,0
1199.02,1,0,0,1
349.08,0,0,0,0
951.28,0,0,0,0
425.38,0,0,0,0
39.0,0,0,0,0
233.14,0,0,0,0
354.64,0,0,0,0
1784.56,1,0,0,1
168.45,0,0,0,0
90.24,0,0,0,0
414.0,0,0,0,0
164.18,0,0,0,0
66.24,0,0,0,0
545.25,0,0,0,0
1128.46,1,0,0,1
170.48,0,0,0,0
88.5,0,0,0,0
476.68,0,1,0,0
141.84,0,0,0,0
286.45,0,0,0,0
253.92,0,0,0,0
940.45,0,0,0,0
239.43,0,0,0,0
68.96,0,0,0,0
344.07,0,0,0,0
236.86,0,1,1,1
371.42,0,0,0,0
1817.11,1,0,0,1
243.18,0,0,0,0
215.85,0,0,0,0
296.25,0,0,0,0
1072.98,1,0,0,1
473.56,0,0,0,0
407.05,0,0,0,0
993.64,0,0,0,0
425.32,0,0,0,0
284.28,0,0,0,0
138.99,0,0,0,0
116.32,0,0,0,0
115.1,0,1,1,1
1322.72,1,0,0,1
40.18,0,1,0,0
2262.69,1,0,0,1
426.5,0,0,0,0
2148.36,1,0,0,1
123.59,0,0,0,0
701.08,0,0,0,0
76.36,0,0,0,0
97.03,0,0,0,0
2017.96,0,0,0,1
1638.73,1,0,0,1
561.2,0,0,0,0
667.0,0,0,0,0
160.62,0,0,0,0
458.88,0,0,0,0
733.52,0,0,0,0
58.65,0,0,0,0
37.32,0,1,1,1
494.76,0,0,0,0
294.36,0,0,0,0
455.1,0,0,0,0
1212.95,0,0,0,0
519.72,0,0,0,0
78.8,0,0,0,0
328.35,0,0,0,0
483.3,0,0,0,0
660.51,0,0,0,0
242.4,0,1,0,0
383.13,0,0,0,0
409.14,0,0,0,0
89.3,0,0,0,0
1438.05,1,0,0,1
2498.17,1,0,0,1
469.45,0,0,0,0
641.34,0,0,0,0
2311.41,1,0,0,1
471.09,0,0,0,0
571.52,0,0,0,0
273.75,0,0,0,0
125.48,0,0,0,0
219.59,0,1,0,0
139.83,0,0,0,0
71.16,0,0,0,0
664.17,0,0,0,0
353.58,0,0,0,0
670.8,0,1,1,1
2040.24,1,0,0,1
97.59,0,0,0,0
465.0,0,0,0,0
172.28,0,0,0,0
607.76,0,0,0,0
648.7,0,0,0,0
1671.38,1,0,0,1
89.12,0,0,0,0
526.48,0,0,0,0
75.55,0,0,0,0
70.57,0,0,0,0
365.34,0,0,0,0
177.78,0,0,0,0
1146.05,0,0,0,0
212.97,0,0,0,0
408.4,0,0,0,0
372.39,0,0,0,0
1790.61,0,0,0,1
149.67,0,1,0,0
244.85,0,0,0,0
133.7,0,0,0,0
655.92,0,0,0,0
1481.39,1,0,0,1
248.35,0,0,0,0
361.9,0,0,0,0
516.48,0,0,0,0
389.4,0,0,0,0
1024.25,0,0,0,0
221.06,0,0,0,0
2250.87,1,0,0,1
716.34,0,0,0,0
295.8,0,0,0,0
641.0,0,0,0,0
101.88,0,0,0,0
423.38,0,0,0,0
204.75,0,0,0,0
314.2,0,0,0,0
56.49,0,0,0,0
363.04,0,0,0,0
1750.43,0,0,0,1
170.31,0,1,0,0
583.6,0,0,0,0
84.59,0,0,0,0
42.1,0,0,0,0
571.05,0,0,0,0
221.01,0,0,0,0
591.21,0,0,0,0
382.7,0,0,0,0
353.67,0,0,0,0
957.76,0,0,0,0
104.36,0,1,0,0
255.09,0,0,0,0
402.38,0,0,0,0
320.0,0,0,0,0
483.45,0,0,0,0
229.32,0,0,0,0
203.64,0,1,0,0
366.74,0,0,0,0
284.52,0,0,0,0
57.24,0,0,0,0
1162.0,0,0,0,0
91.81,0,0,0,0
228.82,0,0,0,0
647.07,0,0,0,0
72.6,0,0,0,0
973.12,0,0,0,0
426.0,0,0,0,0
172.35,0,0,0,0
198.82,0,0,0,0
105.08,0,0,0,0
28.98,0,0,0,0
655.65,0,0,0,0
100.06,0,0,0,0
2132.91,1,0,0,1
1157.35,0,0,0,0
1207.85,0,0,0,0
726.24,0,0,0,0
1149.3,0,0,0,0
84.6,0,0,0,0
1164.3,0,0,0,0
134.5,0,0,0,0
5.21,0,0,0,0
1327.55,1,0,0,1
2034.97,0,0,0,1
185.85,0,0,0,0
836.04,0,0,0,0
824.56,0,0,0,0
209.1,0,0,0,0
416.94,0,0,0,0
47.4,0,0,0,0
30.0,0,0,0,0
243.58,0,0,0,0
881.7,0,0,0,0
385.56,0,0,0,0
907.75,0,1,0,0
151.61,0,0,0,0
164.69,0,0,0,0
745.56,0,0,0,0
464.68,0,0,0,0
754.52,0,0,0,0
398.7,0,0,0,0
36.19,0,0,0,0
778.7,0,0,0,0
251.86,0,1,0,0
1100.7,0,0,0,0
48.45,0,0,0,0
226.92,0,0,0,0
564.68,0,0,0,0
129.5,0,0,0,0
375.96,0,0,0,0
155.24,0,1,0,0
211.08,0,0,0,0
1646.94,0,0,0,1
338.7,0,0,0,0
1729.4,1,0,0,1
878.44,0,0,0,0
1031.44,1,0,0,1
654.69,0,0,0,0
96.67,0,0,0,0
173.62,0,0,0,0
363.52,0,0,0,0
574.44,0,0,0,0
520.05,0,0,0,0
573.12,0,0,0,0
366.94,0,0,0,0
108.67,0,0,0,0
218.9,0,0,0,0
207.64,0,0,0,0
320.31,0,0,0,0
348.0,0,0,0,0
712.16,0,0,0,0
101.82,0,1,1,1
547.53,0,0,0,0
686.9,0,0,0,0
446.54,0,0,0,0
70.68,0,0,0,0
473.85,0,0,0,0
1130.19,1,0,0,1
236.48,0,0,0,0
69.39,0,0,0,0
560.73,0,0,0,0
1053.85,0,0,0,0
240.7,0,0,0,0
67.64,0,0,0,0
919.65,0,0,0,0
2070.19,1,0,0,1
2397.06,1,0,0,1
306.3,0,0,0,0
91.8,0,0,0,0
388.65,0,0,0,0
152.26,0,0,0,0
159.32,0,0,0,0
119.63,0,0,0,0
637.92,0,0,0,0
267.39,0,0,0,0
304.24,0,0,0,0
195.54,0,0,0,0
72.86,0,0,0,0
1616.36,1,0,0,1
280.2,0,0,0,0
1137.1,0,0,0,0
150.4,0,0,0,0
1048.3,0,0,0,0
408.16,0,0,0,0
442.2,0,0,0,0
699.96,0,0,0,0
229.56,0,0,0,0
274.52,0,0,0,0
1875.64,1,0,0,1
391.48,0,0,0,0
187.43,0,0,0,0
603.65,0,0,0,0
321.24,0,0,0,0
1150.1,1,0,0,1
441.78,0,0,0,0
236.56,0,0,0,0
725.61,0,0,0,0
205.42,0,0,0,0
154.44,0,0,0,0
2099.38,1,0,0,1
534.96,0,0,0,0
275.05,0,0,0,0
220.16,0,1,0,0
351.24,0,0,0,0
419.55,0,0,0,0
408.52,0,0,0,0
188.99,0,0,0,0
458.31,0,0,0,0
818.68,0,0,0,0
152.91,0,0,0,0
263.25,0,0,0,0
73.2,0,1,1,1
67.42,0,0,0,0
135.85,0,0,0,0
203.31,0,0,0,0
371.24,0,0,0,0
216.32,0,0,0,0
164.96,0,0,0,0
85.96,0,0,0,0
62.19,0,0,0,0
200.92,0,0,0,0
144.44,0,0,0,0
184.41,0,0,0,0
2051.74,0,0,0,1
2031.44,0,0,0,1
216.8,0,0,0,0
143.79,0,0,0,0
348.7,0,0,0,0
287.24,0,0,0,0
979.1,0,0,0,0
161.76,0,1,0,0
232.52,0,0,0,0
286.72,0,0,0,0
120.24,0,0,0,0
671.68,0,0,0,0
680.34,0,0,0,0
8.65,0,0,0,0
252.92,0,0,0,0
164.35,0,0,0,0
74.98,0,0,0,0
653.55,0,0,0,0
234.06,0,0,0,0
446.3,0,0,0,0
339.54,0,0,0,0
1872.16,1,0,0,1
683.55,0,0,0,0
227.64,0,0,0,0
176.38,0,0,0,0
247.68,0,0,0,0
72.14,0,1,1,1
971.1,0,0,0,0
416.76,0,0,0,0
44.1,0,0,0,0
301.98,0,0,0,0
1130.1,0,0,0,0
1248.87,1,0,0,1
566.0,0,0,0,0
139.82,0,0,0,0
777.6,0,0,0,0
178.6,0,0,0,0
531.68,0,0,0,0
629.48,0,1,0,0
196.16,0,0,0,0
652.75,0,0,0,0
689.56,0,0,0,0
440.55,0,0,0,0
348.56,0,0,0,0
479.22,0,0,0,0
776.55,0,0,0,0
99.55,0,0,0,0
97.34,0,0,0,0
1976.97,1,0,0,1
66.82,0,0,0,0
1480.89,1,0,0,1
689.01,0,0,0,0
111.97,0,0,0,0
917.84,0,0,0,0
163.56,0,0,0,0
243.81,0,0,0,0
943.45,0,0,0,0
807.8,0,0,0,0
332.35,0,0,0,0
577.64,0,1,0,0
670.14,0,0,0,0
1476.15,0,0,0,1
1085.42,1,0,0,1
1325.49,1,0,0,1
1863.21,1,0,0,1
972.9,0,0,0,0
38.5,0,0,0,0
303.44,0,0,0,0
934.44,0,0,0,0
61.64,0,0,0,0
255.0,0,0,0,0
54.08,0,0,0,0
146.52,0,0,0,0
662.73,0,0,0,0
864.55,0,0,0,0
597.96,0,0,0,0
349.98,0,0,0,0
182.12,0,0,0,0
354.15,0,0,0,0
27.16,0,0,0,0
136.56,0,0,0,0
290.16,0,0,0,0
1789.89,1,0,0,1
1777.54,0,0,0,1
595.2,0,0,0,0
223.2,0,0,0,0
2134.23,1,0,0,1
127.12,0,0,0,0
45.42,0,0,0,0
689.32,0,0,0,0
417.18,0,0,0,0
389.75,0,0,0,0
151.02,0,0,0,0
309.46,0,0,0,0
1276.66,1,0,0,1
122.2,0,0,0,0
760.96,0,0,0,0
208.38,0,0,0,0
830.24,0,1,0,0
339.42,0,0,0,0
1342.25,1,0,0,1
457.8,0,0,0,0
854.44,0,0,0,0
219.04,0,0,0,0
582.88,0,0,0,0
31.96,0,0,0,0
2051.44,1,0,0,1
30.32,0,0,0,0
22.51,0,1,0,0
56.58,0,0,0,0
435.6,0,1,0,0
286.32,0,0,0,0
63.88,0,0,0,0
1288.96,1,0,0,1
959.44,0,0,0,0
1100.1,0,0,0,0
1173.25,0,0,0,0
61.28,0,0,0,0
406.95,0,0,0,0
170.62,0,0,0,0
926.92,0,0,0,0
279.76,0,0,0,0
235.6,0,0,0,0
242.06,0,0,0,0
1177.43,1,0,0,1
121.12,0,0,0,0
143.08,0,0,0,0
509.1,0,0,0,0
996.8,0,1,0,0
227.8,0,1,1,1
309.24,0,0,0,0
1134.35,1,0,0,1
794.15,0,1,0,0
140.14,0,0,0,0
40.67,0,0,0,0
703.44,0,0,0,0
279.98,0,0,0,0
1213.88,1,0,0,1
845.04,0,0,0,0
895.4,0,0,0,0
1174.9,0,0,0,0
47.65,0,0,0,0
184.22,0,0,0,0
211.67,0,0,0,0
89.27,0,0,0,0
894.4,0,0,0,0
2135.41,1,0,0,1
627.32,0,0,0,0
1251.29,1,0,0,1
28.23,0,0,0,0
122.36,0,0,0,0
357.65,0,0,0,0
145.74,0,0,0,0
599.96,0,0,0,0
630.35,0,0,0,0
29.22,0,0,0,0
717.57,0,0,0,0
270.1,0,0,0,0
252.45,0,0,0,0
146.22,0,0,0,0
194.16,0,0,0,0
17.16,0,0,0,0
779.65,0,0,0,0
680.64,0,0,0,0
1202.24,1,0,0,1
226.05,0,0,0,0
19.12,0,0,0,0
27.5,0,0,0,0
121.8,0,0,0,0
1163.6,1,0,0,1
173.06,0,0,0,0
748.6,0,0,0,0
128.88,0,0,0,0
971.8,0,0,0,0
737.82,0,0,0,0
1782.66,1,0,0,1
89.07,0,0,0,0
952.05,0,0,0,0
469.65,0,0,0,0
2252.34,1,0,0,1
136.22,0,0,0,0
466.71,0,0,0,0
1359.84,0,0,0,1
44.2,0,0,0,0
946.76,0,0,0,0
944.28,0,0,0,0
1919.06,0,0,0,1
1291.97,1,0,0,1
1049.07,1,0,0,1
2308.37,1,0,0,1
1216.97,1,0,0,1
414.16,0,0,0,0
32.15,0,0,0,0
88.55,0,0,0,0
341.92,0,0,0,0
2276.37,0,0,0,1
81.64,0,0,0,0
165.8,0,0,0,0
205.96,0,0,0,0
283.04,0,0,0,0
692.7,0,0,0,0
589.76,0,0,0,0
856.55,0,0,0,0
55.59,0,0,0,0
385.29,0,0,0,0
116.12,0,0,0,0
223.24,0,0,0,0
2171.42,1,0,0,1
53.95,0,0,0,0
878.28,0,1,0,0
415.08,0,0,0,0
461.7,0,0,0,0
355.7,0,0,0,0
1523.36,1,0,0,1
360.76,0,0,0,0
210.93,0,0,0,0
16.14,0,0,0,0
130.04,0,0,0,0
323.12,0,0,0,0
1210.58,1,0,0,1
140.67,0,0,0,0
201.2,0,0,0,0
109.83,0,0,0,0
109.4,0,0,0,0
698.5,0,0,0,0
78.93,0,0,0,0
713.52,0,1,1,1
571.47,0,0,0,0
108.76,0,0,0,0
205.71,0,0,0,0
397.74,0,0,0,0
32.8,0,0,0,0
207.32,0,0,0,0
410.79,0,0,0,0
81.9,0,0,0,0
279.42,0,0,0,0
180.75,0,0,0,0
401.16,0,0,0,0
327.34,0,0,0,0
394.1,0,0,0,0
1932.15,1,0,0,1
430.6,0,0,0,0
114.18,0,0,0,0
444.21,0,0,0,0
78.52,0,0,0,0
1223.69,1,0,0,1
1097.75,0,0,0,0
593.04,0,0,0,0
166.23,0,0,0,0
227.04,0,0,0,0
382.95,0,0,0,0
661.86,0,0,0,0
429.57,0,0,0,0
206.7,0,0,0,0
511.76,0,0,0,0
1051.8,0,0,0,0
102.65,0,0,0,0
64.86,0,0,0,0
909.32,0,0,0,0
1274.11,1,0,0,1
159.37,0,0,0,0
1421.19,1,0,0,1
23.75,0,0,0,0
1618.16,1,0,0,1
594.6,0,0,0,0
1021.35,0,1,0,0
666.36,0,0,0,0
777.32,0,0,0,0
433.23,0,0,0,0
616.76,0,0,0,0
155.87,0,0,0,0
1345.04,1,0,0,1
448.42,0,0,0,0
42.76,0,0,0,0
187.96,0,1,0,0
54.2,0,1,0,0
70.46,0,0,0,0
306.68,0,1,0,0
201.44,0,0,0,0
158.61,0,0,0,0
231.96,0,0,0,0
161.44,0,0,0,0
143.97,0,0,0,0
241.47,0,0,0,0
495.68,0,1,0,0
24.16,0,0,0,0
193.89,0,0,0,0
233.28,0,0,0,0
54.11,0,0,0,0
724.2,0,0,0,0
138.82,0,0,0,0
41.05,0,0,0,0
86.79,0,0,0,0
395.16,0,0,0,0
585.0,0,0,0,0
1616.11,1,0,0,1
227.07,0,0,0,0
129.65,0,0,0,0
241.2,0,0,0,0
870.44,0,1,0,0
80.58,0,0,0,0
1586.19,1,0,0,1
271.92,0,0,0,0
342.75,0,0,0,0
486.25,0,0,0,0
828.6,0,0,0,0
2225.81,1,0,0,1
310.6,0,0,0,0
764.15,0,0,0,0
309.6,0,0,0,0
242.93,0,0,0,0
193.33,0,0,0,0
630.75,0,0,0,0
673.48,0,0,0,0
129.95,0,0,0,0
1979.53,0,0,0,1
2163.38,1,0,0,1
901.6,0,0,0,0
338.79,0,0,0,0
320.38,0,0,0,0
89.05,0,0,0,0
90.56,0,0,0,0
491.22,0,0,0,0
85.4,0,0,0,0
19.71,0,1,1,1
316.44,0,0,0,0
174.32,0,0,0,0
142.36,0,0,0,0
195.1,0,0,0,0
165.84,0,0,0,0
226.86,0,0,0,0
115.82,0,0,0,0
190.98,0,0,0,0
614.44,0,0,0,0
824.08,0,0,0,0
298.02,0,0,0,0
2105.09,1,0,0,1
66.36,0,0,0,0
64.08,0,0,0,0
506.73,0,0,0,0
2056.6,1,0,0,1
223.29,0,0,0,0
1113.22,0,0,0,1
199.53,0,1,0,0
20.84,0,0,0,0
1817.04,1,0,0,1
598.24,0,0,0,0
696.51,0,0,0,0
191.85,0,0,0,0
362.06,0,0,0,0
1556.33,1,0,0,1
164.06,0,1,0,0
50.0,0,0,0,0
241.57,0,0,0,0
27.16,0,0,0,0
656.44,0,0,0,0
292.9,0,0,0,0
181.7,0,0,0,0
94.8,0,0,0,0
56.04,0,0,0,0
272.34,0,0,0,0
29.22,0,0,0,0
769.08,0,0,0,0
550.65,0,0,0,0
172.3,0,0,0,0
351.8,0,0,0,0
101.92,0,0,0,0
483.15,0,0,0,0
46.68,0,0,0,0
708.21,0,0,0,0
342.69,0,0,0,0
69.05,0,0,0,0
285.76,0,0,0,0
679.9,0,0,0,0
774.08,0,0,0,0
14.96,0,0,0,0
21.54,0,0,0,0
687.81,0,0,0,0
986.84,0,0,0,0
289.23,0,0,0,0
432.62,0,0,0,0
639.2,0,1,0,0
138.96,0,0,0,0
329.43,0,0,0,0
106.01,0,1,0,0
1074.5,0,0,0,0
102.19,0,1,0,0
402.04,0,0,0,0
681.52,0,0,0,0
120.95,0,0,0,0
1674.84,0,0,0,1
535.65,0,0,0,0
161.4,0,0,0,0
677.32,0,0,0,0
301.26,0,0,0,0
374.14,0,0,0,0
171.22,0,0,0,0
374.76,0,0,0,0
583.05,0,0,0,0
337.11,0,0,0,0
1006.55,0,0,0,0
351.28,0,0,0,0
773.4,0,0,0,0
695.8,0,0,0,0
119.83,0,0,0,0
981.7,0,0,0,0
933.5,0,0,0,0
105.27,0,0,0,0
590.31,0,0,0,0
127.08,0,0,0,0
684.12,0,0,0,0
2422.66,1,0,0,1
108.75,0,0,0,0
260.6,0,0,0,0
821.25,0,0,0,0
1994.4,1,0,0,1
438.52,0,0,0,0
26.74,0,0,0,0
122.1,0,1,0,0
46.22,0,0,0,0
343.32,0,0,0,0
178.12,0,0,0,0
120.6,0,0,0,0
819.0,0,0,0,0
2324.97,0,0,0,1
81.12,0,0,0,0
312.56,0,0,0,0
107.34,0,0,0,0
338.06,0,0,0,0
151.12,0,0,0,0
177.8,0,0,0,0
569.6,0,0,0,0
383.78,0,0,0,0
27.04,0,0,0,0
1077.8,0,0,0,1
27.0,0,0,0,0
148.89,0,0,0,0
290.8,0,1,0,0
770.24,0,0,0,0
51.11,0,0,0,0
585.33,0,0,0,0
2087.86,1,0,0,1
791.96,0,0,0,0
584.0,0,0,0,0
939.4,0,0,0,0
29.16,0,0,0,0
217.56,0,0,0,0
229.57,0,0,0,0
9.51,0,0,0,0
196.94,0,1,0,0
229.56,0,0,0,0
1588.27,0,0,0,1
284.31,0,0,0,0
328.24,0,0,0,0
121.44,0,0,0,0
1808.95,1,0,0,1
417.24,0,0,0,0
356.02,0,0,0,0
147.6,0,0,0,0
76.12,0,0,0,0
800.4,0,0,0,0
895.1,0,0,0,0
419.61,0,0,0,0
545.25,0,0,0,0
151.4,0,1,0,0
1114.95,0,0,0,0
6.62,0,0,0,0
279.63,0,0,0,0
420.21,0,0,0,0
9.16,0,0,0,0
683.04,0,0,0,0
175.31,0,0,0,0
171.23,0,0,0,0
22.38,0,0,0,0
158.61,0,0,0,0
199.86,0,0,0,0
65.8,0,0,0,0
863.88,0,0,0,0
969.25,0,0,0,0
53.5,0,0,0,0
197.0,0,0,0,0
698.84,0,0,0,0
146.82,0,0,0,0
764.64,0,0,0,0
1810.74,0,0,0,1
732.64,0,1,1,1
222.25,0,0,0,0
202.73,0,0,0,0
122.48,0,0,0,0
196.25,0,0,0,0
763.35,0,0,0,0
161.6,0,0,0,0
28.92,0,0,0,0
323.91,0,0,0,0
1721.85,1,0,0,1
171.0,0,1,0,0
69.33,0,0,0,0
243.64,0,0,0,0
494.5,0,0,0,0
779.44,0,0,0,0
1130.3,0,0,0,0
296.94,0,0,0,0
1863.62,1,0,0,1
555.09,0,0,0,0
315.74,0,1,0,0
596.88,0,0,0,0
2266.87,0,0,0,1
280.35,0,0,0,0
570.36,0,0,0,0
128.64,0,0,0,0
367.83,0,0,0,0
37.61,0,0,0,0
216.26,0,0,0,0
1020.68,1,0,0,1
497.16,0,0,0,0
140.6,0,0,0,0
1227.7,0,0,0,1
1204.11,1,0,0,1
889.3,0,0,0,0
2294.15,1,0,0,1
12.36,0,0,0,0
260.68,0,0,0,0
79.66,0,0,0,0
26.75,0,0,0,0
56.36,0,0,0,0
2429.27,1,0,0,1
586.96,0,0,0,0
417.94,0,0,0,0
1897.67,1,0,0,1
108.76,0,0,0,0
143.99,0,0,0,0
207.5,0,0,0,0
430.68,0,0,0,0
454.14,0,0,0,0
16.68,0,0,0,0
186.76,0,0,0,0
250.18,0,0,0,0
152.4,0,0,0,0
136.7,0,0,0,0
71.22,0,0,0,0
397.2,0,0,0,0
164.53,0,1,0,0
437.46,0,0,0,0
511.77,0,0,0,0
923.88,0,1,0,0
325.98,0,0,0,0
101.3,0,0,0,0
88.36,0,0,0,0
628.02,0,1,1,1
510.6,0,0,0,0
1962.89,1,0,0,1
127.2,0,1,0,0
412.32,0,0,0,0
398.1,0,0,0,0
596.92,0,0,0,0
345.66,0,0,0,0
771.64,0,1,0,0
680.43,0,0,0,0
2369.02,1,0,0,1
105.32,0,0,0,0
148.62,0,0,0,0
189.03,0,0,0,0
635.8,0,0,0,0
2486.12,0,0,0,1
385.5,0,0,0,0
42.99,0,0,0,0
187.24,0,0,0,0
350.8,0,0,0,0
358.9,0,0,0,0
331.17,0,0,0,0
1081.95,0,0,0,0
431.88,0,0,0,0
477.26,0,0,0,0
165.78,0,0,0,0
282.88,0,0,0,0
882.44,0,0,0,0
2008.21,0,0,0,1
1225.95,0,0,0,0
64.4,0,0,0,0
849.48,0,0,0,0
448.68,0,0,0,0
383.6,0,0,0,0
72.76,0,0,0,0
2065.06,1,0,0,1
575.88,0,0,0,0
474.96,0,0,0,0
74.78,0,0,0,0
2039.14,1,0,0,1
334.46,0,0,0,0
182.32,0,0,0,0
174.2,0,0,0,0
377.19,0,0,0,0
592.65,0,0,0,0
132.5,0,0,0,0
219.21,0,0,0,0
1083.5,0,0,0,0
2349.87,1,0,0,1
630.2,0,0,0,0
548.22,0,0,0,0
416.16,0,1,0,0
1232.65,0,1,1,1
1220.31,1,0,0,1
16.42,0,0,0,0
1137.65,0,0,0,0
168.2,0,0,0,0
981.88,0,0,0,0
937.28,0,0,0,0
274.44,0,0,0,0
173.95,0,0,0,0
312.26,0,0,0,0
1172.13,1,0,0,1
482.7,0,0,0,0
27.78,0,0,0,0
347.97,0,0,0,0
520.8,0,0,0,0
684.85,0,0,0,0
117.26,0,0,0,0
792.55,0,0,0,0
339.0,0,0,0,0
116.77,0,0,0,0
1204.95,0,0,0,0
218.8,0,0,0,0
1782.73,0,0,0,1
236.02,0,0,0,0
1121.18,1,0,0,1
711.78,0,0,0,0
448.95,0,0,0,0
1576.8,1,0,0,1
298.25,0,1,0,0
1185.45,0,0,0,0
805.36,0,0,0,0
1027.3,0,0,0,0
1990.43,1,0,0,1
1085.05,0,1,0,0
234.72,0,0,0,0
188.46,0,0,0,0
1008.0,0,1,1,1
419.43,0,0,0,0
390.78,0,0,0,0
17.88,0,0,0,0
220.53,0,0,0,0
1244.85,0,0,0,0
370.84,0,0,0,0
223.14,0,0,0,0
170.76,0,0,0,0
453.34,0,0,0,0
454.92,0,0,0,0
289.7,0,0,0,0
2332.83,1,0,0,1
561.57,0,0,0,0
224.12,0,0,0,0
1036.78,1,0,0,1
1512.35,1,0,0,1
747.28,0,0,0,0
170.48,0,0,0,0
712.4,0,0,0,0
